run_id,dataset,channel,selection,k,factor_index,factor_name,accuracy_mean,accuracy_std,repeats
20260807-063700_dsprites-spectral-factor-probe-smoke,dsprites,default,eigen_top,1,0,color,1.0,0.0,1
20260807-063700_dsprites-spectral-factor-probe-smoke,dsprites,default,eigen_top,1,1,shape,0.4515,0.0,1
20260807-063700_dsprites-spectral-factor-probe-smoke,dsprites,default,eigen_top,1,2,scale,0.3605,0.0,1
20260807-063700_dsprites-spectral-factor-probe-smoke,dsprites,default,eigen_top,1,3,orientation,0.0265,0.0,1
20260807-063700_dsprites-spectral-factor-probe-smoke,dsprites,default,eigen_top,1,4,position_x,0.042,0.0,1
20260807-063700_dsprites-spectral-factor-probe-smoke,dsprites,default,eigen_top,1,5,position_y,0.036,0.0,1
20260807-063700_dsprites-spectral-factor-probe-smoke,dsprites,default,eigen_bottom,1,0,color,1.0,0.0,1
20260807-063700_dsprites-spectral-factor-probe-smoke,dsprites,default,eigen_bottom,1,1,shape,0.3285,0.0,1
20260807-063700_dsprites-spectral-factor-probe-smoke,dsprites,default,eigen_bottom,1,2,scale,0.1815,0.0,1
20260807-063700_dsprites-spectral-factor-probe-smoke,dsprites,default,eigen_bottom,1,3,orientation,0.026,0.0,1
20260807-063700_dsprites-spectral-factor-probe-smoke,dsprites,default,eigen_bottom,1,4,position_x,0.038,0.0,1
20260807-063700_dsprites-spectral-factor-probe-smoke,dsprites,default,eigen_bottom,1,5,position_y,0.0555,0.0,1
20260807-063700_dsprites-spectral-factor-probe-smoke,dsprites,default,pca_top,1,0,color,1.0,0.0,1
20260807-063700_dsprites-spectral-factor-probe-smoke,dsprites,default,pca_top,1,1,shape,0.457,0.0,1
20260807-063700_dsprites-spectral-factor-probe-smoke,dsprites,default,pca_top,1,2,scale,0.3265,0.0,1
20260807-063700_dsprites-spectral-factor-probe-smoke,dsprites,default,pca_top,1,3,orientation,0.0255,0.0,1
20260807-063700_dsprites-spectral-factor-probe-smoke,dsprites,default,pca_top,1,4,position_x,0.0345,0.0,1
20260807-063700_dsprites-spectral-factor-probe-smoke,dsprites,default,pca_top,1,5,position_y,0.043,0.0,1
20260807-063700_dsprites-spectral-factor-probe-smoke,dsprites,default,unranked_first,1,0,color,1.0,0.0,1
20260807-063700_dsprites-spectral-factor-probe-smoke,dsprites,default,unranked_first,1,1,shape,0.4475,0.0,1
20260807-063700_dsprites-spectral-factor-probe-smoke,dsprites,default,unranked_first,1,2,scale,0.3245,0.0,1
20260807-063700_dsprites-spectral-factor-probe-smoke,dsprites,default,unranked_first,1,3,orientation,0.0285,0.0,1
20260807-063700_dsprites-spectral-factor-probe-smoke,dsprites,default,unranked_first,1,4,position_x,0.0405,0.0,1
20260807-063700_dsprites-spectral-factor-probe-smoke,dsprites,default,unranked_first,1,5,position_y,0.0545,0.0,1
20260807-063700_dsprites-spectral-factor-probe-smoke,dsprites,default,random,1,0,color,1.0,0.0,5
20260807-063700_dsprites-spectral-factor-probe-smoke,dsprites,default,random,1,1,shape,0.36219999999999997,0.020244134953116666,5
20260807-063700_dsprites-spectral-factor-probe-smoke,dsprites,default,random,1,2,scale,0.2071,0.02208336477985183,5
20260807-063700_dsprites-spectral-factor-probe-smoke,dsprites,default,random,1,3,orientation,0.0253,0.0013509256086106293,5
20260807-063700_dsprites-spectral-factor-probe-smoke,dsprites,default,random,1,4,position_x,0.040100000000000004,0.003697972417420118,5
20260807-063700_dsprites-spectral-factor-probe-smoke,dsprites,default,random,1,5,position_y,0.0498,0.006006246748178102,5
20260807-063700_dsprites-spectral-factor-probe-smoke,dsprites,default,random_rotation_first,1,0,color,1.0,0.0,2
20260807-063700_dsprites-spectral-factor-probe-smoke,dsprites,default,random_rotation_first,1,1,shape,0.35150000000000003,0.012727922061357828,2
20260807-063700_dsprites-spectral-factor-probe-smoke,dsprites,default,random_rotation_first,1,2,scale,0.19074999999999998,0.020152543263816602,2
20260807-063700_dsprites-spectral-factor-probe-smoke,dsprites,default,random_rotation_first,1,3,orientation,0.027,0.0007071067811865482,2
20260807-063700_dsprites-spectral-factor-probe-smoke,dsprites,default,random_rotation_first,1,4,position_x,0.04875,0.0017677669529663704,2
20260807-063700_dsprites-spectral-factor-probe-smoke,dsprites,default,random_rotation_first,1,5,position_y,0.04575,0.006010407640085654,2
20260807-063700_dsprites-spectral-factor-probe-smoke,dsprites,default,eigen_top,2,0,color,1.0,0.0,1
20260807-063700_dsprites-spectral-factor-probe-smoke,dsprites,default,eigen_top,2,1,shape,0.462,0.0,1
20260807-063700_dsprites-spectral-factor-probe-smoke,dsprites,default,eigen_top,2,2,scale,0.3425,0.0,1
20260807-063700_dsprites-spectral-factor-probe-smoke,dsprites,default,eigen_top,2,3,orientation,0.032,0.0,1
20260807-063700_dsprites-spectral-factor-probe-smoke,dsprites,default,eigen_top,2,4,position_x,0.0375,0.0,1
20260807-063700_dsprites-spectral-factor-probe-smoke,dsprites,default,eigen_top,2,5,position_y,0.066,0.0,1
20260807-063700_dsprites-spectral-factor-probe-smoke,dsprites,default,eigen_bottom,2,0,color,1.0,0.0,1
20260807-063700_dsprites-spectral-factor-probe-smoke,dsprites,default,eigen_bottom,2,1,shape,0.352,0.0,1
20260807-063700_dsprites-spectral-factor-probe-smoke,dsprites,default,eigen_bottom,2,2,scale,0.201,0.0,1
20260807-063700_dsprites-spectral-factor-probe-smoke,dsprites,default,eigen_bottom,2,3,orientation,0.027,0.0,1
20260807-063700_dsprites-spectral-factor-probe-smoke,dsprites,default,eigen_bottom,2,4,position_x,0.054,0.0,1
20260807-063700_dsprites-spectral-factor-probe-smoke,dsprites,default,eigen_bottom,2,5,position_y,0.056,0.0,1
20260807-063700_dsprites-spectral-factor-probe-smoke,dsprites,default,pca_top,2,0,color,1.0,0.0,1
20260807-063700_dsprites-spectral-factor-probe-smoke,dsprites,default,pca_top,2,1,shape,0.4615,0.0,1
20260807-063700_dsprites-spectral-factor-probe-smoke,dsprites,default,pca_top,2,2,scale,0.327,0.0,1
20260807-063700_dsprites-spectral-factor-probe-smoke,dsprites,default,pca_top,2,3,orientation,0.0345,0.0,1
20260807-063700_dsprites-spectral-factor-probe-smoke,dsprites,default,pca_top,2,4,position_x,0.046,0.0,1
20260807-063700_dsprites-spectral-factor-probe-smoke,dsprites,default,pca_top,2,5,position_y,0.0595,0.0,1
20260807-063700_dsprites-spectral-factor-probe-smoke,dsprites,default,unranked_first,2,0,color,1.0,0.0,1
20260807-063700_dsprites-spectral-factor-probe-smoke,dsprites,default,unranked_first,2,1,shape,0.4505,0.0,1
20260807-063700_dsprites-spectral-factor-probe-smoke,dsprites,default,unranked_first,2,2,scale,0.3255,0.0,1
20260807-063700_dsprites-spectral-factor-probe-smoke,dsprites,default,unranked_first,2,3,orientation,0.025,0.0,1
20260807-063700_dsprites-spectral-factor-probe-smoke,dsprites,default,unranked_first,2,4,position_x,0.0415,0.0,1
20260807-063700_dsprites-spectral-factor-probe-smoke,dsprites,default,unranked_first,2,5,position_y,0.05,0.0,1
20260807-063700_dsprites-spectral-factor-probe-smoke,dsprites,default,random,2,0,color,1.0,0.0,5
20260807-063700_dsprites-spectral-factor-probe-smoke,dsprites,default,random,2,1,shape,0.42699999999999994,0.023892990603940734,5
20260807-063700_dsprites-spectral-factor-probe-smoke,dsprites,default,random,2,2,scale,0.2934,0.02759846010196946,5
20260807-063700_dsprites-spectral-factor-probe-smoke,dsprites,default,random,2,3,orientation,0.028100000000000003,0.003435112807463533,5
20260807-063700_dsprites-spectral-factor-probe-smoke,dsprites,default,random,2,4,position_x,0.0495,0.007615773105863907,5
20260807-063700_dsprites-spectral-factor-probe-smoke,dsprites,default,random,2,5,position_y,0.05489999999999999,0.009819623210693981,5
20260807-063700_dsprites-spectral-factor-probe-smoke,dsprites,default,random_rotation_first,2,0,color,1.0,0.0,2
20260807-063700_dsprites-spectral-factor-probe-smoke,dsprites,default,random_rotation_first,2,1,shape,0.38649999999999995,0.060104076400856556,2
20260807-063700_dsprites-spectral-factor-probe-smoke,dsprites,default,random_rotation_first,2,2,scale,0.2465,0.08768124086713189,2
20260807-063700_dsprites-spectral-factor-probe-smoke,dsprites,default,random_rotation_first,2,3,orientation,0.0215,0.0007071067811865457,2
20260807-063700_dsprites-spectral-factor-probe-smoke,dsprites,default,random_rotation_first,2,4,position_x,0.04525,0.005303300858899106,2
20260807-063700_dsprites-spectral-factor-probe-smoke,dsprites,default,random_rotation_first,2,5,position_y,0.04725,0.007424621202458746,2
20260807-063700_dsprites-spectral-factor-probe-smoke,dsprites,default,eigen_top,4,0,color,1.0,0.0,1
20260807-063700_dsprites-spectral-factor-probe-smoke,dsprites,default,eigen_top,4,1,shape,0.4615,0.0,1
20260807-063700_dsprites-spectral-factor-probe-smoke,dsprites,default,eigen_top,4,2,scale,0.345,0.0,1
20260807-063700_dsprites-spectral-factor-probe-smoke,dsprites,default,eigen_top,4,3,orientation,0.0285,0.0,1
20260807-063700_dsprites-spectral-factor-probe-smoke,dsprites,default,eigen_top,4,4,position_x,0.046,0.0,1
20260807-063700_dsprites-spectral-factor-probe-smoke,dsprites,default,eigen_top,4,5,position_y,0.08,0.0,1
20260807-063700_dsprites-spectral-factor-probe-smoke,dsprites,default,eigen_bottom,4,0,color,1.0,0.0,1
20260807-063700_dsprites-spectral-factor-probe-smoke,dsprites,default,eigen_bottom,4,1,shape,0.4105,0.0,1
20260807-063700_dsprites-spectral-factor-probe-smoke,dsprites,default,eigen_bottom,4,2,scale,0.311,0.0,1
20260807-063700_dsprites-spectral-factor-probe-smoke,dsprites,default,eigen_bottom,4,3,orientation,0.028,0.0,1
20260807-063700_dsprites-spectral-factor-probe-smoke,dsprites,default,eigen_bottom,4,4,position_x,0.0545,0.0,1
20260807-063700_dsprites-spectral-factor-probe-smoke,dsprites,default,eigen_bottom,4,5,position_y,0.0835,0.0,1
20260807-063700_dsprites-spectral-factor-probe-smoke,dsprites,default,pca_top,4,0,color,1.0,0.0,1
20260807-063700_dsprites-spectral-factor-probe-smoke,dsprites,default,pca_top,4,1,shape,0.4685,0.0,1
20260807-063700_dsprites-spectral-factor-probe-smoke,dsprites,default,pca_top,4,2,scale,0.3515,0.0,1
20260807-063700_dsprites-spectral-factor-probe-smoke,dsprites,default,pca_top,4,3,orientation,0.039,0.0,1
20260807-063700_dsprites-spectral-factor-probe-smoke,dsprites,default,pca_top,4,4,position_x,0.0895,0.0,1
20260807-063700_dsprites-spectral-factor-probe-smoke,dsprites,default,pca_top,4,5,position_y,0.082,0.0,1
20260807-063700_dsprites-spectral-factor-probe-smoke,dsprites,default,unranked_first,4,0,color,1.0,0.0,1
20260807-063700_dsprites-spectral-factor-probe-smoke,dsprites,default,unranked_first,4,1,shape,0.469,0.0,1
20260807-063700_dsprites-spectral-factor-probe-smoke,dsprites,default,unranked_first,4,2,scale,0.3425,0.0,1
20260807-063700_dsprites-spectral-factor-probe-smoke,dsprites,default,unranked_first,4,3,orientation,0.029,0.0,1
20260807-063700_dsprites-spectral-factor-probe-smoke,dsprites,default,unranked_first,4,4,position_x,0.0605,0.0,1
20260807-063700_dsprites-spectral-factor-probe-smoke,dsprites,default,unranked_first,4,5,position_y,0.052,0.0,1
20260807-063700_dsprites-spectral-factor-probe-smoke,dsprites,default,random,4,0,color,1.0,0.0,5
20260807-063700_dsprites-spectral-factor-probe-smoke,dsprites,default,random,4,1,shape,0.4343,0.02188207028596702,5
20260807-063700_dsprites-spectral-factor-probe-smoke,dsprites,default,random,4,2,scale,0.301,0.03593048844644336,5
20260807-063700_dsprites-spectral-factor-probe-smoke,dsprites,default,random,4,3,orientation,0.029599999999999998,0.00533151010502653,5
20260807-063700_dsprites-spectral-factor-probe-smoke,dsprites,default,random,4,4,position_x,0.06799999999999999,0.00825378700960959,5
20260807-063700_dsprites-spectral-factor-probe-smoke,dsprites,default,random,4,5,position_y,0.0636,0.005212964607591344,5
20260807-063700_dsprites-spectral-factor-probe-smoke,dsprites,default,random_rotation_first,4,0,color,1.0,0.0,2
20260807-063700_dsprites-spectral-factor-probe-smoke,dsprites,default,random_rotation_first,4,1,shape,0.44475,0.01308147545195114,2
20260807-063700_dsprites-spectral-factor-probe-smoke,dsprites,default,random_rotation_first,4,2,scale,0.32875,0.008838834764831853,2
20260807-063700_dsprites-spectral-factor-probe-smoke,dsprites,default,random_rotation_first,4,3,orientation,0.0275,0.0021213203435596446,2
20260807-063700_dsprites-spectral-factor-probe-smoke,dsprites,default,random_rotation_first,4,4,position_x,0.0635,0.0021213203435596446,2
20260807-063700_dsprites-spectral-factor-probe-smoke,dsprites,default,random_rotation_first,4,5,position_y,0.056999999999999995,0.00565685424949238,2
20260807-063700_dsprites-spectral-factor-probe-smoke,dsprites,default,eigen_top,8,0,color,1.0,0.0,1
20260807-063700_dsprites-spectral-factor-probe-smoke,dsprites,default,eigen_top,8,1,shape,0.466,0.0,1
20260807-063700_dsprites-spectral-factor-probe-smoke,dsprites,default,eigen_top,8,2,scale,0.35,0.0,1
20260807-063700_dsprites-spectral-factor-probe-smoke,dsprites,default,eigen_top,8,3,orientation,0.0415,0.0,1
20260807-063700_dsprites-spectral-factor-probe-smoke,dsprites,default,eigen_top,8,4,position_x,0.083,0.0,1
20260807-063700_dsprites-spectral-factor-probe-smoke,dsprites,default,eigen_top,8,5,position_y,0.101,0.0,1
20260807-063700_dsprites-spectral-factor-probe-smoke,dsprites,default,eigen_bottom,8,0,color,1.0,0.0,1
20260807-063700_dsprites-spectral-factor-probe-smoke,dsprites,default,eigen_bottom,8,1,shape,0.453,0.0,1
20260807-063700_dsprites-spectral-factor-probe-smoke,dsprites,default,eigen_bottom,8,2,scale,0.34,0.0,1
20260807-063700_dsprites-spectral-factor-probe-smoke,dsprites,default,eigen_bottom,8,3,orientation,0.04,0.0,1
20260807-063700_dsprites-spectral-factor-probe-smoke,dsprites,default,eigen_bottom,8,4,position_x,0.077,0.0,1
20260807-063700_dsprites-spectral-factor-probe-smoke,dsprites,default,eigen_bottom,8,5,position_y,0.0805,0.0,1
20260807-063700_dsprites-spectral-factor-probe-smoke,dsprites,default,pca_top,8,0,color,1.0,0.0,1
20260807-063700_dsprites-spectral-factor-probe-smoke,dsprites,default,pca_top,8,1,shape,0.4655,0.0,1
20260807-063700_dsprites-spectral-factor-probe-smoke,dsprites,default,pca_top,8,2,scale,0.3725,0.0,1
20260807-063700_dsprites-spectral-factor-probe-smoke,dsprites,default,pca_top,8,3,orientation,0.048,0.0,1
20260807-063700_dsprites-spectral-factor-probe-smoke,dsprites,default,pca_top,8,4,position_x,0.1095,0.0,1
20260807-063700_dsprites-spectral-factor-probe-smoke,dsprites,default,pca_top,8,5,position_y,0.102,0.0,1
20260807-063700_dsprites-spectral-factor-probe-smoke,dsprites,default,unranked_first,8,0,color,1.0,0.0,1
20260807-063700_dsprites-spectral-factor-probe-smoke,dsprites,default,unranked_first,8,1,shape,0.47,0.0,1
20260807-063700_dsprites-spectral-factor-probe-smoke,dsprites,default,unranked_first,8,2,scale,0.3415,0.0,1
20260807-063700_dsprites-spectral-factor-probe-smoke,dsprites,default,unranked_first,8,3,orientation,0.032,0.0,1
20260807-063700_dsprites-spectral-factor-probe-smoke,dsprites,default,unranked_first,8,4,position_x,0.085,0.0,1
20260807-063700_dsprites-spectral-factor-probe-smoke,dsprites,default,unranked_first,8,5,position_y,0.086,0.0,1
20260807-063700_dsprites-spectral-factor-probe-smoke,dsprites,default,random,8,0,color,1.0,0.0,5
20260807-063700_dsprites-spectral-factor-probe-smoke,dsprites,default,random,8,1,shape,0.45280000000000004,0.018643363430454283,5
20260807-063700_dsprites-spectral-factor-probe-smoke,dsprites,default,random,8,2,scale,0.3434,0.023273912434311508,5
20260807-063700_dsprites-spectral-factor-probe-smoke,dsprites,default,random,8,3,orientation,0.0328,0.0027748873851023217,5
20260807-063700_dsprites-spectral-factor-probe-smoke,dsprites,default,random,8,4,position_x,0.0893,0.006657702306351644,5
20260807-063700_dsprites-spectral-factor-probe-smoke,dsprites,default,random,8,5,position_y,0.091,0.009893179468704686,5
20260807-063700_dsprites-spectral-factor-probe-smoke,dsprites,default,random_rotation_first,8,0,color,1.0,0.0,2
20260807-063700_dsprites-spectral-factor-probe-smoke,dsprites,default,random_rotation_first,8,1,shape,0.46125000000000005,0.010253048327204948,2
20260807-063700_dsprites-spectral-factor-probe-smoke,dsprites,default,random_rotation_first,8,2,scale,0.34450000000000003,0.004949747468305798,2
20260807-063700_dsprites-spectral-factor-probe-smoke,dsprites,default,random_rotation_first,8,3,orientation,0.03,0.00282842712474619,2
20260807-063700_dsprites-spectral-factor-probe-smoke,dsprites,default,random_rotation_first,8,4,position_x,0.089,0.004242640687119289,2
20260807-063700_dsprites-spectral-factor-probe-smoke,dsprites,default,random_rotation_first,8,5,position_y,0.08549999999999999,0.003535533905932731,2
20260807-063700_dsprites-spectral-factor-probe-smoke,dsprites,default,eigen_top,16,0,color,1.0,0.0,1
20260807-063700_dsprites-spectral-factor-probe-smoke,dsprites,default,eigen_top,16,1,shape,0.4785,0.0,1
20260807-063700_dsprites-spectral-factor-probe-smoke,dsprites,default,eigen_top,16,2,scale,0.3735,0.0,1
20260807-063700_dsprites-spectral-factor-probe-smoke,dsprites,default,eigen_top,16,3,orientation,0.0475,0.0,1
20260807-063700_dsprites-spectral-factor-probe-smoke,dsprites,default,eigen_top,16,4,position_x,0.132,0.0,1
20260807-063700_dsprites-spectral-factor-probe-smoke,dsprites,default,eigen_top,16,5,position_y,0.13,0.0,1
20260807-063700_dsprites-spectral-factor-probe-smoke,dsprites,default,eigen_bottom,16,0,color,1.0,0.0,1
20260807-063700_dsprites-spectral-factor-probe-smoke,dsprites,default,eigen_bottom,16,1,shape,0.469,0.0,1
20260807-063700_dsprites-spectral-factor-probe-smoke,dsprites,default,eigen_bottom,16,2,scale,0.3755,0.0,1
20260807-063700_dsprites-spectral-factor-probe-smoke,dsprites,default,eigen_bottom,16,3,orientation,0.039,0.0,1
20260807-063700_dsprites-spectral-factor-probe-smoke,dsprites,default,eigen_bottom,16,4,position_x,0.112,0.0,1
20260807-063700_dsprites-spectral-factor-probe-smoke,dsprites,default,eigen_bottom,16,5,position_y,0.1235,0.0,1
20260807-063700_dsprites-spectral-factor-probe-smoke,dsprites,default,pca_top,16,0,color,1.0,0.0,1
20260807-063700_dsprites-spectral-factor-probe-smoke,dsprites,default,pca_top,16,1,shape,0.466,0.0,1
20260807-063700_dsprites-spectral-factor-probe-smoke,dsprites,default,pca_top,16,2,scale,0.3825,0.0,1
20260807-063700_dsprites-spectral-factor-probe-smoke,dsprites,default,pca_top,16,3,orientation,0.0555,0.0,1
20260807-063700_dsprites-spectral-factor-probe-smoke,dsprites,default,pca_top,16,4,position_x,0.1555,0.0,1
20260807-063700_dsprites-spectral-factor-probe-smoke,dsprites,default,pca_top,16,5,position_y,0.1215,0.0,1
20260807-063700_dsprites-spectral-factor-probe-smoke,dsprites,default,unranked_first,16,0,color,1.0,0.0,1
20260807-063700_dsprites-spectral-factor-probe-smoke,dsprites,default,unranked_first,16,1,shape,0.4615,0.0,1
20260807-063700_dsprites-spectral-factor-probe-smoke,dsprites,default,unranked_first,16,2,scale,0.3695,0.0,1
20260807-063700_dsprites-spectral-factor-probe-smoke,dsprites,default,unranked_first,16,3,orientation,0.0435,0.0,1
20260807-063700_dsprites-spectral-factor-probe-smoke,dsprites,default,unranked_first,16,4,position_x,0.116,0.0,1
20260807-063700_dsprites-spectral-factor-probe-smoke,dsprites,default,unranked_first,16,5,position_y,0.122,0.0,1
20260807-063700_dsprites-spectral-factor-probe-smoke,dsprites,default,random,16,0,color,1.0,0.0,5
20260807-063700_dsprites-spectral-factor-probe-smoke,dsprites,default,random,16,1,shape,0.46630000000000005,0.00405585995813463,5
20260807-063700_dsprites-spectral-factor-probe-smoke,dsprites,default,random,16,2,scale,0.3733,0.010293201639917494,5
20260807-063700_dsprites-spectral-factor-probe-smoke,dsprites,default,random,16,3,orientation,0.0378,0.0019235384061671362,5
20260807-063700_dsprites-spectral-factor-probe-smoke,dsprites,default,random,16,4,position_x,0.1242,0.012809176398192037,5
20260807-063700_dsprites-spectral-factor-probe-smoke,dsprites,default,random,16,5,position_y,0.118,0.007219764539096825,5
20260807-063700_dsprites-spectral-factor-probe-smoke,dsprites,default,random_rotation_first,16,0,color,1.0,0.0,2
20260807-063700_dsprites-spectral-factor-probe-smoke,dsprites,default,random_rotation_first,16,1,shape,0.46799999999999997,0.004242640687119249,2
20260807-063700_dsprites-spectral-factor-probe-smoke,dsprites,default,random_rotation_first,16,2,scale,0.37675000000000003,0.007424621202458756,2
20260807-063700_dsprites-spectral-factor-probe-smoke,dsprites,default,random_rotation_first,16,3,orientation,0.0325,0.0007071067811865482,2
20260807-063700_dsprites-spectral-factor-probe-smoke,dsprites,default,random_rotation_first,16,4,position_x,0.12575,0.0017677669529663704,2
20260807-063700_dsprites-spectral-factor-probe-smoke,dsprites,default,random_rotation_first,16,5,position_y,0.112,0.0014142135623730963,2
20260807-063700_dsprites-spectral-factor-probe-smoke,dsprites,default,eigen_top,32,0,color,1.0,0.0,1
20260807-063700_dsprites-spectral-factor-probe-smoke,dsprites,default,eigen_top,32,1,shape,0.478,0.0,1
20260807-063700_dsprites-spectral-factor-probe-smoke,dsprites,default,eigen_top,32,2,scale,0.3865,0.0,1
20260807-063700_dsprites-spectral-factor-probe-smoke,dsprites,default,eigen_top,32,3,orientation,0.053,0.0,1
20260807-063700_dsprites-spectral-factor-probe-smoke,dsprites,default,eigen_top,32,4,position_x,0.185,0.0,1
20260807-063700_dsprites-spectral-factor-probe-smoke,dsprites,default,eigen_top,32,5,position_y,0.1325,0.0,1
20260807-063700_dsprites-spectral-factor-probe-smoke,dsprites,default,eigen_bottom,32,0,color,1.0,0.0,1
20260807-063700_dsprites-spectral-factor-probe-smoke,dsprites,default,eigen_bottom,32,1,shape,0.4815,0.0,1
20260807-063700_dsprites-spectral-factor-probe-smoke,dsprites,default,eigen_bottom,32,2,scale,0.373,0.0,1
20260807-063700_dsprites-spectral-factor-probe-smoke,dsprites,default,eigen_bottom,32,3,orientation,0.049,0.0,1
20260807-063700_dsprites-spectral-factor-probe-smoke,dsprites,default,eigen_bottom,32,4,position_x,0.1655,0.0,1
20260807-063700_dsprites-spectral-factor-probe-smoke,dsprites,default,eigen_bottom,32,5,position_y,0.1505,0.0,1
20260807-063700_dsprites-spectral-factor-probe-smoke,dsprites,default,pca_top,32,0,color,1.0,0.0,1
20260807-063700_dsprites-spectral-factor-probe-smoke,dsprites,default,pca_top,32,1,shape,0.4885,0.0,1
20260807-063700_dsprites-spectral-factor-probe-smoke,dsprites,default,pca_top,32,2,scale,0.406,0.0,1
20260807-063700_dsprites-spectral-factor-probe-smoke,dsprites,default,pca_top,32,3,orientation,0.054,0.0,1
20260807-063700_dsprites-spectral-factor-probe-smoke,dsprites,default,pca_top,32,4,position_x,0.188,0.0,1
20260807-063700_dsprites-spectral-factor-probe-smoke,dsprites,default,pca_top,32,5,position_y,0.1605,0.0,1
20260807-063700_dsprites-spectral-factor-probe-smoke,dsprites,default,unranked_first,32,0,color,1.0,0.0,1
20260807-063700_dsprites-spectral-factor-probe-smoke,dsprites,default,unranked_first,32,1,shape,0.466,0.0,1
20260807-063700_dsprites-spectral-factor-probe-smoke,dsprites,default,unranked_first,32,2,scale,0.386,0.0,1
20260807-063700_dsprites-spectral-factor-probe-smoke,dsprites,default,unranked_first,32,3,orientation,0.0465,0.0,1
20260807-063700_dsprites-spectral-factor-probe-smoke,dsprites,default,unranked_first,32,4,position_x,0.153,0.0,1
20260807-063700_dsprites-spectral-factor-probe-smoke,dsprites,default,unranked_first,32,5,position_y,0.143,0.0,1
20260807-063700_dsprites-spectral-factor-probe-smoke,dsprites,default,random,32,0,color,1.0,0.0,5
20260807-063700_dsprites-spectral-factor-probe-smoke,dsprites,default,random,32,1,shape,0.4795999999999999,0.005079370039680122,5
20260807-063700_dsprites-spectral-factor-probe-smoke,dsprites,default,random,32,2,scale,0.3886,0.008495587089777852,5
20260807-063700_dsprites-spectral-factor-probe-smoke,dsprites,default,random,32,3,orientation,0.047,0.0014577379737113264,5
20260807-063700_dsprites-spectral-factor-probe-smoke,dsprites,default,random,32,4,position_x,0.1668,0.006408978077665735,5
20260807-063700_dsprites-spectral-factor-probe-smoke,dsprites,default,random,32,5,position_y,0.1507,0.006601136265825761,5
20260807-063700_dsprites-spectral-factor-probe-smoke,dsprites,default,random_rotation_first,32,0,color,1.0,0.0,2
20260807-063700_dsprites-spectral-factor-probe-smoke,dsprites,default,random_rotation_first,32,1,shape,0.47624999999999995,0.007424621202458756,2
20260807-063700_dsprites-spectral-factor-probe-smoke,dsprites,default,random_rotation_first,32,2,scale,0.382,0.005656854249492385,2
20260807-063700_dsprites-spectral-factor-probe-smoke,dsprites,default,random_rotation_first,32,3,orientation,0.0455,0.0028284271247461927,2
20260807-063700_dsprites-spectral-factor-probe-smoke,dsprites,default,random_rotation_first,32,4,position_x,0.16125,0.0017677669529663704,2
20260807-063700_dsprites-spectral-factor-probe-smoke,dsprites,default,random_rotation_first,32,5,position_y,0.1495,0.012020815280171319,2
20260807-063700_dsprites-spectral-factor-probe-smoke,dsprites,default,eigen_top,64,0,color,1.0,0.0,1
20260807-063700_dsprites-spectral-factor-probe-smoke,dsprites,default,eigen_top,64,1,shape,0.49,0.0,1
20260807-063700_dsprites-spectral-factor-probe-smoke,dsprites,default,eigen_top,64,2,scale,0.41,0.0,1
20260807-063700_dsprites-spectral-factor-probe-smoke,dsprites,default,eigen_top,64,3,orientation,0.056,0.0,1
20260807-063700_dsprites-spectral-factor-probe-smoke,dsprites,default,eigen_top,64,4,position_x,0.218,0.0,1
20260807-063700_dsprites-spectral-factor-probe-smoke,dsprites,default,eigen_top,64,5,position_y,0.1825,0.0,1
20260807-063700_dsprites-spectral-factor-probe-smoke,dsprites,default,eigen_bottom,64,0,color,1.0,0.0,1
20260807-063700_dsprites-spectral-factor-probe-smoke,dsprites,default,eigen_bottom,64,1,shape,0.4895,0.0,1
20260807-063700_dsprites-spectral-factor-probe-smoke,dsprites,default,eigen_bottom,64,2,scale,0.4,0.0,1
20260807-063700_dsprites-spectral-factor-probe-smoke,dsprites,default,eigen_bottom,64,3,orientation,0.0635,0.0,1
20260807-063700_dsprites-spectral-factor-probe-smoke,dsprites,default,eigen_bottom,64,4,position_x,0.219,0.0,1
20260807-063700_dsprites-spectral-factor-probe-smoke,dsprites,default,eigen_bottom,64,5,position_y,0.2015,0.0,1
20260807-063700_dsprites-spectral-factor-probe-smoke,dsprites,default,pca_top,64,0,color,1.0,0.0,1
20260807-063700_dsprites-spectral-factor-probe-smoke,dsprites,default,pca_top,64,1,shape,0.498,0.0,1
20260807-063700_dsprites-spectral-factor-probe-smoke,dsprites,default,pca_top,64,2,scale,0.411,0.0,1
20260807-063700_dsprites-spectral-factor-probe-smoke,dsprites,default,pca_top,64,3,orientation,0.067,0.0,1
20260807-063700_dsprites-spectral-factor-probe-smoke,dsprites,default,pca_top,64,4,position_x,0.2275,0.0,1
20260807-063700_dsprites-spectral-factor-probe-smoke,dsprites,default,pca_top,64,5,position_y,0.203,0.0,1
20260807-063700_dsprites-spectral-factor-probe-smoke,dsprites,default,unranked_first,64,0,color,1.0,0.0,1
20260807-063700_dsprites-spectral-factor-probe-smoke,dsprites,default,unranked_first,64,1,shape,0.4765,0.0,1
20260807-063700_dsprites-spectral-factor-probe-smoke,dsprites,default,unranked_first,64,2,scale,0.407,0.0,1
20260807-063700_dsprites-spectral-factor-probe-smoke,dsprites,default,unranked_first,64,3,orientation,0.0605,0.0,1
20260807-063700_dsprites-spectral-factor-probe-smoke,dsprites,default,unranked_first,64,4,position_x,0.206,0.0,1
20260807-063700_dsprites-spectral-factor-probe-smoke,dsprites,default,unranked_first,64,5,position_y,0.1625,0.0,1
20260807-063700_dsprites-spectral-factor-probe-smoke,dsprites,default,random,64,0,color,1.0,0.0,5
20260807-063700_dsprites-spectral-factor-probe-smoke,dsprites,default,random,64,1,shape,0.49349999999999994,0.009519716382329894,5
20260807-063700_dsprites-spectral-factor-probe-smoke,dsprites,default,random,64,2,scale,0.4082,0.012194260945215155,5
20260807-063700_dsprites-spectral-factor-probe-smoke,dsprites,default,random,64,3,orientation,0.060399999999999995,0.006137996415769565,5
20260807-063700_dsprites-spectral-factor-probe-smoke,dsprites,default,random,64,4,position_x,0.2149,0.010555804090641321,5
20260807-063700_dsprites-spectral-factor-probe-smoke,dsprites,default,random,64,5,position_y,0.18980000000000002,0.008504410620378119,5
20260807-063700_dsprites-spectral-factor-probe-smoke,dsprites,default,random_rotation_first,64,0,color,1.0,0.0,2
20260807-063700_dsprites-spectral-factor-probe-smoke,dsprites,default,random_rotation_first,64,1,shape,0.4925,0.0007071067811865482,2
20260807-063700_dsprites-spectral-factor-probe-smoke,dsprites,default,random_rotation_first,64,2,scale,0.40875,0.014495689014324197,2
20260807-063700_dsprites-spectral-factor-probe-smoke,dsprites,default,random_rotation_first,64,3,orientation,0.056999999999999995,0.004949747468305832,2
20260807-063700_dsprites-spectral-factor-probe-smoke,dsprites,default,random_rotation_first,64,4,position_x,0.216,0.006363961030678933,2
20260807-063700_dsprites-spectral-factor-probe-smoke,dsprites,default,random_rotation_first,64,5,position_y,0.18225,0.007424621202458756,2
20260807-063700_dsprites-spectral-factor-probe-smoke,dsprites,default,eigen_top,128,0,color,1.0,0.0,1
20260807-063700_dsprites-spectral-factor-probe-smoke,dsprites,default,eigen_top,128,1,shape,0.5115,0.0,1
20260807-063700_dsprites-spectral-factor-probe-smoke,dsprites,default,eigen_top,128,2,scale,0.4365,0.0,1
20260807-063700_dsprites-spectral-factor-probe-smoke,dsprites,default,eigen_top,128,3,orientation,0.0705,0.0,1
20260807-063700_dsprites-spectral-factor-probe-smoke,dsprites,default,eigen_top,128,4,position_x,0.261,0.0,1
20260807-063700_dsprites-spectral-factor-probe-smoke,dsprites,default,eigen_top,128,5,position_y,0.227,0.0,1
20260807-063700_dsprites-spectral-factor-probe-smoke,dsprites,default,eigen_bottom,128,0,color,1.0,0.0,1
20260807-063700_dsprites-spectral-factor-probe-smoke,dsprites,default,eigen_bottom,128,1,shape,0.5115,0.0,1
20260807-063700_dsprites-spectral-factor-probe-smoke,dsprites,default,eigen_bottom,128,2,scale,0.4365,0.0,1
20260807-063700_dsprites-spectral-factor-probe-smoke,dsprites,default,eigen_bottom,128,3,orientation,0.0705,0.0,1
20260807-063700_dsprites-spectral-factor-probe-smoke,dsprites,default,eigen_bottom,128,4,position_x,0.261,0.0,1
20260807-063700_dsprites-spectral-factor-probe-smoke,dsprites,default,eigen_bottom,128,5,position_y,0.227,0.0,1
20260807-063700_dsprites-spectral-factor-probe-smoke,dsprites,default,pca_top,128,0,color,1.0,0.0,1
20260807-063700_dsprites-spectral-factor-probe-smoke,dsprites,default,pca_top,128,1,shape,0.514,0.0,1
20260807-063700_dsprites-spectral-factor-probe-smoke,dsprites,default,pca_top,128,2,scale,0.434,0.0,1
20260807-063700_dsprites-spectral-factor-probe-smoke,dsprites,default,pca_top,128,3,orientation,0.069,0.0,1
20260807-063700_dsprites-spectral-factor-probe-smoke,dsprites,default,pca_top,128,4,position_x,0.263,0.0,1
20260807-063700_dsprites-spectral-factor-probe-smoke,dsprites,default,pca_top,128,5,position_y,0.2305,0.0,1
20260807-063700_dsprites-spectral-factor-probe-smoke,dsprites,default,unranked_first,128,0,color,1.0,0.0,1
20260807-063700_dsprites-spectral-factor-probe-smoke,dsprites,default,unranked_first,128,1,shape,0.498,0.0,1
20260807-063700_dsprites-spectral-factor-probe-smoke,dsprites,default,unranked_first,128,2,scale,0.412,0.0,1
20260807-063700_dsprites-spectral-factor-probe-smoke,dsprites,default,unranked_first,128,3,orientation,0.0685,0.0,1
20260807-063700_dsprites-spectral-factor-probe-smoke,dsprites,default,unranked_first,128,4,position_x,0.245,0.0,1
20260807-063700_dsprites-spectral-factor-probe-smoke,dsprites,default,unranked_first,128,5,position_y,0.1995,0.0,1
20260807-063700_dsprites-spectral-factor-probe-smoke,dsprites,default,random,128,0,color,1.0,0.0,5
20260807-063700_dsprites-spectral-factor-probe-smoke,dsprites,default,random,128,1,shape,0.5115,0.0,5
20260807-063700_dsprites-spectral-factor-probe-smoke,dsprites,default,random,128,2,scale,0.4365,0.0,5
20260807-063700_dsprites-spectral-factor-probe-smoke,dsprites,default,random,128,3,orientation,0.0705,0.0,5
20260807-063700_dsprites-spectral-factor-probe-smoke,dsprites,default,random,128,4,position_x,0.261,0.0,5
20260807-063700_dsprites-spectral-factor-probe-smoke,dsprites,default,random,128,5,position_y,0.227,0.0,5
20260807-063700_dsprites-spectral-factor-probe-smoke,dsprites,default,random_rotation_first,128,0,color,1.0,0.0,2
20260807-063700_dsprites-spectral-factor-probe-smoke,dsprites,default,random_rotation_first,128,1,shape,0.5115,0.0,2
20260807-063700_dsprites-spectral-factor-probe-smoke,dsprites,default,random_rotation_first,128,2,scale,0.4365,0.0,2
20260807-063700_dsprites-spectral-factor-probe-smoke,dsprites,default,random_rotation_first,128,3,orientation,0.0705,0.0,2
20260807-063700_dsprites-spectral-factor-probe-smoke,dsprites,default,random_rotation_first,128,4,position_x,0.261,0.0,2
20260807-063700_dsprites-spectral-factor-probe-smoke,dsprites,default,random_rotation_first,128,5,position_y,0.227,0.0,2
20260807-063701_shapes3d-spectral-factor-probe-smoke,shapes3d,default,eigen_top,1,0,floor_hue,0.138,0.0,1
20260807-063701_shapes3d-spectral-factor-probe-smoke,shapes3d,default,eigen_top,1,1,wall_hue,0.195,0.0,1
20260807-063701_shapes3d-spectral-factor-probe-smoke,shapes3d,default,eigen_top,1,2,object_hue,0.1185,0.0,1
20260807-063701_shapes3d-spectral-factor-probe-smoke,shapes3d,default,eigen_top,1,3,scale,0.133,0.0,1
20260807-063701_shapes3d-spectral-factor-probe-smoke,shapes3d,default,eigen_top,1,4,shape,0.265,0.0,1
20260807-063701_shapes3d-spectral-factor-probe-smoke,shapes3d,default,eigen_top,1,5,orientation,0.0785,0.0,1
20260807-063701_shapes3d-spectral-factor-probe-smoke,shapes3d,default,eigen_bottom,1,0,floor_hue,0.1355,0.0,1
20260807-063701_shapes3d-spectral-factor-probe-smoke,shapes3d,default,eigen_bottom,1,1,wall_hue,0.1735,0.0,1
20260807-063701_shapes3d-spectral-factor-probe-smoke,shapes3d,default,eigen_bottom,1,2,object_hue,0.1705,0.0,1
20260807-063701_shapes3d-spectral-factor-probe-smoke,shapes3d,default,eigen_bottom,1,3,scale,0.144,0.0,1
20260807-063701_shapes3d-spectral-factor-probe-smoke,shapes3d,default,eigen_bottom,1,4,shape,0.2295,0.0,1
20260807-063701_shapes3d-spectral-factor-probe-smoke,shapes3d,default,eigen_bottom,1,5,orientation,0.0655,0.0,1
20260807-063701_shapes3d-spectral-factor-probe-smoke,shapes3d,default,pca_top,1,0,floor_hue,0.1695,0.0,1
20260807-063701_shapes3d-spectral-factor-probe-smoke,shapes3d,default,pca_top,1,1,wall_hue,0.196,0.0,1
20260807-063701_shapes3d-spectral-factor-probe-smoke,shapes3d,default,pca_top,1,2,object_hue,0.1495,0.0,1
20260807-063701_shapes3d-spectral-factor-probe-smoke,shapes3d,default,pca_top,1,3,scale,0.1425,0.0,1
20260807-063701_shapes3d-spectral-factor-probe-smoke,shapes3d,default,pca_top,1,4,shape,0.2615,0.0,1
20260807-063701_shapes3d-spectral-factor-probe-smoke,shapes3d,default,pca_top,1,5,orientation,0.079,0.0,1
20260807-063701_shapes3d-spectral-factor-probe-smoke,shapes3d,default,unranked_first,1,0,floor_hue,0.169,0.0,1
20260807-063701_shapes3d-spectral-factor-probe-smoke,shapes3d,default,unranked_first,1,1,wall_hue,0.194,0.0,1
20260807-063701_shapes3d-spectral-factor-probe-smoke,shapes3d,default,unranked_first,1,2,object_hue,0.1425,0.0,1
20260807-063701_shapes3d-spectral-factor-probe-smoke,shapes3d,default,unranked_first,1,3,scale,0.1305,0.0,1
20260807-063701_shapes3d-spectral-factor-probe-smoke,shapes3d,default,unranked_first,1,4,shape,0.266,0.0,1
20260807-063701_shapes3d-spectral-factor-probe-smoke,shapes3d,default,unranked_first,1,5,orientation,0.0715,0.0,1
20260807-063701_shapes3d-spectral-factor-probe-smoke,shapes3d,default,random,1,0,floor_hue,0.1554,0.020314403756940543,5
20260807-063701_shapes3d-spectral-factor-probe-smoke,shapes3d,default,random,1,1,wall_hue,0.1834,0.012759310326189266,5
20260807-063701_shapes3d-spectral-factor-probe-smoke,shapes3d,default,random,1,2,object_hue,0.1376,0.01250699804109683,5
20260807-063701_shapes3d-spectral-factor-probe-smoke,shapes3d,default,random,1,3,scale,0.1256,0.0036979724174201222,5
20260807-063701_shapes3d-spectral-factor-probe-smoke,shapes3d,default,random,1,4,shape,0.24710000000000001,0.006523036102920179,5
20260807-063701_shapes3d-spectral-factor-probe-smoke,shapes3d,default,random,1,5,orientation,0.0735,0.005049752469181036,5
20260807-063701_shapes3d-spectral-factor-probe-smoke,shapes3d,default,random_rotation_first,1,0,floor_hue,0.16525,0.0010606601717798223,2
20260807-063701_shapes3d-spectral-factor-probe-smoke,shapes3d,default,random_rotation_first,1,1,wall_hue,0.18625,0.003889087296526015,2
20260807-063701_shapes3d-spectral-factor-probe-smoke,shapes3d,default,random_rotation_first,1,2,object_hue,0.13775,0.0017677669529663704,2
20260807-063701_shapes3d-spectral-factor-probe-smoke,shapes3d,default,random_rotation_first,1,3,scale,0.12725,0.005303300858899111,2
20260807-063701_shapes3d-spectral-factor-probe-smoke,shapes3d,default,random_rotation_first,1,4,shape,0.258,0.014849242404917511,2
20260807-063701_shapes3d-spectral-factor-probe-smoke,shapes3d,default,random_rotation_first,1,5,orientation,0.07075000000000001,0.0024748737341529084,2
20260807-063701_shapes3d-spectral-factor-probe-smoke,shapes3d,default,eigen_top,2,0,floor_hue,0.209,0.0,1
20260807-063701_shapes3d-spectral-factor-probe-smoke,shapes3d,default,eigen_top,2,1,wall_hue,0.2775,0.0,1
20260807-063701_shapes3d-spectral-factor-probe-smoke,shapes3d,default,eigen_top,2,2,object_hue,0.1835,0.0,1
20260807-063701_shapes3d-spectral-factor-probe-smoke,shapes3d,default,eigen_top,2,3,scale,0.1245,0.0,1
20260807-063701_shapes3d-spectral-factor-probe-smoke,shapes3d,default,eigen_top,2,4,shape,0.254,0.0,1
20260807-063701_shapes3d-spectral-factor-probe-smoke,shapes3d,default,eigen_top,2,5,orientation,0.074,0.0,1
20260807-063701_shapes3d-spectral-factor-probe-smoke,shapes3d,default,eigen_bottom,2,0,floor_hue,0.2015,0.0,1
20260807-063701_shapes3d-spectral-factor-probe-smoke,shapes3d,default,eigen_bottom,2,1,wall_hue,0.3,0.0,1
20260807-063701_shapes3d-spectral-factor-probe-smoke,shapes3d,default,eigen_bottom,2,2,object_hue,0.192,0.0,1
20260807-063701_shapes3d-spectral-factor-probe-smoke,shapes3d,default,eigen_bottom,2,3,scale,0.132,0.0,1
20260807-063701_shapes3d-spectral-factor-probe-smoke,shapes3d,default,eigen_bottom,2,4,shape,0.25,0.0,1
20260807-063701_shapes3d-spectral-factor-probe-smoke,shapes3d,default,eigen_bottom,2,5,orientation,0.0745,0.0,1
20260807-063701_shapes3d-spectral-factor-probe-smoke,shapes3d,default,pca_top,2,0,floor_hue,0.226,0.0,1
20260807-063701_shapes3d-spectral-factor-probe-smoke,shapes3d,default,pca_top,2,1,wall_hue,0.338,0.0,1
20260807-063701_shapes3d-spectral-factor-probe-smoke,shapes3d,default,pca_top,2,2,object_hue,0.1895,0.0,1
20260807-063701_shapes3d-spectral-factor-probe-smoke,shapes3d,default,pca_top,2,3,scale,0.1435,0.0,1
20260807-063701_shapes3d-spectral-factor-probe-smoke,shapes3d,default,pca_top,2,4,shape,0.2475,0.0,1
20260807-063701_shapes3d-spectral-factor-probe-smoke,shapes3d,default,pca_top,2,5,orientation,0.0765,0.0,1
20260807-063701_shapes3d-spectral-factor-probe-smoke,shapes3d,default,unranked_first,2,0,floor_hue,0.242,0.0,1
20260807-063701_shapes3d-spectral-factor-probe-smoke,shapes3d,default,unranked_first,2,1,wall_hue,0.342,0.0,1
20260807-063701_shapes3d-spectral-factor-probe-smoke,shapes3d,default,unranked_first,2,2,object_hue,0.1905,0.0,1
20260807-063701_shapes3d-spectral-factor-probe-smoke,shapes3d,default,unranked_first,2,3,scale,0.1205,0.0,1
20260807-063701_shapes3d-spectral-factor-probe-smoke,shapes3d,default,unranked_first,2,4,shape,0.255,0.0,1
20260807-063701_shapes3d-spectral-factor-probe-smoke,shapes3d,default,unranked_first,2,5,orientation,0.0725,0.0,1
20260807-063701_shapes3d-spectral-factor-probe-smoke,shapes3d,default,random,2,0,floor_hue,0.2223,0.0193603977231874,5
20260807-063701_shapes3d-spectral-factor-probe-smoke,shapes3d,default,random,2,1,wall_hue,0.29159999999999997,0.06092146583922615,5
20260807-063701_shapes3d-spectral-factor-probe-smoke,shapes3d,default,random,2,2,object_hue,0.18,0.014802871343087463,5
20260807-063701_shapes3d-spectral-factor-probe-smoke,shapes3d,default,random,2,3,scale,0.1274,0.006608706378709837,5
20260807-063701_shapes3d-spectral-factor-probe-smoke,shapes3d,default,random,2,4,shape,0.25389999999999996,0.01659216682654799,5
20260807-063701_shapes3d-spectral-factor-probe-smoke,shapes3d,default,random,2,5,orientation,0.0787,0.007758865896508327,5
20260807-063701_shapes3d-spectral-factor-probe-smoke,shapes3d,default,random_rotation_first,2,0,floor_hue,0.21175,0.05338656197958434,2
20260807-063701_shapes3d-spectral-factor-probe-smoke,shapes3d,default,random_rotation_first,2,1,wall_hue,0.27049999999999996,0.020506096654409858,2
20260807-063701_shapes3d-spectral-factor-probe-smoke,shapes3d,default,random_rotation_first,2,2,object_hue,0.1785,0.0021213203435596446,2
20260807-063701_shapes3d-spectral-factor-probe-smoke,shapes3d,default,random_rotation_first,2,3,scale,0.1355,0.014849242404917492,2
20260807-063701_shapes3d-spectral-factor-probe-smoke,shapes3d,default,random_rotation_first,2,4,shape,0.25525,0.013788582233137689,2
20260807-063701_shapes3d-spectral-factor-probe-smoke,shapes3d,default,random_rotation_first,2,5,orientation,0.07975,0.0031819805153394665,2
20260807-063701_shapes3d-spectral-factor-probe-smoke,shapes3d,default,eigen_top,4,0,floor_hue,0.293,0.0,1
20260807-063701_shapes3d-spectral-factor-probe-smoke,shapes3d,default,eigen_top,4,1,wall_hue,0.4955,0.0,1
20260807-063701_shapes3d-spectral-factor-probe-smoke,shapes3d,default,eigen_top,4,2,object_hue,0.2535,0.0,1
20260807-063701_shapes3d-spectral-factor-probe-smoke,shapes3d,default,eigen_top,4,3,scale,0.1195,0.0,1
20260807-063701_shapes3d-spectral-factor-probe-smoke,shapes3d,default,eigen_top,4,4,shape,0.27,0.0,1
20260807-063701_shapes3d-spectral-factor-probe-smoke,shapes3d,default,eigen_top,4,5,orientation,0.064,0.0,1
20260807-063701_shapes3d-spectral-factor-probe-smoke,shapes3d,default,eigen_bottom,4,0,floor_hue,0.2585,0.0,1
20260807-063701_shapes3d-spectral-factor-probe-smoke,shapes3d,default,eigen_bottom,4,1,wall_hue,0.499,0.0,1
20260807-063701_shapes3d-spectral-factor-probe-smoke,shapes3d,default,eigen_bottom,4,2,object_hue,0.2415,0.0,1
20260807-063701_shapes3d-spectral-factor-probe-smoke,shapes3d,default,eigen_bottom,4,3,scale,0.14,0.0,1
20260807-063701_shapes3d-spectral-factor-probe-smoke,shapes3d,default,eigen_bottom,4,4,shape,0.266,0.0,1
20260807-063701_shapes3d-spectral-factor-probe-smoke,shapes3d,default,eigen_bottom,4,5,orientation,0.082,0.0,1
20260807-063701_shapes3d-spectral-factor-probe-smoke,shapes3d,default,pca_top,4,0,floor_hue,0.294,0.0,1
20260807-063701_shapes3d-spectral-factor-probe-smoke,shapes3d,default,pca_top,4,1,wall_hue,0.503,0.0,1
20260807-063701_shapes3d-spectral-factor-probe-smoke,shapes3d,default,pca_top,4,2,object_hue,0.211,0.0,1
20260807-063701_shapes3d-spectral-factor-probe-smoke,shapes3d,default,pca_top,4,3,scale,0.1435,0.0,1
20260807-063701_shapes3d-spectral-factor-probe-smoke,shapes3d,default,pca_top,4,4,shape,0.2585,0.0,1
20260807-063701_shapes3d-spectral-factor-probe-smoke,shapes3d,default,pca_top,4,5,orientation,0.0725,0.0,1
20260807-063701_shapes3d-spectral-factor-probe-smoke,shapes3d,default,unranked_first,4,0,floor_hue,0.3215,0.0,1
20260807-063701_shapes3d-spectral-factor-probe-smoke,shapes3d,default,unranked_first,4,1,wall_hue,0.5495,0.0,1
20260807-063701_shapes3d-spectral-factor-probe-smoke,shapes3d,default,unranked_first,4,2,object_hue,0.2175,0.0,1
20260807-063701_shapes3d-spectral-factor-probe-smoke,shapes3d,default,unranked_first,4,3,scale,0.1235,0.0,1
20260807-063701_shapes3d-spectral-factor-probe-smoke,shapes3d,default,unranked_first,4,4,shape,0.2665,0.0,1
20260807-063701_shapes3d-spectral-factor-probe-smoke,shapes3d,default,unranked_first,4,5,orientation,0.069,0.0,1
20260807-063701_shapes3d-spectral-factor-probe-smoke,shapes3d,default,random,4,0,floor_hue,0.325,0.03026342677226094,5
20260807-063701_shapes3d-spectral-factor-probe-smoke,shapes3d,default,random,4,1,wall_hue,0.4689,0.07198645705964421,5
20260807-063701_shapes3d-spectral-factor-probe-smoke,shapes3d,default,random,4,2,object_hue,0.2226,0.018998026213267523,5
20260807-063701_shapes3d-spectral-factor-probe-smoke,shapes3d,default,random,4,3,scale,0.1427,0.012652074928643127,5
20260807-063701_shapes3d-spectral-factor-probe-smoke,shapes3d,default,random,4,4,shape,0.2606,0.013983919336151805,5
20260807-063701_shapes3d-spectral-factor-probe-smoke,shapes3d,default,random,4,5,orientation,0.0783,0.007479973261984297,5
20260807-063701_shapes3d-spectral-factor-probe-smoke,shapes3d,default,random_rotation_first,4,0,floor_hue,0.29925,0.021566756826189717,2
20260807-063701_shapes3d-spectral-factor-probe-smoke,shapes3d,default,random_rotation_first,4,1,wall_hue,0.501,0.002121320343559605,2
20260807-063701_shapes3d-spectral-factor-probe-smoke,shapes3d,default,random_rotation_first,4,2,object_hue,0.221,0.006363961030678933,2
20260807-063701_shapes3d-spectral-factor-probe-smoke,shapes3d,default,random_rotation_first,4,3,scale,0.13974999999999999,0.006717514421272188,2
20260807-063701_shapes3d-spectral-factor-probe-smoke,shapes3d,default,random_rotation_first,4,4,shape,0.26575000000000004,0.014495689014324237,2
20260807-063701_shapes3d-spectral-factor-probe-smoke,shapes3d,default,random_rotation_first,4,5,orientation,0.07425,0.0024748737341529184,2
20260807-063701_shapes3d-spectral-factor-probe-smoke,shapes3d,default,eigen_top,8,0,floor_hue,0.396,0.0,1
20260807-063701_shapes3d-spectral-factor-probe-smoke,shapes3d,default,eigen_top,8,1,wall_hue,0.7665,0.0,1
20260807-063701_shapes3d-spectral-factor-probe-smoke,shapes3d,default,eigen_top,8,2,object_hue,0.2475,0.0,1
20260807-063701_shapes3d-spectral-factor-probe-smoke,shapes3d,default,eigen_top,8,3,scale,0.1475,0.0,1
20260807-063701_shapes3d-spectral-factor-probe-smoke,shapes3d,default,eigen_top,8,4,shape,0.2625,0.0,1
20260807-063701_shapes3d-spectral-factor-probe-smoke,shapes3d,default,eigen_top,8,5,orientation,0.0765,0.0,1
20260807-063701_shapes3d-spectral-factor-probe-smoke,shapes3d,default,eigen_bottom,8,0,floor_hue,0.361,0.0,1
20260807-063701_shapes3d-spectral-factor-probe-smoke,shapes3d,default,eigen_bottom,8,1,wall_hue,0.7405,0.0,1
20260807-063701_shapes3d-spectral-factor-probe-smoke,shapes3d,default,eigen_bottom,8,2,object_hue,0.274,0.0,1
20260807-063701_shapes3d-spectral-factor-probe-smoke,shapes3d,default,eigen_bottom,8,3,scale,0.156,0.0,1
20260807-063701_shapes3d-spectral-factor-probe-smoke,shapes3d,default,eigen_bottom,8,4,shape,0.299,0.0,1
20260807-063701_shapes3d-spectral-factor-probe-smoke,shapes3d,default,eigen_bottom,8,5,orientation,0.101,0.0,1
20260807-063701_shapes3d-spectral-factor-probe-smoke,shapes3d,default,pca_top,8,0,floor_hue,0.3005,0.0,1
20260807-063701_shapes3d-spectral-factor-probe-smoke,shapes3d,default,pca_top,8,1,wall_hue,0.7195,0.0,1
20260807-063701_shapes3d-spectral-factor-probe-smoke,shapes3d,default,pca_top,8,2,object_hue,0.23,0.0,1
20260807-063701_shapes3d-spectral-factor-probe-smoke,shapes3d,default,pca_top,8,3,scale,0.1505,0.0,1
20260807-063701_shapes3d-spectral-factor-probe-smoke,shapes3d,default,pca_top,8,4,shape,0.2535,0.0,1
20260807-063701_shapes3d-spectral-factor-probe-smoke,shapes3d,default,pca_top,8,5,orientation,0.086,0.0,1
20260807-063701_shapes3d-spectral-factor-probe-smoke,shapes3d,default,unranked_first,8,0,floor_hue,0.4145,0.0,1
20260807-063701_shapes3d-spectral-factor-probe-smoke,shapes3d,default,unranked_first,8,1,wall_hue,0.7285,0.0,1
20260807-063701_shapes3d-spectral-factor-probe-smoke,shapes3d,default,unranked_first,8,2,object_hue,0.2545,0.0,1
20260807-063701_shapes3d-spectral-factor-probe-smoke,shapes3d,default,unranked_first,8,3,scale,0.1295,0.0,1
20260807-063701_shapes3d-spectral-factor-probe-smoke,shapes3d,default,unranked_first,8,4,shape,0.2575,0.0,1
20260807-063701_shapes3d-spectral-factor-probe-smoke,shapes3d,default,unranked_first,8,5,orientation,0.0845,0.0,1
20260807-063701_shapes3d-spectral-factor-probe-smoke,shapes3d,default,random,8,0,floor_hue,0.45899999999999996,0.06237287070513913,5
20260807-063701_shapes3d-spectral-factor-probe-smoke,shapes3d,default,random,8,1,wall_hue,0.7158,0.044789228615817904,5
20260807-063701_shapes3d-spectral-factor-probe-smoke,shapes3d,default,random,8,2,object_hue,0.2779,0.01874299869284527,5
20260807-063701_shapes3d-spectral-factor-probe-smoke,shapes3d,default,random,8,3,scale,0.1518,0.004590751572455216,5
20260807-063701_shapes3d-spectral-factor-probe-smoke,shapes3d,default,random,8,4,shape,0.27830000000000005,0.004251470333896248,5
20260807-063701_shapes3d-spectral-factor-probe-smoke,shapes3d,default,random,8,5,orientation,0.0875,0.005385164807134503,5
20260807-063701_shapes3d-spectral-factor-probe-smoke,shapes3d,default,random_rotation_first,8,0,floor_hue,0.454,0.00777817459305203,2
20260807-063701_shapes3d-spectral-factor-probe-smoke,shapes3d,default,random_rotation_first,8,1,wall_hue,0.7025,0.05161879502661794,2
20260807-063701_shapes3d-spectral-factor-probe-smoke,shapes3d,default,random_rotation_first,8,2,object_hue,0.2695,0.008485281374238578,2
20260807-063701_shapes3d-spectral-factor-probe-smoke,shapes3d,default,random_rotation_first,8,3,scale,0.136,0.009192388155425106,2
20260807-063701_shapes3d-spectral-factor-probe-smoke,shapes3d,default,random_rotation_first,8,4,shape,0.2775,0.0028284271247461927,2
20260807-063701_shapes3d-spectral-factor-probe-smoke,shapes3d,default,random_rotation_first,8,5,orientation,0.08675,0.0010606601717798223,2
20260807-063701_shapes3d-spectral-factor-probe-smoke,shapes3d,default,eigen_top,16,0,floor_hue,0.851,0.0,1
20260807-063701_shapes3d-spectral-factor-probe-smoke,shapes3d,default,eigen_top,16,1,wall_hue,0.905,0.0,1
20260807-063701_shapes3d-spectral-factor-probe-smoke,shapes3d,default,eigen_top,16,2,object_hue,0.28,0.0,1
20260807-063701_shapes3d-spectral-factor-probe-smoke,shapes3d,default,eigen_top,16,3,scale,0.149,0.0,1
20260807-063701_shapes3d-spectral-factor-probe-smoke,shapes3d,default,eigen_top,16,4,shape,0.287,0.0,1
20260807-063701_shapes3d-spectral-factor-probe-smoke,shapes3d,default,eigen_top,16,5,orientation,0.098,0.0,1
20260807-063701_shapes3d-spectral-factor-probe-smoke,shapes3d,default,eigen_bottom,16,0,floor_hue,0.5595,0.0,1
20260807-063701_shapes3d-spectral-factor-probe-smoke,shapes3d,default,eigen_bottom,16,1,wall_hue,0.8685,0.0,1
20260807-063701_shapes3d-spectral-factor-probe-smoke,shapes3d,default,eigen_bottom,16,2,object_hue,0.36,0.0,1
20260807-063701_shapes3d-spectral-factor-probe-smoke,shapes3d,default,eigen_bottom,16,3,scale,0.174,0.0,1
20260807-063701_shapes3d-spectral-factor-probe-smoke,shapes3d,default,eigen_bottom,16,4,shape,0.3155,0.0,1
20260807-063701_shapes3d-spectral-factor-probe-smoke,shapes3d,default,eigen_bottom,16,5,orientation,0.1015,0.0,1
20260807-063701_shapes3d-spectral-factor-probe-smoke,shapes3d,default,pca_top,16,0,floor_hue,0.8805,0.0,1
20260807-063701_shapes3d-spectral-factor-probe-smoke,shapes3d,default,pca_top,16,1,wall_hue,0.9235,0.0,1
20260807-063701_shapes3d-spectral-factor-probe-smoke,shapes3d,default,pca_top,16,2,object_hue,0.266,0.0,1
20260807-063701_shapes3d-spectral-factor-probe-smoke,shapes3d,default,pca_top,16,3,scale,0.1685,0.0,1
20260807-063701_shapes3d-spectral-factor-probe-smoke,shapes3d,default,pca_top,16,4,shape,0.2885,0.0,1
20260807-063701_shapes3d-spectral-factor-probe-smoke,shapes3d,default,pca_top,16,5,orientation,0.106,0.0,1
20260807-063701_shapes3d-spectral-factor-probe-smoke,shapes3d,default,unranked_first,16,0,floor_hue,0.8155,0.0,1
20260807-063701_shapes3d-spectral-factor-probe-smoke,shapes3d,default,unranked_first,16,1,wall_hue,0.8785,0.0,1
20260807-063701_shapes3d-spectral-factor-probe-smoke,shapes3d,default,unranked_first,16,2,object_hue,0.304,0.0,1
20260807-063701_shapes3d-spectral-factor-probe-smoke,shapes3d,default,unranked_first,16,3,scale,0.1595,0.0,1
20260807-063701_shapes3d-spectral-factor-probe-smoke,shapes3d,default,unranked_first,16,4,shape,0.301,0.0,1
20260807-063701_shapes3d-spectral-factor-probe-smoke,shapes3d,default,unranked_first,16,5,orientation,0.118,0.0,1
20260807-063701_shapes3d-spectral-factor-probe-smoke,shapes3d,default,random,16,0,floor_hue,0.7045999999999999,0.04074677901380672,5
20260807-063701_shapes3d-spectral-factor-probe-smoke,shapes3d,default,random,16,1,wall_hue,0.8800000000000001,0.012449899597988706,5
20260807-063701_shapes3d-spectral-factor-probe-smoke,shapes3d,default,random,16,2,object_hue,0.33530000000000004,0.021297300298394627,5
20260807-063701_shapes3d-spectral-factor-probe-smoke,shapes3d,default,random,16,3,scale,0.16040000000000001,0.010939606939922478,5
20260807-063701_shapes3d-spectral-factor-probe-smoke,shapes3d,default,random,16,4,shape,0.2994,0.006646427611882949,5
20260807-063701_shapes3d-spectral-factor-probe-smoke,shapes3d,default,random,16,5,orientation,0.1101,0.008947066558375431,5
20260807-063701_shapes3d-spectral-factor-probe-smoke,shapes3d,default,random_rotation_first,16,0,floor_hue,0.6539999999999999,0.02616295090390228,2
20260807-063701_shapes3d-spectral-factor-probe-smoke,shapes3d,default,random_rotation_first,16,1,wall_hue,0.8585,0.004949747468305837,2
20260807-063701_shapes3d-spectral-factor-probe-smoke,shapes3d,default,random_rotation_first,16,2,object_hue,0.354,0.032526911934581175,2
20260807-063701_shapes3d-spectral-factor-probe-smoke,shapes3d,default,random_rotation_first,16,3,scale,0.13374999999999998,0.012374368670764573,2
20260807-063701_shapes3d-spectral-factor-probe-smoke,shapes3d,default,random_rotation_first,16,4,shape,0.29425,0.02580939751330897,2
20260807-063701_shapes3d-spectral-factor-probe-smoke,shapes3d,default,random_rotation_first,16,5,orientation,0.09825,0.020152543263816602,2
20260807-063701_shapes3d-spectral-factor-probe-smoke,shapes3d,default,eigen_top,32,0,floor_hue,0.953,0.0,1
20260807-063701_shapes3d-spectral-factor-probe-smoke,shapes3d,default,eigen_top,32,1,wall_hue,0.9425,0.0,1
20260807-063701_shapes3d-spectral-factor-probe-smoke,shapes3d,default,eigen_top,32,2,object_hue,0.425,0.0,1
20260807-063701_shapes3d-spectral-factor-probe-smoke,shapes3d,default,eigen_top,32,3,scale,0.191,0.0,1
20260807-063701_shapes3d-spectral-factor-probe-smoke,shapes3d,default,eigen_top,32,4,shape,0.332,0.0,1
20260807-063701_shapes3d-spectral-factor-probe-smoke,shapes3d,default,eigen_top,32,5,orientation,0.14,0.0,1
20260807-063701_shapes3d-spectral-factor-probe-smoke,shapes3d,default,eigen_bottom,32,0,floor_hue,0.885,0.0,1
20260807-063701_shapes3d-spectral-factor-probe-smoke,shapes3d,default,eigen_bottom,32,1,wall_hue,0.9415,0.0,1
20260807-063701_shapes3d-spectral-factor-probe-smoke,shapes3d,default,eigen_bottom,32,2,object_hue,0.5555,0.0,1
20260807-063701_shapes3d-spectral-factor-probe-smoke,shapes3d,default,eigen_bottom,32,3,scale,0.1885,0.0,1
20260807-063701_shapes3d-spectral-factor-probe-smoke,shapes3d,default,eigen_bottom,32,4,shape,0.3425,0.0,1
20260807-063701_shapes3d-spectral-factor-probe-smoke,shapes3d,default,eigen_bottom,32,5,orientation,0.14,0.0,1
20260807-063701_shapes3d-spectral-factor-probe-smoke,shapes3d,default,pca_top,32,0,floor_hue,0.9615,0.0,1
20260807-063701_shapes3d-spectral-factor-probe-smoke,shapes3d,default,pca_top,32,1,wall_hue,0.957,0.0,1
20260807-063701_shapes3d-spectral-factor-probe-smoke,shapes3d,default,pca_top,32,2,object_hue,0.4395,0.0,1
20260807-063701_shapes3d-spectral-factor-probe-smoke,shapes3d,default,pca_top,32,3,scale,0.196,0.0,1
20260807-063701_shapes3d-spectral-factor-probe-smoke,shapes3d,default,pca_top,32,4,shape,0.3455,0.0,1
20260807-063701_shapes3d-spectral-factor-probe-smoke,shapes3d,default,pca_top,32,5,orientation,0.156,0.0,1
20260807-063701_shapes3d-spectral-factor-probe-smoke,shapes3d,default,unranked_first,32,0,floor_hue,0.9505,0.0,1
20260807-063701_shapes3d-spectral-factor-probe-smoke,shapes3d,default,unranked_first,32,1,wall_hue,0.9495,0.0,1
20260807-063701_shapes3d-spectral-factor-probe-smoke,shapes3d,default,unranked_first,32,2,object_hue,0.461,0.0,1
20260807-063701_shapes3d-spectral-factor-probe-smoke,shapes3d,default,unranked_first,32,3,scale,0.189,0.0,1
20260807-063701_shapes3d-spectral-factor-probe-smoke,shapes3d,default,unranked_first,32,4,shape,0.352,0.0,1
20260807-063701_shapes3d-spectral-factor-probe-smoke,shapes3d,default,unranked_first,32,5,orientation,0.1715,0.0,1
20260807-063701_shapes3d-spectral-factor-probe-smoke,shapes3d,default,random,32,0,floor_hue,0.9166000000000001,0.02405566461355829,5
20260807-063701_shapes3d-spectral-factor-probe-smoke,shapes3d,default,random,32,1,wall_hue,0.9445,0.004513867521316929,5
20260807-063701_shapes3d-spectral-factor-probe-smoke,shapes3d,default,random,32,2,object_hue,0.49939999999999996,0.016456001944579385,5
20260807-063701_shapes3d-spectral-factor-probe-smoke,shapes3d,default,random,32,3,scale,0.1795,0.006736096792653746,5
20260807-063701_shapes3d-spectral-factor-probe-smoke,shapes3d,default,random,32,4,shape,0.33490000000000003,0.014488788769251899,5
20260807-063701_shapes3d-spectral-factor-probe-smoke,shapes3d,default,random,32,5,orientation,0.14079999999999998,0.007782994282408275,5
20260807-063701_shapes3d-spectral-factor-probe-smoke,shapes3d,default,random_rotation_first,32,0,floor_hue,0.914,0.009899494936611674,2
20260807-063701_shapes3d-spectral-factor-probe-smoke,shapes3d,default,random_rotation_first,32,1,wall_hue,0.94275,0.002474873734152958,2
20260807-063701_shapes3d-spectral-factor-probe-smoke,shapes3d,default,random_rotation_first,32,2,object_hue,0.48824999999999996,0.008131727983645304,2
20260807-063701_shapes3d-spectral-factor-probe-smoke,shapes3d,default,random_rotation_first,32,3,scale,0.17099999999999999,0.002828427124746173,2
20260807-063701_shapes3d-spectral-factor-probe-smoke,shapes3d,default,random_rotation_first,32,4,shape,0.34975,0.01732411613907039,2
20260807-063701_shapes3d-spectral-factor-probe-smoke,shapes3d,default,random_rotation_first,32,5,orientation,0.14150000000000001,0.005656854249492365,2
20260807-063701_shapes3d-spectral-factor-probe-smoke,shapes3d,default,eigen_top,64,0,floor_hue,0.99,0.0,1
20260807-063701_shapes3d-spectral-factor-probe-smoke,shapes3d,default,eigen_top,64,1,wall_hue,0.9845,0.0,1
20260807-063701_shapes3d-spectral-factor-probe-smoke,shapes3d,default,eigen_top,64,2,object_hue,0.698,0.0,1
20260807-063701_shapes3d-spectral-factor-probe-smoke,shapes3d,default,eigen_top,64,3,scale,0.2145,0.0,1
20260807-063701_shapes3d-spectral-factor-probe-smoke,shapes3d,default,eigen_top,64,4,shape,0.4155,0.0,1
20260807-063701_shapes3d-spectral-factor-probe-smoke,shapes3d,default,eigen_top,64,5,orientation,0.218,0.0,1
20260807-063701_shapes3d-spectral-factor-probe-smoke,shapes3d,default,eigen_bottom,64,0,floor_hue,0.982,0.0,1
20260807-063701_shapes3d-spectral-factor-probe-smoke,shapes3d,default,eigen_bottom,64,1,wall_hue,0.9815,0.0,1
20260807-063701_shapes3d-spectral-factor-probe-smoke,shapes3d,default,eigen_bottom,64,2,object_hue,0.739,0.0,1
20260807-063701_shapes3d-spectral-factor-probe-smoke,shapes3d,default,eigen_bottom,64,3,scale,0.2025,0.0,1
20260807-063701_shapes3d-spectral-factor-probe-smoke,shapes3d,default,eigen_bottom,64,4,shape,0.4265,0.0,1
20260807-063701_shapes3d-spectral-factor-probe-smoke,shapes3d,default,eigen_bottom,64,5,orientation,0.201,0.0,1
20260807-063701_shapes3d-spectral-factor-probe-smoke,shapes3d,default,pca_top,64,0,floor_hue,0.997,0.0,1
20260807-063701_shapes3d-spectral-factor-probe-smoke,shapes3d,default,pca_top,64,1,wall_hue,0.9875,0.0,1
20260807-063701_shapes3d-spectral-factor-probe-smoke,shapes3d,default,pca_top,64,2,object_hue,0.7475,0.0,1
20260807-063701_shapes3d-spectral-factor-probe-smoke,shapes3d,default,pca_top,64,3,scale,0.212,0.0,1
20260807-063701_shapes3d-spectral-factor-probe-smoke,shapes3d,default,pca_top,64,4,shape,0.427,0.0,1
20260807-063701_shapes3d-spectral-factor-probe-smoke,shapes3d,default,pca_top,64,5,orientation,0.219,0.0,1
20260807-063701_shapes3d-spectral-factor-probe-smoke,shapes3d,default,unranked_first,64,0,floor_hue,0.996,0.0,1
20260807-063701_shapes3d-spectral-factor-probe-smoke,shapes3d,default,unranked_first,64,1,wall_hue,0.9825,0.0,1
20260807-063701_shapes3d-spectral-factor-probe-smoke,shapes3d,default,unranked_first,64,2,object_hue,0.705,0.0,1
20260807-063701_shapes3d-spectral-factor-probe-smoke,shapes3d,default,unranked_first,64,3,scale,0.2085,0.0,1
20260807-063701_shapes3d-spectral-factor-probe-smoke,shapes3d,default,unranked_first,64,4,shape,0.4135,0.0,1
20260807-063701_shapes3d-spectral-factor-probe-smoke,shapes3d,default,unranked_first,64,5,orientation,0.2215,0.0,1
20260807-063701_shapes3d-spectral-factor-probe-smoke,shapes3d,default,random,64,0,floor_hue,0.9888999999999999,0.0025836021365527747,5
20260807-063701_shapes3d-spectral-factor-probe-smoke,shapes3d,default,random,64,1,wall_hue,0.9816,0.0026315394733881494,5
20260807-063701_shapes3d-spectral-factor-probe-smoke,shapes3d,default,random,64,2,object_hue,0.7064999999999999,0.017230060940112788,5
20260807-063701_shapes3d-spectral-factor-probe-smoke,shapes3d,default,random,64,3,scale,0.2131,0.009958664569107647,5
20260807-063701_shapes3d-spectral-factor-probe-smoke,shapes3d,default,random,64,4,shape,0.4074,0.02018167485616592,5
20260807-063701_shapes3d-spectral-factor-probe-smoke,shapes3d,default,random,64,5,orientation,0.20060000000000003,0.008080841540334763,5
20260807-063701_shapes3d-spectral-factor-probe-smoke,shapes3d,default,random_rotation_first,64,0,floor_hue,0.98875,0.001767766952966331,2
20260807-063701_shapes3d-spectral-factor-probe-smoke,shapes3d,default,random_rotation_first,64,1,wall_hue,0.9795,0.0028284271247461927,2
20260807-063701_shapes3d-spectral-factor-probe-smoke,shapes3d,default,random_rotation_first,64,2,object_hue,0.72175,0.014495689014324197,2
20260807-063701_shapes3d-spectral-factor-probe-smoke,shapes3d,default,random_rotation_first,64,3,scale,0.20175,0.0003535533905932741,2
20260807-063701_shapes3d-spectral-factor-probe-smoke,shapes3d,default,random_rotation_first,64,4,shape,0.41574999999999995,0.0031819805153394665,2
20260807-063701_shapes3d-spectral-factor-probe-smoke,shapes3d,default,random_rotation_first,64,5,orientation,0.201,0.0014142135623730963,2
20260807-063701_shapes3d-spectral-factor-probe-smoke,shapes3d,default,eigen_top,128,0,floor_hue,0.9995,0.0,1
20260807-063701_shapes3d-spectral-factor-probe-smoke,shapes3d,default,eigen_top,128,1,wall_hue,0.9965,0.0,1
20260807-063701_shapes3d-spectral-factor-probe-smoke,shapes3d,default,eigen_top,128,2,object_hue,0.893,0.0,1
20260807-063701_shapes3d-spectral-factor-probe-smoke,shapes3d,default,eigen_top,128,3,scale,0.2545,0.0,1
20260807-063701_shapes3d-spectral-factor-probe-smoke,shapes3d,default,eigen_top,128,4,shape,0.489,0.0,1
20260807-063701_shapes3d-spectral-factor-probe-smoke,shapes3d,default,eigen_top,128,5,orientation,0.296,0.0,1
20260807-063701_shapes3d-spectral-factor-probe-smoke,shapes3d,default,eigen_bottom,128,0,floor_hue,0.9995,0.0,1
20260807-063701_shapes3d-spectral-factor-probe-smoke,shapes3d,default,eigen_bottom,128,1,wall_hue,0.9965,0.0,1
20260807-063701_shapes3d-spectral-factor-probe-smoke,shapes3d,default,eigen_bottom,128,2,object_hue,0.893,0.0,1
20260807-063701_shapes3d-spectral-factor-probe-smoke,shapes3d,default,eigen_bottom,128,3,scale,0.2545,0.0,1
20260807-063701_shapes3d-spectral-factor-probe-smoke,shapes3d,default,eigen_bottom,128,4,shape,0.489,0.0,1
20260807-063701_shapes3d-spectral-factor-probe-smoke,shapes3d,default,eigen_bottom,128,5,orientation,0.296,0.0,1
20260807-063701_shapes3d-spectral-factor-probe-smoke,shapes3d,default,pca_top,128,0,floor_hue,0.9995,0.0,1
20260807-063701_shapes3d-spectral-factor-probe-smoke,shapes3d,default,pca_top,128,1,wall_hue,0.9965,0.0,1
20260807-063701_shapes3d-spectral-factor-probe-smoke,shapes3d,default,pca_top,128,2,object_hue,0.8935,0.0,1
20260807-063701_shapes3d-spectral-factor-probe-smoke,shapes3d,default,pca_top,128,3,scale,0.2515,0.0,1
20260807-063701_shapes3d-spectral-factor-probe-smoke,shapes3d,default,pca_top,128,4,shape,0.488,0.0,1
20260807-063701_shapes3d-spectral-factor-probe-smoke,shapes3d,default,pca_top,128,5,orientation,0.2995,0.0,1
20260807-063701_shapes3d-spectral-factor-probe-smoke,shapes3d,default,unranked_first,128,0,floor_hue,0.9995,0.0,1
20260807-063701_shapes3d-spectral-factor-probe-smoke,shapes3d,default,unranked_first,128,1,wall_hue,0.995,0.0,1
20260807-063701_shapes3d-spectral-factor-probe-smoke,shapes3d,default,unranked_first,128,2,object_hue,0.886,0.0,1
20260807-063701_shapes3d-spectral-factor-probe-smoke,shapes3d,default,unranked_first,128,3,scale,0.249,0.0,1
20260807-063701_shapes3d-spectral-factor-probe-smoke,shapes3d,default,unranked_first,128,4,shape,0.4895,0.0,1
20260807-063701_shapes3d-spectral-factor-probe-smoke,shapes3d,default,unranked_first,128,5,orientation,0.2945,0.0,1
20260807-063701_shapes3d-spectral-factor-probe-smoke,shapes3d,default,random,128,0,floor_hue,0.9995,0.0,5
20260807-063701_shapes3d-spectral-factor-probe-smoke,shapes3d,default,random,128,1,wall_hue,0.9964999999999999,0.0,5
20260807-063701_shapes3d-spectral-factor-probe-smoke,shapes3d,default,random,128,2,object_hue,0.893,0.0,5
20260807-063701_shapes3d-spectral-factor-probe-smoke,shapes3d,default,random,128,3,scale,0.2545,0.0,5
20260807-063701_shapes3d-spectral-factor-probe-smoke,shapes3d,default,random,128,4,shape,0.489,0.0,5
20260807-063701_shapes3d-spectral-factor-probe-smoke,shapes3d,default,random,128,5,orientation,0.296,0.0,5
20260807-063701_shapes3d-spectral-factor-probe-smoke,shapes3d,default,random_rotation_first,128,0,floor_hue,0.9995,0.0,2
20260807-063701_shapes3d-spectral-factor-probe-smoke,shapes3d,default,random_rotation_first,128,1,wall_hue,0.9965,0.0,2
20260807-063701_shapes3d-spectral-factor-probe-smoke,shapes3d,default,random_rotation_first,128,2,object_hue,0.893,0.0,2
20260807-063701_shapes3d-spectral-factor-probe-smoke,shapes3d,default,random_rotation_first,128,3,scale,0.2545,0.0,2
20260807-063701_shapes3d-spectral-factor-probe-smoke,shapes3d,default,random_rotation_first,128,4,shape,0.489,0.0,2
20260807-063701_shapes3d-spectral-factor-probe-smoke,shapes3d,default,random_rotation_first,128,5,orientation,0.296,0.0,2
20260807-063702_smallnorb-spectral-factor-probe-smoke,smallnorb,default,eigen_top,1,0,category,0.248,0.0,1
20260807-063702_smallnorb-spectral-factor-probe-smoke,smallnorb,default,eigen_top,1,1,instance,0.0,0.0,1
20260807-063702_smallnorb-spectral-factor-probe-smoke,smallnorb,default,eigen_top,1,2,elevation,0.1065,0.0,1
20260807-063702_smallnorb-spectral-factor-probe-smoke,smallnorb,default,eigen_top,1,3,azimuth,0.055,0.0,1
20260807-063702_smallnorb-spectral-factor-probe-smoke,smallnorb,default,eigen_top,1,4,lighting,0.3165,0.0,1
20260807-063702_smallnorb-spectral-factor-probe-smoke,smallnorb,default,eigen_bottom,1,0,category,0.2375,0.0,1
20260807-063702_smallnorb-spectral-factor-probe-smoke,smallnorb,default,eigen_bottom,1,1,instance,0.0,0.0,1
20260807-063702_smallnorb-spectral-factor-probe-smoke,smallnorb,default,eigen_bottom,1,2,elevation,0.107,0.0,1
20260807-063702_smallnorb-spectral-factor-probe-smoke,smallnorb,default,eigen_bottom,1,3,azimuth,0.0515,0.0,1
20260807-063702_smallnorb-spectral-factor-probe-smoke,smallnorb,default,eigen_bottom,1,4,lighting,0.337,0.0,1
20260807-063702_smallnorb-spectral-factor-probe-smoke,smallnorb,default,pca_top,1,0,category,0.238,0.0,1
20260807-063702_smallnorb-spectral-factor-probe-smoke,smallnorb,default,pca_top,1,1,instance,0.0,0.0,1
20260807-063702_smallnorb-spectral-factor-probe-smoke,smallnorb,default,pca_top,1,2,elevation,0.115,0.0,1
20260807-063702_smallnorb-spectral-factor-probe-smoke,smallnorb,default,pca_top,1,3,azimuth,0.0565,0.0,1
20260807-063702_smallnorb-spectral-factor-probe-smoke,smallnorb,default,pca_top,1,4,lighting,0.3165,0.0,1
20260807-063702_smallnorb-spectral-factor-probe-smoke,smallnorb,default,unranked_first,1,0,category,0.242,0.0,1
20260807-063702_smallnorb-spectral-factor-probe-smoke,smallnorb,default,unranked_first,1,1,instance,0.0,0.0,1
20260807-063702_smallnorb-spectral-factor-probe-smoke,smallnorb,default,unranked_first,1,2,elevation,0.113,0.0,1
20260807-063702_smallnorb-spectral-factor-probe-smoke,smallnorb,default,unranked_first,1,3,azimuth,0.052,0.0,1
20260807-063702_smallnorb-spectral-factor-probe-smoke,smallnorb,default,unranked_first,1,4,lighting,0.3165,0.0,1
20260807-063702_smallnorb-spectral-factor-probe-smoke,smallnorb,default,random,1,0,category,0.23679999999999998,0.01717410841936198,5
20260807-063702_smallnorb-spectral-factor-probe-smoke,smallnorb,default,random,1,1,instance,0.0,0.0,5
20260807-063702_smallnorb-spectral-factor-probe-smoke,smallnorb,default,random,1,2,elevation,0.11179999999999998,0.005251190341246449,5
20260807-063702_smallnorb-spectral-factor-probe-smoke,smallnorb,default,random,1,3,azimuth,0.0536,0.005164784603446691,5
20260807-063702_smallnorb-spectral-factor-probe-smoke,smallnorb,default,random,1,4,lighting,0.31920000000000004,0.004177319714841088,5
20260807-063702_smallnorb-spectral-factor-probe-smoke,smallnorb,default,random_rotation_first,1,0,category,0.22,0.007071067811865481,2
20260807-063702_smallnorb-spectral-factor-probe-smoke,smallnorb,default,random_rotation_first,1,1,instance,0.0,0.0,2
20260807-063702_smallnorb-spectral-factor-probe-smoke,smallnorb,default,random_rotation_first,1,2,elevation,0.13275,0.010253048327204948,2
20260807-063702_smallnorb-spectral-factor-probe-smoke,smallnorb,default,random_rotation_first,1,3,azimuth,0.05875,0.00035355339059326915,2
20260807-063702_smallnorb-spectral-factor-probe-smoke,smallnorb,default,random_rotation_first,1,4,lighting,0.331,0.0035355339059327407,2
20260807-063702_smallnorb-spectral-factor-probe-smoke,smallnorb,default,eigen_top,2,0,category,0.227,0.0,1
20260807-063702_smallnorb-spectral-factor-probe-smoke,smallnorb,default,eigen_top,2,1,instance,0.0,0.0,1
20260807-063702_smallnorb-spectral-factor-probe-smoke,smallnorb,default,eigen_top,2,2,elevation,0.133,0.0,1
20260807-063702_smallnorb-spectral-factor-probe-smoke,smallnorb,default,eigen_top,2,3,azimuth,0.0595,0.0,1
20260807-063702_smallnorb-spectral-factor-probe-smoke,smallnorb,default,eigen_top,2,4,lighting,0.462,0.0,1
20260807-063702_smallnorb-spectral-factor-probe-smoke,smallnorb,default,eigen_bottom,2,0,category,0.2725,0.0,1
20260807-063702_smallnorb-spectral-factor-probe-smoke,smallnorb,default,eigen_bottom,2,1,instance,0.0,0.0,1
20260807-063702_smallnorb-spectral-factor-probe-smoke,smallnorb,default,eigen_bottom,2,2,elevation,0.1065,0.0,1
20260807-063702_smallnorb-spectral-factor-probe-smoke,smallnorb,default,eigen_bottom,2,3,azimuth,0.06,0.0,1
20260807-063702_smallnorb-spectral-factor-probe-smoke,smallnorb,default,eigen_bottom,2,4,lighting,0.6125,0.0,1
20260807-063702_smallnorb-spectral-factor-probe-smoke,smallnorb,default,pca_top,2,0,category,0.2425,0.0,1
20260807-063702_smallnorb-spectral-factor-probe-smoke,smallnorb,default,pca_top,2,1,instance,0.0,0.0,1
20260807-063702_smallnorb-spectral-factor-probe-smoke,smallnorb,default,pca_top,2,2,elevation,0.126,0.0,1
20260807-063702_smallnorb-spectral-factor-probe-smoke,smallnorb,default,pca_top,2,3,azimuth,0.0535,0.0,1
20260807-063702_smallnorb-spectral-factor-probe-smoke,smallnorb,default,pca_top,2,4,lighting,0.419,0.0,1
20260807-063702_smallnorb-spectral-factor-probe-smoke,smallnorb,default,unranked_first,2,0,category,0.214,0.0,1
20260807-063702_smallnorb-spectral-factor-probe-smoke,smallnorb,default,unranked_first,2,1,instance,0.0,0.0,1
20260807-063702_smallnorb-spectral-factor-probe-smoke,smallnorb,default,unranked_first,2,2,elevation,0.131,0.0,1
20260807-063702_smallnorb-spectral-factor-probe-smoke,smallnorb,default,unranked_first,2,3,azimuth,0.0555,0.0,1
20260807-063702_smallnorb-spectral-factor-probe-smoke,smallnorb,default,unranked_first,2,4,lighting,0.4995,0.0,1
20260807-063702_smallnorb-spectral-factor-probe-smoke,smallnorb,default,random,2,0,category,0.24559999999999998,0.02067425935795525,5
20260807-063702_smallnorb-spectral-factor-probe-smoke,smallnorb,default,random,2,1,instance,0.0,0.0,5
20260807-063702_smallnorb-spectral-factor-probe-smoke,smallnorb,default,random,2,2,elevation,0.1266,0.009051243008559655,5
20260807-063702_smallnorb-spectral-factor-probe-smoke,smallnorb,default,random,2,3,azimuth,0.0619,0.007436396977031282,5
20260807-063702_smallnorb-spectral-factor-probe-smoke,smallnorb,default,random,2,4,lighting,0.4787,0.07075362181542368,5
20260807-063702_smallnorb-spectral-factor-probe-smoke,smallnorb,default,random_rotation_first,2,0,category,0.24625000000000002,0.04702260094890543,2
20260807-063702_smallnorb-spectral-factor-probe-smoke,smallnorb,default,random_rotation_first,2,1,instance,0.0,0.0,2
20260807-063702_smallnorb-spectral-factor-probe-smoke,smallnorb,default,random_rotation_first,2,2,elevation,0.13675,0.02934493141924172,2
20260807-063702_smallnorb-spectral-factor-probe-smoke,smallnorb,default,random_rotation_first,2,3,azimuth,0.05925,0.0031819805153394617,2
20260807-063702_smallnorb-spectral-factor-probe-smoke,smallnorb,default,random_rotation_first,2,4,lighting,0.50675,0.02085965004500313,2
20260807-063702_smallnorb-spectral-factor-probe-smoke,smallnorb,default,eigen_top,4,0,category,0.2255,0.0,1
20260807-063702_smallnorb-spectral-factor-probe-smoke,smallnorb,default,eigen_top,4,1,instance,0.0,0.0,1
20260807-063702_smallnorb-spectral-factor-probe-smoke,smallnorb,default,eigen_top,4,2,elevation,0.18,0.0,1
20260807-063702_smallnorb-spectral-factor-probe-smoke,smallnorb,default,eigen_top,4,3,azimuth,0.0695,0.0,1
20260807-063702_smallnorb-spectral-factor-probe-smoke,smallnorb,default,eigen_top,4,4,lighting,0.5975,0.0,1
20260807-063702_smallnorb-spectral-factor-probe-smoke,smallnorb,default,eigen_bottom,4,0,category,0.2475,0.0,1
20260807-063702_smallnorb-spectral-factor-probe-smoke,smallnorb,default,eigen_bottom,4,1,instance,0.0,0.0,1
20260807-063702_smallnorb-spectral-factor-probe-smoke,smallnorb,default,eigen_bottom,4,2,elevation,0.1165,0.0,1
20260807-063702_smallnorb-spectral-factor-probe-smoke,smallnorb,default,eigen_bottom,4,3,azimuth,0.065,0.0,1
20260807-063702_smallnorb-spectral-factor-probe-smoke,smallnorb,default,eigen_bottom,4,4,lighting,0.6195,0.0,1
20260807-063702_smallnorb-spectral-factor-probe-smoke,smallnorb,default,pca_top,4,0,category,0.277,0.0,1
20260807-063702_smallnorb-spectral-factor-probe-smoke,smallnorb,default,pca_top,4,1,instance,0.0,0.0,1
20260807-063702_smallnorb-spectral-factor-probe-smoke,smallnorb,default,pca_top,4,2,elevation,0.1405,0.0,1
20260807-063702_smallnorb-spectral-factor-probe-smoke,smallnorb,default,pca_top,4,3,azimuth,0.056,0.0,1
20260807-063702_smallnorb-spectral-factor-probe-smoke,smallnorb,default,pca_top,4,4,lighting,0.5205,0.0,1
20260807-063702_smallnorb-spectral-factor-probe-smoke,smallnorb,default,unranked_first,4,0,category,0.262,0.0,1
20260807-063702_smallnorb-spectral-factor-probe-smoke,smallnorb,default,unranked_first,4,1,instance,0.0,0.0,1
20260807-063702_smallnorb-spectral-factor-probe-smoke,smallnorb,default,unranked_first,4,2,elevation,0.142,0.0,1
20260807-063702_smallnorb-spectral-factor-probe-smoke,smallnorb,default,unranked_first,4,3,azimuth,0.0575,0.0,1
20260807-063702_smallnorb-spectral-factor-probe-smoke,smallnorb,default,unranked_first,4,4,lighting,0.625,0.0,1
20260807-063702_smallnorb-spectral-factor-probe-smoke,smallnorb,default,random,4,0,category,0.2721,0.024267776989250575,5
20260807-063702_smallnorb-spectral-factor-probe-smoke,smallnorb,default,random,4,1,instance,0.0,0.0,5
20260807-063702_smallnorb-spectral-factor-probe-smoke,smallnorb,default,random,4,2,elevation,0.1608,0.01060424443324464,5
20260807-063702_smallnorb-spectral-factor-probe-smoke,smallnorb,default,random,4,3,azimuth,0.07010000000000001,0.006570768600399803,5
20260807-063702_smallnorb-spectral-factor-probe-smoke,smallnorb,default,random,4,4,lighting,0.6521,0.030946324499041906,5
20260807-063702_smallnorb-spectral-factor-probe-smoke,smallnorb,default,random_rotation_first,4,0,category,0.29100000000000004,0.01909188309203676,2
20260807-063702_smallnorb-spectral-factor-probe-smoke,smallnorb,default,random_rotation_first,4,1,instance,0.0,0.0,2
20260807-063702_smallnorb-spectral-factor-probe-smoke,smallnorb,default,random_rotation_first,4,2,elevation,0.15175,0.013788582233137689,2
20260807-063702_smallnorb-spectral-factor-probe-smoke,smallnorb,default,random_rotation_first,4,3,azimuth,0.06375,0.017324116139070415,2
20260807-063702_smallnorb-spectral-factor-probe-smoke,smallnorb,default,random_rotation_first,4,4,lighting,0.6479999999999999,0.062225396744416156,2
20260807-063702_smallnorb-spectral-factor-probe-smoke,smallnorb,default,eigen_top,8,0,category,0.368,0.0,1
20260807-063702_smallnorb-spectral-factor-probe-smoke,smallnorb,default,eigen_top,8,1,instance,0.0,0.0,1
20260807-063702_smallnorb-spectral-factor-probe-smoke,smallnorb,default,eigen_top,8,2,elevation,0.2105,0.0,1
20260807-063702_smallnorb-spectral-factor-probe-smoke,smallnorb,default,eigen_top,8,3,azimuth,0.068,0.0,1
20260807-063702_smallnorb-spectral-factor-probe-smoke,smallnorb,default,eigen_top,8,4,lighting,0.7495,0.0,1
20260807-063702_smallnorb-spectral-factor-probe-smoke,smallnorb,default,eigen_bottom,8,0,category,0.3195,0.0,1
20260807-063702_smallnorb-spectral-factor-probe-smoke,smallnorb,default,eigen_bottom,8,1,instance,0.0,0.0,1
20260807-063702_smallnorb-spectral-factor-probe-smoke,smallnorb,default,eigen_bottom,8,2,elevation,0.176,0.0,1
20260807-063702_smallnorb-spectral-factor-probe-smoke,smallnorb,default,eigen_bottom,8,3,azimuth,0.0795,0.0,1
20260807-063702_smallnorb-spectral-factor-probe-smoke,smallnorb,default,eigen_bottom,8,4,lighting,0.69,0.0,1
20260807-063702_smallnorb-spectral-factor-probe-smoke,smallnorb,default,pca_top,8,0,category,0.3285,0.0,1
20260807-063702_smallnorb-spectral-factor-probe-smoke,smallnorb,default,pca_top,8,1,instance,0.0,0.0,1
20260807-063702_smallnorb-spectral-factor-probe-smoke,smallnorb,default,pca_top,8,2,elevation,0.2,0.0,1
20260807-063702_smallnorb-spectral-factor-probe-smoke,smallnorb,default,pca_top,8,3,azimuth,0.07,0.0,1
20260807-063702_smallnorb-spectral-factor-probe-smoke,smallnorb,default,pca_top,8,4,lighting,0.741,0.0,1
20260807-063702_smallnorb-spectral-factor-probe-smoke,smallnorb,default,unranked_first,8,0,category,0.2895,0.0,1
20260807-063702_smallnorb-spectral-factor-probe-smoke,smallnorb,default,unranked_first,8,1,instance,0.0,0.0,1
20260807-063702_smallnorb-spectral-factor-probe-smoke,smallnorb,default,unranked_first,8,2,elevation,0.206,0.0,1
20260807-063702_smallnorb-spectral-factor-probe-smoke,smallnorb,default,unranked_first,8,3,azimuth,0.0625,0.0,1
20260807-063702_smallnorb-spectral-factor-probe-smoke,smallnorb,default,unranked_first,8,4,lighting,0.719,0.0,1
20260807-063702_smallnorb-spectral-factor-probe-smoke,smallnorb,default,random,8,0,category,0.34199999999999997,0.020377683872314818,5
20260807-063702_smallnorb-spectral-factor-probe-smoke,smallnorb,default,random,8,1,instance,0.0,0.0,5
20260807-063702_smallnorb-spectral-factor-probe-smoke,smallnorb,default,random,8,2,elevation,0.20220000000000002,0.018369812192834192,5
20260807-063702_smallnorb-spectral-factor-probe-smoke,smallnorb,default,random,8,3,azimuth,0.0771,0.007427987614421554,5
20260807-063702_smallnorb-spectral-factor-probe-smoke,smallnorb,default,random,8,4,lighting,0.7241,0.028216573144164748,5
20260807-063702_smallnorb-spectral-factor-probe-smoke,smallnorb,default,random_rotation_first,8,0,category,0.35475,0.02863782463805516,2
20260807-063702_smallnorb-spectral-factor-probe-smoke,smallnorb,default,random_rotation_first,8,1,instance,0.0,0.0,2
20260807-063702_smallnorb-spectral-factor-probe-smoke,smallnorb,default,random_rotation_first,8,2,elevation,0.21475,0.03146625176280135,2
20260807-063702_smallnorb-spectral-factor-probe-smoke,smallnorb,default,random_rotation_first,8,3,azimuth,0.081,0.004242640687119289,2
20260807-063702_smallnorb-spectral-factor-probe-smoke,smallnorb,default,random_rotation_first,8,4,lighting,0.74875,0.03570889244992064,2
20260807-063702_smallnorb-spectral-factor-probe-smoke,smallnorb,default,eigen_top,16,0,category,0.3865,0.0,1
20260807-063702_smallnorb-spectral-factor-probe-smoke,smallnorb,default,eigen_top,16,1,instance,0.0,0.0,1
20260807-063702_smallnorb-spectral-factor-probe-smoke,smallnorb,default,eigen_top,16,2,elevation,0.254,0.0,1
20260807-063702_smallnorb-spectral-factor-probe-smoke,smallnorb,default,eigen_top,16,3,azimuth,0.0735,0.0,1
20260807-063702_smallnorb-spectral-factor-probe-smoke,smallnorb,default,eigen_top,16,4,lighting,0.744,0.0,1
20260807-063702_smallnorb-spectral-factor-probe-smoke,smallnorb,default,eigen_bottom,16,0,category,0.4115,0.0,1
20260807-063702_smallnorb-spectral-factor-probe-smoke,smallnorb,default,eigen_bottom,16,1,instance,0.0,0.0,1
20260807-063702_smallnorb-spectral-factor-probe-smoke,smallnorb,default,eigen_bottom,16,2,elevation,0.2485,0.0,1
20260807-063702_smallnorb-spectral-factor-probe-smoke,smallnorb,default,eigen_bottom,16,3,azimuth,0.091,0.0,1
20260807-063702_smallnorb-spectral-factor-probe-smoke,smallnorb,default,eigen_bottom,16,4,lighting,0.79,0.0,1
20260807-063702_smallnorb-spectral-factor-probe-smoke,smallnorb,default,pca_top,16,0,category,0.3675,0.0,1
20260807-063702_smallnorb-spectral-factor-probe-smoke,smallnorb,default,pca_top,16,1,instance,0.0,0.0,1
20260807-063702_smallnorb-spectral-factor-probe-smoke,smallnorb,default,pca_top,16,2,elevation,0.272,0.0,1
20260807-063702_smallnorb-spectral-factor-probe-smoke,smallnorb,default,pca_top,16,3,azimuth,0.0885,0.0,1
20260807-063702_smallnorb-spectral-factor-probe-smoke,smallnorb,default,pca_top,16,4,lighting,0.8485,0.0,1
20260807-063702_smallnorb-spectral-factor-probe-smoke,smallnorb,default,unranked_first,16,0,category,0.3395,0.0,1
20260807-063702_smallnorb-spectral-factor-probe-smoke,smallnorb,default,unranked_first,16,1,instance,0.0,0.0,1
20260807-063702_smallnorb-spectral-factor-probe-smoke,smallnorb,default,unranked_first,16,2,elevation,0.2605,0.0,1
20260807-063702_smallnorb-spectral-factor-probe-smoke,smallnorb,default,unranked_first,16,3,azimuth,0.067,0.0,1
20260807-063702_smallnorb-spectral-factor-probe-smoke,smallnorb,default,unranked_first,16,4,lighting,0.776,0.0,1
20260807-063702_smallnorb-spectral-factor-probe-smoke,smallnorb,default,random,16,0,category,0.391,0.02947880594596735,5
20260807-063702_smallnorb-spectral-factor-probe-smoke,smallnorb,default,random,16,1,instance,0.0,0.0,5
20260807-063702_smallnorb-spectral-factor-probe-smoke,smallnorb,default,random,16,2,elevation,0.264,0.012424773639789189,5
20260807-063702_smallnorb-spectral-factor-probe-smoke,smallnorb,default,random,16,3,azimuth,0.0905,0.004444097208657794,5
20260807-063702_smallnorb-spectral-factor-probe-smoke,smallnorb,default,random,16,4,lighting,0.8218,0.009169242062460784,5
20260807-063702_smallnorb-spectral-factor-probe-smoke,smallnorb,default,random_rotation_first,16,0,category,0.39,0.019798989873223347,2
20260807-063702_smallnorb-spectral-factor-probe-smoke,smallnorb,default,random_rotation_first,16,1,instance,0.0,0.0,2
20260807-063702_smallnorb-spectral-factor-probe-smoke,smallnorb,default,random_rotation_first,16,2,elevation,0.276,0.0,2
20260807-063702_smallnorb-spectral-factor-probe-smoke,smallnorb,default,random_rotation_first,16,3,azimuth,0.09275,0.013081475451951121,2
20260807-063702_smallnorb-spectral-factor-probe-smoke,smallnorb,default,random_rotation_first,16,4,lighting,0.8089999999999999,0.013435028842544414,2
20260807-063702_smallnorb-spectral-factor-probe-smoke,smallnorb,default,eigen_top,32,0,category,0.4405,0.0,1
20260807-063702_smallnorb-spectral-factor-probe-smoke,smallnorb,default,eigen_top,32,1,instance,0.0,0.0,1
20260807-063702_smallnorb-spectral-factor-probe-smoke,smallnorb,default,eigen_top,32,2,elevation,0.298,0.0,1
20260807-063702_smallnorb-spectral-factor-probe-smoke,smallnorb,default,eigen_top,32,3,azimuth,0.097,0.0,1
20260807-063702_smallnorb-spectral-factor-probe-smoke,smallnorb,default,eigen_top,32,4,lighting,0.8425,0.0,1
20260807-063702_smallnorb-spectral-factor-probe-smoke,smallnorb,default,eigen_bottom,32,0,category,0.521,0.0,1
20260807-063702_smallnorb-spectral-factor-probe-smoke,smallnorb,default,eigen_bottom,32,1,instance,0.0,0.0,1
20260807-063702_smallnorb-spectral-factor-probe-smoke,smallnorb,default,eigen_bottom,32,2,elevation,0.3175,0.0,1
20260807-063702_smallnorb-spectral-factor-probe-smoke,smallnorb,default,eigen_bottom,32,3,azimuth,0.1055,0.0,1
20260807-063702_smallnorb-spectral-factor-probe-smoke,smallnorb,default,eigen_bottom,32,4,lighting,0.8495,0.0,1
20260807-063702_smallnorb-spectral-factor-probe-smoke,smallnorb,default,pca_top,32,0,category,0.472,0.0,1
20260807-063702_smallnorb-spectral-factor-probe-smoke,smallnorb,default,pca_top,32,1,instance,0.0,0.0,1
20260807-063702_smallnorb-spectral-factor-probe-smoke,smallnorb,default,pca_top,32,2,elevation,0.3225,0.0,1
20260807-063702_smallnorb-spectral-factor-probe-smoke,smallnorb,default,pca_top,32,3,azimuth,0.1005,0.0,1
20260807-063702_smallnorb-spectral-factor-probe-smoke,smallnorb,default,pca_top,32,4,lighting,0.866,0.0,1
20260807-063702_smallnorb-spectral-factor-probe-smoke,smallnorb,default,unranked_first,32,0,category,0.384,0.0,1
20260807-063702_smallnorb-spectral-factor-probe-smoke,smallnorb,default,unranked_first,32,1,instance,0.0,0.0,1
20260807-063702_smallnorb-spectral-factor-probe-smoke,smallnorb,default,unranked_first,32,2,elevation,0.286,0.0,1
20260807-063702_smallnorb-spectral-factor-probe-smoke,smallnorb,default,unranked_first,32,3,azimuth,0.091,0.0,1
20260807-063702_smallnorb-spectral-factor-probe-smoke,smallnorb,default,unranked_first,32,4,lighting,0.8495,0.0,1
20260807-063702_smallnorb-spectral-factor-probe-smoke,smallnorb,default,random,32,0,category,0.4854,0.02752135534453198,5
20260807-063702_smallnorb-spectral-factor-probe-smoke,smallnorb,default,random,32,1,instance,0.0,0.0,5
20260807-063702_smallnorb-spectral-factor-probe-smoke,smallnorb,default,random,32,2,elevation,0.3085,0.006538348415311016,5
20260807-063702_smallnorb-spectral-factor-probe-smoke,smallnorb,default,random,32,3,azimuth,0.10500000000000001,0.006214901447328026,5
20260807-063702_smallnorb-spectral-factor-probe-smoke,smallnorb,default,random,32,4,lighting,0.8672000000000001,0.008296083413274005,5
20260807-063702_smallnorb-spectral-factor-probe-smoke,smallnorb,default,random_rotation_first,32,0,category,0.49124999999999996,0.03288046532517441,2
20260807-063702_smallnorb-spectral-factor-probe-smoke,smallnorb,default,random_rotation_first,32,1,instance,0.0,0.0,2
20260807-063702_smallnorb-spectral-factor-probe-smoke,smallnorb,default,random_rotation_first,32,2,elevation,0.30625,0.011667261889578045,2
20260807-063702_smallnorb-spectral-factor-probe-smoke,smallnorb,default,random_rotation_first,32,3,azimuth,0.10300000000000001,0.0021213203435596346,2
20260807-063702_smallnorb-spectral-factor-probe-smoke,smallnorb,default,random_rotation_first,32,4,lighting,0.8620000000000001,0.010606601717798222,2
20260807-063702_smallnorb-spectral-factor-probe-smoke,smallnorb,default,eigen_top,64,0,category,0.554,0.0,1
20260807-063702_smallnorb-spectral-factor-probe-smoke,smallnorb,default,eigen_top,64,1,instance,0.0,0.0,1
20260807-063702_smallnorb-spectral-factor-probe-smoke,smallnorb,default,eigen_top,64,2,elevation,0.3595,0.0,1
20260807-063702_smallnorb-spectral-factor-probe-smoke,smallnorb,default,eigen_top,64,3,azimuth,0.1075,0.0,1
20260807-063702_smallnorb-spectral-factor-probe-smoke,smallnorb,default,eigen_top,64,4,lighting,0.888,0.0,1
20260807-063702_smallnorb-spectral-factor-probe-smoke,smallnorb,default,eigen_bottom,64,0,category,0.5835,0.0,1
20260807-063702_smallnorb-spectral-factor-probe-smoke,smallnorb,default,eigen_bottom,64,1,instance,0.0,0.0,1
20260807-063702_smallnorb-spectral-factor-probe-smoke,smallnorb,default,eigen_bottom,64,2,elevation,0.3465,0.0,1
20260807-063702_smallnorb-spectral-factor-probe-smoke,smallnorb,default,eigen_bottom,64,3,azimuth,0.1195,0.0,1
20260807-063702_smallnorb-spectral-factor-probe-smoke,smallnorb,default,eigen_bottom,64,4,lighting,0.8855,0.0,1
20260807-063702_smallnorb-spectral-factor-probe-smoke,smallnorb,default,pca_top,64,0,category,0.546,0.0,1
20260807-063702_smallnorb-spectral-factor-probe-smoke,smallnorb,default,pca_top,64,1,instance,0.0,0.0,1
20260807-063702_smallnorb-spectral-factor-probe-smoke,smallnorb,default,pca_top,64,2,elevation,0.3545,0.0,1
20260807-063702_smallnorb-spectral-factor-probe-smoke,smallnorb,default,pca_top,64,3,azimuth,0.111,0.0,1
20260807-063702_smallnorb-spectral-factor-probe-smoke,smallnorb,default,pca_top,64,4,lighting,0.882,0.0,1
20260807-063702_smallnorb-spectral-factor-probe-smoke,smallnorb,default,unranked_first,64,0,category,0.482,0.0,1
20260807-063702_smallnorb-spectral-factor-probe-smoke,smallnorb,default,unranked_first,64,1,instance,0.0,0.0,1
20260807-063702_smallnorb-spectral-factor-probe-smoke,smallnorb,default,unranked_first,64,2,elevation,0.33,0.0,1
20260807-063702_smallnorb-spectral-factor-probe-smoke,smallnorb,default,unranked_first,64,3,azimuth,0.108,0.0,1
20260807-063702_smallnorb-spectral-factor-probe-smoke,smallnorb,default,unranked_first,64,4,lighting,0.8675,0.0,1
20260807-063702_smallnorb-spectral-factor-probe-smoke,smallnorb,default,random,64,0,category,0.5780000000000001,0.019621416870348577,5
20260807-063702_smallnorb-spectral-factor-probe-smoke,smallnorb,default,random,64,1,instance,0.0,0.0,5
20260807-063702_smallnorb-spectral-factor-probe-smoke,smallnorb,default,random,64,2,elevation,0.3588,0.009692780818733069,5
20260807-063702_smallnorb-spectral-factor-probe-smoke,smallnorb,default,random,64,3,azimuth,0.11779999999999999,0.004881085944746311,5
20260807-063702_smallnorb-spectral-factor-probe-smoke,smallnorb,default,random,64,4,lighting,0.8849,0.0030700162866017493,5
20260807-063702_smallnorb-spectral-factor-probe-smoke,smallnorb,default,random_rotation_first,64,0,category,0.5825,0.018384776310850254,2
20260807-063702_smallnorb-spectral-factor-probe-smoke,smallnorb,default,random_rotation_first,64,1,instance,0.0,0.0,2
20260807-063702_smallnorb-spectral-factor-probe-smoke,smallnorb,default,random_rotation_first,64,2,elevation,0.3675,0.0007071067811865482,2
20260807-063702_smallnorb-spectral-factor-probe-smoke,smallnorb,default,random_rotation_first,64,3,azimuth,0.1175,0.004242640687119279,2
20260807-063702_smallnorb-spectral-factor-probe-smoke,smallnorb,default,random_rotation_first,64,4,lighting,0.8847499999999999,0.0038890872965259755,2
20260807-063702_smallnorb-spectral-factor-probe-smoke,smallnorb,default,eigen_top,128,0,category,0.654,0.0,1
20260807-063702_smallnorb-spectral-factor-probe-smoke,smallnorb,default,eigen_top,128,1,instance,0.0,0.0,1
20260807-063702_smallnorb-spectral-factor-probe-smoke,smallnorb,default,eigen_top,128,2,elevation,0.3935,0.0,1
20260807-063702_smallnorb-spectral-factor-probe-smoke,smallnorb,default,eigen_top,128,3,azimuth,0.129,0.0,1
20260807-063702_smallnorb-spectral-factor-probe-smoke,smallnorb,default,eigen_top,128,4,lighting,0.89,0.0,1
20260807-063702_smallnorb-spectral-factor-probe-smoke,smallnorb,default,eigen_bottom,128,0,category,0.654,0.0,1
20260807-063702_smallnorb-spectral-factor-probe-smoke,smallnorb,default,eigen_bottom,128,1,instance,0.0,0.0,1
20260807-063702_smallnorb-spectral-factor-probe-smoke,smallnorb,default,eigen_bottom,128,2,elevation,0.3935,0.0,1
20260807-063702_smallnorb-spectral-factor-probe-smoke,smallnorb,default,eigen_bottom,128,3,azimuth,0.129,0.0,1
20260807-063702_smallnorb-spectral-factor-probe-smoke,smallnorb,default,eigen_bottom,128,4,lighting,0.89,0.0,1
20260807-063702_smallnorb-spectral-factor-probe-smoke,smallnorb,default,pca_top,128,0,category,0.5775,0.0,1
20260807-063702_smallnorb-spectral-factor-probe-smoke,smallnorb,default,pca_top,128,1,instance,0.0,0.0,1
20260807-063702_smallnorb-spectral-factor-probe-smoke,smallnorb,default,pca_top,128,2,elevation,0.3725,0.0,1
20260807-063702_smallnorb-spectral-factor-probe-smoke,smallnorb,default,pca_top,128,3,azimuth,0.1155,0.0,1
20260807-063702_smallnorb-spectral-factor-probe-smoke,smallnorb,default,pca_top,128,4,lighting,0.886,0.0,1
20260807-063702_smallnorb-spectral-factor-probe-smoke,smallnorb,default,unranked_first,128,0,category,0.541,0.0,1
20260807-063702_smallnorb-spectral-factor-probe-smoke,smallnorb,default,unranked_first,128,1,instance,0.0,0.0,1
20260807-063702_smallnorb-spectral-factor-probe-smoke,smallnorb,default,unranked_first,128,2,elevation,0.3535,0.0,1
20260807-063702_smallnorb-spectral-factor-probe-smoke,smallnorb,default,unranked_first,128,3,azimuth,0.111,0.0,1
20260807-063702_smallnorb-spectral-factor-probe-smoke,smallnorb,default,unranked_first,128,4,lighting,0.8765,0.0,1
20260807-063702_smallnorb-spectral-factor-probe-smoke,smallnorb,default,random,128,0,category,0.654,0.0,5
20260807-063702_smallnorb-spectral-factor-probe-smoke,smallnorb,default,random,128,1,instance,0.0,0.0,5
20260807-063702_smallnorb-spectral-factor-probe-smoke,smallnorb,default,random,128,2,elevation,0.3935,0.0,5
20260807-063702_smallnorb-spectral-factor-probe-smoke,smallnorb,default,random,128,3,azimuth,0.129,0.0,5
20260807-063702_smallnorb-spectral-factor-probe-smoke,smallnorb,default,random,128,4,lighting,0.89,0.0,5
20260807-063702_smallnorb-spectral-factor-probe-smoke,smallnorb,default,random_rotation_first,128,0,category,0.654,0.0,2
20260807-063702_smallnorb-spectral-factor-probe-smoke,smallnorb,default,random_rotation_first,128,1,instance,0.0,0.0,2
20260807-063702_smallnorb-spectral-factor-probe-smoke,smallnorb,default,random_rotation_first,128,2,elevation,0.3935,0.0,2
20260807-063702_smallnorb-spectral-factor-probe-smoke,smallnorb,default,random_rotation_first,128,3,azimuth,0.129,0.0,2
20260807-063702_smallnorb-spectral-factor-probe-smoke,smallnorb,default,random_rotation_first,128,4,lighting,0.89,0.0,2
20260807-063703_mpi3d_toy-spectral-factor-probe-smoke,mpi3d_toy,default,eigen_top,1,0,object_color,0.284,0.0,1
20260807-063703_mpi3d_toy-spectral-factor-probe-smoke,mpi3d_toy,default,eigen_top,1,1,object_shape,0.168,0.0,1
20260807-063703_mpi3d_toy-spectral-factor-probe-smoke,mpi3d_toy,default,eigen_top,1,2,object_size,0.514,0.0,1
20260807-063703_mpi3d_toy-spectral-factor-probe-smoke,mpi3d_toy,default,eigen_top,1,3,camera_height,0.3775,0.0,1
20260807-063703_mpi3d_toy-spectral-factor-probe-smoke,mpi3d_toy,default,eigen_top,1,4,background_color,0.613,0.0,1
20260807-063703_mpi3d_toy-spectral-factor-probe-smoke,mpi3d_toy,default,eigen_top,1,5,horizontal,0.0235,0.0,1
20260807-063703_mpi3d_toy-spectral-factor-probe-smoke,mpi3d_toy,default,eigen_top,1,6,vertical,0.0285,0.0,1
20260807-063703_mpi3d_toy-spectral-factor-probe-smoke,mpi3d_toy,default,eigen_bottom,1,0,object_color,0.2695,0.0,1
20260807-063703_mpi3d_toy-spectral-factor-probe-smoke,mpi3d_toy,default,eigen_bottom,1,1,object_shape,0.19,0.0,1
20260807-063703_mpi3d_toy-spectral-factor-probe-smoke,mpi3d_toy,default,eigen_bottom,1,2,object_size,0.559,0.0,1
20260807-063703_mpi3d_toy-spectral-factor-probe-smoke,mpi3d_toy,default,eigen_bottom,1,3,camera_height,0.5185,0.0,1
20260807-063703_mpi3d_toy-spectral-factor-probe-smoke,mpi3d_toy,default,eigen_bottom,1,4,background_color,0.378,0.0,1
20260807-063703_mpi3d_toy-spectral-factor-probe-smoke,mpi3d_toy,default,eigen_bottom,1,5,horizontal,0.0285,0.0,1
20260807-063703_mpi3d_toy-spectral-factor-probe-smoke,mpi3d_toy,default,eigen_bottom,1,6,vertical,0.0265,0.0,1
20260807-063703_mpi3d_toy-spectral-factor-probe-smoke,mpi3d_toy,default,pca_top,1,0,object_color,0.207,0.0,1
20260807-063703_mpi3d_toy-spectral-factor-probe-smoke,mpi3d_toy,default,pca_top,1,1,object_shape,0.187,0.0,1
20260807-063703_mpi3d_toy-spectral-factor-probe-smoke,mpi3d_toy,default,pca_top,1,2,object_size,0.5565,0.0,1
20260807-063703_mpi3d_toy-spectral-factor-probe-smoke,mpi3d_toy,default,pca_top,1,3,camera_height,0.4415,0.0,1
20260807-063703_mpi3d_toy-spectral-factor-probe-smoke,mpi3d_toy,default,pca_top,1,4,background_color,0.625,0.0,1
20260807-063703_mpi3d_toy-spectral-factor-probe-smoke,mpi3d_toy,default,pca_top,1,5,horizontal,0.0305,0.0,1
20260807-063703_mpi3d_toy-spectral-factor-probe-smoke,mpi3d_toy,default,pca_top,1,6,vertical,0.029,0.0,1
20260807-063703_mpi3d_toy-spectral-factor-probe-smoke,mpi3d_toy,default,unranked_first,1,0,object_color,0.1965,0.0,1
20260807-063703_mpi3d_toy-spectral-factor-probe-smoke,mpi3d_toy,default,unranked_first,1,1,object_shape,0.1875,0.0,1
20260807-063703_mpi3d_toy-spectral-factor-probe-smoke,mpi3d_toy,default,unranked_first,1,2,object_size,0.5695,0.0,1
20260807-063703_mpi3d_toy-spectral-factor-probe-smoke,mpi3d_toy,default,unranked_first,1,3,camera_height,0.426,0.0,1
20260807-063703_mpi3d_toy-spectral-factor-probe-smoke,mpi3d_toy,default,unranked_first,1,4,background_color,0.6315,0.0,1
20260807-063703_mpi3d_toy-spectral-factor-probe-smoke,mpi3d_toy,default,unranked_first,1,5,horizontal,0.0315,0.0,1
20260807-063703_mpi3d_toy-spectral-factor-probe-smoke,mpi3d_toy,default,unranked_first,1,6,vertical,0.0285,0.0,1
20260807-063703_mpi3d_toy-spectral-factor-probe-smoke,mpi3d_toy,default,random,1,0,object_color,0.2627,0.06000062499674483,5
20260807-063703_mpi3d_toy-spectral-factor-probe-smoke,mpi3d_toy,default,random,1,1,object_shape,0.18109999999999998,0.011332475457727673,5
20260807-063703_mpi3d_toy-spectral-factor-probe-smoke,mpi3d_toy,default,random,1,2,object_size,0.5447,0.014733465308609547,5
20260807-063703_mpi3d_toy-spectral-factor-probe-smoke,mpi3d_toy,default,random,1,3,camera_height,0.4465,0.10384844726812241,5
20260807-063703_mpi3d_toy-spectral-factor-probe-smoke,mpi3d_toy,default,random,1,4,background_color,0.5018,0.11167116906346063,5
20260807-063703_mpi3d_toy-spectral-factor-probe-smoke,mpi3d_toy,default,random,1,5,horizontal,0.026000000000000002,0.004886205071423015,5
20260807-063703_mpi3d_toy-spectral-factor-probe-smoke,mpi3d_toy,default,random,1,6,vertical,0.026000000000000002,0.0030207614933986425,5
20260807-063703_mpi3d_toy-spectral-factor-probe-smoke,mpi3d_toy,default,random_rotation_first,1,0,object_color,0.24475,0.012374368670764592,2
20260807-063703_mpi3d_toy-spectral-factor-probe-smoke,mpi3d_toy,default,random_rotation_first,1,1,object_shape,0.16949999999999998,0.004242640687119269,2
20260807-063703_mpi3d_toy-spectral-factor-probe-smoke,mpi3d_toy,default,random_rotation_first,1,2,object_size,0.53025,0.012374368670764632,2
20260807-063703_mpi3d_toy-spectral-factor-probe-smoke,mpi3d_toy,default,random_rotation_first,1,3,camera_height,0.37275,0.015202795795510786,2
20260807-063703_mpi3d_toy-spectral-factor-probe-smoke,mpi3d_toy,default,random_rotation_first,1,4,background_color,0.63775,0.003181980515339506,2
20260807-063703_mpi3d_toy-spectral-factor-probe-smoke,mpi3d_toy,default,random_rotation_first,1,5,horizontal,0.026,0.0007071067811865482,2
20260807-063703_mpi3d_toy-spectral-factor-probe-smoke,mpi3d_toy,default,random_rotation_first,1,6,vertical,0.0265,0.0007071067811865482,2
20260807-063703_mpi3d_toy-spectral-factor-probe-smoke,mpi3d_toy,default,eigen_top,2,0,object_color,0.366,0.0,1
20260807-063703_mpi3d_toy-spectral-factor-probe-smoke,mpi3d_toy,default,eigen_top,2,1,object_shape,0.166,0.0,1
20260807-063703_mpi3d_toy-spectral-factor-probe-smoke,mpi3d_toy,default,eigen_top,2,2,object_size,0.535,0.0,1
20260807-063703_mpi3d_toy-spectral-factor-probe-smoke,mpi3d_toy,default,eigen_top,2,3,camera_height,0.4665,0.0,1
20260807-063703_mpi3d_toy-spectral-factor-probe-smoke,mpi3d_toy,default,eigen_top,2,4,background_color,0.735,0.0,1
20260807-063703_mpi3d_toy-spectral-factor-probe-smoke,mpi3d_toy,default,eigen_top,2,5,horizontal,0.0235,0.0,1
20260807-063703_mpi3d_toy-spectral-factor-probe-smoke,mpi3d_toy,default,eigen_top,2,6,vertical,0.0315,0.0,1
20260807-063703_mpi3d_toy-spectral-factor-probe-smoke,mpi3d_toy,default,eigen_bottom,2,0,object_color,0.3,0.0,1
20260807-063703_mpi3d_toy-spectral-factor-probe-smoke,mpi3d_toy,default,eigen_bottom,2,1,object_shape,0.19,0.0,1
20260807-063703_mpi3d_toy-spectral-factor-probe-smoke,mpi3d_toy,default,eigen_bottom,2,2,object_size,0.5645,0.0,1
20260807-063703_mpi3d_toy-spectral-factor-probe-smoke,mpi3d_toy,default,eigen_bottom,2,3,camera_height,0.4705,0.0,1
20260807-063703_mpi3d_toy-spectral-factor-probe-smoke,mpi3d_toy,default,eigen_bottom,2,4,background_color,0.636,0.0,1
20260807-063703_mpi3d_toy-spectral-factor-probe-smoke,mpi3d_toy,default,eigen_bottom,2,5,horizontal,0.031,0.0,1
20260807-063703_mpi3d_toy-spectral-factor-probe-smoke,mpi3d_toy,default,eigen_bottom,2,6,vertical,0.031,0.0,1
20260807-063703_mpi3d_toy-spectral-factor-probe-smoke,mpi3d_toy,default,pca_top,2,0,object_color,0.323,0.0,1
20260807-063703_mpi3d_toy-spectral-factor-probe-smoke,mpi3d_toy,default,pca_top,2,1,object_shape,0.1925,0.0,1
20260807-063703_mpi3d_toy-spectral-factor-probe-smoke,mpi3d_toy,default,pca_top,2,2,object_size,0.5545,0.0,1
20260807-063703_mpi3d_toy-spectral-factor-probe-smoke,mpi3d_toy,default,pca_top,2,3,camera_height,0.5455,0.0,1
20260807-063703_mpi3d_toy-spectral-factor-probe-smoke,mpi3d_toy,default,pca_top,2,4,background_color,0.695,0.0,1
20260807-063703_mpi3d_toy-spectral-factor-probe-smoke,mpi3d_toy,default,pca_top,2,5,horizontal,0.029,0.0,1
20260807-063703_mpi3d_toy-spectral-factor-probe-smoke,mpi3d_toy,default,pca_top,2,6,vertical,0.03,0.0,1
20260807-063703_mpi3d_toy-spectral-factor-probe-smoke,mpi3d_toy,default,unranked_first,2,0,object_color,0.3325,0.0,1
20260807-063703_mpi3d_toy-spectral-factor-probe-smoke,mpi3d_toy,default,unranked_first,2,1,object_shape,0.2115,0.0,1
20260807-063703_mpi3d_toy-spectral-factor-probe-smoke,mpi3d_toy,default,unranked_first,2,2,object_size,0.638,0.0,1
20260807-063703_mpi3d_toy-spectral-factor-probe-smoke,mpi3d_toy,default,unranked_first,2,3,camera_height,0.553,0.0,1
20260807-063703_mpi3d_toy-spectral-factor-probe-smoke,mpi3d_toy,default,unranked_first,2,4,background_color,0.6425,0.0,1
20260807-063703_mpi3d_toy-spectral-factor-probe-smoke,mpi3d_toy,default,unranked_first,2,5,horizontal,0.031,0.0,1
20260807-063703_mpi3d_toy-spectral-factor-probe-smoke,mpi3d_toy,default,unranked_first,2,6,vertical,0.025,0.0,1
20260807-063703_mpi3d_toy-spectral-factor-probe-smoke,mpi3d_toy,default,random,2,0,object_color,0.33659999999999995,0.03473902704452156,5
20260807-063703_mpi3d_toy-spectral-factor-probe-smoke,mpi3d_toy,default,random,2,1,object_shape,0.186,0.01384286819990712,5
20260807-063703_mpi3d_toy-spectral-factor-probe-smoke,mpi3d_toy,default,random,2,2,object_size,0.5446,0.026204484349057505,5
20260807-063703_mpi3d_toy-spectral-factor-probe-smoke,mpi3d_toy,default,random,2,3,camera_height,0.45170000000000005,0.04111356223924168,5
20260807-063703_mpi3d_toy-spectral-factor-probe-smoke,mpi3d_toy,default,random,2,4,background_color,0.6346,0.02674041884488722,5
20260807-063703_mpi3d_toy-spectral-factor-probe-smoke,mpi3d_toy,default,random,2,5,horizontal,0.028599999999999997,0.0038307962618755916,5
20260807-063703_mpi3d_toy-spectral-factor-probe-smoke,mpi3d_toy,default,random,2,6,vertical,0.028900000000000002,0.0007416198487095656,5
20260807-063703_mpi3d_toy-spectral-factor-probe-smoke,mpi3d_toy,default,random_rotation_first,2,0,object_color,0.3355,0.03747665940288701,2
20260807-063703_mpi3d_toy-spectral-factor-probe-smoke,mpi3d_toy,default,random_rotation_first,2,1,object_shape,0.1855,0.024748737341529166,2
20260807-063703_mpi3d_toy-spectral-factor-probe-smoke,mpi3d_toy,default,random_rotation_first,2,2,object_size,0.56075,0.024395183950935873,2
20260807-063703_mpi3d_toy-spectral-factor-probe-smoke,mpi3d_toy,default,random_rotation_first,2,3,camera_height,0.48050000000000004,0.02192031021678295,2
20260807-063703_mpi3d_toy-spectral-factor-probe-smoke,mpi3d_toy,default,random_rotation_first,2,4,background_color,0.6685000000000001,0.01626345596729061,2
20260807-063703_mpi3d_toy-spectral-factor-probe-smoke,mpi3d_toy,default,random_rotation_first,2,5,horizontal,0.0275,0.0021213203435596446,2
20260807-063703_mpi3d_toy-spectral-factor-probe-smoke,mpi3d_toy,default,random_rotation_first,2,6,vertical,0.02525,0.0031819805153394643,2
20260807-063703_mpi3d_toy-spectral-factor-probe-smoke,mpi3d_toy,default,eigen_top,4,0,object_color,0.556,0.0,1
20260807-063703_mpi3d_toy-spectral-factor-probe-smoke,mpi3d_toy,default,eigen_top,4,1,object_shape,0.1845,0.0,1
20260807-063703_mpi3d_toy-spectral-factor-probe-smoke,mpi3d_toy,default,eigen_top,4,2,object_size,0.562,0.0,1
20260807-063703_mpi3d_toy-spectral-factor-probe-smoke,mpi3d_toy,default,eigen_top,4,3,camera_height,0.5055,0.0,1
20260807-063703_mpi3d_toy-spectral-factor-probe-smoke,mpi3d_toy,default,eigen_top,4,4,background_color,0.7995,0.0,1
20260807-063703_mpi3d_toy-spectral-factor-probe-smoke,mpi3d_toy,default,eigen_top,4,5,horizontal,0.023,0.0,1
20260807-063703_mpi3d_toy-spectral-factor-probe-smoke,mpi3d_toy,default,eigen_top,4,6,vertical,0.029,0.0,1
20260807-063703_mpi3d_toy-spectral-factor-probe-smoke,mpi3d_toy,default,eigen_bottom,4,0,object_color,0.4795,0.0,1
20260807-063703_mpi3d_toy-spectral-factor-probe-smoke,mpi3d_toy,default,eigen_bottom,4,1,object_shape,0.2075,0.0,1
20260807-063703_mpi3d_toy-spectral-factor-probe-smoke,mpi3d_toy,default,eigen_bottom,4,2,object_size,0.583,0.0,1
20260807-063703_mpi3d_toy-spectral-factor-probe-smoke,mpi3d_toy,default,eigen_bottom,4,3,camera_height,0.6945,0.0,1
20260807-063703_mpi3d_toy-spectral-factor-probe-smoke,mpi3d_toy,default,eigen_bottom,4,4,background_color,0.707,0.0,1
20260807-063703_mpi3d_toy-spectral-factor-probe-smoke,mpi3d_toy,default,eigen_bottom,4,5,horizontal,0.0375,0.0,1
20260807-063703_mpi3d_toy-spectral-factor-probe-smoke,mpi3d_toy,default,eigen_bottom,4,6,vertical,0.025,0.0,1
20260807-063703_mpi3d_toy-spectral-factor-probe-smoke,mpi3d_toy,default,pca_top,4,0,object_color,0.5565,0.0,1
20260807-063703_mpi3d_toy-spectral-factor-probe-smoke,mpi3d_toy,default,pca_top,4,1,object_shape,0.215,0.0,1
20260807-063703_mpi3d_toy-spectral-factor-probe-smoke,mpi3d_toy,default,pca_top,4,2,object_size,0.6415,0.0,1
20260807-063703_mpi3d_toy-spectral-factor-probe-smoke,mpi3d_toy,default,pca_top,4,3,camera_height,0.627,0.0,1
20260807-063703_mpi3d_toy-spectral-factor-probe-smoke,mpi3d_toy,default,pca_top,4,4,background_color,0.744,0.0,1
20260807-063703_mpi3d_toy-spectral-factor-probe-smoke,mpi3d_toy,default,pca_top,4,5,horizontal,0.04,0.0,1
20260807-063703_mpi3d_toy-spectral-factor-probe-smoke,mpi3d_toy,default,pca_top,4,6,vertical,0.033,0.0,1
20260807-063703_mpi3d_toy-spectral-factor-probe-smoke,mpi3d_toy,default,unranked_first,4,0,object_color,0.5295,0.0,1
20260807-063703_mpi3d_toy-spectral-factor-probe-smoke,mpi3d_toy,default,unranked_first,4,1,object_shape,0.214,0.0,1
20260807-063703_mpi3d_toy-spectral-factor-probe-smoke,mpi3d_toy,default,unranked_first,4,2,object_size,0.65,0.0,1
20260807-063703_mpi3d_toy-spectral-factor-probe-smoke,mpi3d_toy,default,unranked_first,4,3,camera_height,0.626,0.0,1
20260807-063703_mpi3d_toy-spectral-factor-probe-smoke,mpi3d_toy,default,unranked_first,4,4,background_color,0.8115,0.0,1
20260807-063703_mpi3d_toy-spectral-factor-probe-smoke,mpi3d_toy,default,unranked_first,4,5,horizontal,0.041,0.0,1
20260807-063703_mpi3d_toy-spectral-factor-probe-smoke,mpi3d_toy,default,unranked_first,4,6,vertical,0.0305,0.0,1
20260807-063703_mpi3d_toy-spectral-factor-probe-smoke,mpi3d_toy,default,random,4,0,object_color,0.4821,0.059539272753368414,5
20260807-063703_mpi3d_toy-spectral-factor-probe-smoke,mpi3d_toy,default,random,4,1,object_shape,0.2004,0.009665660867214402,5
20260807-063703_mpi3d_toy-spectral-factor-probe-smoke,mpi3d_toy,default,random,4,2,object_size,0.5939,0.0220238507078122,5
20260807-063703_mpi3d_toy-spectral-factor-probe-smoke,mpi3d_toy,default,random,4,3,camera_height,0.6731,0.08706348258598434,5
20260807-063703_mpi3d_toy-spectral-factor-probe-smoke,mpi3d_toy,default,random,4,4,background_color,0.7058,0.046527679933562126,5
20260807-063703_mpi3d_toy-spectral-factor-probe-smoke,mpi3d_toy,default,random,4,5,horizontal,0.033,0.004015594601052252,5
20260807-063703_mpi3d_toy-spectral-factor-probe-smoke,mpi3d_toy,default,random,4,6,vertical,0.033,0.0032977264895682292,5
20260807-063703_mpi3d_toy-spectral-factor-probe-smoke,mpi3d_toy,default,random_rotation_first,4,0,object_color,0.4195,0.01626345596729061,2
20260807-063703_mpi3d_toy-spectral-factor-probe-smoke,mpi3d_toy,default,random_rotation_first,4,1,object_shape,0.20450000000000002,0.012020815280171298,2
20260807-063703_mpi3d_toy-spectral-factor-probe-smoke,mpi3d_toy,default,random_rotation_first,4,2,object_size,0.60425,0.024395183950935952,2
20260807-063703_mpi3d_toy-spectral-factor-probe-smoke,mpi3d_toy,default,random_rotation_first,4,3,camera_height,0.6775,0.09970205614730321,2
20260807-063703_mpi3d_toy-spectral-factor-probe-smoke,mpi3d_toy,default,random_rotation_first,4,4,background_color,0.70425,0.03288046532517445,2
20260807-063703_mpi3d_toy-spectral-factor-probe-smoke,mpi3d_toy,default,random_rotation_first,4,5,horizontal,0.04025,0.0017677669529663704,2
20260807-063703_mpi3d_toy-spectral-factor-probe-smoke,mpi3d_toy,default,random_rotation_first,4,6,vertical,0.029249999999999998,0.0031819805153394643,2
20260807-063703_mpi3d_toy-spectral-factor-probe-smoke,mpi3d_toy,default,eigen_top,8,0,object_color,0.6945,0.0,1
20260807-063703_mpi3d_toy-spectral-factor-probe-smoke,mpi3d_toy,default,eigen_top,8,1,object_shape,0.2025,0.0,1
20260807-063703_mpi3d_toy-spectral-factor-probe-smoke,mpi3d_toy,default,eigen_top,8,2,object_size,0.595,0.0,1
20260807-063703_mpi3d_toy-spectral-factor-probe-smoke,mpi3d_toy,default,eigen_top,8,3,camera_height,0.726,0.0,1
20260807-063703_mpi3d_toy-spectral-factor-probe-smoke,mpi3d_toy,default,eigen_top,8,4,background_color,0.828,0.0,1
20260807-063703_mpi3d_toy-spectral-factor-probe-smoke,mpi3d_toy,default,eigen_top,8,5,horizontal,0.0445,0.0,1
20260807-063703_mpi3d_toy-spectral-factor-probe-smoke,mpi3d_toy,default,eigen_top,8,6,vertical,0.0315,0.0,1
20260807-063703_mpi3d_toy-spectral-factor-probe-smoke,mpi3d_toy,default,eigen_bottom,8,0,object_color,0.599,0.0,1
20260807-063703_mpi3d_toy-spectral-factor-probe-smoke,mpi3d_toy,default,eigen_bottom,8,1,object_shape,0.212,0.0,1
20260807-063703_mpi3d_toy-spectral-factor-probe-smoke,mpi3d_toy,default,eigen_bottom,8,2,object_size,0.6265,0.0,1
20260807-063703_mpi3d_toy-spectral-factor-probe-smoke,mpi3d_toy,default,eigen_bottom,8,3,camera_height,0.899,0.0,1
20260807-063703_mpi3d_toy-spectral-factor-probe-smoke,mpi3d_toy,default,eigen_bottom,8,4,background_color,0.7845,0.0,1
20260807-063703_mpi3d_toy-spectral-factor-probe-smoke,mpi3d_toy,default,eigen_bottom,8,5,horizontal,0.0385,0.0,1
20260807-063703_mpi3d_toy-spectral-factor-probe-smoke,mpi3d_toy,default,eigen_bottom,8,6,vertical,0.0335,0.0,1
20260807-063703_mpi3d_toy-spectral-factor-probe-smoke,mpi3d_toy,default,pca_top,8,0,object_color,0.796,0.0,1
20260807-063703_mpi3d_toy-spectral-factor-probe-smoke,mpi3d_toy,default,pca_top,8,1,object_shape,0.2155,0.0,1
20260807-063703_mpi3d_toy-spectral-factor-probe-smoke,mpi3d_toy,default,pca_top,8,2,object_size,0.6715,0.0,1
20260807-063703_mpi3d_toy-spectral-factor-probe-smoke,mpi3d_toy,default,pca_top,8,3,camera_height,0.8145,0.0,1
20260807-063703_mpi3d_toy-spectral-factor-probe-smoke,mpi3d_toy,default,pca_top,8,4,background_color,0.8625,0.0,1
20260807-063703_mpi3d_toy-spectral-factor-probe-smoke,mpi3d_toy,default,pca_top,8,5,horizontal,0.0495,0.0,1
20260807-063703_mpi3d_toy-spectral-factor-probe-smoke,mpi3d_toy,default,pca_top,8,6,vertical,0.034,0.0,1
20260807-063703_mpi3d_toy-spectral-factor-probe-smoke,mpi3d_toy,default,unranked_first,8,0,object_color,0.713,0.0,1
20260807-063703_mpi3d_toy-spectral-factor-probe-smoke,mpi3d_toy,default,unranked_first,8,1,object_shape,0.2225,0.0,1
20260807-063703_mpi3d_toy-spectral-factor-probe-smoke,mpi3d_toy,default,unranked_first,8,2,object_size,0.6525,0.0,1
20260807-063703_mpi3d_toy-spectral-factor-probe-smoke,mpi3d_toy,default,unranked_first,8,3,camera_height,0.7855,0.0,1
20260807-063703_mpi3d_toy-spectral-factor-probe-smoke,mpi3d_toy,default,unranked_first,8,4,background_color,0.866,0.0,1
20260807-063703_mpi3d_toy-spectral-factor-probe-smoke,mpi3d_toy,default,unranked_first,8,5,horizontal,0.035,0.0,1
20260807-063703_mpi3d_toy-spectral-factor-probe-smoke,mpi3d_toy,default,unranked_first,8,6,vertical,0.0355,0.0,1
20260807-063703_mpi3d_toy-spectral-factor-probe-smoke,mpi3d_toy,default,random,8,0,object_color,0.5922,0.031950352110735776,5
20260807-063703_mpi3d_toy-spectral-factor-probe-smoke,mpi3d_toy,default,random,8,1,object_shape,0.20869999999999997,0.003768288736283358,5
20260807-063703_mpi3d_toy-spectral-factor-probe-smoke,mpi3d_toy,default,random,8,2,object_size,0.6187,0.015896540504147436,5
20260807-063703_mpi3d_toy-spectral-factor-probe-smoke,mpi3d_toy,default,random,8,3,camera_height,0.8358000000000001,0.04928691509924313,5
20260807-063703_mpi3d_toy-spectral-factor-probe-smoke,mpi3d_toy,default,random,8,4,background_color,0.8018000000000001,0.07600049341945093,5
20260807-063703_mpi3d_toy-spectral-factor-probe-smoke,mpi3d_toy,default,random,8,5,horizontal,0.040600000000000004,0.0008944271909999167,5
20260807-063703_mpi3d_toy-spectral-factor-probe-smoke,mpi3d_toy,default,random,8,6,vertical,0.034199999999999994,0.0029283100928692634,5
20260807-063703_mpi3d_toy-spectral-factor-probe-smoke,mpi3d_toy,default,random_rotation_first,8,0,object_color,0.6325000000000001,0.08909545442950499,2
20260807-063703_mpi3d_toy-spectral-factor-probe-smoke,mpi3d_toy,default,random_rotation_first,8,1,object_shape,0.2115,0.010606601717798222,2
20260807-063703_mpi3d_toy-spectral-factor-probe-smoke,mpi3d_toy,default,random_rotation_first,8,2,object_size,0.62525,0.001767766952966331,2
20260807-063703_mpi3d_toy-spectral-factor-probe-smoke,mpi3d_toy,default,random_rotation_first,8,3,camera_height,0.734,0.009899494936611674,2
20260807-063703_mpi3d_toy-spectral-factor-probe-smoke,mpi3d_toy,default,random_rotation_first,8,4,background_color,0.9135,0.004949747468305837,2
20260807-063703_mpi3d_toy-spectral-factor-probe-smoke,mpi3d_toy,default,random_rotation_first,8,5,horizontal,0.042249999999999996,0.0031819805153394617,2
20260807-063703_mpi3d_toy-spectral-factor-probe-smoke,mpi3d_toy,default,random_rotation_first,8,6,vertical,0.0315,0.0007071067811865482,2
20260807-063703_mpi3d_toy-spectral-factor-probe-smoke,mpi3d_toy,default,eigen_top,16,0,object_color,0.815,0.0,1
20260807-063703_mpi3d_toy-spectral-factor-probe-smoke,mpi3d_toy,default,eigen_top,16,1,object_shape,0.231,0.0,1
20260807-063703_mpi3d_toy-spectral-factor-probe-smoke,mpi3d_toy,default,eigen_top,16,2,object_size,0.67,0.0,1
20260807-063703_mpi3d_toy-spectral-factor-probe-smoke,mpi3d_toy,default,eigen_top,16,3,camera_height,0.8625,0.0,1
20260807-063703_mpi3d_toy-spectral-factor-probe-smoke,mpi3d_toy,default,eigen_top,16,4,background_color,0.9215,0.0,1
20260807-063703_mpi3d_toy-spectral-factor-probe-smoke,mpi3d_toy,default,eigen_top,16,5,horizontal,0.0615,0.0,1
20260807-063703_mpi3d_toy-spectral-factor-probe-smoke,mpi3d_toy,default,eigen_top,16,6,vertical,0.043,0.0,1
20260807-063703_mpi3d_toy-spectral-factor-probe-smoke,mpi3d_toy,default,eigen_bottom,16,0,object_color,0.7295,0.0,1
20260807-063703_mpi3d_toy-spectral-factor-probe-smoke,mpi3d_toy,default,eigen_bottom,16,1,object_shape,0.228,0.0,1
20260807-063703_mpi3d_toy-spectral-factor-probe-smoke,mpi3d_toy,default,eigen_bottom,16,2,object_size,0.664,0.0,1
20260807-063703_mpi3d_toy-spectral-factor-probe-smoke,mpi3d_toy,default,eigen_bottom,16,3,camera_height,0.937,0.0,1
20260807-063703_mpi3d_toy-spectral-factor-probe-smoke,mpi3d_toy,default,eigen_bottom,16,4,background_color,0.899,0.0,1
20260807-063703_mpi3d_toy-spectral-factor-probe-smoke,mpi3d_toy,default,eigen_bottom,16,5,horizontal,0.051,0.0,1
20260807-063703_mpi3d_toy-spectral-factor-probe-smoke,mpi3d_toy,default,eigen_bottom,16,6,vertical,0.0385,0.0,1
20260807-063703_mpi3d_toy-spectral-factor-probe-smoke,mpi3d_toy,default,pca_top,16,0,object_color,0.8845,0.0,1
20260807-063703_mpi3d_toy-spectral-factor-probe-smoke,mpi3d_toy,default,pca_top,16,1,object_shape,0.2305,0.0,1
20260807-063703_mpi3d_toy-spectral-factor-probe-smoke,mpi3d_toy,default,pca_top,16,2,object_size,0.704,0.0,1
20260807-063703_mpi3d_toy-spectral-factor-probe-smoke,mpi3d_toy,default,pca_top,16,3,camera_height,0.997,0.0,1
20260807-063703_mpi3d_toy-spectral-factor-probe-smoke,mpi3d_toy,default,pca_top,16,4,background_color,0.977,0.0,1
20260807-063703_mpi3d_toy-spectral-factor-probe-smoke,mpi3d_toy,default,pca_top,16,5,horizontal,0.067,0.0,1
20260807-063703_mpi3d_toy-spectral-factor-probe-smoke,mpi3d_toy,default,pca_top,16,6,vertical,0.0505,0.0,1
20260807-063703_mpi3d_toy-spectral-factor-probe-smoke,mpi3d_toy,default,unranked_first,16,0,object_color,0.8065,0.0,1
20260807-063703_mpi3d_toy-spectral-factor-probe-smoke,mpi3d_toy,default,unranked_first,16,1,object_shape,0.2185,0.0,1
20260807-063703_mpi3d_toy-spectral-factor-probe-smoke,mpi3d_toy,default,unranked_first,16,2,object_size,0.684,0.0,1
20260807-063703_mpi3d_toy-spectral-factor-probe-smoke,mpi3d_toy,default,unranked_first,16,3,camera_height,0.9215,0.0,1
20260807-063703_mpi3d_toy-spectral-factor-probe-smoke,mpi3d_toy,default,unranked_first,16,4,background_color,0.935,0.0,1
20260807-063703_mpi3d_toy-spectral-factor-probe-smoke,mpi3d_toy,default,unranked_first,16,5,horizontal,0.057,0.0,1
20260807-063703_mpi3d_toy-spectral-factor-probe-smoke,mpi3d_toy,default,unranked_first,16,6,vertical,0.046,0.0,1
20260807-063703_mpi3d_toy-spectral-factor-probe-smoke,mpi3d_toy,default,random,16,0,object_color,0.7615000000000001,0.008291561975888491,5
20260807-063703_mpi3d_toy-spectral-factor-probe-smoke,mpi3d_toy,default,random,16,1,object_shape,0.227,0.005820223363411412,5
20260807-063703_mpi3d_toy-spectral-factor-probe-smoke,mpi3d_toy,default,random,16,2,object_size,0.653,0.009766012492312324,5
20260807-063703_mpi3d_toy-spectral-factor-probe-smoke,mpi3d_toy,default,random,16,3,camera_height,0.9420999999999999,0.039357972508756084,5
20260807-063703_mpi3d_toy-spectral-factor-probe-smoke,mpi3d_toy,default,random,16,4,background_color,0.9128000000000001,0.02712609444796652,5
20260807-063703_mpi3d_toy-spectral-factor-probe-smoke,mpi3d_toy,default,random,16,5,horizontal,0.0533,0.00836361166004257,5
20260807-063703_mpi3d_toy-spectral-factor-probe-smoke,mpi3d_toy,default,random,16,6,vertical,0.0498,0.002018662923818634,5
20260807-063703_mpi3d_toy-spectral-factor-probe-smoke,mpi3d_toy,default,random_rotation_first,16,0,object_color,0.752,0.024748737341529107,2
20260807-063703_mpi3d_toy-spectral-factor-probe-smoke,mpi3d_toy,default,random_rotation_first,16,1,object_shape,0.2275,0.005656854249492385,2
20260807-063703_mpi3d_toy-spectral-factor-probe-smoke,mpi3d_toy,default,random_rotation_first,16,2,object_size,0.66875,0.011667261889578083,2
20260807-063703_mpi3d_toy-spectral-factor-probe-smoke,mpi3d_toy,default,random_rotation_first,16,3,camera_height,0.9410000000000001,0.006363961030678933,2
20260807-063703_mpi3d_toy-spectral-factor-probe-smoke,mpi3d_toy,default,random_rotation_first,16,4,background_color,0.95275,0.006717514421272247,2
20260807-063703_mpi3d_toy-spectral-factor-probe-smoke,mpi3d_toy,default,random_rotation_first,16,5,horizontal,0.0455,0.0021213203435596446,2
20260807-063703_mpi3d_toy-spectral-factor-probe-smoke,mpi3d_toy,default,random_rotation_first,16,6,vertical,0.0495,0.0021213203435596394,2
20260807-063703_mpi3d_toy-spectral-factor-probe-smoke,mpi3d_toy,default,eigen_top,32,0,object_color,0.858,0.0,1
20260807-063703_mpi3d_toy-spectral-factor-probe-smoke,mpi3d_toy,default,eigen_top,32,1,object_shape,0.243,0.0,1
20260807-063703_mpi3d_toy-spectral-factor-probe-smoke,mpi3d_toy,default,eigen_top,32,2,object_size,0.6885,0.0,1
20260807-063703_mpi3d_toy-spectral-factor-probe-smoke,mpi3d_toy,default,eigen_top,32,3,camera_height,0.965,0.0,1
20260807-063703_mpi3d_toy-spectral-factor-probe-smoke,mpi3d_toy,default,eigen_top,32,4,background_color,0.9835,0.0,1
20260807-063703_mpi3d_toy-spectral-factor-probe-smoke,mpi3d_toy,default,eigen_top,32,5,horizontal,0.072,0.0,1
20260807-063703_mpi3d_toy-spectral-factor-probe-smoke,mpi3d_toy,default,eigen_top,32,6,vertical,0.0665,0.0,1
20260807-063703_mpi3d_toy-spectral-factor-probe-smoke,mpi3d_toy,default,eigen_bottom,32,0,object_color,0.829,0.0,1
20260807-063703_mpi3d_toy-spectral-factor-probe-smoke,mpi3d_toy,default,eigen_bottom,32,1,object_shape,0.245,0.0,1
20260807-063703_mpi3d_toy-spectral-factor-probe-smoke,mpi3d_toy,default,eigen_bottom,32,2,object_size,0.6895,0.0,1
20260807-063703_mpi3d_toy-spectral-factor-probe-smoke,mpi3d_toy,default,eigen_bottom,32,3,camera_height,0.9935,0.0,1
20260807-063703_mpi3d_toy-spectral-factor-probe-smoke,mpi3d_toy,default,eigen_bottom,32,4,background_color,0.9395,0.0,1
20260807-063703_mpi3d_toy-spectral-factor-probe-smoke,mpi3d_toy,default,eigen_bottom,32,5,horizontal,0.07,0.0,1
20260807-063703_mpi3d_toy-spectral-factor-probe-smoke,mpi3d_toy,default,eigen_bottom,32,6,vertical,0.063,0.0,1
20260807-063703_mpi3d_toy-spectral-factor-probe-smoke,mpi3d_toy,default,pca_top,32,0,object_color,0.901,0.0,1
20260807-063703_mpi3d_toy-spectral-factor-probe-smoke,mpi3d_toy,default,pca_top,32,1,object_shape,0.2405,0.0,1
20260807-063703_mpi3d_toy-spectral-factor-probe-smoke,mpi3d_toy,default,pca_top,32,2,object_size,0.703,0.0,1
20260807-063703_mpi3d_toy-spectral-factor-probe-smoke,mpi3d_toy,default,pca_top,32,3,camera_height,0.9995,0.0,1
20260807-063703_mpi3d_toy-spectral-factor-probe-smoke,mpi3d_toy,default,pca_top,32,4,background_color,0.996,0.0,1
20260807-063703_mpi3d_toy-spectral-factor-probe-smoke,mpi3d_toy,default,pca_top,32,5,horizontal,0.0775,0.0,1
20260807-063703_mpi3d_toy-spectral-factor-probe-smoke,mpi3d_toy,default,pca_top,32,6,vertical,0.076,0.0,1
20260807-063703_mpi3d_toy-spectral-factor-probe-smoke,mpi3d_toy,default,unranked_first,32,0,object_color,0.8725,0.0,1
20260807-063703_mpi3d_toy-spectral-factor-probe-smoke,mpi3d_toy,default,unranked_first,32,1,object_shape,0.2395,0.0,1
20260807-063703_mpi3d_toy-spectral-factor-probe-smoke,mpi3d_toy,default,unranked_first,32,2,object_size,0.6965,0.0,1
20260807-063703_mpi3d_toy-spectral-factor-probe-smoke,mpi3d_toy,default,unranked_first,32,3,camera_height,0.992,0.0,1
20260807-063703_mpi3d_toy-spectral-factor-probe-smoke,mpi3d_toy,default,unranked_first,32,4,background_color,0.9845,0.0,1
20260807-063703_mpi3d_toy-spectral-factor-probe-smoke,mpi3d_toy,default,unranked_first,32,5,horizontal,0.0745,0.0,1
20260807-063703_mpi3d_toy-spectral-factor-probe-smoke,mpi3d_toy,default,unranked_first,32,6,vertical,0.066,0.0,1
20260807-063703_mpi3d_toy-spectral-factor-probe-smoke,mpi3d_toy,default,random,32,0,object_color,0.8525,0.014849242404917518,5
20260807-063703_mpi3d_toy-spectral-factor-probe-smoke,mpi3d_toy,default,random,32,1,object_shape,0.24230000000000002,0.003650342449688799,5
20260807-063703_mpi3d_toy-spectral-factor-probe-smoke,mpi3d_toy,default,random,32,2,object_size,0.6947,0.0035461246452994297,5
20260807-063703_mpi3d_toy-spectral-factor-probe-smoke,mpi3d_toy,default,random,32,3,camera_height,0.992,0.0040155946010522635,5
20260807-063703_mpi3d_toy-spectral-factor-probe-smoke,mpi3d_toy,default,random,32,4,background_color,0.9728999999999999,0.014006248605533215,5
20260807-063703_mpi3d_toy-spectral-factor-probe-smoke,mpi3d_toy,default,random,32,5,horizontal,0.0705,0.007079901129253148,5
20260807-063703_mpi3d_toy-spectral-factor-probe-smoke,mpi3d_toy,default,random,32,6,vertical,0.0639,0.007979661646962233,5
20260807-063703_mpi3d_toy-spectral-factor-probe-smoke,mpi3d_toy,default,random_rotation_first,32,0,object_color,0.85425,0.0045961940777126025,2
20260807-063703_mpi3d_toy-spectral-factor-probe-smoke,mpi3d_toy,default,random_rotation_first,32,1,object_shape,0.2355,0.002828427124746173,2
20260807-063703_mpi3d_toy-spectral-factor-probe-smoke,mpi3d_toy,default,random_rotation_first,32,2,object_size,0.6865,0.016970562748477157,2
20260807-063703_mpi3d_toy-spectral-factor-probe-smoke,mpi3d_toy,default,random_rotation_first,32,3,camera_height,0.99325,0.0017677669529664096,2
20260807-063703_mpi3d_toy-spectral-factor-probe-smoke,mpi3d_toy,default,random_rotation_first,32,4,background_color,0.982,0.01555634918610406,2
20260807-063703_mpi3d_toy-spectral-factor-probe-smoke,mpi3d_toy,default,random_rotation_first,32,5,horizontal,0.0705,0.0,2
20260807-063703_mpi3d_toy-spectral-factor-probe-smoke,mpi3d_toy,default,random_rotation_first,32,6,vertical,0.0665,0.0035355339059327407,2
20260807-063703_mpi3d_toy-spectral-factor-probe-smoke,mpi3d_toy,default,eigen_top,64,0,object_color,0.8905,0.0,1
20260807-063703_mpi3d_toy-spectral-factor-probe-smoke,mpi3d_toy,default,eigen_top,64,1,object_shape,0.2545,0.0,1
20260807-063703_mpi3d_toy-spectral-factor-probe-smoke,mpi3d_toy,default,eigen_top,64,2,object_size,0.708,0.0,1
20260807-063703_mpi3d_toy-spectral-factor-probe-smoke,mpi3d_toy,default,eigen_top,64,3,camera_height,0.9995,0.0,1
20260807-063703_mpi3d_toy-spectral-factor-probe-smoke,mpi3d_toy,default,eigen_top,64,4,background_color,0.9955,0.0,1
20260807-063703_mpi3d_toy-spectral-factor-probe-smoke,mpi3d_toy,default,eigen_top,64,5,horizontal,0.097,0.0,1
20260807-063703_mpi3d_toy-spectral-factor-probe-smoke,mpi3d_toy,default,eigen_top,64,6,vertical,0.0995,0.0,1
20260807-063703_mpi3d_toy-spectral-factor-probe-smoke,mpi3d_toy,default,eigen_bottom,64,0,object_color,0.9005,0.0,1
20260807-063703_mpi3d_toy-spectral-factor-probe-smoke,mpi3d_toy,default,eigen_bottom,64,1,object_shape,0.24,0.0,1
20260807-063703_mpi3d_toy-spectral-factor-probe-smoke,mpi3d_toy,default,eigen_bottom,64,2,object_size,0.703,0.0,1
20260807-063703_mpi3d_toy-spectral-factor-probe-smoke,mpi3d_toy,default,eigen_bottom,64,3,camera_height,0.9995,0.0,1
20260807-063703_mpi3d_toy-spectral-factor-probe-smoke,mpi3d_toy,default,eigen_bottom,64,4,background_color,0.9965,0.0,1
20260807-063703_mpi3d_toy-spectral-factor-probe-smoke,mpi3d_toy,default,eigen_bottom,64,5,horizontal,0.087,0.0,1
20260807-063703_mpi3d_toy-spectral-factor-probe-smoke,mpi3d_toy,default,eigen_bottom,64,6,vertical,0.103,0.0,1
20260807-063703_mpi3d_toy-spectral-factor-probe-smoke,mpi3d_toy,default,pca_top,64,0,object_color,0.921,0.0,1
20260807-063703_mpi3d_toy-spectral-factor-probe-smoke,mpi3d_toy,default,pca_top,64,1,object_shape,0.2565,0.0,1
20260807-063703_mpi3d_toy-spectral-factor-probe-smoke,mpi3d_toy,default,pca_top,64,2,object_size,0.714,0.0,1
20260807-063703_mpi3d_toy-spectral-factor-probe-smoke,mpi3d_toy,default,pca_top,64,3,camera_height,1.0,0.0,1
20260807-063703_mpi3d_toy-spectral-factor-probe-smoke,mpi3d_toy,default,pca_top,64,4,background_color,0.998,0.0,1
20260807-063703_mpi3d_toy-spectral-factor-probe-smoke,mpi3d_toy,default,pca_top,64,5,horizontal,0.0975,0.0,1
20260807-063703_mpi3d_toy-spectral-factor-probe-smoke,mpi3d_toy,default,pca_top,64,6,vertical,0.1095,0.0,1
20260807-063703_mpi3d_toy-spectral-factor-probe-smoke,mpi3d_toy,default,unranked_first,64,0,object_color,0.912,0.0,1
20260807-063703_mpi3d_toy-spectral-factor-probe-smoke,mpi3d_toy,default,unranked_first,64,1,object_shape,0.2425,0.0,1
20260807-063703_mpi3d_toy-spectral-factor-probe-smoke,mpi3d_toy,default,unranked_first,64,2,object_size,0.7055,0.0,1
20260807-063703_mpi3d_toy-spectral-factor-probe-smoke,mpi3d_toy,default,unranked_first,64,3,camera_height,1.0,0.0,1
20260807-063703_mpi3d_toy-spectral-factor-probe-smoke,mpi3d_toy,default,unranked_first,64,4,background_color,0.9955,0.0,1
20260807-063703_mpi3d_toy-spectral-factor-probe-smoke,mpi3d_toy,default,unranked_first,64,5,horizontal,0.088,0.0,1
20260807-063703_mpi3d_toy-spectral-factor-probe-smoke,mpi3d_toy,default,unranked_first,64,6,vertical,0.0885,0.0,1
20260807-063703_mpi3d_toy-spectral-factor-probe-smoke,mpi3d_toy,default,random,64,0,object_color,0.9029,0.0023558437978779536,5
20260807-063703_mpi3d_toy-spectral-factor-probe-smoke,mpi3d_toy,default,random,64,1,object_shape,0.2496,0.004942165517260631,5
20260807-063703_mpi3d_toy-spectral-factor-probe-smoke,mpi3d_toy,default,random,64,2,object_size,0.7056,0.007048049375536494,5
20260807-063703_mpi3d_toy-spectral-factor-probe-smoke,mpi3d_toy,default,random,64,3,camera_height,0.9996,0.0005477225575051665,5
20260807-063703_mpi3d_toy-spectral-factor-probe-smoke,mpi3d_toy,default,random,64,4,background_color,0.9936,0.002355843797877961,5
20260807-063703_mpi3d_toy-spectral-factor-probe-smoke,mpi3d_toy,default,random,64,5,horizontal,0.0915,0.00266926956300783,5
20260807-063703_mpi3d_toy-spectral-factor-probe-smoke,mpi3d_toy,default,random,64,6,vertical,0.1065,0.0048347699014534284,5
20260807-063703_mpi3d_toy-spectral-factor-probe-smoke,mpi3d_toy,default,random_rotation_first,64,0,object_color,0.9059999999999999,0.006363961030678933,2
20260807-063703_mpi3d_toy-spectral-factor-probe-smoke,mpi3d_toy,default,random_rotation_first,64,1,object_shape,0.25425,0.008838834764831853,2
20260807-063703_mpi3d_toy-spectral-factor-probe-smoke,mpi3d_toy,default,random_rotation_first,64,2,object_size,0.70875,0.003889087296526054,2
20260807-063703_mpi3d_toy-spectral-factor-probe-smoke,mpi3d_toy,default,random_rotation_first,64,3,camera_height,0.99975,0.00035355339059323483,2
20260807-063703_mpi3d_toy-spectral-factor-probe-smoke,mpi3d_toy,default,random_rotation_first,64,4,background_color,0.9955,0.0021213203435596446,2
20260807-063703_mpi3d_toy-spectral-factor-probe-smoke,mpi3d_toy,default,random_rotation_first,64,5,horizontal,0.093,0.004242640687119289,2
20260807-063703_mpi3d_toy-spectral-factor-probe-smoke,mpi3d_toy,default,random_rotation_first,64,6,vertical,0.10925,0.0060104076400856596,2
20260807-063703_mpi3d_toy-spectral-factor-probe-smoke,mpi3d_toy,default,eigen_top,128,0,object_color,0.9285,0.0,1
20260807-063703_mpi3d_toy-spectral-factor-probe-smoke,mpi3d_toy,default,eigen_top,128,1,object_shape,0.2665,0.0,1
20260807-063703_mpi3d_toy-spectral-factor-probe-smoke,mpi3d_toy,default,eigen_top,128,2,object_size,0.731,0.0,1
20260807-063703_mpi3d_toy-spectral-factor-probe-smoke,mpi3d_toy,default,eigen_top,128,3,camera_height,1.0,0.0,1
20260807-063703_mpi3d_toy-spectral-factor-probe-smoke,mpi3d_toy,default,eigen_top,128,4,background_color,0.9985,0.0,1
20260807-063703_mpi3d_toy-spectral-factor-probe-smoke,mpi3d_toy,default,eigen_top,128,5,horizontal,0.112,0.0,1
20260807-063703_mpi3d_toy-spectral-factor-probe-smoke,mpi3d_toy,default,eigen_top,128,6,vertical,0.166,0.0,1
20260807-063703_mpi3d_toy-spectral-factor-probe-smoke,mpi3d_toy,default,eigen_bottom,128,0,object_color,0.9285,0.0,1
20260807-063703_mpi3d_toy-spectral-factor-probe-smoke,mpi3d_toy,default,eigen_bottom,128,1,object_shape,0.2665,0.0,1
20260807-063703_mpi3d_toy-spectral-factor-probe-smoke,mpi3d_toy,default,eigen_bottom,128,2,object_size,0.731,0.0,1
20260807-063703_mpi3d_toy-spectral-factor-probe-smoke,mpi3d_toy,default,eigen_bottom,128,3,camera_height,1.0,0.0,1
20260807-063703_mpi3d_toy-spectral-factor-probe-smoke,mpi3d_toy,default,eigen_bottom,128,4,background_color,0.9985,0.0,1
20260807-063703_mpi3d_toy-spectral-factor-probe-smoke,mpi3d_toy,default,eigen_bottom,128,5,horizontal,0.112,0.0,1
20260807-063703_mpi3d_toy-spectral-factor-probe-smoke,mpi3d_toy,default,eigen_bottom,128,6,vertical,0.166,0.0,1
20260807-063703_mpi3d_toy-spectral-factor-probe-smoke,mpi3d_toy,default,pca_top,128,0,object_color,0.9375,0.0,1
20260807-063703_mpi3d_toy-spectral-factor-probe-smoke,mpi3d_toy,default,pca_top,128,1,object_shape,0.262,0.0,1
20260807-063703_mpi3d_toy-spectral-factor-probe-smoke,mpi3d_toy,default,pca_top,128,2,object_size,0.727,0.0,1
20260807-063703_mpi3d_toy-spectral-factor-probe-smoke,mpi3d_toy,default,pca_top,128,3,camera_height,1.0,0.0,1
20260807-063703_mpi3d_toy-spectral-factor-probe-smoke,mpi3d_toy,default,pca_top,128,4,background_color,0.999,0.0,1
20260807-063703_mpi3d_toy-spectral-factor-probe-smoke,mpi3d_toy,default,pca_top,128,5,horizontal,0.1225,0.0,1
20260807-063703_mpi3d_toy-spectral-factor-probe-smoke,mpi3d_toy,default,pca_top,128,6,vertical,0.174,0.0,1
20260807-063703_mpi3d_toy-spectral-factor-probe-smoke,mpi3d_toy,default,unranked_first,128,0,object_color,0.922,0.0,1
20260807-063703_mpi3d_toy-spectral-factor-probe-smoke,mpi3d_toy,default,unranked_first,128,1,object_shape,0.262,0.0,1
20260807-063703_mpi3d_toy-spectral-factor-probe-smoke,mpi3d_toy,default,unranked_first,128,2,object_size,0.72,0.0,1
20260807-063703_mpi3d_toy-spectral-factor-probe-smoke,mpi3d_toy,default,unranked_first,128,3,camera_height,1.0,0.0,1
20260807-063703_mpi3d_toy-spectral-factor-probe-smoke,mpi3d_toy,default,unranked_first,128,4,background_color,0.998,0.0,1
20260807-063703_mpi3d_toy-spectral-factor-probe-smoke,mpi3d_toy,default,unranked_first,128,5,horizontal,0.1095,0.0,1
20260807-063703_mpi3d_toy-spectral-factor-probe-smoke,mpi3d_toy,default,unranked_first,128,6,vertical,0.132,0.0,1
20260807-063703_mpi3d_toy-spectral-factor-probe-smoke,mpi3d_toy,default,random,128,0,object_color,0.9285,0.0,5
20260807-063703_mpi3d_toy-spectral-factor-probe-smoke,mpi3d_toy,default,random,128,1,object_shape,0.2665,0.0,5
20260807-063703_mpi3d_toy-spectral-factor-probe-smoke,mpi3d_toy,default,random,128,2,object_size,0.731,0.0,5
20260807-063703_mpi3d_toy-spectral-factor-probe-smoke,mpi3d_toy,default,random,128,3,camera_height,1.0,0.0,5
20260807-063703_mpi3d_toy-spectral-factor-probe-smoke,mpi3d_toy,default,random,128,4,background_color,0.9985000000000002,0.0,5
20260807-063703_mpi3d_toy-spectral-factor-probe-smoke,mpi3d_toy,default,random,128,5,horizontal,0.11200000000000002,0.0,5
20260807-063703_mpi3d_toy-spectral-factor-probe-smoke,mpi3d_toy,default,random,128,6,vertical,0.166,0.0,5
20260807-063703_mpi3d_toy-spectral-factor-probe-smoke,mpi3d_toy,default,random_rotation_first,128,0,object_color,0.9285,0.0,2
20260807-063703_mpi3d_toy-spectral-factor-probe-smoke,mpi3d_toy,default,random_rotation_first,128,1,object_shape,0.2665,0.0,2
20260807-063703_mpi3d_toy-spectral-factor-probe-smoke,mpi3d_toy,default,random_rotation_first,128,2,object_size,0.731,0.0,2
20260807-063703_mpi3d_toy-spectral-factor-probe-smoke,mpi3d_toy,default,random_rotation_first,128,3,camera_height,1.0,0.0,2
20260807-063703_mpi3d_toy-spectral-factor-probe-smoke,mpi3d_toy,default,random_rotation_first,128,4,background_color,0.9985,0.0,2
20260807-063703_mpi3d_toy-spectral-factor-probe-smoke,mpi3d_toy,default,random_rotation_first,128,5,horizontal,0.112,0.0,2
20260807-063703_mpi3d_toy-spectral-factor-probe-smoke,mpi3d_toy,default,random_rotation_first,128,6,vertical,0.166,0.0,2
