centered,dataset,dimension,effective_rank,largest_eigenvalue,minimum_variance,nonfinite,objective,precision,rf_condition,rg_condition,ridge,ridge_rule,run_id,samples,score,seed,spectrum_mae,spectrum_relative_error,state,whitening
False,finite,11,12,0.10460592806339264,0.0234375,0,logdet,fp32,3.3333332538604736,6.333333492279053,0.007365695856874706,adaptive,20260809-020528_postfix-e3-gaussian-finite-estimator-controls-20rep,128,0.43199509382247925,20308000,0.2975056767463684,0.8964498043060303,SUCCEEDED,right
False,finite,11,12,0.0903019905090332,0.0546875,0,logdet,fp32,2.0,2.0,0.007365695856874706,adaptive,20260809-020528_postfix-e3-gaussian-finite-estimator-controls-20rep,128,0.4354664981365204,20308001,0.2971835136413574,0.8842214345932007,SUCCEEDED,right
False,finite,11,12,0.09319733083248138,0.0390625,0,logdet,fp32,3.4000000953674316,3.0,0.007365695856874706,adaptive,20260809-020528_postfix-e3-gaussian-finite-estimator-controls-20rep,128,0.4599241614341736,20308002,0.29488441348075867,0.8572844862937927,SUCCEEDED,right
False,finite,11,12,0.09385707229375839,0.0390625,0,logdet,fp32,2.2857143878936768,3.5999999046325684,0.007365695856874706,adaptive,20260809-020528_postfix-e3-gaussian-finite-estimator-controls-20rep,128,0.38902685046195984,20308003,0.3011869788169861,0.9116191864013672,SUCCEEDED,right
False,finite,11,12,0.09987085312604904,0.03125,0,logdet,fp32,3.5999999046325684,5.0,0.007365695856874706,adaptive,20260809-020528_postfix-e3-gaussian-finite-estimator-controls-20rep,128,0.4216857850551605,20308004,0.29832983016967773,0.8949975967407227,SUCCEEDED,right
False,finite,11,12,0.0866580456495285,0.0546875,0,logdet,fp32,1.8571428060531616,2.125,0.007365695856874706,adaptive,20260809-020528_postfix-e3-gaussian-finite-estimator-controls-20rep,128,0.4100106954574585,20308005,0.2993011772632599,0.9011412262916565,SUCCEEDED,right
False,finite,11,12,0.09097710996866226,0.046875,0,logdet,fp32,2.142857074737549,3.1666667461395264,0.007365695856874706,adaptive,20260809-020528_postfix-e3-gaussian-finite-estimator-controls-20rep,128,0.4864855110645294,20308006,0.2929657995700836,0.8581273555755615,SUCCEEDED,right
False,finite,11,12,0.10965429991483688,0.015625,0,logdet,fp32,9.0,2.142857074737549,0.007365695856874706,adaptive,20260809-020528_postfix-e3-gaussian-finite-estimator-controls-20rep,128,0.4733162820339203,20308007,0.2939508259296417,0.8843980431556702,SUCCEEDED,right
False,finite,11,12,0.10026445239782333,0.0390625,0,logdet,fp32,2.5714285373687744,3.0,0.007365695856874706,adaptive,20260809-020528_postfix-e3-gaussian-finite-estimator-controls-20rep,128,0.4702065587043762,20308008,0.29407820105552673,0.8733407855033875,SUCCEEDED,right
False,finite,11,12,0.10151706635951996,0.046875,0,logdet,fp32,2.2857143878936768,2.5,0.007365695856874706,adaptive,20260809-020528_postfix-e3-gaussian-finite-estimator-controls-20rep,128,0.4438529908657074,20308009,0.29644253849983215,0.8902354836463928,SUCCEEDED,right
False,finite,11,12,0.10017827153205872,0.0234375,0,logdet,fp32,5.333333492279053,3.5999999046325684,0.007365695856874706,adaptive,20260809-020528_postfix-e3-gaussian-finite-estimator-controls-20rep,128,0.4674990773200989,20308010,0.29448673129081726,0.8995593786239624,SUCCEEDED,right
False,finite,11,12,0.11375880986452103,0.03125,0,logdet,fp32,4.25,2.7142856121063232,0.007365695856874706,adaptive,20260809-020528_postfix-e3-gaussian-finite-estimator-controls-20rep,128,0.45107531547546387,20308011,0.29591602087020874,0.9007765054702759,SUCCEEDED,right
False,finite,11,12,0.09140843152999878,0.046875,0,logdet,fp32,2.6666667461395264,2.8333332538604736,0.007365695856874706,adaptive,20260809-020528_postfix-e3-gaussian-finite-estimator-controls-20rep,128,0.4094572067260742,20308012,0.29939743876457214,0.9044401049613953,SUCCEEDED,right
False,finite,11,12,0.09433669596910477,0.046875,0,logdet,fp32,2.6666667461395264,2.2857143878936768,0.007365695856874706,adaptive,20260809-020528_postfix-e3-gaussian-finite-estimator-controls-20rep,128,0.44237563014030457,20308013,0.29654014110565186,0.8899220824241638,SUCCEEDED,right
False,finite,11,12,0.10463276505470276,0.0390625,0,logdet,fp32,3.0,3.0,0.007365695856874706,adaptive,20260809-020528_postfix-e3-gaussian-finite-estimator-controls-20rep,128,0.4942893385887146,20308014,0.2920502722263336,0.8716256618499756,SUCCEEDED,right
False,finite,11,12,0.09489625692367554,0.03125,0,logdet,fp32,2.799999952316284,4.0,0.007365695856874706,adaptive,20260809-020528_postfix-e3-gaussian-finite-estimator-controls-20rep,128,0.49478602409362793,20308015,0.2920483946800232,0.8537667989730835,SUCCEEDED,right
False,finite,11,12,0.08987098187208176,0.046875,0,logdet,fp32,2.5,2.6666667461395264,0.007365695856874706,adaptive,20260809-020528_postfix-e3-gaussian-finite-estimator-controls-20rep,128,0.4744423031806946,20308016,0.293789267539978,0.8714515566825867,SUCCEEDED,right
False,finite,11,12,0.0983051136136055,0.0390625,0,logdet,fp32,3.0,3.0,0.007365695856874706,adaptive,20260809-020528_postfix-e3-gaussian-finite-estimator-controls-20rep,128,0.41862887144088745,20308017,0.2986779808998108,0.8997800350189209,SUCCEEDED,right
False,finite,11,12,0.09765984863042831,0.0546875,0,logdet,fp32,2.142857074737549,2.2857143878936768,0.007365695856874706,adaptive,20260809-020528_postfix-e3-gaussian-finite-estimator-controls-20rep,128,0.49982312321662903,20308018,0.29166528582572937,0.8714414238929749,SUCCEEDED,right
False,finite,11,12,0.09672091901302338,0.0234375,0,logdet,fp32,5.333333492279053,5.25,0.007365695856874706,adaptive,20260809-020528_postfix-e3-gaussian-finite-estimator-controls-20rep,128,0.4214175343513489,20308019,0.29834821820259094,0.8941564559936523,SUCCEEDED,right
False,finite,11,12,0.09436260163784027,0.03125,0,trace,fp32,3.75,2.8333332538604736,0.001,fixed,20260809-020528_postfix-e3-gaussian-finite-estimator-controls-20rep,128,0.4925527274608612,20309000,0.29071423411369324,0.8489269614219666,SUCCEEDED,right
False,finite,11,12,0.09812433272600174,0.046875,0,trace,fp32,2.0,2.6666667461395264,0.001,fixed,20260809-020528_postfix-e3-gaussian-finite-estimator-controls-20rep,128,0.46129491925239563,20309001,0.29365649819374084,0.8741676211357117,SUCCEEDED,right
False,finite,11,12,0.09592834860086441,0.03125,0,trace,fp32,3.200000047683716,4.0,0.001,fixed,20260809-020528_postfix-e3-gaussian-finite-estimator-controls-20rep,128,0.4173399806022644,20309002,0.2975166440010071,0.9054796695709229,SUCCEEDED,right
False,finite,11,12,0.0993775874376297,0.046875,0,trace,fp32,2.6666667461395264,2.142857074737549,0.001,fixed,20260809-020528_postfix-e3-gaussian-finite-estimator-controls-20rep,128,0.45584872364997864,20309003,0.2940634489059448,0.8741994500160217,SUCCEEDED,right
False,finite,11,12,0.08767688274383545,0.0390625,0,trace,fp32,2.799999952316284,2.25,0.001,fixed,20260809-020528_postfix-e3-gaussian-finite-estimator-controls-20rep,128,0.3802584409713745,20309004,0.30090177059173584,0.9054349660873413,SUCCEEDED,right
False,finite,11,12,0.09814849495887756,0.03125,0,trace,fp32,3.4000000953674316,4.25,0.001,fixed,20260809-020528_postfix-e3-gaussian-finite-estimator-controls-20rep,128,0.4777936041355133,20309005,0.2920213043689728,0.8740949034690857,SUCCEEDED,right
False,finite,11,12,0.10240069776773453,0.03125,0,trace,fp32,4.5,2.5,0.001,fixed,20260809-020528_postfix-e3-gaussian-finite-estimator-controls-20rep,128,0.453186571598053,20309006,0.29426631331443787,0.8779686093330383,SUCCEEDED,right
False,finite,11,12,0.09387972205877304,0.03125,0,trace,fp32,3.0,3.5,0.001,fixed,20260809-020528_postfix-e3-gaussian-finite-estimator-controls-20rep,128,0.4322606921195984,20309007,0.2962774932384491,0.8795244693756104,SUCCEEDED,right
False,finite,11,12,0.10166363418102264,0.03125,0,trace,fp32,4.25,3.0,0.001,fixed,20260809-020528_postfix-e3-gaussian-finite-estimator-controls-20rep,128,0.45088163018226624,20309008,0.2947467565536499,0.8679714798927307,SUCCEEDED,right
False,finite,11,12,0.08786317706108093,0.046875,0,trace,fp32,2.1666667461395264,1.875,0.001,fixed,20260809-020528_postfix-e3-gaussian-finite-estimator-controls-20rep,128,0.4253673851490021,20309009,0.29679059982299805,0.8635954260826111,SUCCEEDED,right
False,finite,11,12,0.09397761523723602,0.046875,0,trace,fp32,2.6666667461395264,2.1666667461395264,0.001,fixed,20260809-020528_postfix-e3-gaussian-finite-estimator-controls-20rep,128,0.4294147491455078,20309010,0.29644203186035156,0.8893253207206726,SUCCEEDED,right
False,finite,11,12,0.09742692857980728,0.0390625,0,trace,fp32,2.8333332538604736,3.200000047683716,0.001,fixed,20260809-020528_postfix-e3-gaussian-finite-estimator-controls-20rep,128,0.4367101192474365,20309011,0.2957555949687958,0.8594522476196289,SUCCEEDED,right
False,finite,11,12,0.09332380443811417,0.0390625,0,trace,fp32,2.5,3.5999999046325684,0.001,fixed,20260809-020528_postfix-e3-gaussian-finite-estimator-controls-20rep,128,0.4158073365688324,20309012,0.2976885437965393,0.8996289968490601,SUCCEEDED,right
False,finite,11,12,0.11209553480148315,0.03125,0,trace,fp32,4.75,2.4285714626312256,0.001,fixed,20260809-020528_postfix-e3-gaussian-finite-estimator-controls-20rep,128,0.5253481864929199,20309013,0.28772929310798645,0.8638157248497009,SUCCEEDED,right
False,finite,11,12,0.09624447673559189,0.046875,0,trace,fp32,2.5,2.8333332538604736,0.001,fixed,20260809-020528_postfix-e3-gaussian-finite-estimator-controls-20rep,128,0.4210553765296936,20309014,0.29718220233917236,0.8975207805633545,SUCCEEDED,right
False,finite,11,12,0.09431229531764984,0.046875,0,trace,fp32,2.5,2.6666667461395264,0.001,fixed,20260809-020528_postfix-e3-gaussian-finite-estimator-controls-20rep,128,0.39412280917167664,20309015,0.29966112971305847,0.9098073840141296,SUCCEEDED,right
False,finite,11,12,0.09777713567018509,0.0390625,0,trace,fp32,3.200000047683716,2.6666667461395264,0.001,fixed,20260809-020528_postfix-e3-gaussian-finite-estimator-controls-20rep,128,0.47741857171058655,20309016,0.29210165143013,0.8645060062408447,SUCCEEDED,right
False,finite,11,12,0.0979795753955841,0.03125,0,trace,fp32,4.25,2.6666667461395264,0.001,fixed,20260809-020528_postfix-e3-gaussian-finite-estimator-controls-20rep,128,0.4287105202674866,20309017,0.2966209650039673,0.8851475119590759,SUCCEEDED,right
False,finite,11,12,0.09758049249649048,0.015625,0,trace,fp32,8.0,4.5,0.001,fixed,20260809-020528_postfix-e3-gaussian-finite-estimator-controls-20rep,128,0.4066699147224426,20309018,0.2984858751296997,0.9123706817626953,SUCCEEDED,right
False,finite,11,12,0.088391974568367,0.046875,0,trace,fp32,1.8571428060531616,2.6666667461395264,0.001,fixed,20260809-020528_postfix-e3-gaussian-finite-estimator-controls-20rep,128,0.40183180570602417,20309019,0.29894569516181946,0.8918458819389343,SUCCEEDED,right
False,finite,11,12,0.09808446206469298,0.046875,0,trace,fp64,2.8333333333333335,2.6666666666666665,0.007365695637359869,adaptive,20260809-020528_postfix-e3-gaussian-finite-estimator-controls-20rep,128,0.46179904595474564,20310000,0.2934775718310161,0.8767349454807639,SUCCEEDED,right
False,finite,11,12,0.1005088917170843,0.046875,0,trace,fp64,3.0,2.5,0.007365695637359869,adaptive,20260809-020528_postfix-e3-gaussian-finite-estimator-controls-20rep,128,0.441863096617855,20310001,0.29546825336723703,0.8744816656832524,SUCCEEDED,right
False,finite,11,12,0.09584301981759394,0.0390625,0,trace,fp64,3.2,2.142857142857143,0.007365695637359869,adaptive,20260809-020528_postfix-e3-gaussian-finite-estimator-controls-20rep,128,0.43696437305222274,20310002,0.2957815389933278,0.8862544346452388,SUCCEEDED,right
False,finite,11,12,0.10252589794830798,0.046875,0,trace,fp64,2.7142857142857144,3.3333333333333335,0.007365695637359869,adaptive,20260809-020528_postfix-e3-gaussian-finite-estimator-controls-20rep,128,0.4466783438893713,20310003,0.29498875868900387,0.870408614323615,SUCCEEDED,right
False,finite,11,12,0.11624253186437385,0.046875,0,trace,fp64,3.0,2.3333333333333335,0.007365695637359869,adaptive,20260809-020528_postfix-e3-gaussian-finite-estimator-controls-20rep,128,0.49626768729109394,20310004,0.2903670471046808,0.8647624817429592,SUCCEEDED,right
False,finite,11,12,0.0976154845574433,0.0390625,0,trace,fp64,3.0,3.4,0.007365695637359869,adaptive,20260809-020528_postfix-e3-gaussian-finite-estimator-controls-20rep,128,0.40879472814319406,20310005,0.2983224981005798,0.9026951867128907,SUCCEEDED,right
False,finite,11,12,0.09702487317328846,0.046875,0,trace,fp64,2.8333333333333335,2.0,0.007365695637359869,adaptive,20260809-020528_postfix-e3-gaussian-finite-estimator-controls-20rep,128,0.45612577937446636,20310006,0.294053355954139,0.8738228641515906,SUCCEEDED,right
False,finite,11,12,0.10855592139391583,0.046875,0,trace,fp64,3.1666666666666665,2.8333333333333335,0.007365695637359869,adaptive,20260809-020528_postfix-e3-gaussian-finite-estimator-controls-20rep,128,0.4532233881257173,20310007,0.29426457306711135,0.8755265852925382,SUCCEEDED,right
False,finite,11,12,0.0949190266227544,0.046875,0,trace,fp64,2.3333333333333335,2.3333333333333335,0.007365695637359869,adaptive,20260809-020528_postfix-e3-gaussian-finite-estimator-controls-20rep,128,0.4452972270983849,20310008,0.29497582187736,0.8780989250723625,SUCCEEDED,right
False,finite,11,12,0.09831101666458732,0.03125,0,trace,fp64,3.4,3.75,0.007365695637359869,adaptive,20260809-020528_postfix-e3-gaussian-finite-estimator-controls-20rep,128,0.5251576294535434,20310009,0.2887084353227852,0.8204682550629432,SUCCEEDED,right
False,finite,11,12,0.09534780728045524,0.03125,0,trace,fp64,4.0,2.6666666666666665,0.007365695637359869,adaptive,20260809-020528_postfix-e3-gaussian-finite-estimator-controls-20rep,128,0.441491384429407,20310010,0.2953473656484193,0.8817525576245582,SUCCEEDED,right
False,finite,11,12,0.1004470242276693,0.046875,0,trace,fp64,3.1666666666666665,2.6666666666666665,0.007365695637359869,adaptive,20260809-020528_postfix-e3-gaussian-finite-estimator-controls-20rep,128,0.3905662880413175,20310011,0.2999550150008223,0.916155330087451,SUCCEEDED,right
False,finite,11,12,0.09946346778983393,0.0390625,0,trace,fp64,3.4,1.875,0.007365695637359869,adaptive,20260809-020528_postfix-e3-gaussian-finite-estimator-controls-20rep,128,0.4868368905062644,20310012,0.2912529092542869,0.8756230937293931,SUCCEEDED,right
False,finite,11,12,0.09800433185020027,0.03125,0,trace,fp64,3.4,4.25,0.007365695637359869,adaptive,20260809-020528_postfix-e3-gaussian-finite-estimator-controls-20rep,128,0.39577490718235686,20310013,0.29947511397073473,0.8979854477255445,SUCCEEDED,right
False,finite,11,12,0.09261122817084191,0.046875,0,trace,fp64,2.2857142857142856,2.1666666666666665,0.007365695637359869,adaptive,20260809-020528_postfix-e3-gaussian-finite-estimator-controls-20rep,128,0.4465823909284148,20310014,0.29485727211494367,0.8709498532380084,SUCCEEDED,right
False,finite,11,12,0.11720920658865376,0.0390625,0,trace,fp64,3.5,3.4,0.007365695637359869,adaptive,20260809-020528_postfix-e3-gaussian-finite-estimator-controls-20rep,128,0.4730738098465145,20310015,0.29245460660086064,0.8803514097233762,SUCCEEDED,right
False,finite,11,12,0.10251840188003243,0.0390625,0,trace,fp64,2.7142857142857144,3.2,0.007365695637359869,adaptive,20260809-020528_postfix-e3-gaussian-finite-estimator-controls-20rep,128,0.4253288065305419,20310016,0.29680635766375135,0.8955925501718411,SUCCEEDED,right
False,finite,11,12,0.09328988723210564,0.03125,0,trace,fp64,2.142857142857143,3.75,0.007365695637359869,adaptive,20260809-020528_postfix-e3-gaussian-finite-estimator-controls-20rep,128,0.4116212691689318,20310017,0.29806370032194845,0.8817820293713639,SUCCEEDED,right
False,finite,11,12,0.103812133188414,0.03125,0,trace,fp64,4.5,2.8333333333333335,0.007365695637359869,adaptive,20260809-020528_postfix-e3-gaussian-finite-estimator-controls-20rep,128,0.4365918992625088,20310018,0.29576998785729836,0.9026415353288942,SUCCEEDED,right
False,finite,11,12,0.0963136446072794,0.03125,0,trace,fp64,3.75,3.4,0.007365695637359869,adaptive,20260809-020528_postfix-e3-gaussian-finite-estimator-controls-20rep,128,0.48676255153924886,20310019,0.2912071355421734,0.8592703422119535,SUCCEEDED,right
False,finite,11,12,0.09159176135166942,0.046875,0,logdet,fp64,2.5,2.142857142857143,0.001,fixed,20260809-020528_postfix-e3-gaussian-finite-estimator-controls-20rep,128,0.4320722841533867,20311000,0.29740108416556965,0.8902149111504936,SUCCEEDED,right
False,finite,11,12,0.09470916005997768,0.046875,0,logdet,fp64,2.2857142857142856,2.3333333333333335,0.001,fixed,20260809-020528_postfix-e3-gaussian-finite-estimator-controls-20rep,128,0.38938612156625596,20311001,0.30113077536717286,0.9109263071539137,SUCCEEDED,right
False,finite,11,12,0.09107761721849125,0.0390625,0,logdet,fp64,2.5,3.2,0.001,fixed,20260809-020528_postfix-e3-gaussian-finite-estimator-controls-20rep,128,0.44445772200671363,20311002,0.2963190919505546,0.8770307562919385,SUCCEEDED,right
False,finite,11,12,0.10074104876176161,0.03125,0,logdet,fp64,2.8333333333333335,5.5,0.001,fixed,20260809-020528_postfix-e3-gaussian-finite-estimator-controls-20rep,128,0.4413198832485663,20311003,0.29675546478625975,0.8853576297817753,SUCCEEDED,right
False,finite,11,12,0.0938413934943317,0.03125,0,logdet,fp64,2.0,4.25,0.001,fixed,20260809-020528_postfix-e3-gaussian-finite-estimator-controls-20rep,128,0.4350013311638696,20311004,0.2972388789850547,0.8780818675878702,SUCCEEDED,right
False,finite,11,12,0.09477965284136852,0.0390625,0,logdet,fp64,2.2857142857142856,3.2,0.001,fixed,20260809-020528_postfix-e3-gaussian-finite-estimator-controls-20rep,128,0.41938433957092325,20311005,0.2984638683346663,0.885040778796471,SUCCEEDED,right
False,finite,11,11,0.09170666825849076,0.0390625,0,logdet,fp64,2.8,2.0,0.001,fixed,20260809-020528_postfix-e3-gaussian-finite-estimator-controls-20rep,128,0.4196299928900289,20311006,0.29846185728381197,0.8985628543986531,SUCCEEDED,right
False,finite,11,12,0.10291210271987232,0.046875,0,logdet,fp64,2.6666666666666665,2.8333333333333335,0.001,fixed,20260809-020528_postfix-e3-gaussian-finite-estimator-controls-20rep,128,0.44702864869418374,20311007,0.2961899473924461,0.896864258845224,SUCCEEDED,right
False,finite,11,12,0.09723957557286911,0.046875,0,logdet,fp64,2.6666666666666665,2.6666666666666665,0.001,fixed,20260809-020528_postfix-e3-gaussian-finite-estimator-controls-20rep,128,0.4932655714129255,20311008,0.2922746618284767,0.8599261496316815,SUCCEEDED,right
False,finite,11,12,0.10047472081357187,0.03125,0,logdet,fp64,3.75,3.6666666666666665,0.001,fixed,20260809-020528_postfix-e3-gaussian-finite-estimator-controls-20rep,128,0.47083656266925383,20311009,0.294528171972952,0.8680942611478971,SUCCEEDED,right
False,finite,11,12,0.11003548531079523,0.03125,0,logdet,fp64,4.5,2.6666666666666665,0.001,fixed,20260809-020528_postfix-e3-gaussian-finite-estimator-controls-20rep,128,0.4800640388482522,20311010,0.2933449185901166,0.8766676043128754,SUCCEEDED,right
False,finite,11,12,0.08884761217851665,0.0546875,0,logdet,fp64,1.75,2.142857142857143,0.001,fixed,20260809-020528_postfix-e3-gaussian-finite-estimator-controls-20rep,128,0.49755715763239583,20311011,0.29177942163230175,0.8599268472051368,SUCCEEDED,right
False,finite,11,12,0.09998694503028396,0.0390625,0,logdet,fp64,2.8333333333333335,3.4,0.001,fixed,20260809-020528_postfix-e3-gaussian-finite-estimator-controls-20rep,128,0.4319912245374158,20311012,0.29746757961063836,0.8982417572993128,SUCCEEDED,right
False,finite,11,12,0.12170976262847306,0.046875,0,logdet,fp64,3.1666666666666665,2.142857142857143,0.001,fixed,20260809-020528_postfix-e3-gaussian-finite-estimator-controls-20rep,128,0.5014559743696176,20311013,0.29166482299068713,0.8668810667742193,SUCCEEDED,right
False,finite,11,12,0.10609545412445477,0.0390625,0,logdet,fp64,3.4,3.0,0.001,fixed,20260809-020528_postfix-e3-gaussian-finite-estimator-controls-20rep,128,0.4403117917200768,20311014,0.296795271672848,0.8970027953618012,SUCCEEDED,right
False,finite,11,12,0.10009298511596916,0.03125,0,logdet,fp64,3.4,3.75,0.001,fixed,20260809-020528_postfix-e3-gaussian-finite-estimator-controls-20rep,128,0.4335341216906535,20311015,0.2973197071502339,0.8920934298591228,SUCCEEDED,right
False,finite,11,12,0.10189695507894228,0.03125,0,logdet,fp64,4.25,3.4,0.001,fixed,20260809-020528_postfix-e3-gaussian-finite-estimator-controls-20rep,128,0.48192869557831425,20311016,0.29318254463335003,0.8666134450876612,SUCCEEDED,right
False,finite,11,12,0.10156479930201283,0.03125,0,logdet,fp64,4.25,2.142857142857143,0.001,fixed,20260809-020528_postfix-e3-gaussian-finite-estimator-controls-20rep,128,0.49418868081920253,20311017,0.29220579652470385,0.8708534174674095,SUCCEEDED,right
False,finite,11,12,0.11221421220679462,0.015625,0,logdet,fp64,9.5,3.1666666666666665,0.001,fixed,20260809-020528_postfix-e3-gaussian-finite-estimator-controls-20rep,128,0.46858314932436684,20311018,0.29449617664712685,0.8713515389347267,SUCCEEDED,right
False,finite,11,12,0.1020807149410845,0.0234375,0,logdet,fp64,3.1666666666666665,5.333333333333333,0.001,fixed,20260809-020528_postfix-e3-gaussian-finite-estimator-controls-20rep,128,0.4809437426872618,20311019,0.29320825817863877,0.8791774519976517,SUCCEEDED,right
True,finite,11,11,0.07333854585886002,0.03753662109375,0,logdet,fp32,2.821606159210205,1.5970385074615479,0.006722365702659911,adaptive,20260809-020528_postfix-e3-gaussian-finite-estimator-controls-20rep,128,0.3352831304073334,20312000,0.30579516291618347,0.92873615026474,SUCCEEDED,right
True,finite,11,11,0.09337599575519562,0.0302734375,0,logdet,fp32,3.8923935890197754,3.0241148471832275,0.0066877493105978,adaptive,20260809-020528_postfix-e3-gaussian-finite-estimator-controls-20rep,128,0.36992138624191284,20312001,0.3028179109096527,0.918861448764801,SUCCEEDED,right
True,finite,11,11,0.08686774224042892,0.044677734375,0,logdet,fp32,2.678889751434326,2.518880844116211,0.006700787174766841,adaptive,20260809-020528_postfix-e3-gaussian-finite-estimator-controls-20rep,128,0.36995214223861694,20312002,0.3028145134449005,0.9130356311798096,SUCCEEDED,right
True,finite,11,11,0.07612793147563934,0.044677734375,0,logdet,fp32,1.9525010585784912,2.364659309387207,0.006721467447951023,adaptive,20260809-020528_postfix-e3-gaussian-finite-estimator-controls-20rep,128,0.31813663244247437,20312003,0.3072949945926666,0.9381368160247803,SUCCEEDED,right
True,finite,11,11,0.0845407098531723,0.03753662109375,0,logdet,fp32,2.0575995445251465,2.8715646266937256,0.006712475681239027,adaptive,20260809-020528_postfix-e3-gaussian-finite-estimator-controls-20rep,128,0.37456393241882324,20312004,0.3023294508457184,0.9060887694358826,SUCCEEDED,right
True,finite,11,10,0.0774664580821991,0.03753662109375,0,logdet,fp32,1.823325276374817,3.1333117485046387,0.006709328497035377,adaptive,20260809-020528_postfix-e3-gaussian-finite-estimator-controls-20rep,128,0.32190272212028503,20312005,0.3069537878036499,0.9319896697998047,SUCCEEDED,right
True,finite,11,11,0.07879167050123215,0.05169677734375,0,logdet,fp32,2.214714765548706,2.1428580284118652,0.006709778282934329,adaptive,20260809-020528_postfix-e3-gaussian-finite-estimator-controls-20rep,128,0.36861759424209595,20312006,0.3028578460216522,0.912029504776001,SUCCEEDED,right
True,finite,11,11,0.08892934024333954,0.03753662109375,0,logdet,fp32,2.0820350646972656,3.1257243156433105,0.006708429583781981,adaptive,20260809-020528_postfix-e3-gaussian-finite-estimator-controls-20rep,128,0.3649202287197113,20312007,0.30321672558784485,0.9161120057106018,SUCCEEDED,right
True,finite,11,11,0.07062489539384842,0.02288818359375,0,logdet,fp32,2.892364740371704,5.020458221435547,0.0066855016981920545,adaptive,20260809-020528_postfix-e3-gaussian-finite-estimator-controls-20rep,128,0.35408976674079895,20312008,0.3040514886379242,0.9070695638656616,SUCCEEDED,right
True,finite,11,11,0.08526349067687988,0.044677734375,0,logdet,fp32,2.333332061767578,2.1536502838134766,0.006717421350493977,adaptive,20260809-020528_postfix-e3-gaussian-finite-estimator-controls-20rep,128,0.38934722542762756,20312009,0.3011223077774048,0.9122909307479858,SUCCEEDED,right
True,finite,11,11,0.0857597216963768,0.044677734375,0,logdet,fp32,2.9990804195404053,2.3260223865509033,0.006694942592258495,adaptive,20260809-020528_postfix-e3-gaussian-finite-estimator-controls-20rep,128,0.35417628288269043,20312010,0.30418190360069275,0.9256663918495178,SUCCEEDED,right
True,finite,11,11,0.07365639507770538,0.044677734375,0,logdet,fp32,2.2556064128875732,2.4717025756835938,0.006706181312831728,adaptive,20260809-020528_postfix-e3-gaussian-finite-estimator-controls-20rep,128,0.309346079826355,20312011,0.308055579662323,0.9394052028656006,SUCCEEDED,right
True,finite,11,11,0.06040770933032036,0.05169677734375,0,logdet,fp32,1.8070433139801025,2.2510972023010254,0.006726411800116957,adaptive,20260809-020528_postfix-e3-gaussian-finite-estimator-controls-20rep,128,0.28421154618263245,20312012,0.3101889193058014,0.9402328133583069,SUCCEEDED,right
True,finite,11,11,0.08222593367099762,0.03753662109375,0,logdet,fp32,2.5919315814971924,3.34464693069458,0.006687300183243356,adaptive,20260809-020528_postfix-e3-gaussian-finite-estimator-controls-20rep,128,0.3374393582344055,20312013,0.3056310713291168,0.9283257126808167,SUCCEEDED,right
True,finite,11,11,0.09927928447723389,0.03753662109375,0,logdet,fp32,4.089449405670166,3.0746283531188965,0.006654032490333592,adaptive,20260809-020528_postfix-e3-gaussian-finite-estimator-controls-20rep,128,0.34104883670806885,20312014,0.3054475784301758,0.9401857852935791,SUCCEEDED,right
True,finite,11,11,0.09971284121274948,0.02288818359375,0,logdet,fp32,4.323735237121582,5.191925048828125,0.006658527715145082,adaptive,20260809-020528_postfix-e3-gaussian-finite-estimator-controls-20rep,128,0.40147870779037476,20312015,0.30010512471199036,0.9056236743927002,SUCCEEDED,right
True,finite,11,11,0.08165420591831207,0.044677734375,0,logdet,fp32,2.0452003479003906,2.7670907974243164,0.006708429583781981,adaptive,20260809-020528_postfix-e3-gaussian-finite-estimator-controls-20rep,128,0.3235589861869812,20312016,0.30686646699905396,0.9363269209861755,SUCCEEDED,right
True,finite,11,11,0.07133343815803528,0.0302734375,0,logdet,fp32,1.4250867366790771,3.7088582515716553,0.006720567876153118,adaptive,20260809-020528_postfix-e3-gaussian-finite-estimator-controls-20rep,128,0.31566911935806274,20312017,0.30747106671333313,0.9246616363525391,SUCCEEDED,right
True,finite,11,11,0.09151462465524673,0.02288818359375,0,logdet,fp32,2.2631847858428955,5.641907215118408,0.006688199096496751,adaptive,20260809-020528_postfix-e3-gaussian-finite-estimator-controls-20rep,128,0.40661147236824036,20312018,0.2996661365032196,0.9118058681488037,SUCCEEDED,right
True,finite,11,11,0.08907350152730942,0.044677734375,0,logdet,fp32,2.2713587284088135,2.230450391769409,0.006715622206898168,adaptive,20260809-020528_postfix-e3-gaussian-finite-estimator-controls-20rep,128,0.3846525251865387,20312019,0.3015317916870117,0.9135291576385498,SUCCEEDED,right
True,finite,11,11,0.08441717177629471,0.03753662109375,0,logdet,fp32,2.106293201446533,3.130084753036499,0.001,fixed,20260809-020528_postfix-e3-gaussian-finite-estimator-controls-20rep,128,0.31376326084136963,20313000,0.30767926573753357,0.9341357946395874,SUCCEEDED,right
True,finite,11,11,0.07803303003311157,0.044677734375,0,logdet,fp32,2.32490873336792,2.0940098762512207,0.001,fixed,20260809-020528_postfix-e3-gaussian-finite-estimator-controls-20rep,128,0.33325642347335815,20313001,0.3059902489185333,0.9277355074882507,SUCCEEDED,right
True,finite,11,11,0.06940434873104095,0.05169677734375,0,logdet,fp32,1.8183307647705078,2.8660695552825928,0.001,fixed,20260809-020528_postfix-e3-gaussian-finite-estimator-controls-20rep,128,0.3023129105567932,20313002,0.3086378276348114,0.93691486120224,SUCCEEDED,right
True,finite,11,11,0.08613487333059311,0.03753662109375,0,logdet,fp32,3.0794012546539307,2.80839467048645,0.001,fixed,20260809-020528_postfix-e3-gaussian-finite-estimator-controls-20rep,128,0.3567905128002167,20313003,0.30402517318725586,0.9307860732078552,SUCCEEDED,right
True,finite,11,11,0.08878409117460251,0.05169677734375,0,logdet,fp32,2.1963143348693848,2.43595552444458,0.001,fixed,20260809-020528_postfix-e3-gaussian-finite-estimator-controls-20rep,128,0.4019412398338318,20313004,0.29999634623527527,0.9034972786903381,SUCCEEDED,right
True,finite,11,11,0.0840492844581604,0.03753662109375,0,logdet,fp32,2.8713321685791016,3.321664571762085,0.001,fixed,20260809-020528_postfix-e3-gaussian-finite-estimator-controls-20rep,128,0.4247221350669861,20313005,0.2979496717453003,0.8807885646820068,SUCCEEDED,right
True,finite,11,10,0.08159628510475159,0.044677734375,0,logdet,fp32,2.610975742340088,2.8174686431884766,0.001,fixed,20260809-020528_postfix-e3-gaussian-finite-estimator-controls-20rep,128,0.381357342004776,20313006,0.30180010199546814,0.9208366870880127,SUCCEEDED,right
True,finite,11,11,0.07365933805704117,0.03753662109375,0,logdet,fp32,2.261815071105957,2.8986172676086426,0.001,fixed,20260809-020528_postfix-e3-gaussian-finite-estimator-controls-20rep,128,0.3940480351448059,20313007,0.3005901277065277,0.8946937918663025,SUCCEEDED,right
True,finite,11,11,0.09976036846637726,0.0302734375,0,logdet,fp32,3.2500417232513428,3.9120771884918213,0.001,fixed,20260809-020528_postfix-e3-gaussian-finite-estimator-controls-20rep,128,0.38578733801841736,20313008,0.30146071314811707,0.9159131646156311,SUCCEEDED,right
True,finite,11,11,0.07948485761880875,0.044677734375,0,logdet,fp32,2.280228853225708,2.4358956813812256,0.001,fixed,20260809-020528_postfix-e3-gaussian-finite-estimator-controls-20rep,128,0.32067233324050903,20313009,0.3070842921733856,0.9345073699951172,SUCCEEDED,right
True,finite,11,11,0.09369108825922012,0.0302734375,0,logdet,fp32,2.368431568145752,4.062184810638428,0.001,fixed,20260809-020528_postfix-e3-gaussian-finite-estimator-controls-20rep,128,0.36272239685058594,20313010,0.3034384846687317,0.913886308670044,SUCCEEDED,right
True,finite,11,11,0.09007847309112549,0.044677734375,0,logdet,fp32,2.556795835494995,2.529015064239502,0.001,fixed,20260809-020528_postfix-e3-gaussian-finite-estimator-controls-20rep,128,0.3832201659679413,20313011,0.3016398847103119,0.9141477346420288,SUCCEEDED,right
True,finite,11,11,0.06573033332824707,0.0302734375,0,logdet,fp32,2.8172898292541504,3.9132423400878906,0.001,fixed,20260809-020528_postfix-e3-gaussian-finite-estimator-controls-20rep,128,0.3187519907951355,20313012,0.30718591809272766,0.9311735033988953,SUCCEEDED,right
True,finite,11,11,0.07394644618034363,0.044677734375,0,logdet,fp32,2.142857789993286,2.3565070629119873,0.001,fixed,20260809-020528_postfix-e3-gaussian-finite-estimator-controls-20rep,128,0.3617459535598755,20313013,0.3034670650959015,0.9190593361854553,SUCCEEDED,right
True,finite,11,11,0.08268937468528748,0.044677734375,0,logdet,fp32,2.363293409347534,2.216053009033203,0.001,fixed,20260809-020528_postfix-e3-gaussian-finite-estimator-controls-20rep,128,0.31382662057876587,20313014,0.30770549178123474,0.9370374083518982,SUCCEEDED,right
True,finite,11,11,0.08964566141366959,0.0302734375,0,logdet,fp32,4.3076300621032715,2.6281797885894775,0.001,fixed,20260809-020528_postfix-e3-gaussian-finite-estimator-controls-20rep,128,0.4394407868385315,20313015,0.2967202365398407,0.8842761516571045,SUCCEEDED,right
True,finite,11,11,0.08143635839223862,0.044677734375,0,logdet,fp32,2.06443452835083,2.637118101119995,0.001,fixed,20260809-020528_postfix-e3-gaussian-finite-estimator-controls-20rep,128,0.3582056164741516,20313016,0.30383142828941345,0.9238913059234619,SUCCEEDED,right
True,finite,11,11,0.08536148816347122,0.03753662109375,0,logdet,fp32,3.2605175971984863,2.4955310821533203,0.001,fixed,20260809-020528_postfix-e3-gaussian-finite-estimator-controls-20rep,128,0.3715309202671051,20313017,0.30263060331344604,0.9111104607582092,SUCCEEDED,right
True,finite,11,11,0.07653849571943283,0.03753662109375,0,logdet,fp32,2.4575328826904297,3.0082767009735107,0.001,fixed,20260809-020528_postfix-e3-gaussian-finite-estimator-controls-20rep,128,0.3469201922416687,20313018,0.30473434925079346,0.9164953827857971,SUCCEEDED,right
True,finite,11,11,0.08733241260051727,0.044677734375,0,logdet,fp32,2.541926145553589,2.7251107692718506,0.001,fixed,20260809-020528_postfix-e3-gaussian-finite-estimator-controls-20rep,128,0.4141708314418793,20313019,0.2989147901535034,0.893151044845581,SUCCEEDED,right
True,finite,11,11,0.08433000873962448,0.03753662109375,0,logdet,fp64,2.621933800124332,3.0065918875123576,0.0067025852207884705,adaptive,20260809-020528_postfix-e3-gaussian-finite-estimator-controls-20rep,128,0.3650794353841314,20314000,0.3031293467172691,0.9014383682662281,SUCCEEDED,right
True,finite,11,11,0.0833924789397768,0.03753662109375,0,logdet,fp64,2.7683609498165542,2.700067209553562,0.006688199096496751,adaptive,20260809-020528_postfix-e3-gaussian-finite-estimator-controls-20rep,128,0.37253711969599573,20314001,0.3026519483255379,0.927757091568769,SUCCEEDED,right
True,finite,11,11,0.07795336363460387,0.0302734375,0,logdet,fp64,3.0244304493900076,3.9069050355387245,0.006686400830960286,adaptive,20260809-020528_postfix-e3-gaussian-finite-estimator-controls-20rep,128,0.36035073087972647,20314002,0.30356981560462276,0.9168712073010717,SUCCEEDED,right
True,finite,11,11,0.072003232624316,0.03753662109375,0,logdet,fp64,3.333276550407877,2.609959108713795,0.006688199096496751,adaptive,20260809-020528_postfix-e3-gaussian-finite-estimator-controls-20rep,128,0.33213310237998184,20314003,0.3060277199808689,0.9193148566371502,SUCCEEDED,right
True,finite,11,11,0.07343756685008841,0.05169677734375,0,logdet,fp64,1.810927057678178,2.2148527440281263,0.00672146700892135,adaptive,20260809-020528_postfix-e3-gaussian-finite-estimator-controls-20rep,128,0.3340989179418764,20314004,0.305879304749851,0.9296263779069579,SUCCEEDED,right
True,finite,11,11,0.08530486782987905,0.02288818359375,0,logdet,fp64,2.1428571428571432,5.146545391787515,0.006690446928417332,adaptive,20260809-020528_postfix-e3-gaussian-finite-estimator-controls-20rep,128,0.3679687233827414,20314005,0.30295509474346854,0.9172839626150427,SUCCEEDED,right
True,finite,11,11,0.08056976750437418,0.05169677734375,0,logdet,fp64,2.0374836044700784,1.8088489927849027,0.0067273113719148615,adaptive,20260809-020528_postfix-e3-gaussian-finite-estimator-controls-20rep,128,0.40957703280870694,20314006,0.29928175994109696,0.8968108695213104,SUCCEEDED,right
True,finite,11,11,0.08252867048389453,0.0302734375,0,logdet,fp64,3.1444961893827488,3.4976890758978865,0.0066944930258743774,adaptive,20260809-020528_postfix-e3-gaussian-finite-estimator-controls-20rep,128,0.33343942138460003,20314007,0.3059639882014804,0.926243867228169,SUCCEEDED,right
True,finite,11,11,0.08659464119359792,0.05169677734375,0,logdet,fp64,2.3397476011073715,1.9999999999999996,0.006706181751861401,adaptive,20260809-020528_postfix-e3-gaussian-finite-estimator-controls-20rep,128,0.37235126171264166,20314008,0.30261651409932533,0.9196440685861821,SUCCEEDED,right
True,finite,11,11,0.08870491062454265,0.044677734375,0,logdet,fp64,2.9045270139630484,2.8073743291608357,0.00668370343265559,adaptive,20260809-020528_postfix-e3-gaussian-finite-estimator-controls-20rep,128,0.37765225587130236,20314009,0.3021019768293658,0.910241390412871,SUCCEEDED,right
True,finite,11,11,0.09573495278542872,0.03753662109375,0,logdet,fp64,3.4347998292353528,2.0000000000000004,0.006704833052709052,adaptive,20260809-020528_postfix-e3-gaussian-finite-estimator-controls-20rep,128,0.39828280803090077,20314010,0.3003205840131461,0.9034892160321963,SUCCEEDED,right
True,finite,11,11,0.08226791376415497,0.03753662109375,0,logdet,fp64,3.103985211540245,2.7246350341946526,0.006696291291410843,adaptive,20260809-020528_postfix-e3-gaussian-finite-estimator-controls-20rep,128,0.3650871679775554,20314011,0.303206817762156,0.9213563081538333,SUCCEEDED,right
True,finite,11,11,0.07431487636937079,0.03753662109375,0,logdet,fp64,2.8874122353562153,3.311402542157077,0.006689098229264983,adaptive,20260809-020528_postfix-e3-gaussian-finite-estimator-controls-20rep,128,0.3244010963552107,20314012,0.30669939368254107,0.9231355312875109,SUCCEEDED,right
True,finite,11,10,0.08767148791929492,0.03753662109375,0,logdet,fp64,3.605123492489668,2.3247086285957748,0.00668595126457617,adaptive,20260809-020528_postfix-e3-gaussian-finite-estimator-controls-20rep,128,0.34055730474718815,20314013,0.3053908204353983,0.9322958575885568,SUCCEEDED,right
True,finite,11,11,0.07383438207577021,0.044677734375,0,logdet,fp64,2.3289851347294364,2.849682052620167,0.006689098229264983,adaptive,20260809-020528_postfix-e3-gaussian-finite-estimator-controls-20rep,128,0.27718616950872665,20314014,0.31086039526330755,0.9424059441287382,SUCCEEDED,right
True,finite,11,11,0.07758824380183826,0.05859375,0,logdet,fp64,1.5000000000000009,1.823913416611091,0.006733155734908371,adaptive,20260809-020528_postfix-e3-gaussian-finite-estimator-controls-20rep,128,0.40772505942024734,20314015,0.29939794286517624,0.885601491089114,SUCCEEDED,right
True,finite,11,11,0.07915954515133221,0.03753662109375,0,logdet,fp64,2.5798362078653296,2.896791354678054,0.006695841725026726,adaptive,20260809-020528_postfix-e3-gaussian-finite-estimator-controls-20rep,128,0.375375518377677,20314016,0.30226381184321505,0.9035497283395373,SUCCEEDED,right
True,finite,11,11,0.0889744311455683,0.03753662109375,0,logdet,fp64,3.424992972675928,2.191315288809672,0.006696740857794961,adaptive,20260809-020528_postfix-e3-gaussian-finite-estimator-controls-20rep,128,0.3476036808244624,20314017,0.3047767502834866,0.9302204959223581,SUCCEEDED,right
True,finite,11,11,0.08203780522091089,0.0302734375,0,logdet,fp64,3.710289566616641,2.895286954295785,0.006685052131807939,adaptive,20260809-020528_postfix-e3-gaussian-finite-estimator-controls-20rep,128,0.3726875467244505,20314018,0.30253691194087745,0.9162286459405234,SUCCEEDED,right
True,finite,11,11,0.06910822720120381,0.05169677734375,0,logdet,fp64,2.031114851256241,2.5957712949979586,0.006709778282934329,adaptive,20260809-020528_postfix-e3-gaussian-finite-estimator-controls-20rep,128,0.3252532539355247,20314019,0.3065883924292639,0.9196197150201919,SUCCEEDED,right
True,finite,11,11,0.09468553788346246,0.03753662109375,0,trace,fp64,3.1732385365649054,2.3208353903396404,0.001,fixed,20260809-020528_postfix-e3-gaussian-finite-estimator-controls-20rep,128,0.30670343548477097,20315000,0.30757241495592996,0.9380614302975137,SUCCEEDED,right
True,finite,11,11,0.07657296328464998,0.02288818359375,0,trace,fp64,5.695061517564511,2.660273435861078,0.001,fixed,20260809-020528_postfix-e3-gaussian-finite-estimator-controls-20rep,128,0.2974885853693671,20315001,0.30841012860278477,0.9324379787227887,SUCCEEDED,right
True,finite,11,11,0.08893962125010647,0.03753662109375,0,trace,fp64,2.890439441604659,2.1993308374107228,0.001,fixed,20260809-020528_postfix-e3-gaussian-finite-estimator-controls-20rep,128,0.34735265986578073,20315002,0.30387703092129265,0.9262528138651469,SUCCEEDED,right
True,finite,11,11,0.07655255017920362,0.05859375,0,trace,fp64,1.6906061564628945,1.922067120803245,0.001,fixed,20260809-020528_postfix-e3-gaussian-finite-estimator-controls-20rep,128,0.3816899401468492,20315003,0.30075545998665015,0.8999745000873421,SUCCEEDED,right
True,finite,11,11,0.08597720163323468,0.044677734375,0,trace,fp64,2.23176759767475,2.4363843400053167,0.001,fixed,20260809-020528_postfix-e3-gaussian-finite-estimator-controls-20rep,128,0.4083004436472457,20315004,0.29833632330479587,0.8925159886702683,SUCCEEDED,right
True,finite,11,11,0.0675285214251905,0.05169677734375,0,trace,fp64,1.8910092970110857,1.7499999999999996,0.001,fixed,20260809-020528_postfix-e3-gaussian-finite-estimator-controls-20rep,128,0.34340330786452616,20315005,0.3042360629214067,0.9070575508324541,SUCCEEDED,right
True,finite,11,11,0.07797753910629532,0.0302734375,0,trace,fp64,2.163421767261529,4.174831373777909,0.001,fixed,20260809-020528_postfix-e3-gaussian-finite-estimator-controls-20rep,128,0.33915647384607395,20315006,0.30462213874126604,0.9287089993547788,SUCCEEDED,right
True,finite,11,11,0.08922877363538853,0.03753662109375,0,trace,fp64,3.029460388023321,3.1828973154168225,0.001,fixed,20260809-020528_postfix-e3-gaussian-finite-estimator-controls-20rep,128,0.3726125675678785,20315007,0.30158067567564745,0.9156149131169916,SUCCEEDED,right
True,finite,11,11,0.07653356461385033,0.02288818359375,0,trace,fp64,3.0041707758139182,5.180053019368822,0.001,fixed,20260809-020528_postfix-e3-gaussian-finite-estimator-controls-20rep,128,0.36728569645708864,20315008,0.30206493668571927,0.9035459854758598,SUCCEEDED,right
True,finite,11,11,0.09052349735084748,0.05859375,0,trace,fp64,2.0820350989704894,2.1252049171330074,0.001,fixed,20260809-020528_postfix-e3-gaussian-finite-estimator-controls-20rep,128,0.35432404190639716,20315009,0.3032432689176003,0.9157183264627481,SUCCEEDED,right
True,finite,11,11,0.08442095145811306,0.03753662109375,0,trace,fp64,2.5815729380838914,3.3093616214021155,0.001,fixed,20260809-020528_postfix-e3-gaussian-finite-estimator-controls-20rep,128,0.3809333175757886,20315010,0.30082424385674655,0.9085663690331256,SUCCEEDED,right
True,finite,11,11,0.09360701898679884,0.044677734375,0,trace,fp64,2.499999999999998,2.027296145599345,0.001,fixed,20260809-020528_postfix-e3-gaussian-finite-estimator-controls-20rep,128,0.40069632895781954,20315011,0.29902760645838006,0.896001722201715,SUCCEEDED,right
True,finite,11,11,0.08355130496881764,0.044677734375,0,trace,fp64,2.787535683586308,3.0256282446425575,0.001,fixed,20260809-020528_postfix-e3-gaussian-finite-estimator-controls-20rep,128,0.338796026485493,20315012,0.304654906683137,0.9279942404125507,SUCCEEDED,right
True,finite,11,11,0.08142302176217743,0.03753662109375,0,trace,fp64,2.7642096926503674,2.3896670404254223,0.001,fixed,20260809-020528_postfix-e3-gaussian-finite-estimator-controls-20rep,128,0.333504535714913,20315013,0.3051359512986443,0.9202849437479262,SUCCEEDED,right
True,finite,11,11,0.07883562819244103,0.044677734375,0,trace,fp64,1.922908656894933,2.3449480612862876,0.001,fixed,20260809-020528_postfix-e3-gaussian-finite-estimator-controls-20rep,128,0.3187380362789315,20315014,0.30647836033827897,0.936991334311848,SUCCEEDED,right
True,finite,11,11,0.09157628507203197,0.03753662109375,0,trace,fp64,2.9928201584805327,1.848842283945042,0.001,fixed,20260809-020528_postfix-e3-gaussian-finite-estimator-controls-20rep,128,0.459255085920012,20315015,0.29370408309818075,0.8664446351595565,SUCCEEDED,right
True,finite,11,11,0.08015076082534102,0.0302734375,0,trace,fp64,2.2358156437924004,3.7273770629243934,0.001,fixed,20260809-020528_postfix-e3-gaussian-finite-estimator-controls-20rep,128,0.3067362041250886,20315016,0.3075694359886283,0.9349396270709708,SUCCEEDED,right
True,finite,11,11,0.08581245536526741,0.03753662109375,0,trace,fp64,3.141021712841011,2.639744454311655,0.001,fixed,20260809-020528_postfix-e3-gaussian-finite-estimator-controls-20rep,128,0.38101009388594853,20315017,0.3008172641921865,0.895490353036385,SUCCEEDED,right
True,finite,11,11,0.07022945712853067,0.02288818359375,0,trace,fp64,4.295580985641391,2.499999999999999,0.001,fixed,20260809-020528_postfix-e3-gaussian-finite-estimator-controls-20rep,128,0.3429553752601811,20315018,0.3042767840672563,0.9129757941608111,SUCCEEDED,right
True,finite,11,11,0.0707484451234009,0.044677734375,0,trace,fp64,2.261582546134128,2.3761159189908576,0.001,fixed,20260809-020528_postfix-e3-gaussian-finite-estimator-controls-20rep,128,0.34195007325394766,20315019,0.3043681751587321,0.91360599218027,SUCCEEDED,right
False,finite,11,12,0.9926759004592896,0.0703125,0,trace,fp32,1.4166666269302368,1.4722222089767456,0.003682847928437353,adaptive,20260809-020528_postfix-e3-gaussian-finite-estimator-controls-20rep,512,4.713130950927734,20316000,0.09259633719921112,0.3686200976371765,SUCCEEDED,dual_posthoc
False,finite,11,12,0.9926760196685791,0.05859375,0,trace,fp32,1.7000000476837158,1.454545497894287,0.003682847928437353,adaptive,20260809-020528_postfix-e3-gaussian-finite-estimator-controls-20rep,512,4.621819496154785,20316001,0.08627546578645706,0.38696548342704773,SUCCEEDED,dual_posthoc
False,finite,11,12,0.9926762580871582,0.056640625,0,trace,fp32,1.7333333492279053,1.862069010734558,0.003682847928437353,adaptive,20260809-020528_postfix-e3-gaussian-finite-estimator-controls-20rep,512,4.905570983886719,20316002,0.10648948699235916,0.6094431281089783,SUCCEEDED,dual_posthoc
False,finite,11,12,0.9926766157150269,0.0625,0,trace,fp32,1.71875,1.59375,0.003682847928437353,adaptive,20260809-020528_postfix-e3-gaussian-finite-estimator-controls-20rep,512,4.784529209136963,20316003,0.09667033702135086,0.4758601188659668,SUCCEEDED,dual_posthoc
False,finite,11,12,0.9926756620407104,0.06640625,0,trace,fp32,1.3611111640930176,1.5,0.003682847928437353,adaptive,20260809-020528_postfix-e3-gaussian-finite-estimator-controls-20rep,512,4.955184459686279,20316004,0.11137355118989944,0.550780177116394,SUCCEEDED,dual_posthoc
False,finite,11,12,0.9926761388778687,0.068359375,0,trace,fp32,1.514285683631897,1.5555555820465088,0.003682847928437353,adaptive,20260809-020528_postfix-e3-gaussian-finite-estimator-controls-20rep,512,4.911865711212158,20316005,0.1082538589835167,0.5503678321838379,SUCCEEDED,dual_posthoc
False,finite,11,12,0.9926760196685791,0.064453125,0,trace,fp32,1.6060606241226196,1.5,0.003682847928437353,adaptive,20260809-020528_postfix-e3-gaussian-finite-estimator-controls-20rep,512,4.951898097991943,20316006,0.11397916823625565,0.5394856333732605,SUCCEEDED,dual_posthoc
False,finite,11,12,0.992676854133606,0.064453125,0,trace,fp32,1.6666666269302368,1.485714316368103,0.003682847928437353,adaptive,20260809-020528_postfix-e3-gaussian-finite-estimator-controls-20rep,512,4.82159948348999,20316007,0.1001652181148529,0.4183077812194824,SUCCEEDED,dual_posthoc
False,finite,11,12,0.9926751852035522,0.060546875,0,trace,fp32,1.7096774578094482,1.3055555820465088,0.003682847928437353,adaptive,20260809-020528_postfix-e3-gaussian-finite-estimator-controls-20rep,512,4.949466705322266,20316008,0.11235623806715012,0.45992791652679443,SUCCEEDED,dual_posthoc
False,finite,11,12,0.9926782846450806,0.0546875,0,trace,fp32,1.6470588445663452,1.9642857313156128,0.003682847928437353,adaptive,20260809-020528_postfix-e3-gaussian-finite-estimator-controls-20rep,512,4.972814083099365,20316009,0.11495553702116013,0.5349254012107849,SUCCEEDED,dual_posthoc
False,finite,11,12,0.9926770925521851,0.05859375,0,trace,fp32,1.899999976158142,1.774193525314331,0.003682847928437353,adaptive,20260809-020528_postfix-e3-gaussian-finite-estimator-controls-20rep,512,5.135063171386719,20316010,0.12855304777622223,0.5748353600502014,SUCCEEDED,dual_posthoc
False,finite,11,12,0.9926787614822388,0.0546875,0,trace,fp32,1.84375,2.0,0.003682847928437353,adaptive,20260809-020528_postfix-e3-gaussian-finite-estimator-controls-20rep,512,4.819308280944824,20316011,0.09981844574213028,0.4335308074951172,SUCCEEDED,dual_posthoc
False,finite,11,12,0.9926797151565552,0.06640625,0,trace,fp32,1.8823529481887817,1.9428571462631226,0.003682847928437353,adaptive,20260809-020528_postfix-e3-gaussian-finite-estimator-controls-20rep,512,4.98850679397583,20316012,0.11594360321760178,0.4654349088668823,SUCCEEDED,dual_posthoc
False,finite,11,12,0.9926755428314209,0.060546875,0,trace,fp32,1.454545497894287,1.9032257795333862,0.003682847928437353,adaptive,20260809-020528_postfix-e3-gaussian-finite-estimator-controls-20rep,512,4.321948051452637,20316013,0.07496290653944016,0.31238001585006714,SUCCEEDED,dual_posthoc
False,finite,11,12,0.9926762580871582,0.06640625,0,trace,fp32,1.5,1.7058823108673096,0.003682847928437353,adaptive,20260809-020528_postfix-e3-gaussian-finite-estimator-controls-20rep,512,4.538542747497559,20316014,0.07562635093927383,0.2909897267818451,SUCCEEDED,dual_posthoc
False,finite,11,12,0.9926760196685791,0.06640625,0,trace,fp32,1.6764706373214722,1.4864864349365234,0.003682847928437353,adaptive,20260809-020528_postfix-e3-gaussian-finite-estimator-controls-20rep,512,4.807703018188477,20316015,0.09837108105421066,0.43295201659202576,SUCCEEDED,dual_posthoc
False,finite,11,12,0.9926818013191223,0.037109375,0,trace,fp32,2.319999933242798,3.0526316165924072,0.003682847928437353,adaptive,20260809-020528_postfix-e3-gaussian-finite-estimator-controls-20rep,512,4.57841682434082,20316016,0.08683858066797256,0.3124043643474579,SUCCEEDED,dual_posthoc
False,finite,11,12,0.9926772117614746,0.056640625,0,trace,fp32,1.862069010734558,1.8275861740112305,0.003682847928437353,adaptive,20260809-020528_postfix-e3-gaussian-finite-estimator-controls-20rep,512,4.532825946807861,20316017,0.07631713151931763,0.26096197962760925,SUCCEEDED,dual_posthoc
False,finite,11,12,0.9926764965057373,0.056640625,0,trace,fp32,1.862069010734558,1.6875,0.003682847928437353,adaptive,20260809-020528_postfix-e3-gaussian-finite-estimator-controls-20rep,512,4.7877607345581055,20316018,0.09865867346525192,0.41044169664382935,SUCCEEDED,dual_posthoc
False,finite,11,12,0.9926773309707642,0.048828125,0,trace,fp32,1.71875,2.119999885559082,0.003682847928437353,adaptive,20260809-020528_postfix-e3-gaussian-finite-estimator-controls-20rep,512,4.877691268920898,20316019,0.10526496917009354,0.4215065836906433,SUCCEEDED,dual_posthoc
False,finite,11,12,0.9980031847953796,0.0625,0,logdet,fp32,1.65625,1.5,0.001,fixed,20260809-020528_postfix-e3-gaussian-finite-estimator-controls-20rep,512,12.935619354248047,20317000,0.1386389434337616,0.7358541488647461,SUCCEEDED,dual_posthoc
False,finite,11,12,0.9980033040046692,0.0703125,0,logdet,fp32,1.3611111640930176,1.5,0.001,fixed,20260809-020528_postfix-e3-gaussian-finite-estimator-controls-20rep,512,12.365584373474121,20317001,0.11937493830919266,0.7172961235046387,SUCCEEDED,dual_posthoc
False,finite,11,12,0.9980031847953796,0.048828125,0,logdet,fp32,2.0714285373687744,2.4000000953674316,0.001,fixed,20260809-020528_postfix-e3-gaussian-finite-estimator-controls-20rep,512,11.141183853149414,20317002,0.06737268716096878,0.2500131130218506,SUCCEEDED,dual_posthoc
False,finite,11,12,0.9980031847953796,0.0625,0,logdet,fp32,1.75,1.441176414489746,0.001,fixed,20260809-020528_postfix-e3-gaussian-finite-estimator-controls-20rep,512,12.747998237609863,20317003,0.13326168060302734,0.7325699329376221,SUCCEEDED,dual_posthoc
False,finite,11,12,0.9980030655860901,0.046875,0,logdet,fp32,2.107142925262451,2.4583332538604736,0.001,fixed,20260809-020528_postfix-e3-gaussian-finite-estimator-controls-20rep,512,12.687005043029785,20317004,0.13022051751613617,0.722859799861908,SUCCEEDED,dual_posthoc
False,finite,11,12,0.9980031847953796,0.052734375,0,logdet,fp32,2.0740740299224854,1.7931034564971924,0.001,fixed,20260809-020528_postfix-e3-gaussian-finite-estimator-controls-20rep,512,11.488680839538574,20317005,0.08237450569868088,0.31634339690208435,SUCCEEDED,dual_posthoc
False,finite,11,12,0.9980030655860901,0.06640625,0,logdet,fp32,1.529411792755127,1.5882352590560913,0.001,fixed,20260809-020528_postfix-e3-gaussian-finite-estimator-controls-20rep,512,12.556326866149902,20317006,0.12025389075279236,0.49490806460380554,SUCCEEDED,dual_posthoc
False,finite,11,12,0.998002827167511,0.056640625,0,logdet,fp32,1.7931034564971924,1.558823585510254,0.001,fixed,20260809-020528_postfix-e3-gaussian-finite-estimator-controls-20rep,512,11.900418281555176,20317007,0.09199602901935577,0.33014771342277527,SUCCEEDED,dual_posthoc
False,finite,11,12,0.9980031847953796,0.060546875,0,logdet,fp32,1.5882352590560913,1.6774193048477173,0.001,fixed,20260809-020528_postfix-e3-gaussian-finite-estimator-controls-20rep,512,12.646820068359375,20317008,0.12518128752708435,0.569811999797821,SUCCEEDED,dual_posthoc
False,finite,11,12,0.9980031847953796,0.060546875,0,logdet,fp32,1.441176414489746,1.7419354915618896,0.001,fixed,20260809-020528_postfix-e3-gaussian-finite-estimator-controls-20rep,512,12.239372253417969,20317009,0.11017768830060959,0.5011034607887268,SUCCEEDED,dual_posthoc
False,finite,11,12,0.9980035424232483,0.048828125,0,logdet,fp32,2.1600000858306885,1.7999999523162842,0.001,fixed,20260809-020528_postfix-e3-gaussian-finite-estimator-controls-20rep,512,11.907416343688965,20317010,0.09361725300550461,0.33493947982788086,SUCCEEDED,dual_posthoc
False,finite,11,12,0.9980033040046692,0.056640625,0,logdet,fp32,1.862069010734558,1.4444444179534912,0.001,fixed,20260809-020528_postfix-e3-gaussian-finite-estimator-controls-20rep,512,12.06403636932373,20317011,0.10430126637220383,0.44323891401290894,SUCCEEDED,dual_posthoc
False,finite,11,12,0.9980030655860901,0.064453125,0,logdet,fp32,1.545454502105713,1.485714316368103,0.001,fixed,20260809-020528_postfix-e3-gaussian-finite-estimator-controls-20rep,512,12.589845657348633,20317012,0.12155396491289139,0.5892080068588257,SUCCEEDED,dual_posthoc
False,finite,11,12,0.9980031847953796,0.0546875,0,logdet,fp32,1.8064515590667725,1.8928571939468384,0.001,fixed,20260809-020528_postfix-e3-gaussian-finite-estimator-controls-20rep,512,12.163019180297852,20317013,0.10113417357206345,0.3877764642238617,SUCCEEDED,dual_posthoc
False,finite,11,12,0.9980029463768005,0.060546875,0,logdet,fp32,1.514285683631897,1.8709677457809448,0.001,fixed,20260809-020528_postfix-e3-gaussian-finite-estimator-controls-20rep,512,12.020676612854004,20317014,0.09534918516874313,0.3765551745891571,SUCCEEDED,dual_posthoc
False,finite,11,12,0.9980030655860901,0.068359375,0,logdet,fp32,1.399999976158142,1.6571428775787354,0.001,fixed,20260809-020528_postfix-e3-gaussian-finite-estimator-controls-20rep,512,11.968008995056152,20317015,0.09876563400030136,0.48737093806266785,SUCCEEDED,dual_posthoc
False,finite,11,12,0.9980029463768005,0.072265625,0,logdet,fp32,1.1794872283935547,1.3513513803482056,0.001,fixed,20260809-020528_postfix-e3-gaussian-finite-estimator-controls-20rep,512,11.389090538024902,20317016,0.07543308287858963,0.29976266622543335,SUCCEEDED,dual_posthoc
False,finite,11,12,0.9980031847953796,0.064453125,0,logdet,fp32,1.5,1.5151515007019043,0.001,fixed,20260809-020528_postfix-e3-gaussian-finite-estimator-controls-20rep,512,12.75893497467041,20317017,0.1256781965494156,0.5924572944641113,SUCCEEDED,dual_posthoc
False,finite,11,12,0.9980029463768005,0.060546875,0,logdet,fp32,1.774193525314331,1.2820513248443604,0.001,fixed,20260809-020528_postfix-e3-gaussian-finite-estimator-controls-20rep,512,12.660486221313477,20317018,0.12830562889575958,0.5962607264518738,SUCCEEDED,dual_posthoc
False,finite,11,12,0.9980034232139587,0.052734375,0,logdet,fp32,2.0740740299224854,2.1111111640930176,0.001,fixed,20260809-020528_postfix-e3-gaussian-finite-estimator-controls-20rep,512,11.430490493774414,20317019,0.0784372016787529,0.3267461955547333,SUCCEEDED,dual_posthoc
False,finite,11,12,0.9926764449777953,0.052734375,0,logdet,fp64,1.8888888888888888,1.71875,0.0036828478186799346,adaptive,20260809-020528_postfix-e3-gaussian-finite-estimator-controls-20rep,512,10.835664906480575,20318000,0.10219869033337226,0.4875656637005262,SUCCEEDED,dual_posthoc
False,finite,11,12,0.9926767537512458,0.056640625,0,logdet,fp64,1.8620689655172413,1.4285714285714286,0.0036828478186799346,adaptive,20260809-020528_postfix-e3-gaussian-finite-estimator-controls-20rep,512,10.875074438359821,20318001,0.10261402816117558,0.38934189575487577,SUCCEEDED,dual_posthoc
False,finite,11,12,0.9926756020493575,0.068359375,0,logdet,fp64,1.5142857142857142,1.542857142857143,0.0036828478186799346,adaptive,20260809-020528_postfix-e3-gaussian-finite-estimator-controls-20rep,512,10.85733687020342,20318002,0.1159744630958106,0.639841399838534,SUCCEEDED,dual_posthoc
False,finite,11,12,0.9926769003026843,0.060546875,0,logdet,fp64,1.8387096774193548,1.5,0.0036828478186799346,adaptive,20260809-020528_postfix-e3-gaussian-finite-estimator-controls-20rep,512,11.387947242475853,20318003,0.12377989256686717,0.5501871952413935,SUCCEEDED,dual_posthoc
False,finite,11,12,0.9926768239572702,0.0546875,0,logdet,fp64,1.7419354838709677,1.9285714285714286,0.0036828478186799346,adaptive,20260809-020528_postfix-e3-gaussian-finite-estimator-controls-20rep,512,10.376297596118315,20318004,0.08659725014853564,0.3476212734155475,SUCCEEDED,dual_posthoc
False,finite,11,12,0.9926777185179149,0.060546875,0,logdet,fp64,1.7058823529411764,1.7096774193548387,0.0036828478186799346,adaptive,20260809-020528_postfix-e3-gaussian-finite-estimator-controls-20rep,512,11.099220910450292,20318005,0.11812529423774719,0.5937996589671349,SUCCEEDED,dual_posthoc
False,finite,11,12,0.9926756114085277,0.06640625,0,logdet,fp64,1.5714285714285714,1.4411764705882353,0.0036828478186799346,adaptive,20260809-020528_postfix-e3-gaussian-finite-estimator-controls-20rep,512,10.676352670318614,20318006,0.09716278004430313,0.41149860493553586,SUCCEEDED,dual_posthoc
False,finite,11,12,0.9926776749620912,0.0625,0,logdet,fp64,1.7058823529411764,1.71875,0.0036828478186799346,adaptive,20260809-020528_postfix-e3-gaussian-finite-estimator-controls-20rep,512,10.233416969366647,20318007,0.08041956432680296,0.29450456378891837,SUCCEEDED,dual_posthoc
False,finite,11,12,0.9926762601441431,0.060546875,0,logdet,fp64,1.6774193548387097,1.5625,0.0036828478186799346,adaptive,20260809-020528_postfix-e3-gaussian-finite-estimator-controls-20rep,512,10.71439757098878,20318008,0.095874210083841,0.38001231793751633,SUCCEEDED,dual_posthoc
False,finite,11,12,0.9926774815398444,0.060546875,0,logdet,fp64,1.8064516129032258,2.032258064516129,0.0036828478186799346,adaptive,20260809-020528_postfix-e3-gaussian-finite-estimator-controls-20rep,512,10.010095825271454,20318009,0.08037934032379052,0.3521266819708322,SUCCEEDED,dual_posthoc
False,finite,11,12,0.9926761849672842,0.0546875,0,logdet,fp64,1.8571428571428572,1.8064516129032258,0.0036828478186799346,adaptive,20260809-020528_postfix-e3-gaussian-finite-estimator-controls-20rep,512,10.842849710025803,20318010,0.10516935882322023,0.47687461945608495,SUCCEEDED,dual_posthoc
False,finite,11,12,0.9926758943304721,0.05859375,0,logdet,fp64,1.7333333333333334,1.457142857142857,0.0036828478186799346,adaptive,20260809-020528_postfix-e3-gaussian-finite-estimator-controls-20rep,512,10.980505625296393,20318011,0.11102869393762367,0.540441610886134,SUCCEEDED,dual_posthoc
False,finite,11,12,0.9926784214025285,0.0546875,0,logdet,fp64,1.903225806451613,2.25,0.0036828478186799346,adaptive,20260809-020528_postfix-e3-gaussian-finite-estimator-controls-20rep,512,10.377925489210941,20318012,0.08847436902213414,0.41651021741449834,SUCCEEDED,dual_posthoc
False,finite,11,12,0.9926762261457318,0.060546875,0,logdet,fp64,1.4848484848484849,1.6774193548387097,0.0036828478186799346,adaptive,20260809-020528_postfix-e3-gaussian-finite-estimator-controls-20rep,512,10.971945736858201,20318013,0.1018515287964855,0.3823396229201025,SUCCEEDED,dual_posthoc
False,finite,11,12,0.9926768212885645,0.060546875,0,logdet,fp64,1.7741935483870968,1.7741935483870968,0.0036828478186799346,adaptive,20260809-020528_postfix-e3-gaussian-finite-estimator-controls-20rep,512,10.595719359440976,20318014,0.09438941177517299,0.431563983869296,SUCCEEDED,dual_posthoc
False,finite,11,12,0.9926775966818965,0.056640625,0,logdet,fp64,1.696969696969697,1.896551724137931,0.0036828478186799346,adaptive,20260809-020528_postfix-e3-gaussian-finite-estimator-controls-20rep,512,10.539457179963312,20318015,0.08870404832317758,0.33458159094104417,SUCCEEDED,dual_posthoc
False,finite,11,12,0.9926759323219732,0.0625,0,logdet,fp64,1.75,1.5277777777777777,0.0036828478186799346,adaptive,20260809-020528_postfix-e3-gaussian-finite-estimator-controls-20rep,512,10.641561354251598,20318016,0.10228937692230061,0.5150169887787786,SUCCEEDED,dual_posthoc
False,finite,11,12,0.9926768947073782,0.064453125,0,logdet,fp64,1.7878787878787878,1.588235294117647,0.0036828478186799346,adaptive,20260809-020528_postfix-e3-gaussian-finite-estimator-controls-20rep,512,10.912843059320668,20318017,0.1078280289503589,0.5255268511062127,SUCCEEDED,dual_posthoc
False,finite,11,12,0.9926757157219656,0.064453125,0,logdet,fp64,1.6363636363636365,1.263157894736842,0.0036828478186799346,adaptive,20260809-020528_postfix-e3-gaussian-finite-estimator-controls-20rep,512,10.867453984014055,20318018,0.10336802855589666,0.41769586936281017,SUCCEEDED,dual_posthoc
False,finite,11,12,0.9926770800072998,0.052734375,0,logdet,fp64,2.037037037037037,1.71875,0.0036828478186799346,adaptive,20260809-020528_postfix-e3-gaussian-finite-estimator-controls-20rep,512,10.209692435100022,20318019,0.07611131084635757,0.26542203015040006,SUCCEEDED,dual_posthoc
False,finite,11,12,0.9980030548400902,0.0625,0,logdet,fp64,1.5625,1.4166666666666667,0.001,fixed,20260809-020528_postfix-e3-gaussian-finite-estimator-controls-20rep,512,12.697339174040621,20319000,0.12147120653697399,0.46845773137759733,SUCCEEDED,dual_posthoc
False,finite,11,12,0.9980032044075334,0.05859375,0,logdet,fp64,1.84375,1.8333333333333333,0.001,fixed,20260809-020528_postfix-e3-gaussian-finite-estimator-controls-20rep,512,12.521874505199133,20319001,0.11885191107254375,0.5660016075510318,SUCCEEDED,dual_posthoc
False,finite,11,12,0.9980030505970111,0.060546875,0,logdet,fp64,1.5806451612903225,1.457142857142857,0.001,fixed,20260809-020528_postfix-e3-gaussian-finite-estimator-controls-20rep,512,11.431531748311112,20319002,0.07950355374712856,0.31220481982268344,SUCCEEDED,dual_posthoc
False,finite,11,12,0.9980030350987463,0.068359375,0,logdet,fp64,1.4054054054054055,1.4,0.001,fixed,20260809-020528_postfix-e3-gaussian-finite-estimator-controls-20rep,512,12.019889508719807,20319003,0.09983116456692392,0.4407407689371185,SUCCEEDED,dual_posthoc
False,finite,11,12,0.9980031971982455,0.0625,0,logdet,fp64,1.71875,1.588235294117647,0.001,fixed,20260809-020528_postfix-e3-gaussian-finite-estimator-controls-20rep,512,11.870993414143852,20319004,0.09219642557276418,0.36320070254400727,SUCCEEDED,dual_posthoc
False,finite,11,12,0.9980030440767641,0.068359375,0,logdet,fp64,1.3428571428571427,1.4444444444444444,0.001,fixed,20260809-020528_postfix-e3-gaussian-finite-estimator-controls-20rep,512,12.405632949491403,20319005,0.11191494101757295,0.4996584822174702,SUCCEEDED,dual_posthoc
False,finite,11,12,0.9980032525175276,0.05078125,0,logdet,fp64,2.0,1.967741935483871,0.001,fixed,20260809-020528_postfix-e3-gaussian-finite-estimator-controls-20rep,512,11.684370140998032,20319006,0.08890822800202053,0.4468963452434043,SUCCEEDED,dual_posthoc
False,finite,11,12,0.9980030604990168,0.064453125,0,logdet,fp64,1.4857142857142858,1.8181818181818181,0.001,fixed,20260809-020528_postfix-e3-gaussian-finite-estimator-controls-20rep,512,12.06459628097248,20319007,0.09601394953064545,0.37814656148271086,SUCCEEDED,dual_posthoc
False,finite,11,12,0.9980030650535661,0.060546875,0,logdet,fp64,1.59375,1.6774193548387097,0.001,fixed,20260809-020528_postfix-e3-gaussian-finite-estimator-controls-20rep,512,12.149635452118735,20319008,0.11236105560484252,0.569877988943925,SUCCEEDED,dual_posthoc
False,finite,11,12,0.9980030547862042,0.068359375,0,logdet,fp64,1.5714285714285714,1.4857142857142858,0.001,fixed,20260809-020528_postfix-e3-gaussian-finite-estimator-controls-20rep,512,11.903741901855003,20319009,0.09207824620457063,0.38849243376996,SUCCEEDED,dual_posthoc
False,finite,11,12,0.9980030975315323,0.056640625,0,logdet,fp64,1.7586206896551724,1.6875,0.001,fixed,20260809-020528_postfix-e3-gaussian-finite-estimator-controls-20rep,512,11.850038436197423,20319010,0.10332847209904736,0.5729477569324334,SUCCEEDED,dual_posthoc
False,finite,11,12,0.9980030860741623,0.05859375,0,logdet,fp64,1.8333333333333333,1.4285714285714286,0.001,fixed,20260809-020528_postfix-e3-gaussian-finite-estimator-controls-20rep,512,12.703201845843534,20319011,0.13297169341433987,0.6559119817153825,SUCCEEDED,dual_posthoc
False,finite,11,12,0.9980032971051512,0.044921875,0,logdet,fp64,2.652173913043478,1.8275862068965518,0.001,fixed,20260809-020528_postfix-e3-gaussian-finite-estimator-controls-20rep,512,12.21529594510129,20319012,0.09906141963833771,0.3638854305829529,SUCCEEDED,dual_posthoc
False,finite,11,12,0.9980030476032631,0.06640625,0,logdet,fp64,1.4857142857142858,1.411764705882353,0.001,fixed,20260809-020528_postfix-e3-gaussian-finite-estimator-controls-20rep,512,12.970228445970626,20319013,0.1456923509357086,0.830379674641265,SUCCEEDED,dual_posthoc
False,finite,11,12,0.9980030449990989,0.068359375,0,logdet,fp64,1.4473684210526316,1.457142857142857,0.001,fixed,20260809-020528_postfix-e3-gaussian-finite-estimator-controls-20rep,512,12.391849084668856,20319014,0.10887696409637443,0.4170520384664613,SUCCEEDED,dual_posthoc
False,finite,11,12,0.9980030608342797,0.064453125,0,logdet,fp64,1.606060606060606,1.4054054054054055,0.001,fixed,20260809-020528_postfix-e3-gaussian-finite-estimator-controls-20rep,512,12.214244580606861,20319015,0.10763964586623556,0.4625348190902388,SUCCEEDED,dual_posthoc
False,finite,11,12,0.9980032394799931,0.046875,0,logdet,fp64,1.8064516129032258,2.3333333333333335,0.001,fixed,20260809-020528_postfix-e3-gaussian-finite-estimator-controls-20rep,512,11.424124782942275,20319016,0.08066979407395146,0.37098476654644963,SUCCEEDED,dual_posthoc
False,finite,11,12,0.9980031116659799,0.056640625,0,logdet,fp64,2.1379310344827585,1.5454545454545454,0.001,fixed,20260809-020528_postfix-e3-gaussian-finite-estimator-controls-20rep,512,11.329061250661193,20319017,0.07741018912515454,0.2956165803604269,SUCCEEDED,dual_posthoc
False,finite,11,12,0.9980031189503075,0.05859375,0,logdet,fp64,1.8,1.6111111111111112,0.001,fixed,20260809-020528_postfix-e3-gaussian-finite-estimator-controls-20rep,512,11.662492265628925,20319018,0.09456454694354594,0.4094934370709619,SUCCEEDED,dual_posthoc
False,finite,11,12,0.9980030660509115,0.0625,0,logdet,fp64,1.457142857142857,1.59375,0.001,fixed,20260809-020528_postfix-e3-gaussian-finite-estimator-controls-20rep,512,12.446954778604326,20319019,0.12037561185655532,0.6418282574513721,SUCCEEDED,dual_posthoc
True,finite,11,11,0.8062570095062256,0.056880950927734375,0,logdet,fp32,1.821959376335144,1.391465663909912,0.003369317522364812,adaptive,20260809-020528_postfix-e3-gaussian-finite-estimator-controls-20rep,512,6.500049114227295,20320000,0.04355589300394058,0.24384333193302155,SUCCEEDED,dual_posthoc
True,finite,11,11,0.7645747661590576,0.06536865234375,0,logdet,fp32,1.408305287361145,1.3164724111557007,0.003372900004488238,adaptive,20260809-020528_postfix-e3-gaussian-finite-estimator-controls-20rep,512,5.459344387054443,20320001,0.02275071106851101,0.17116786539554596,SUCCEEDED,dual_posthoc
True,finite,11,11,0.7421134114265442,0.0619964599609375,0,logdet,fp32,1.4452383518218994,1.5539319515228271,0.003370343205435995,adaptive,20260809-020528_postfix-e3-gaussian-finite-estimator-controls-20rep,512,6.3760271072387695,20320002,0.05714702606201172,0.4054168462753296,SUCCEEDED,dual_posthoc
True,finite,11,11,0.7680041193962097,0.056880950927734375,0,logdet,fp32,1.6982864141464233,1.3316670656204224,0.0033701463006281084,adaptive,20260809-020528_postfix-e3-gaussian-finite-estimator-controls-20rep,512,5.468445777893066,20320003,0.01838117279112339,0.151483952999115,SUCCEEDED,dual_posthoc
True,finite,11,11,0.7504393458366394,0.049953460693359375,0,logdet,fp32,1.9154179096221924,1.586178183555603,0.0033685727085262834,adaptive,20260809-020528_postfix-e3-gaussian-finite-estimator-controls-20rep,512,5.597416400909424,20320004,0.026199502870440483,0.18577814102172852,SUCCEEDED,dual_posthoc
True,finite,11,11,0.7514081001281738,0.0551605224609375,0,logdet,fp32,1.7040669918060303,1.4201953411102295,0.0033706658922449066,adaptive,20260809-020528_postfix-e3-gaussian-finite-estimator-controls-20rep,512,5.799530982971191,20320005,0.026516329497098923,0.14652752876281738,SUCCEEDED,dual_posthoc
True,finite,11,11,0.7814210057258606,0.06368637084960938,0,logdet,fp32,1.49639093875885,1.4174319505691528,0.003372450218589286,adaptive,20260809-020528_postfix-e3-gaussian-finite-estimator-controls-20rep,512,5.996363639831543,20320006,0.02998468093574047,0.15314073860645294,SUCCEEDED,dual_posthoc
True,finite,11,11,0.8300673365592957,0.05169677734375,0,logdet,fp32,1.679220199584961,1.7506906986236572,0.0033698374432538643,adaptive,20260809-020528_postfix-e3-gaussian-finite-estimator-controls-20rep,512,6.323531627655029,20320007,0.03175725042819977,0.13536474108695984,SUCCEEDED,dual_posthoc
True,finite,11,11,0.784942090511322,0.060298919677734375,0,logdet,fp32,1.5178693532943726,1.5281442403793335,0.0033720007619625876,adaptive,20260809-020528_postfix-e3-gaussian-finite-estimator-controls-20rep,512,5.614322662353516,20320008,0.03218773752450943,0.16746650636196136,SUCCEEDED,dual_posthoc
True,finite,11,11,0.7871139049530029,0.060298919677734375,0,logdet,fp32,1.6096408367156982,1.591262698173523,0.0033675470254551005,adaptive,20260809-020528_postfix-e3-gaussian-finite-estimator-controls-20rep,512,5.48788595199585,20320009,0.027921877801418304,0.19686239957809448,SUCCEEDED,dual_posthoc
True,finite,11,11,0.754786491394043,0.0551605224609375,0,logdet,fp32,1.8651037216186523,1.6124351024627686,0.003367996811354053,adaptive,20260809-020528_postfix-e3-gaussian-finite-estimator-controls-20rep,512,5.569904804229736,20320010,0.026996206492185593,0.16619867086410522,SUCCEEDED,dual_posthoc
True,finite,11,11,0.7469056248664856,0.056880950927734375,0,logdet,fp32,1.7724764347076416,1.8975907564163208,0.003364905932705836,adaptive,20260809-020528_postfix-e3-gaussian-finite-estimator-controls-20rep,512,5.360345363616943,20320011,0.022671351209282875,0.11513244360685349,SUCCEEDED,dual_posthoc
True,finite,11,11,0.7984647154808044,0.060298919677734375,0,logdet,fp32,1.6684609651565552,1.3875982761383057,0.0033698371139816103,adaptive,20260809-020528_postfix-e3-gaussian-finite-estimator-controls-20rep,512,6.253111362457275,20320012,0.03301917761564255,0.1605197787284851,SUCCEEDED,dual_posthoc
True,finite,11,11,0.7823479175567627,0.05859375,0,logdet,fp32,1.5771331787109375,1.6840792894363403,0.0033696826852944884,adaptive,20260809-020528_postfix-e3-gaussian-finite-estimator-controls-20rep,512,5.640282154083252,20320013,0.03015958145260811,0.18926295638084412,SUCCEEDED,dual_posthoc
True,finite,11,11,0.7776164412498474,0.060298919677734375,0,logdet,fp32,1.4745099544525146,1.3424447774887085,0.0033732368500040714,adaptive,20260809-020528_postfix-e3-gaussian-finite-estimator-controls-20rep,512,6.04070520401001,20320014,0.02630520984530449,0.14838291704654694,SUCCEEDED,dual_posthoc
True,finite,11,11,0.747555136680603,0.05859375,0,logdet,fp32,1.6140321493148804,1.5417931079864502,0.0033706237453963958,adaptive,20260809-020528_postfix-e3-gaussian-finite-estimator-controls-20rep,512,5.816581726074219,20320015,0.024173444136977196,0.14776645600795746,SUCCEEDED,dual_posthoc
True,finite,11,11,0.7142594456672668,0.0551605224609375,0,logdet,fp32,1.7672826051712036,1.3706711530685425,0.00337023059432513,adaptive,20260809-020528_postfix-e3-gaussian-finite-estimator-controls-20rep,512,5.28073787689209,20320016,0.024270962923765182,0.15341712534427643,SUCCEEDED,dual_posthoc
True,finite,11,11,0.7924019694328308,0.049953460693359375,0,logdet,fp32,1.8082400560379028,2.0947396755218506,0.0033654396830295557,adaptive,20260809-020528_postfix-e3-gaussian-finite-estimator-controls-20rep,512,5.764110088348389,20320017,0.0375017412006855,0.26394250988960266,SUCCEEDED,dual_posthoc
True,finite,11,11,0.7550811767578125,0.05169677734375,0,logdet,fp32,1.8281081914901733,1.327669620513916,0.0033705536104062955,adaptive,20260809-020528_postfix-e3-gaussian-finite-estimator-controls-20rep,512,5.495738983154297,20320018,0.026596562936902046,0.22009596228599548,SUCCEEDED,dual_posthoc
True,finite,11,11,0.7740036249160767,0.06368637084960938,0,logdet,fp32,1.450974464416504,1.4535796642303467,0.003371677416609168,adaptive,20260809-020528_postfix-e3-gaussian-finite-estimator-controls-20rep,512,5.445130825042725,20320019,0.028801174834370613,0.16587357223033905,SUCCEEDED,dual_posthoc
True,finite,11,11,0.7851262092590332,0.06368637084960938,0,trace,fp32,1.261644959449768,1.4201551675796509,0.001,fixed,20260809-020528_postfix-e3-gaussian-finite-estimator-controls-20rep,512,3.8439064025878906,20321000,0.025125378742814064,0.10407581180334091,SUCCEEDED,dual_posthoc
True,finite,11,11,0.7842726111412048,0.056880950927734375,0,trace,fp32,1.5841131210327148,1.6030073165893555,0.001,fixed,20260809-020528_postfix-e3-gaussian-finite-estimator-controls-20rep,512,3.933772325515747,20321001,0.03121599741280079,0.1623663306236267,SUCCEEDED,dual_posthoc
True,finite,11,11,0.7605031728744507,0.044677734375,0,trace,fp32,2.239922285079956,2.1137189865112305,0.001,fixed,20260809-020528_postfix-e3-gaussian-finite-estimator-controls-20rep,512,3.7038352489471436,20321002,0.023255635052919388,0.21317948400974274,SUCCEEDED,dual_posthoc
True,finite,11,11,0.766869068145752,0.0551605224609375,0,trace,fp32,1.5674937963485718,1.8507105112075806,0.001,fixed,20260809-020528_postfix-e3-gaussian-finite-estimator-controls-20rep,512,3.9811577796936035,20321003,0.03181016817688942,0.16732466220855713,SUCCEEDED,dual_posthoc
True,finite,11,11,0.7327326536178589,0.05859375,0,trace,fp32,1.5932823419570923,1.7316582202911377,0.001,fixed,20260809-020528_postfix-e3-gaussian-finite-estimator-controls-20rep,512,3.703995943069458,20321004,0.016732484102249146,0.09717568755149841,SUCCEEDED,dual_posthoc
True,finite,11,11,0.7999700307846069,0.05859375,0,trace,fp32,1.5639746189117432,1.4299429655075073,0.001,fixed,20260809-020528_postfix-e3-gaussian-finite-estimator-controls-20rep,512,3.8919312953948975,20321005,0.030886227265000343,0.21000227332115173,SUCCEEDED,dual_posthoc
True,finite,11,11,0.7601743936538696,0.06536865234375,0,trace,fp32,1.4539786577224731,1.3892490863800049,0.001,fixed,20260809-020528_postfix-e3-gaussian-finite-estimator-controls-20rep,512,3.69173264503479,20321006,0.025674426928162575,0.11533184349536896,SUCCEEDED,dual_posthoc
True,finite,11,11,0.7359509468078613,0.053432464599609375,0,trace,fp32,1.6141905784606934,1.708274483680725,0.001,fixed,20260809-020528_postfix-e3-gaussian-finite-estimator-controls-20rep,512,3.627265453338623,20321007,0.03631846606731415,0.25766465067863464,SUCCEEDED,dual_posthoc
True,finite,11,11,0.7782296538352966,0.056880950927734375,0,trace,fp32,1.864499807357788,1.7360681295394897,0.001,fixed,20260809-020528_postfix-e3-gaussian-finite-estimator-controls-20rep,512,3.7356247901916504,20321008,0.022237909957766533,0.13163608312606812,SUCCEEDED,dual_posthoc
True,finite,11,11,0.7873539924621582,0.056880950927734375,0,trace,fp32,1.4393787384033203,1.7903653383255005,0.001,fixed,20260809-020528_postfix-e3-gaussian-finite-estimator-controls-20rep,512,3.715203046798706,20321009,0.028863435611128807,0.12758192420005798,SUCCEEDED,dual_posthoc
True,finite,11,11,0.7623968124389648,0.053432464599609375,0,trace,fp32,1.8497087955474854,1.8865985870361328,0.001,fixed,20260809-020528_postfix-e3-gaussian-finite-estimator-controls-20rep,512,3.7597622871398926,20321010,0.02993987873196602,0.21054917573928833,SUCCEEDED,dual_posthoc
True,finite,11,11,0.7538613080978394,0.0619964599609375,0,trace,fp32,1.4415141344070435,1.4164754152297974,0.001,fixed,20260809-020528_postfix-e3-gaussian-finite-estimator-controls-20rep,512,3.553971767425537,20321011,0.026361586526036263,0.22677989304065704,SUCCEEDED,dual_posthoc
True,finite,11,11,0.7873833775520325,0.0551605224609375,0,trace,fp32,1.6393018960952759,1.75762939453125,0.001,fixed,20260809-020528_postfix-e3-gaussian-finite-estimator-controls-20rep,512,3.5974748134613037,20321012,0.027440382167696953,0.1619454175233841,SUCCEEDED,dual_posthoc
True,finite,11,11,0.802385151386261,0.06368637084960938,0,trace,fp32,1.5698869228363037,1.4304672479629517,0.001,fixed,20260809-020528_postfix-e3-gaussian-finite-estimator-controls-20rep,512,3.519376277923584,20321013,0.03141840547323227,0.1663113683462143,SUCCEEDED,dual_posthoc
True,finite,11,11,0.7775178551673889,0.049953460693359375,0,trace,fp32,1.75973641872406,1.4000003337860107,0.001,fixed,20260809-020528_postfix-e3-gaussian-finite-estimator-controls-20rep,512,3.90006422996521,20321014,0.02897888422012329,0.13157887756824493,SUCCEEDED,dual_posthoc
True,finite,11,11,0.7130545377731323,0.05169677734375,0,trace,fp32,1.7653275728225708,1.7219899892807007,0.001,fixed,20260809-020528_postfix-e3-gaussian-finite-estimator-controls-20rep,512,3.4962356090545654,20321015,0.038864538073539734,0.2565268278121948,SUCCEEDED,dual_posthoc
True,finite,11,11,0.7426337003707886,0.0482025146484375,0,trace,fp32,1.6827503442764282,1.9703795909881592,0.001,fixed,20260809-020528_postfix-e3-gaussian-finite-estimator-controls-20rep,512,3.8240201473236084,20321016,0.021857718005776405,0.16604799032211304,SUCCEEDED,dual_posthoc
True,finite,11,11,0.7356041669845581,0.060298919677734375,0,trace,fp32,1.6220706701278687,1.6378487348556519,0.001,fixed,20260809-020528_postfix-e3-gaussian-finite-estimator-controls-20rep,512,3.693490743637085,20321017,0.029413504526019096,0.19115804135799408,SUCCEEDED,dual_posthoc
True,finite,11,11,0.7709469199180603,0.05859375,0,trace,fp32,1.454528570175171,1.6567445993423462,0.001,fixed,20260809-020528_postfix-e3-gaussian-finite-estimator-controls-20rep,512,3.555312395095825,20321018,0.0300416462123394,0.17662988603115082,SUCCEEDED,dual_posthoc
True,finite,11,11,0.7488601207733154,0.0619964599609375,0,trace,fp32,1.463632345199585,1.3916524648666382,0.001,fixed,20260809-020528_postfix-e3-gaussian-finite-estimator-controls-20rep,512,3.508884906768799,20321019,0.02163492515683174,0.14179539680480957,SUCCEEDED,dual_posthoc
True,finite,11,11,0.7720328977949489,0.0619964599609375,0,trace,fp64,1.384018230966452,1.5825636799062517,0.001,fixed,20260809-020528_postfix-e3-gaussian-finite-estimator-controls-20rep,512,3.7419612067193126,20322000,0.027950789022428382,0.1871195697687578,SUCCEEDED,dual
True,finite,11,11,0.7779458750170211,0.05859375,0,trace,fp64,1.5421292772396,1.7607407378851916,0.001,fixed,20260809-020528_postfix-e3-gaussian-finite-estimator-controls-20rep,512,3.9638934241977832,20322001,0.03418690462280183,0.1975370052779277,SUCCEEDED,dual
True,finite,11,11,0.7275316523638887,0.0551605224609375,0,trace,fp64,1.7399847212595643,1.6017654493808962,0.001,fixed,20260809-020528_postfix-e3-gaussian-finite-estimator-controls-20rep,512,3.628357052587087,20322002,0.030178260653996414,0.17122458515736944,SUCCEEDED,dual
True,finite,11,11,0.7809548537962986,0.056880950927734375,0,trace,fp64,1.5914755012177508,1.6747411252326818,0.001,fixed,20260809-020528_postfix-e3-gaussian-finite-estimator-controls-20rep,512,4.214275964172663,20322003,0.047661451288423896,0.25610849399216573,SUCCEEDED,dual
True,finite,11,11,0.8166996938594705,0.0551605224609375,0,trace,fp64,1.8013259780197926,1.4114272683516729,0.001,fixed,20260809-020528_postfix-e3-gaussian-finite-estimator-controls-20rep,512,3.7551589919735866,20322004,0.030927068241203393,0.1858172222728652,SUCCEEDED,dual
True,finite,11,11,0.7771664522371288,0.0482025146484375,0,trace,fp64,1.876955019093913,1.6719408295260163,0.001,fixed,20260809-020528_postfix-e3-gaussian-finite-estimator-controls-20rep,512,3.7347132513554286,20322005,0.02548956582873232,0.19988213351345713,SUCCEEDED,dual
True,finite,11,11,0.7543859917585898,0.05859375,0,trace,fp64,1.2802372156478798,1.6185985568667673,0.001,fixed,20260809-020528_postfix-e3-gaussian-finite-estimator-controls-20rep,512,3.920476854530497,20322006,0.02449256541595264,0.1554389819007531,SUCCEEDED,dual
True,finite,11,11,0.7704077603606614,0.06368637084960938,0,trace,fp64,1.2585553466355373,1.413266355898459,0.001,fixed,20260809-020528_postfix-e3-gaussian-finite-estimator-controls-20rep,512,4.011441550997014,20322007,0.0322570658805053,0.15168147163914528,SUCCEEDED,dual
True,finite,11,11,0.7228920971083416,0.049953460693359375,0,trace,fp64,1.8811818089783876,1.7973724853872943,0.001,fixed,20260809-020528_postfix-e3-gaussian-finite-estimator-controls-20rep,512,3.8957442153279804,20322008,0.0343631628412822,0.16497530066867003,SUCCEEDED,dual
True,finite,11,11,0.7498332188212524,0.05169677734375,0,trace,fp64,1.6913705975673454,1.9026516147833947,0.001,fixed,20260809-020528_postfix-e3-gaussian-finite-estimator-controls-20rep,512,3.866876730393867,20322009,0.03381744357453534,0.17089124189431007,SUCCEEDED,dual
True,finite,11,11,0.8058319953949414,0.060298919677734375,0,trace,fp64,1.5485570625546727,1.3546516568041487,0.001,fixed,20260809-020528_postfix-e3-gaussian-finite-estimator-controls-20rep,512,4.174815847424757,20322010,0.04702393424548721,0.2113279222656088,SUCCEEDED,dual
True,finite,11,11,0.7833620862165152,0.0619964599609375,0,trace,fp64,1.596997162263261,1.5398954839182835,0.001,fixed,20260809-020528_postfix-e3-gaussian-finite-estimator-controls-20rep,512,3.8944593257117117,20322011,0.032847048834542425,0.1774109477923381,SUCCEEDED,dual
True,finite,11,11,0.7123084156684099,0.060298919677734375,0,trace,fp64,1.3629385882588618,1.6335968914687882,0.001,fixed,20260809-020528_postfix-e3-gaussian-finite-estimator-controls-20rep,512,3.616994834395125,20322012,0.03155494121892856,0.15469416575592698,SUCCEEDED,dual
True,finite,11,11,0.7924700050863644,0.0551605224609375,0,trace,fp64,1.599463638320084,1.548608878884448,0.001,fixed,20260809-020528_postfix-e3-gaussian-finite-estimator-controls-20rep,512,3.832266808503877,20322013,0.037769794175162894,0.19922051449767428,SUCCEEDED,dual
True,finite,11,11,0.7759746705926625,0.0482025146484375,0,trace,fp64,1.4614220378163094,2.1107482023878226,0.001,fixed,20260809-020528_postfix-e3-gaussian-finite-estimator-controls-20rep,512,3.984178397908509,20322014,0.03188403654281908,0.19626639060464887,SUCCEEDED,dual
True,finite,11,11,0.7855795874566317,0.0619964599609375,0,trace,fp64,1.2702702702702715,1.5880009601063452,0.001,fixed,20260809-020528_postfix-e3-gaussian-finite-estimator-controls-20rep,512,3.5624611774373824,20322015,0.030692864788403426,0.24046620680203984,SUCCEEDED,dual
True,finite,11,11,0.7639177432676806,0.053432464599609375,0,trace,fp64,1.8600641375017148,1.9728731724853426,0.001,fixed,20260809-020528_postfix-e3-gaussian-finite-estimator-controls-20rep,512,3.581259793208928,20322016,0.026852117108326575,0.21275673687074972,SUCCEEDED,dual
True,finite,11,11,0.764833456673738,0.05859375,0,trace,fp64,1.6256509604095104,1.5519190470429347,0.001,fixed,20260809-020528_postfix-e3-gaussian-finite-estimator-controls-20rep,512,3.6413895540376187,20322017,0.024162132479656283,0.18432636721003323,SUCCEEDED,dual
True,finite,11,11,0.7976760907033601,0.056880950927734375,0,trace,fp64,1.3318352172964034,1.6757742972192737,0.001,fixed,20260809-020528_postfix-e3-gaussian-finite-estimator-controls-20rep,512,4.101755534524519,20322018,0.039920963441837244,0.2025873298809696,SUCCEEDED,dual
True,finite,11,11,0.7429761961160434,0.056880950927734375,0,trace,fp64,1.5718648377530722,1.7777462698032875,0.001,fixed,20260809-020528_postfix-e3-gaussian-finite-estimator-controls-20rep,512,3.6410687020086683,20322019,0.024271229921321146,0.1322020147054053,SUCCEEDED,dual
True,finite,11,11,0.784522800123658,0.05169677734375,0,trace,fp64,1.5219735877074456,1.8049494906982018,0.003369401706304416,adaptive,20260809-020528_postfix-e3-gaussian-finite-estimator-controls-20rep,512,4.088698010092276,20323000,0.044544513899391715,0.2782028149137665,SUCCEEDED,dual_posthoc
True,finite,11,11,0.8046770145066295,0.053432464599609375,0,trace,fp64,2.059876699258683,1.513177270751692,0.0033657068325849606,adaptive,20260809-020528_postfix-e3-gaussian-finite-estimator-controls-20rep,512,3.8911248512380556,20323001,0.029758992052667355,0.17106578851613202,SUCCEEDED,dual_posthoc
True,finite,11,11,0.7679466817862768,0.060298919677734375,0,trace,fp64,1.5379679191115905,1.5839104326224367,0.0033708346991537866,adaptive,20260809-020528_postfix-e3-gaussian-finite-estimator-controls-20rep,512,3.6321300750854055,20323002,0.029033707567778125,0.17240057159729072,SUCCEEDED,dual_posthoc
True,finite,11,11,0.7709893677467975,0.05169677734375,0,trace,fp64,1.7955089498746666,1.4651803112271897,0.0033698653216380353,adaptive,20260809-020528_postfix-e3-gaussian-finite-estimator-controls-20rep,512,3.826198085352752,20323003,0.02317549824984322,0.11251506330566124,SUCCEEDED,dual_posthoc
True,finite,11,11,0.7639571031768179,0.05169677734375,0,trace,fp64,1.9523296849733855,1.5082688280198866,0.00336725221703036,adaptive,20260809-020528_postfix-e3-gaussian-finite-estimator-controls-20rep,512,4.227644728493452,20323004,0.0526751184171892,0.2994697414370691,SUCCEEDED,dual_posthoc
True,finite,11,11,0.7911833573192296,0.05169677734375,0,trace,fp64,1.9232387065447647,1.6332334834479223,0.003366858846444259,adaptive,20260809-020528_postfix-e3-gaussian-finite-estimator-controls-20rep,512,4.085625996633538,20323005,0.045501439022210016,0.2862698206091548,SUCCEEDED,dual_posthoc
True,finite,11,11,0.7233654123996651,0.053432464599609375,0,trace,fp64,1.549554956045212,1.8355304921354987,0.0033691909720618618,adaptive,20260809-020528_postfix-e3-gaussian-finite-estimator-controls-20rep,512,3.3927995867069494,20323006,0.03193434085635668,0.23863594567939972,SUCCEEDED,dual_posthoc
True,finite,11,11,0.7801964532080248,0.060298919677734375,0,trace,fp64,1.2992452777515944,1.3975538689908222,0.003373799027499052,adaptive,20260809-020528_postfix-e3-gaussian-finite-estimator-controls-20rep,512,4.381752511540718,20323007,0.06288659195824702,0.4345558473547767,SUCCEEDED,dual_posthoc
True,finite,11,11,0.7641997858271696,0.0551605224609375,0,trace,fp64,1.6684833957808578,1.7480730626482797,0.0033685306714351902,adaptive,20260809-020528_postfix-e3-gaussian-finite-estimator-controls-20rep,512,3.965058981554403,20323008,0.03342340772608552,0.1889351956228788,SUCCEEDED,dual_posthoc
True,finite,11,11,0.7328870525769228,0.05859375,0,trace,fp64,1.5031871385221016,1.7686425044122833,0.0033684604266876724,adaptive,20260809-020528_postfix-e3-gaussian-finite-estimator-controls-20rep,512,3.6912083048924655,20323009,0.02251209941099039,0.16795948349320675,SUCCEEDED,dual_posthoc
True,finite,11,11,0.7642044136226804,0.05859375,0,trace,fp64,1.6591731570209893,1.483832650940839,0.003369696734243992,adaptive,20260809-020528_postfix-e3-gaussian-finite-estimator-controls-20rep,512,3.751965963157526,20323010,0.020183127181011305,0.12392286330233021,SUCCEEDED,dual_posthoc
True,finite,11,11,0.7582173699592023,0.0551605224609375,0,trace,fp64,1.3415796827017368,1.635101080448793,0.0033727734541852874,adaptive,20260809-020528_postfix-e3-gaussian-finite-estimator-controls-20rep,512,3.6751855614557165,20323011,0.013085864819484387,0.10324753917890644,SUCCEEDED,dual_posthoc
True,finite,11,11,0.7650343368168757,0.06368637084960938,0,trace,fp64,1.494144019367743,1.335795083883017,0.0033721833983061354,adaptive,20260809-020528_postfix-e3-gaussian-finite-estimator-controls-20rep,512,3.6329725436562326,20323012,0.018860793850817507,0.1475159505857336,SUCCEEDED,dual_posthoc
True,finite,11,11,0.7629932835680665,0.06368637084960938,0,trace,fp64,1.5963980937362714,1.2231270982555122,0.0033719305172150694,adaptive,20260809-020528_postfix-e3-gaussian-finite-estimator-controls-20rep,512,3.744209616452474,20323013,0.01866062900121893,0.14637145172097762,SUCCEEDED,dual_posthoc
True,finite,11,11,0.7833152962083509,0.049953460693359375,0,trace,fp64,1.723187508875897,1.7482922670585896,0.0033678844197580233,adaptive,20260809-020528_postfix-e3-gaussian-finite-estimator-controls-20rep,512,3.623841711741757,20323014,0.030660990158057313,0.21984055828059024,SUCCEEDED,dual_posthoc
True,finite,11,11,0.7653374388243059,0.056880950927734375,0,trace,fp64,1.7473882456298877,1.4564260176073491,0.003369724832142999,adaptive,20260809-020528_postfix-e3-gaussian-finite-estimator-controls-20rep,512,3.8377103855851153,20323015,0.02520670823362919,0.10550475498205264,SUCCEEDED,dual_posthoc
True,finite,11,11,0.7549960500405551,0.0619964599609375,0,trace,fp64,1.5917290071959915,1.3544064789113635,0.003370820650204283,adaptive,20260809-020528_postfix-e3-gaussian-finite-estimator-controls-20rep,512,3.547419891933012,20323016,0.028806777349500524,0.19470684493701765,SUCCEEDED,dual_posthoc
True,finite,11,11,0.7733270732935912,0.056880950927734375,0,trace,fp64,1.7146478712491904,1.9110788962129073,0.003365383706746377,adaptive,20260809-020528_postfix-e3-gaussian-finite-estimator-controls-20rep,512,3.856374584812891,20323017,0.03059644885781161,0.18390457875308447,SUCCEEDED,dual_posthoc
True,finite,11,11,0.8046580775329789,0.056880950927734375,0,trace,fp64,1.4160795484408264,1.7898436940417508,0.0033693314615568975,adaptive,20260809-020528_postfix-e3-gaussian-finite-estimator-controls-20rep,512,4.05918153102688,20323018,0.034155170864069065,0.1897846704178561,SUCCEEDED,dual_posthoc
True,finite,11,11,0.7573564152196584,0.05859375,0,trace,fp64,1.3683141778030095,1.4867874952024547,0.00337305443317536,adaptive,20260809-020528_postfix-e3-gaussian-finite-estimator-controls-20rep,512,3.646175571908275,20323019,0.025520998319124074,0.20690184162776148,SUCCEEDED,dual_posthoc
True,finite,11,11,0.8134450084539651,0.0551605224609375,0,logdet,fp64,1.6158326425932388,1.4735411593357506,0.001,fixed,20260809-020528_postfix-e3-gaussian-finite-estimator-controls-20rep,512,6.339261010119089,20324000,0.03367550731726843,0.15112973848399744,SUCCEEDED,dual_posthoc
True,finite,11,11,0.7580630368317589,0.060298919677734375,0,logdet,fp64,1.5586150831654897,1.4413704936923344,0.001,fixed,20260809-020528_postfix-e3-gaussian-finite-estimator-controls-20rep,512,5.651713422890589,20324001,0.019940006102679562,0.11302964482762992,SUCCEEDED,dual_posthoc
True,finite,11,11,0.8114461552686811,0.05859375,0,logdet,fp64,1.3057488490755629,1.5853878242216326,0.001,fixed,20260809-020528_postfix-e3-gaussian-finite-estimator-controls-20rep,512,5.817271438915331,20324002,0.02773644430606587,0.1680958982207175,SUCCEEDED,dual_posthoc
True,finite,11,11,0.7691649785452791,0.056880950927734375,0,logdet,fp64,1.6248546254030094,1.4903778133043597,0.001,fixed,20260809-020528_postfix-e3-gaussian-finite-estimator-controls-20rep,512,5.8621130942274675,20324003,0.02643328332521706,0.10611718733685972,SUCCEEDED,dual_posthoc
True,finite,11,11,0.7890641191755833,0.05859375,0,logdet,fp64,1.502688536020836,1.468410241570459,0.001,fixed,20260809-020528_postfix-e3-gaussian-finite-estimator-controls-20rep,512,5.665758095740654,20324004,0.03190295388725337,0.17811905051832722,SUCCEEDED,dual_posthoc
True,finite,11,11,0.7613006748092227,0.053432464599609375,0,logdet,fp64,1.6235902555671153,1.820208215275334,0.001,fixed,20260809-020528_postfix-e3-gaussian-finite-estimator-controls-20rep,512,5.874470556975959,20324005,0.024894091201194155,0.10039052866765258,SUCCEEDED,dual_posthoc
True,finite,11,11,0.7930368973491533,0.05859375,0,logdet,fp64,1.7812170086265522,1.680525070063661,0.001,fixed,20260809-020528_postfix-e3-gaussian-finite-estimator-controls-20rep,512,6.008769439142651,20324006,0.03031688274329108,0.18733621172508064,SUCCEEDED,dual_posthoc
True,finite,11,11,0.8000222265204986,0.0619964599609375,0,logdet,fp64,1.5395041854703575,1.3157894736842084,0.001,fixed,20260809-020528_postfix-e3-gaussian-finite-estimator-controls-20rep,512,6.707504670082579,20324007,0.05330823153304029,0.264670954359587,SUCCEEDED,dual_posthoc
True,finite,11,11,0.7907855874988999,0.05859375,0,logdet,fp64,1.5804343425115177,1.404046572396629,0.001,fixed,20260809-020528_postfix-e3-gaussian-finite-estimator-controls-20rep,512,5.81585590361523,20324008,0.029849403262911748,0.16022390962788602,SUCCEEDED,dual_posthoc
True,finite,11,11,0.8270049189245628,0.05859375,0,logdet,fp64,1.611558421998747,1.6401592689297417,0.001,fixed,20260809-020528_postfix-e3-gaussian-finite-estimator-controls-20rep,512,5.7563192297316075,20324009,0.03366452866821861,0.24066446667043637,SUCCEEDED,dual_posthoc
True,finite,11,11,0.7720907418875509,0.053432464599609375,0,logdet,fp64,1.7861151798941057,1.675820967675715,0.001,fixed,20260809-020528_postfix-e3-gaussian-finite-estimator-controls-20rep,512,5.853767004438136,20324010,0.028912689658341574,0.17430880444581998,SUCCEEDED,dual_posthoc
True,finite,11,11,0.7594376515741849,0.056880950927734375,0,logdet,fp64,1.7835979777488529,1.4754329642396782,0.001,fixed,20260809-020528_postfix-e3-gaussian-finite-estimator-controls-20rep,512,5.667703948291506,20324011,0.028330622199874166,0.15996639627032752,SUCCEEDED,dual_posthoc
True,finite,11,11,0.7935201014375922,0.0551605224609375,0,logdet,fp64,1.817361122538019,1.703263163053126,0.001,fixed,20260809-020528_postfix-e3-gaussian-finite-estimator-controls-20rep,512,6.0320232012582,20324012,0.02184641989086715,0.10100544347521011,SUCCEEDED,dual_posthoc
True,finite,11,11,0.7951778903806352,0.05859375,0,logdet,fp64,1.5046491016182462,1.7103066911696378,0.001,fixed,20260809-020528_postfix-e3-gaussian-finite-estimator-controls-20rep,512,5.842231680569138,20324013,0.030653523333159436,0.19178140842075073,SUCCEEDED,dual_posthoc
True,finite,11,11,0.8040610376224886,0.0551605224609375,0,logdet,fp64,1.6793804059866257,1.3873083144968246,0.001,fixed,20260809-020528_postfix-e3-gaussian-finite-estimator-controls-20rep,512,6.595412779751656,20324014,0.04744406370301388,0.2280408140064991,SUCCEEDED,dual_posthoc
True,finite,11,11,0.798295266397107,0.0551605224609375,0,logdet,fp64,1.6264961264965132,1.8343557274294984,0.001,fixed,20260809-020528_postfix-e3-gaussian-finite-estimator-controls-20rep,512,5.749944839145568,20324015,0.03618400342600189,0.21631417289324098,SUCCEEDED,dual_posthoc
True,finite,11,11,0.7960643101870756,0.0482025146484375,0,logdet,fp64,1.4716752842985175,2.0387113230183824,0.001,fixed,20260809-020528_postfix-e3-gaussian-finite-estimator-controls-20rep,512,5.902321439584155,20324016,0.02427341605190504,0.15518677871732744,SUCCEEDED,dual_posthoc
True,finite,11,11,0.7866749414178601,0.056880950927734375,0,logdet,fp64,1.6550091442383041,1.6229968264915677,0.001,fixed,20260809-020528_postfix-e3-gaussian-finite-estimator-controls-20rep,512,6.215282900539022,20324017,0.0464577142433594,0.2980367734614035,SUCCEEDED,dual_posthoc
True,finite,11,11,0.816025318794516,0.05859375,0,logdet,fp64,1.492963442033597,1.658644692202191,0.001,fixed,20260809-020528_postfix-e3-gaussian-finite-estimator-controls-20rep,512,6.582604330006817,20324018,0.043331265157739045,0.19605788833257548,SUCCEEDED,dual_posthoc
True,finite,11,11,0.7767118988699608,0.053432464599609375,0,logdet,fp64,1.5885680470186752,1.8294118074802317,0.001,fixed,20260809-020528_postfix-e3-gaussian-finite-estimator-controls-20rep,512,6.11184908130407,20324019,0.034266613720666354,0.2046742551393062,SUCCEEDED,dual_posthoc
False,gaussian,16,9,0.6204574108123779,0.16289487481117249,0,logdet,fp32,168908.125,17723.125,0.01,adaptive,20260809-020528_postfix-e3-gaussian-finite-estimator-controls-20rep,128,1.882057785987854,20325000,0.02512158825993538,0.7381716966629028,SUCCEEDED,left
False,gaussian,16,9,0.623629629611969,0.17140622437000275,0,logdet,fp32,266720.0,292403.75,0.01,adaptive,20260809-020528_postfix-e3-gaussian-finite-estimator-controls-20rep,128,1.813080906867981,20325001,0.021717647090554237,0.6779165267944336,SUCCEEDED,left
False,gaussian,16,10,2.6541569232940674,0.1697557121515274,0,logdet,fp32,293818.25,162313.640625,0.01,adaptive,20260809-020528_postfix-e3-gaussian-finite-estimator-controls-20rep,128,17.555105209350586,20325002,0.18534815311431885,1.5701649188995361,SUCCEEDED,left
False,gaussian,16,9,0.5301347374916077,0.21067434549331665,0,logdet,fp32,155116.96875,644814.25,0.01,adaptive,20260809-020528_postfix-e3-gaussian-finite-estimator-controls-20rep,128,1.2181408405303955,20325003,0.008483258076012135,0.7034338712692261,SUCCEEDED,left
False,gaussian,16,9,0.6417567729949951,0.18736815452575684,0,logdet,fp32,596766.4375,302948.375,0.01,adaptive,20260809-020528_postfix-e3-gaussian-finite-estimator-controls-20rep,128,1.7311067581176758,20325004,0.02030739188194275,0.6497735977172852,SUCCEEDED,left
False,gaussian,16,10,1.3049590587615967,0.24774755537509918,0,logdet,fp32,242501.515625,282436.75,0.01,adaptive,20260809-020528_postfix-e3-gaussian-finite-estimator-controls-20rep,128,16.842260360717773,20325005,0.065767303109169,0.7201985716819763,SUCCEEDED,left
False,gaussian,16,9,0.758624792098999,0.20293588936328888,0,logdet,fp32,1256184.125,708873.9375,0.01,adaptive,20260809-020528_postfix-e3-gaussian-finite-estimator-controls-20rep,128,2.263530731201172,20325006,0.03126514330506325,0.7608122825622559,SUCCEEDED,left
False,gaussian,16,10,0.9340594410896301,0.21461008489131927,0,logdet,fp32,85501.2734375,1047779.875,0.01,adaptive,20260809-020528_postfix-e3-gaussian-finite-estimator-controls-20rep,128,3.6028213500976562,20325007,0.04531239718198776,0.8167003393173218,SUCCEEDED,left
False,gaussian,16,10,1.5925596952438354,0.30704984068870544,0,logdet,fp32,197401.421875,60131.70703125,0.01,adaptive,20260809-020528_postfix-e3-gaussian-finite-estimator-controls-20rep,128,17.77776336669922,20325008,0.11288969218730927,1.1624501943588257,SUCCEEDED,left
False,gaussian,16,10,0.6262093782424927,0.20172575116157532,0,logdet,fp32,179231.65625,118498.265625,0.01,adaptive,20260809-020528_postfix-e3-gaussian-finite-estimator-controls-20rep,128,1.3914498090744019,20325009,0.01556352898478508,0.6606804728507996,SUCCEEDED,left
False,gaussian,16,10,0.7976496815681458,0.17733252048492432,0,logdet,fp32,204667.640625,181354.609375,0.01,adaptive,20260809-020528_postfix-e3-gaussian-finite-estimator-controls-20rep,128,2.7100446224212646,20325010,0.047415442764759064,0.916365385055542,SUCCEEDED,left
False,gaussian,16,10,0.5674924254417419,0.17503629624843597,0,logdet,fp32,13216.6435546875,67869.5390625,0.01,adaptive,20260809-020528_postfix-e3-gaussian-finite-estimator-controls-20rep,128,1.4549578428268433,20325011,0.009208859875798225,0.6490283012390137,SUCCEEDED,left
False,gaussian,16,10,0.884231686592102,0.1833440214395523,0,logdet,fp32,186577.859375,132858.90625,0.01,adaptive,20260809-020528_postfix-e3-gaussian-finite-estimator-controls-20rep,128,3.5886383056640625,20325012,0.06595765054225922,1.1542311906814575,SUCCEEDED,left
False,gaussian,16,11,31.66377067565918,0.444735586643219,0,logdet,fp32,36482344.0,10637543.0,0.01,adaptive,20260809-020528_postfix-e3-gaussian-finite-estimator-controls-20rep,128,33.46379089355469,20325013,2.0586209297180176,6.05803918838501,SUCCEEDED,left
False,gaussian,16,10,3.485161542892456,0.21637949347496033,0,logdet,fp32,185205.890625,1491951.0,0.01,adaptive,20260809-020528_postfix-e3-gaussian-finite-estimator-controls-20rep,128,17.25750160217285,20325014,0.22082246840000153,1.2256085872650146,SUCCEEDED,left
False,gaussian,16,10,0.9496446847915649,0.1824282705783844,0,logdet,fp32,195634.84375,220259.96875,0.01,adaptive,20260809-020528_postfix-e3-gaussian-finite-estimator-controls-20rep,128,4.354531764984131,20325015,0.06723049283027649,1.0571926832199097,SUCCEEDED,left
False,gaussian,16,10,0.5276755094528198,0.22784307599067688,0,logdet,fp32,576672.5625,283877.6875,0.01,adaptive,20260809-020528_postfix-e3-gaussian-finite-estimator-controls-20rep,128,1.3287607431411743,20325016,0.006297150626778603,0.6001431941986084,SUCCEEDED,left
False,gaussian,16,10,0.49754348397254944,0.1807078868150711,0,logdet,fp32,7593.2265625,56312.7890625,0.01,adaptive,20260809-020528_postfix-e3-gaussian-finite-estimator-controls-20rep,128,1.349783182144165,20325017,0.010238049551844597,0.6235320568084717,SUCCEEDED,left
False,gaussian,16,10,0.7899919748306274,0.2611430883407593,0,logdet,fp32,126573.1015625,171511.828125,0.01,adaptive,20260809-020528_postfix-e3-gaussian-finite-estimator-controls-20rep,128,2.5297536849975586,20325018,0.03736665099859238,0.8396009802818298,SUCCEEDED,left
False,gaussian,16,10,0.9096022248268127,0.21489118039608002,0,logdet,fp32,229541.421875,147736.65625,0.01,adaptive,20260809-020528_postfix-e3-gaussian-finite-estimator-controls-20rep,128,3.770808219909668,20325019,0.05917205289006233,0.8746581077575684,SUCCEEDED,left
False,gaussian,16,10,1.5350160598754883,0.18213550746440887,0,trace,fp32,205783.265625,254223.59375,0.001,fixed,20260809-020528_postfix-e3-gaussian-finite-estimator-controls-20rep,128,2.4680492877960205,20326000,0.12558290362358093,1.5524696111679077,SUCCEEDED,left
False,gaussian,16,10,1.9110357761383057,0.13999362289905548,0,trace,fp32,33173.80859375,89320.296875,0.001,fixed,20260809-020528_postfix-e3-gaussian-finite-estimator-controls-20rep,128,2.5581414699554443,20326001,0.1553562432527542,1.193918228149414,SUCCEEDED,left
False,gaussian,16,11,2.4961135387420654,0.2038850039243698,0,trace,fp32,736799.125,85497.21875,0.001,fixed,20260809-020528_postfix-e3-gaussian-finite-estimator-controls-20rep,128,2.5113251209259033,20326002,0.18835586309432983,1.336877703666687,SUCCEEDED,left
False,gaussian,16,9,1.064221978187561,0.18733839690685272,0,trace,fp32,10235.2099609375,260587.234375,0.001,fixed,20260809-020528_postfix-e3-gaussian-finite-estimator-controls-20rep,128,1.7842148542404175,20326003,0.053981706500053406,0.8798971772193909,SUCCEEDED,left
False,gaussian,16,9,1.1467105150222778,0.20069047808647156,0,trace,fp32,410585.4375,897399.5,0.001,fixed,20260809-020528_postfix-e3-gaussian-finite-estimator-controls-20rep,128,1.9041146039962769,20326004,0.0663619190454483,0.9390101432800293,SUCCEEDED,left
False,gaussian,16,12,5.931894302368164,0.2572915554046631,0,trace,fp32,258804.375,2943040.0,0.001,fixed,20260809-020528_postfix-e3-gaussian-finite-estimator-controls-20rep,128,2.8031933307647705,20326005,0.4211578071117401,2.287848472595215,SUCCEEDED,left
False,gaussian,16,10,1.796449065208435,0.19770139455795288,0,trace,fp32,151789.21875,147048.5625,0.001,fixed,20260809-020528_postfix-e3-gaussian-finite-estimator-controls-20rep,128,1.8936001062393188,20326006,0.10613232105970383,0.8663200736045837,SUCCEEDED,left
False,gaussian,16,9,0.3955274224281311,0.14161694049835205,0,trace,fp32,156186.953125,567686.5,0.001,fixed,20260809-020528_postfix-e3-gaussian-finite-estimator-controls-20rep,128,0.7792161703109741,20326007,0.01403939351439476,0.6445016264915466,SUCCEEDED,left
False,gaussian,16,10,0.8900157809257507,0.16734647750854492,0,trace,fp32,40996.7109375,1607384.375,0.001,fixed,20260809-020528_postfix-e3-gaussian-finite-estimator-controls-20rep,128,2.260204315185547,20326008,0.07931126654148102,1.0362277030944824,SUCCEEDED,left
False,gaussian,16,9,0.7814783453941345,0.16789531707763672,0,trace,fp32,666082.875,379864.59375,0.001,fixed,20260809-020528_postfix-e3-gaussian-finite-estimator-controls-20rep,128,1.7911169528961182,20326009,0.05197965353727341,0.8665618300437927,SUCCEEDED,left
False,gaussian,16,11,0.6610721349716187,0.2242918461561203,0,trace,fp32,100301.0,199265.234375,0.001,fixed,20260809-020528_postfix-e3-gaussian-finite-estimator-controls-20rep,128,1.9485716819763184,20326010,0.05949517711997032,1.776633620262146,SUCCEEDED,left
False,gaussian,16,10,1.3364540338516235,0.2240820974111557,0,trace,fp32,89546376.0,102532.203125,0.001,fixed,20260809-020528_postfix-e3-gaussian-finite-estimator-controls-20rep,128,1.9556896686553955,20326011,0.0822148323059082,0.9512814879417419,SUCCEEDED,left
False,gaussian,16,10,0.6539336442947388,0.1501651406288147,0,trace,fp32,89544.25,155113.03125,0.001,fixed,20260809-020528_postfix-e3-gaussian-finite-estimator-controls-20rep,128,1.8919861316680908,20326012,0.05768053978681564,1.0596952438354492,SUCCEEDED,left
False,gaussian,16,10,0.6956120729446411,0.20347844064235687,0,trace,fp32,944166.625,73698.578125,0.001,fixed,20260809-020528_postfix-e3-gaussian-finite-estimator-controls-20rep,128,1.4458907842636108,20326013,0.029286757111549377,0.7577628493309021,SUCCEEDED,left
False,gaussian,16,10,3.547799825668335,0.21227684617042542,0,trace,fp32,526087.4375,610274.8125,0.001,fixed,20260809-020528_postfix-e3-gaussian-finite-estimator-controls-20rep,128,1.9281213283538818,20326014,0.21765799820423126,1.140748143196106,SUCCEEDED,left
False,gaussian,16,10,17.040264129638672,0.19954799115657806,0,trace,fp32,295583.375,5347178.0,0.001,fixed,20260809-020528_postfix-e3-gaussian-finite-estimator-controls-20rep,128,2.4525866508483887,20326015,1.09354567527771,3.2768335342407227,SUCCEEDED,left
False,gaussian,16,11,8.718204498291016,0.19330273568630219,0,trace,fp32,62587.98046875,1633214.875,0.001,fixed,20260809-020528_postfix-e3-gaussian-finite-estimator-controls-20rep,128,3.2560369968414307,20326016,0.6541566252708435,3.039565086364746,SUCCEEDED,left
False,gaussian,16,9,0.6868324875831604,0.220362588763237,0,trace,fp32,580599.6875,197731.046875,0.001,fixed,20260809-020528_postfix-e3-gaussian-finite-estimator-controls-20rep,128,1.5219805240631104,20326017,0.03310713171958923,0.8522275686264038,SUCCEEDED,left
False,gaussian,16,10,0.6079035401344299,0.22327937185764313,0,trace,fp32,571861.5,726236.875,0.001,fixed,20260809-020528_postfix-e3-gaussian-finite-estimator-controls-20rep,128,1.3171519041061401,20326018,0.020402496680617332,0.7206637263298035,SUCCEEDED,left
False,gaussian,16,10,0.6388288736343384,0.19882230460643768,0,trace,fp32,729864.5625,466378.5,0.001,fixed,20260809-020528_postfix-e3-gaussian-finite-estimator-controls-20rep,128,1.1726925373077393,20326019,0.0168160293251276,0.7297833561897278,SUCCEEDED,left
False,gaussian,16,9,0.564144791333939,0.18636040254834732,0,trace,fp64,206686933570065.4,34592487509894.65,0.01,adaptive,20260809-020528_postfix-e3-gaussian-finite-estimator-controls-20rep,128,1.3297896377019895,20327000,0.02129394907479258,0.8700367556595555,SUCCEEDED,left
False,gaussian,16,11,1.3343431199632532,0.24055895016473572,0,trace,fp64,14048293423480.805,3547932053618.3687,0.01,adaptive,20260809-020528_postfix-e3-gaussian-finite-estimator-controls-20rep,128,1.8406914747659322,20327001,0.07429912022038158,0.9282517735480063,SUCCEEDED,left
False,gaussian,16,10,1.0894069131395683,0.1920118999036912,0,trace,fp64,21238265668675.01,12096517252118.861,0.01,adaptive,20260809-020528_postfix-e3-gaussian-finite-estimator-controls-20rep,128,2.3170748410897533,20327002,0.08953612400466396,0.9428670390163565,SUCCEEDED,left
False,gaussian,16,10,0.6729788897627863,0.18549388313515316,0,trace,fp64,90628680956178.92,286632888121979.44,0.01,adaptive,20260809-020528_postfix-e3-gaussian-finite-estimator-controls-20rep,128,1.335064159197668,20327003,0.023064400090697726,0.6579220618793924,SUCCEEDED,left
False,gaussian,16,10,1.0481453373359624,0.19156138191738753,0,trace,fp64,80950285490218.6,241915725578293.44,0.01,adaptive,20260809-020528_postfix-e3-gaussian-finite-estimator-controls-20rep,128,1.9494531744606742,20327004,0.06369518706342318,0.8812946512986434,SUCCEEDED,left
False,gaussian,16,10,1.0431102504019336,0.1746233451158797,0,trace,fp64,41374392446369.98,6906663718274.554,0.01,adaptive,20260809-020528_postfix-e3-gaussian-finite-estimator-controls-20rep,128,1.7525689996308187,20327005,0.05077663826833984,0.879390366856356,SUCCEEDED,left
False,gaussian,16,10,0.8855076707878035,0.17495990890267116,0,trace,fp64,1395993416810.0273,31395199903511.83,0.01,adaptive,20260809-020528_postfix-e3-gaussian-finite-estimator-controls-20rep,128,1.7876996780243386,20327006,0.050019656589047876,0.8581357142519207,SUCCEEDED,left
False,gaussian,16,11,0.7745452132232039,0.2851747998330056,0,trace,fp64,577621361308.2244,1325316546657.9448,0.01,adaptive,20260809-020528_postfix-e3-gaussian-finite-estimator-controls-20rep,128,1.904145345086296,20327007,0.05740364463128085,1.125409923066483,SUCCEEDED,left
False,gaussian,16,9,0.7793261997588066,0.17385084095027467,0,trace,fp64,3149971386327.2305,19207793787160.543,0.01,adaptive,20260809-020528_postfix-e3-gaussian-finite-estimator-controls-20rep,128,1.9905637137159695,20327008,0.06441263104184503,1.0017438017450213,SUCCEEDED,left
False,gaussian,16,10,0.7748333941825292,0.22300995014595185,0,trace,fp64,6034817558156.692,2184695311804.174,0.01,adaptive,20260809-020528_postfix-e3-gaussian-finite-estimator-controls-20rep,128,1.9202362067492547,20327009,0.05838046676428151,0.9595616124160704,SUCCEEDED,left
False,gaussian,16,10,0.8591328882592367,0.2053681318580897,0,trace,fp64,512573939622540.7,1627458509210.9468,0.01,adaptive,20260809-020528_postfix-e3-gaussian-finite-estimator-controls-20rep,128,1.6442003530236222,20327010,0.042316758220641314,0.7089416001299995,SUCCEEDED,left
False,gaussian,16,9,0.49709528987620955,0.18531600488465078,0,trace,fp64,34116544600913.188,319754560086210.3,0.01,adaptive,20260809-020528_postfix-e3-gaussian-finite-estimator-controls-20rep,128,0.7984686593230428,20327011,0.01259475511799342,0.7509203893683374,SUCCEEDED,left
False,gaussian,16,10,0.9351550549363853,0.1793844585111438,0,trace,fp64,11009406602890.494,478068005059178.44,0.01,adaptive,20260809-020528_postfix-e3-gaussian-finite-estimator-controls-20rep,128,1.5423216626321696,20327012,0.03724479168197424,0.7417760134170365,SUCCEEDED,left
False,gaussian,16,10,0.7315548081066973,0.21042745612982922,0,trace,fp64,232115321835988.3,20516455720079.234,0.01,adaptive,20260809-020528_postfix-e3-gaussian-finite-estimator-controls-20rep,128,1.5612329360765587,20327013,0.035889243287631,0.7991269210657724,SUCCEEDED,left
False,gaussian,16,10,0.8155599748515395,0.20244424062686883,0,trace,fp64,5674931697579.739,37850465634571.9,0.01,adaptive,20260809-020528_postfix-e3-gaussian-finite-estimator-controls-20rep,128,1.5947268566213713,20327014,0.03900313880789001,0.7991635443571492,SUCCEEDED,left
False,gaussian,16,10,1.6722421826403573,0.2441822543751477,0,trace,fp64,1651173868696.209,8247546667255.499,0.01,adaptive,20260809-020528_postfix-e3-gaussian-finite-estimator-controls-20rep,128,2.106832200536466,20327015,0.11209274277357585,0.9711506330440578,SUCCEEDED,left
False,gaussian,16,9,0.5645437073520353,0.18601914532065814,0,trace,fp64,33616367993210.94,58271234755112.055,0.01,adaptive,20260809-020528_postfix-e3-gaussian-finite-estimator-controls-20rep,128,1.1538270997832698,20327016,0.011576618480189396,0.6949957533680085,SUCCEEDED,left
False,gaussian,16,11,4.239521081433201,0.2087844422097234,0,trace,fp64,15499909261889.844,2002870122947.0454,0.01,adaptive,20260809-020528_postfix-e3-gaussian-finite-estimator-controls-20rep,128,2.0967860679636727,20327017,0.27169783766184613,1.4003540610744416,SUCCEEDED,left
False,gaussian,16,10,0.6826260885512498,0.21191551659581542,0,trace,fp64,181112328310625.4,14308619744183.63,0.01,adaptive,20260809-020528_postfix-e3-gaussian-finite-estimator-controls-20rep,128,1.3328155085825728,20327018,0.02428888036472361,0.6575987345961101,SUCCEEDED,left
False,gaussian,16,10,0.6341345913464718,0.2245288917773228,0,trace,fp64,3484223126828.2524,17430726425180.58,0.01,adaptive,20260809-020528_postfix-e3-gaussian-finite-estimator-controls-20rep,128,1.5914772440004963,20327019,0.03781642077215159,0.7954175260216156,SUCCEEDED,left
False,gaussian,16,10,0.7483527168452169,0.16865838638181804,0,trace,fp64,20551174918320.992,53695434810428.49,0.001,fixed,20260809-020528_postfix-e3-gaussian-finite-estimator-controls-20rep,128,1.4820950081555506,20328000,0.031075449403634145,0.6976499817113366,SUCCEEDED,left
False,gaussian,16,11,1.107637514619927,0.3240948637425497,0,trace,fp64,336352341141.0704,357915513687.7553,0.001,fixed,20260809-020528_postfix-e3-gaussian-finite-estimator-controls-20rep,128,2.3822936252592424,20328001,0.09377241779174121,1.1533194516282166,SUCCEEDED,left
False,gaussian,16,9,0.9671881423369635,0.22019470162480495,0,trace,fp64,52135659022003.08,116355037235001.42,0.001,fixed,20260809-020528_postfix-e3-gaussian-finite-estimator-controls-20rep,128,1.535489589725446,20328002,0.03691787026700185,0.6274018521004865,SUCCEEDED,left
False,gaussian,16,10,1.0234522527621728,0.17795073528513514,0,trace,fp64,26775015820724.375,4337736118997.4395,0.001,fixed,20260809-020528_postfix-e3-gaussian-finite-estimator-controls-20rep,128,2.126280723615919,20328003,0.07209807725799015,1.01354248174361,SUCCEEDED,left
False,gaussian,16,10,2.1428891609242786,0.22370495750008662,0,trace,fp64,8776495203018.579,3164999847039.8916,0.001,fixed,20260809-020528_postfix-e3-gaussian-finite-estimator-controls-20rep,128,2.407639141478527,20328004,0.15980261117406735,1.3610553497972873,SUCCEEDED,left
False,gaussian,16,9,0.8714605997262975,0.18769607126872986,0,trace,fp64,592223355667819.9,147840841740677.34,0.001,fixed,20260809-020528_postfix-e3-gaussian-finite-estimator-controls-20rep,128,1.3562764813388628,20328005,0.027581708585561682,0.6502805469522098,SUCCEEDED,left
False,gaussian,16,10,0.9015649574997605,0.18753183649034907,0,trace,fp64,84846812073854.2,1072538376162.7642,0.001,fixed,20260809-020528_postfix-e3-gaussian-finite-estimator-controls-20rep,128,2.285980245860588,20328006,0.08094335028136444,1.376451035889347,SUCCEEDED,left
False,gaussian,16,11,1.3873669236660047,0.27128113866076,0,trace,fp64,6158580995241.394,11201383657782.938,0.001,fixed,20260809-020528_postfix-e3-gaussian-finite-estimator-controls-20rep,128,2.238790026693172,20328007,0.10204154761637713,1.3304074183836057,SUCCEEDED,left
False,gaussian,16,10,1.7987456736150764,0.207066479333413,0,trace,fp64,46976659452353.266,10376975541704.072,0.001,fixed,20260809-020528_postfix-e3-gaussian-finite-estimator-controls-20rep,128,2.1373359790105675,20328008,0.1220754844595141,1.3562617233626157,SUCCEEDED,left
False,gaussian,16,10,0.46890409461583155,0.1664310254926945,0,trace,fp64,3248535437448.58,17780384922645.81,0.001,fixed,20260809-020528_postfix-e3-gaussian-finite-estimator-controls-20rep,128,1.2958001305411773,20328009,0.022893196120435937,0.8546200357135072,SUCCEEDED,left
False,gaussian,16,10,0.6657863143485191,0.19859557320268234,0,trace,fp64,5724919830188.507,36910832165451.29,0.001,fixed,20260809-020528_postfix-e3-gaussian-finite-estimator-controls-20rep,128,1.3549938947623,20328010,0.023452730941463128,0.8313680103309294,SUCCEEDED,left
False,gaussian,16,10,5.477138800443876,0.23000483552516565,0,trace,fp64,232104138273594.88,3253704402218.29,0.001,fixed,20260809-020528_postfix-e3-gaussian-finite-estimator-controls-20rep,128,2.267898570573695,20328011,0.3595663243857933,1.7404308291099662,SUCCEEDED,left
False,gaussian,16,11,1.1642424676378922,0.23016794658555179,0,trace,fp64,1824986520605.9143,377416715217.8757,0.001,fixed,20260809-020528_postfix-e3-gaussian-finite-estimator-controls-20rep,128,2.8385568633209033,20328012,0.12539845882228523,2.6895015422385744,SUCCEEDED,left
False,gaussian,16,11,8.022161880261406,0.26157803787415523,0,trace,fp64,42158291189686.08,62567863083758.79,0.001,fixed,20260809-020528_postfix-e3-gaussian-finite-estimator-controls-20rep,128,2.587371288997198,20328013,0.5425990064292628,1.9455833424979265,SUCCEEDED,left
False,gaussian,16,10,2.8162755057320887,0.1938955043235591,0,trace,fp64,334929604621004.6,70821281123999.48,0.001,fixed,20260809-020528_postfix-e3-gaussian-finite-estimator-controls-20rep,128,2.2007102421589595,20328014,0.18980233653490788,1.137082309873661,SUCCEEDED,left
False,gaussian,16,9,0.49048701760181374,0.16687113345057195,0,trace,fp64,233624510583367.2,189569194701506.53,0.001,fixed,20260809-020528_postfix-e3-gaussian-finite-estimator-controls-20rep,128,1.0988372734070957,20328015,0.008399514297991668,0.6520581927834298,SUCCEEDED,left
False,gaussian,16,10,0.6637672159292318,0.17772185008158975,0,trace,fp64,16436198035659.768,22262396602354.316,0.001,fixed,20260809-020528_postfix-e3-gaussian-finite-estimator-controls-20rep,128,1.6300758765877343,20328016,0.03995731543290962,0.8447223566455475,SUCCEEDED,left
False,gaussian,16,10,0.8265358949113885,0.22084247887253464,0,trace,fp64,11929884090741.71,26638468285579.984,0.001,fixed,20260809-020528_postfix-e3-gaussian-finite-estimator-controls-20rep,128,1.591066778406594,20328017,0.03737674461120654,0.9058050875762489,SUCCEEDED,left
False,gaussian,16,9,0.5660251139992939,0.1986270734994199,0,trace,fp64,98190343590484.11,135774981622209.92,0.001,fixed,20260809-020528_postfix-e3-gaussian-finite-estimator-controls-20rep,128,1.06042493335509,20328018,0.009152515905203336,0.6102123848143721,SUCCEEDED,left
False,gaussian,16,10,0.8434592598797598,0.164954200232182,0,trace,fp64,12676187639184.02,34867073526828.16,0.001,fixed,20260809-020528_postfix-e3-gaussian-finite-estimator-controls-20rep,128,1.7029304483671177,20328019,0.04595966135742964,0.7551715568588331,SUCCEEDED,left
True,gaussian,16,10,0.7176848649978638,0.2214052826166153,0,trace,fp32,428966.78125,23288.904296875,0.01,adaptive,20260809-020528_postfix-e3-gaussian-finite-estimator-controls-20rep,128,1.7582439184188843,20329000,0.04824589937925339,1.0354759693145752,SUCCEEDED,left
True,gaussian,16,10,2.279224157333374,0.3129793405532837,0,trace,fp32,5059490.5,72773.6015625,0.01,adaptive,20260809-020528_postfix-e3-gaussian-finite-estimator-controls-20rep,128,2.5253615379333496,20329001,0.17576217651367188,1.6984821557998657,SUCCEEDED,left
True,gaussian,16,9,0.6738525629043579,0.1734997034072876,0,trace,fp32,143311.40625,182141.78125,0.01,adaptive,20260809-020528_postfix-e3-gaussian-finite-estimator-controls-20rep,128,1.3751013278961182,20329002,0.024902325123548508,0.7928912043571472,SUCCEEDED,left
True,gaussian,16,9,1.123694896697998,0.20110583305358887,0,trace,fp32,437524.21875,95155.234375,0.01,adaptive,20260809-020528_postfix-e3-gaussian-finite-estimator-controls-20rep,128,1.786736249923706,20329003,0.0593334436416626,0.8346696496009827,SUCCEEDED,left
True,gaussian,16,11,4.026827812194824,0.32045915722846985,0,trace,fp32,293457.8125,535298.75,0.01,adaptive,20260809-020528_postfix-e3-gaussian-finite-estimator-controls-20rep,128,2.617001533508301,20329004,0.29047855734825134,2.220676898956299,SUCCEEDED,left
True,gaussian,16,9,1.711119294166565,0.19813679158687592,0,trace,fp32,1152958.875,342084.125,0.01,adaptive,20260809-020528_postfix-e3-gaussian-finite-estimator-controls-20rep,128,2.967271566390991,20329005,0.1679707020521164,1.6511828899383545,SUCCEEDED,left
True,gaussian,16,9,1.3705872297286987,0.18519417941570282,0,trace,fp32,609159.5,113041.953125,0.01,adaptive,20260809-020528_postfix-e3-gaussian-finite-estimator-controls-20rep,128,2.0693202018737793,20329006,0.09095766395330429,0.9386265873908997,SUCCEEDED,left
True,gaussian,16,9,1.7881501913070679,0.21051724255084991,0,trace,fp32,89053.59375,269204.3125,0.01,adaptive,20260809-020528_postfix-e3-gaussian-finite-estimator-controls-20rep,128,2.2119860649108887,20329007,0.12591798603534698,1.1731398105621338,SUCCEEDED,left
True,gaussian,16,9,0.7175630927085876,0.20022107660770416,0,trace,fp32,921214.4375,23056.7578125,0.01,adaptive,20260809-020528_postfix-e3-gaussian-finite-estimator-controls-20rep,128,1.8670575618743896,20329008,0.05555405840277672,1.0991942882537842,SUCCEEDED,left
True,gaussian,16,11,4.598549842834473,0.37537476420402527,0,trace,fp32,165159.875,1778603.625,0.01,adaptive,20260809-020528_postfix-e3-gaussian-finite-estimator-controls-20rep,128,3.7395992279052734,20329009,0.5823414325714111,4.089982509613037,SUCCEEDED,left
True,gaussian,16,9,0.9915469288825989,0.17771482467651367,0,trace,fp32,143693.9375,479270.28125,0.01,adaptive,20260809-020528_postfix-e3-gaussian-finite-estimator-controls-20rep,128,2.1817879676818848,20329010,0.07520591467618942,0.9818943738937378,SUCCEEDED,left
True,gaussian,16,9,2.850660562515259,0.17288464307785034,0,trace,fp32,108507.890625,139277.953125,0.01,adaptive,20260809-020528_postfix-e3-gaussian-finite-estimator-controls-20rep,128,2.9870800971984863,20329011,0.30874958634376526,1.8837487697601318,SUCCEEDED,left
True,gaussian,16,10,1.2839659452438354,0.25974011421203613,0,trace,fp32,71153.0078125,75520.2890625,0.01,adaptive,20260809-020528_postfix-e3-gaussian-finite-estimator-controls-20rep,128,2.6201324462890625,20329012,0.11943234503269196,1.5786954164505005,SUCCEEDED,left
True,gaussian,16,9,1.3835502862930298,0.19133202731609344,0,trace,fp32,1960738.25,92063.1328125,0.01,adaptive,20260809-020528_postfix-e3-gaussian-finite-estimator-controls-20rep,128,2.2945523262023926,20329013,0.10535551607608795,1.4529436826705933,SUCCEEDED,left
True,gaussian,16,9,0.5660544037818909,0.1862824410200119,0,trace,fp32,163143.703125,51077.57421875,0.01,adaptive,20260809-020528_postfix-e3-gaussian-finite-estimator-controls-20rep,128,1.1975064277648926,20329014,0.01328956801444292,0.6758637428283691,SUCCEEDED,left
True,gaussian,16,10,1.5467897653579712,0.20282500982284546,0,trace,fp32,853929.25,656258.5625,0.01,adaptive,20260809-020528_postfix-e3-gaussian-finite-estimator-controls-20rep,128,2.4413909912109375,20329015,0.12549495697021484,1.443367838859558,SUCCEEDED,left
True,gaussian,16,9,0.5830318927764893,0.18081094324588776,0,trace,fp32,690531.625,65053.83203125,0.01,adaptive,20260809-020528_postfix-e3-gaussian-finite-estimator-controls-20rep,128,1.0048896074295044,20329016,0.017049256712198257,0.742892324924469,SUCCEEDED,left
True,gaussian,16,9,0.4031713902950287,0.15641272068023682,0,trace,fp32,305672.875,193634.140625,0.01,adaptive,20260809-020528_postfix-e3-gaussian-finite-estimator-controls-20rep,128,0.8312553763389587,20329017,0.010545587167143822,0.6941245794296265,SUCCEEDED,left
True,gaussian,16,9,0.7292155027389526,0.2081480622291565,0,trace,fp32,199574.046875,161905.984375,0.01,adaptive,20260809-020528_postfix-e3-gaussian-finite-estimator-controls-20rep,128,1.614745855331421,20329018,0.042610641568899155,0.8737108111381531,SUCCEEDED,left
True,gaussian,16,9,0.5798352360725403,0.22206324338912964,0,trace,fp32,964654.9375,25788.890625,0.01,adaptive,20260809-020528_postfix-e3-gaussian-finite-estimator-controls-20rep,128,1.2350102663040161,20329019,0.015385341830551624,0.7821698784828186,SUCCEEDED,left
True,gaussian,16,9,0.9086953401565552,0.20617908239364624,0,logdet,fp32,1211907.375,845710.6875,0.001,fixed,20260809-020528_postfix-e3-gaussian-finite-estimator-controls-20rep,128,3.5009493827819824,20330000,0.05172733590006828,0.8548054695129395,SUCCEEDED,left
True,gaussian,16,9,0.769616425037384,0.2414880245923996,0,logdet,fp32,664513.75,133264.515625,0.001,fixed,20260809-020528_postfix-e3-gaussian-finite-estimator-controls-20rep,128,2.4797699451446533,20330001,0.039259329438209534,0.8729649782180786,SUCCEEDED,left
True,gaussian,16,10,1.0971550941467285,0.2213495373725891,0,logdet,fp32,157835.40625,673393.75,0.001,fixed,20260809-020528_postfix-e3-gaussian-finite-estimator-controls-20rep,128,17.969722747802734,20330002,0.0947132557630539,1.1970833539962769,SUCCEEDED,left
True,gaussian,16,10,9.632627487182617,0.40019288659095764,0,logdet,fp32,1142784.875,1201370.75,0.001,fixed,20260809-020528_postfix-e3-gaussian-finite-estimator-controls-20rep,128,35.006038665771484,20330003,0.8851847648620605,5.344925880432129,SUCCEEDED,left
True,gaussian,16,9,0.5272107124328613,0.17736682295799255,0,logdet,fp32,25152.443359375,127764.5625,0.001,fixed,20260809-020528_postfix-e3-gaussian-finite-estimator-controls-20rep,128,1.198256254196167,20330004,0.007090841885656118,0.6581260561943054,SUCCEEDED,left
True,gaussian,16,9,0.6906689405441284,0.18533644080162048,0,logdet,fp32,1049073.0,38825.20703125,0.001,fixed,20260809-020528_postfix-e3-gaussian-finite-estimator-controls-20rep,128,2.517503499984741,20330005,0.041721031069755554,0.7448816299438477,SUCCEEDED,left
True,gaussian,16,10,3.0621654987335205,0.3358064889907837,0,logdet,fp32,5188534.0,174642.96875,0.001,fixed,20260809-020528_postfix-e3-gaussian-finite-estimator-controls-20rep,128,32.870941162109375,20330006,0.26399877667427063,1.6771680116653442,SUCCEEDED,left
True,gaussian,16,10,1.292795181274414,0.22522328794002533,0,logdet,fp32,384579.15625,128052.96875,0.001,fixed,20260809-020528_postfix-e3-gaussian-finite-estimator-controls-20rep,128,17.559534072875977,20330007,0.09937647730112076,1.379811406135559,SUCCEEDED,left
True,gaussian,16,9,1.7869398593902588,0.18415577709674835,0,logdet,fp32,176648.8125,3499522.25,0.001,fixed,20260809-020528_postfix-e3-gaussian-finite-estimator-controls-20rep,128,16.697399139404297,20330008,0.09339440613985062,0.8927956819534302,SUCCEEDED,left
True,gaussian,16,10,15.826396942138672,0.2152443379163742,0,logdet,fp32,324102.4375,1384245.0,0.001,fixed,20260809-020528_postfix-e3-gaussian-finite-estimator-controls-20rep,128,17.099411010742188,20330009,0.9877493381500244,2.972836494445801,SUCCEEDED,left
True,gaussian,16,9,0.8893225789070129,0.2222844958305359,0,logdet,fp32,71222.34375,134150.5625,0.001,fixed,20260809-020528_postfix-e3-gaussian-finite-estimator-controls-20rep,128,3.0786733627319336,20330010,0.04119984060525894,0.9056642651557922,SUCCEEDED,left
True,gaussian,16,9,0.6536640524864197,0.19533225893974304,0,logdet,fp32,722402.5,132048.890625,0.001,fixed,20260809-020528_postfix-e3-gaussian-finite-estimator-controls-20rep,128,1.6389418840408325,20330011,0.01432721596211195,0.6901196241378784,SUCCEEDED,left
True,gaussian,16,10,6.149029731750488,0.32335135340690613,0,logdet,fp32,190159.484375,7888687.5,0.001,fixed,20260809-020528_postfix-e3-gaussian-finite-estimator-controls-20rep,128,17.693098068237305,20330012,0.4097079634666443,2.4162702560424805,SUCCEEDED,left
True,gaussian,16,8,0.5335766077041626,0.18577754497528076,0,logdet,fp32,142439.28125,91114.1796875,0.001,fixed,20260809-020528_postfix-e3-gaussian-finite-estimator-controls-20rep,128,1.739211082458496,20330013,0.023457609117031097,0.7782474756240845,SUCCEEDED,left
True,gaussian,16,10,98.91072082519531,0.33733296394348145,0,logdet,fp32,1723354.125,30871818.0,0.001,fixed,20260809-020528_postfix-e3-gaussian-finite-estimator-controls-20rep,128,18.60489845275879,20330014,6.239215850830078,14.551688194274902,SUCCEEDED,left
True,gaussian,16,9,0.7495770454406738,0.15757018327713013,0,logdet,fp32,51302.61328125,491022.4375,0.001,fixed,20260809-020528_postfix-e3-gaussian-finite-estimator-controls-20rep,128,2.521984815597534,20330015,0.044080328196287155,0.977486252784729,SUCCEEDED,left
True,gaussian,16,9,2.897426128387451,0.21903014183044434,0,logdet,fp32,451993.90625,1331287.125,0.001,fixed,20260809-020528_postfix-e3-gaussian-finite-estimator-controls-20rep,128,17.948822021484375,20330016,0.2055419534444809,1.4450081586837769,SUCCEEDED,left
True,gaussian,16,10,2.4483449459075928,0.29454782605171204,0,logdet,fp32,3329728.75,90893.921875,0.001,fixed,20260809-020528_postfix-e3-gaussian-finite-estimator-controls-20rep,128,18.68880844116211,20330017,0.19407469034194946,1.5567837953567505,SUCCEEDED,left
True,gaussian,16,8,0.5992412567138672,0.17776067554950714,0,logdet,fp32,69467.796875,445857.90625,0.001,fixed,20260809-020528_postfix-e3-gaussian-finite-estimator-controls-20rep,128,1.604146957397461,20330018,0.017775552347302437,0.7321152091026306,SUCCEEDED,left
True,gaussian,16,9,0.5773503184318542,0.16570353507995605,0,logdet,fp32,330413.15625,217745.453125,0.001,fixed,20260809-020528_postfix-e3-gaussian-finite-estimator-controls-20rep,128,1.3945751190185547,20330019,0.008722829632461071,0.6509870290756226,SUCCEEDED,left
True,gaussian,16,11,0.9990579204019616,0.25163976601247584,0,trace,fp64,35272768769188.24,91772593226717.92,0.001,fixed,20260809-020528_postfix-e3-gaussian-finite-estimator-controls-20rep,128,2.5354270518002426,20331000,0.096171063157471,1.6601735219206544,SUCCEEDED,dual
True,gaussian,16,10,0.8134611085875116,0.16402169949849527,0,trace,fp64,65897256007394.87,2129223111859.4338,0.001,fixed,20260809-020528_postfix-e3-gaussian-finite-estimator-controls-20rep,128,2.7667340597890853,20331001,0.11063803688334953,2.3809149348410923,SUCCEEDED,dual
True,gaussian,16,10,0.9122304897484654,0.2126109342237769,0,trace,fp64,58380352714180.375,187955947804001.94,0.001,fixed,20260809-020528_postfix-e3-gaussian-finite-estimator-controls-20rep,128,2.147825832486743,20331002,0.07194265300340583,1.5068907816619763,SUCCEEDED,dual
True,gaussian,16,11,0.8752116262695674,0.23897704251819565,0,trace,fp64,245842340991377.78,31406593345213.637,0.001,fixed,20260809-020528_postfix-e3-gaussian-finite-estimator-controls-20rep,128,2.427626436102927,20331003,0.08934650303439803,2.8131525745309056,SUCCEEDED,dual
True,gaussian,16,11,0.6852381174601764,0.19145332549160363,0,trace,fp64,115611149510166.44,42865274853164.15,0.001,fixed,20260809-020528_postfix-e3-gaussian-finite-estimator-controls-20rep,128,1.6835085079380996,20331004,0.04306500879374687,1.137407365062141,SUCCEEDED,dual
True,gaussian,16,11,0.5701404847808461,0.19619909739357072,0,trace,fp64,308822570937424.0,108217888697393.62,0.001,fixed,20260809-020528_postfix-e3-gaussian-finite-estimator-controls-20rep,128,1.3020241971009816,20331005,0.019820901672723906,0.767485376658374,SUCCEEDED,dual
True,gaussian,16,10,0.4852608932771152,0.15798536520574985,0,trace,fp64,23036135902952.39,1570913435166.4304,0.001,fixed,20260809-020528_postfix-e3-gaussian-finite-estimator-controls-20rep,128,1.4428859937450496,20331006,0.029944588446770552,1.2150399092250588,SUCCEEDED,dual
True,gaussian,16,10,0.58444652599708,0.17769031463714477,0,trace,fp64,487118778425635.6,69896735797462.47,0.001,fixed,20260809-020528_postfix-e3-gaussian-finite-estimator-controls-20rep,128,1.708761689747206,20331007,0.044418656413882804,1.148976190821604,SUCCEEDED,dual
True,gaussian,16,11,0.689019373375492,0.20158095085921562,0,trace,fp64,380815771251318.75,10042304942858.248,0.001,fixed,20260809-020528_postfix-e3-gaussian-finite-estimator-controls-20rep,128,2.6057045293552576,20331008,0.10046996516546008,4.085592877686719,SUCCEEDED,dual
True,gaussian,16,11,0.9855793645229811,0.18412978130587337,0,trace,fp64,25149271291648.695,245366284825565.6,0.001,fixed,20260809-020528_postfix-e3-gaussian-finite-estimator-controls-20rep,128,2.5172105649627894,20331009,0.0949466389235548,2.1754561439371964,SUCCEEDED,dual
True,gaussian,16,10,0.576023815640685,0.18459636139870278,0,trace,fp64,132930765597981.72,183622559433623.06,0.001,fixed,20260809-020528_postfix-e3-gaussian-finite-estimator-controls-20rep,128,1.5999661078311094,20331010,0.037834827393881276,1.033344335067188,SUCCEEDED,dual
True,gaussian,16,10,0.8212238382148018,0.20004465233241367,0,trace,fp64,450735861315891.0,22301943283985.4,0.001,fixed,20260809-020528_postfix-e3-gaussian-finite-estimator-controls-20rep,128,2.115397638594695,20331011,0.07000602149091101,1.435568885428535,SUCCEEDED,dual
True,gaussian,16,11,0.6953511215112235,0.2114653134342639,0,trace,fp64,115112639298578.62,55840844503925.96,0.001,fixed,20260809-020528_postfix-e3-gaussian-finite-estimator-controls-20rep,128,1.8588283771067682,20331012,0.05395649654524835,1.1565877008572931,SUCCEEDED,dual
True,gaussian,16,11,0.6816574421486442,0.22902813712259937,0,trace,fp64,144170352062492.62,260116785074617.34,0.001,fixed,20260809-020528_postfix-e3-gaussian-finite-estimator-controls-20rep,128,1.7745633443129534,20331013,0.04852792289630916,1.8760576432773843,SUCCEEDED,dual
True,gaussian,16,11,0.9996447330581067,0.24324412123133632,0,trace,fp64,502038081756389.75,142426128153836.5,0.001,fixed,20260809-020528_postfix-e3-gaussian-finite-estimator-controls-20rep,128,2.501216798185031,20331014,0.0939921827884757,1.49726047471928,SUCCEEDED,dual
True,gaussian,16,10,0.6674494075830016,0.17861546008837875,0,trace,fp64,61931470583926.086,870040715413.0897,0.001,fixed,20260809-020528_postfix-e3-gaussian-finite-estimator-controls-20rep,128,1.731955480447886,20331015,0.046216741675816034,1.1366334132642022,SUCCEEDED,dual
True,gaussian,16,10,0.5921940705626783,0.16666206379393161,0,trace,fp64,6566973391010.42,167739321598856.8,0.001,fixed,20260809-020528_postfix-e3-gaussian-finite-estimator-controls-20rep,128,1.3891386118084816,20331016,0.024559947034740678,0.8602455488614646,SUCCEEDED,dual
True,gaussian,16,11,0.5527612262323608,0.21609524361814345,0,trace,fp64,135052460486072.67,755634925632433.0,0.001,fixed,20260809-020528_postfix-e3-gaussian-finite-estimator-controls-20rep,128,1.5009819218534828,20331017,0.03149986287560325,1.2495918276044802,SUCCEEDED,dual
True,gaussian,16,12,0.9035895731671721,0.2828582552852731,0,trace,fp64,104163428286973.86,16073007634777.346,0.001,fixed,20260809-020528_postfix-e3-gaussian-finite-estimator-controls-20rep,128,2.4887853455600295,20331018,0.09314025716307703,2.7106912004450017,SUCCEEDED,dual
True,gaussian,16,11,0.5772752460037649,0.1763312945351741,0,trace,fp64,1091915829620.3489,216529420477094.34,0.001,fixed,20260809-020528_postfix-e3-gaussian-finite-estimator-controls-20rep,128,1.4123403889464257,20331019,0.026190985948776634,0.8185272466797101,SUCCEEDED,dual
True,gaussian,16,8,0.5202197237771234,0.18175998545652422,0,logdet,fp64,9232209308493.797,4949418006440.73,0.01,adaptive,20260809-020528_postfix-e3-gaussian-finite-estimator-controls-20rep,128,1.3255236672488193,20332000,0.00877459238424113,0.7427198807562323,SUCCEEDED,left
True,gaussian,16,10,3.030235528958464,0.22478607385346785,0,logdet,fp64,62236973343895.91,44452080525061.01,0.01,adaptive,20260809-020528_postfix-e3-gaussian-finite-estimator-controls-20rep,128,18.213480449634787,20332001,0.21669820058271366,1.3551537201235384,SUCCEEDED,left
True,gaussian,16,9,0.5485619645561008,0.15785462686999227,0,logdet,fp64,10950976046278.072,59004849995831.9,0.01,adaptive,20260809-020528_postfix-e3-gaussian-finite-estimator-controls-20rep,128,1.565976551407843,20332002,0.017846968579732128,0.8522729203879359,SUCCEEDED,left
True,gaussian,16,9,2.082427768972836,0.21908197630622783,0,logdet,fp64,96114629561519.02,514112168244290.44,0.01,adaptive,20260809-020528_postfix-e3-gaussian-finite-estimator-controls-20rep,128,17.368049218187892,20332003,0.13167429788250448,1.1701603948711452,SUCCEEDED,left
True,gaussian,16,10,3.8564919781681186,0.21903103954297723,0,logdet,fp64,24013156789228.934,16074523315534.281,0.01,adaptive,20260809-020528_postfix-e3-gaussian-finite-estimator-controls-20rep,128,17.314045940110415,20332004,0.23742335968845532,1.185610227442584,SUCCEEDED,left
True,gaussian,16,9,0.6551350288465891,0.23129126296763794,0,logdet,fp64,976125661241183.1,512295334065213.56,0.01,adaptive,20260809-020528_postfix-e3-gaussian-finite-estimator-controls-20rep,128,1.8846640577779947,20332005,0.024826963001405376,0.8905534441852904,SUCCEEDED,left
True,gaussian,16,9,0.527758305583435,0.1869974215827938,0,logdet,fp64,306515794527718.0,328979207391221.5,0.01,adaptive,20260809-020528_postfix-e3-gaussian-finite-estimator-controls-20rep,128,1.5187917118010534,20332006,0.013776489135441033,0.6976864587869066,SUCCEEDED,left
True,gaussian,16,8,0.42392854910718564,0.16475113780007875,0,logdet,fp64,3060862970049.0703,3621077313874.113,0.01,adaptive,20260809-020528_postfix-e3-gaussian-finite-estimator-controls-20rep,128,0.7796192852137404,20332007,0.02244947493603155,0.8335519904147934,SUCCEEDED,left
True,gaussian,16,9,0.7174716573960057,0.2274689257504898,0,logdet,fp64,40207360555572.88,337140001498368.8,0.01,adaptive,20260809-020528_postfix-e3-gaussian-finite-estimator-controls-20rep,128,2.2681218462272352,20332008,0.036881768102851306,0.9572228941828264,SUCCEEDED,left
True,gaussian,16,9,0.751313167575498,0.24465227569771095,0,logdet,fp64,37608918779100.695,268985655769640.8,0.01,adaptive,20260809-020528_postfix-e3-gaussian-finite-estimator-controls-20rep,128,2.9261098129757643,20332009,0.05947797129027297,1.0443959636763003,SUCCEEDED,left
True,gaussian,16,8,0.4105546130612775,0.1602781345903965,0,logdet,fp64,4329333262263.973,1931019543658.9607,0.01,adaptive,20260809-020528_postfix-e3-gaussian-finite-estimator-controls-20rep,128,0.8721336214524209,20332010,0.01679860715134912,0.7609855460155843,SUCCEEDED,left
True,gaussian,16,10,6.209161149106637,0.2349762882758676,0,logdet,fp64,80311769025830.95,1405528669403853.0,0.01,adaptive,20260809-020528_postfix-e3-gaussian-finite-estimator-controls-20rep,128,17.554099924352048,20332011,0.3973782394609356,1.8382504697218158,SUCCEEDED,left
True,gaussian,16,9,1.3148057708408918,0.21903785904580925,0,logdet,fp64,325728973302124.44,479626969280017.9,0.01,adaptive,20260809-020528_postfix-e3-gaussian-finite-estimator-controls-20rep,128,17.703522809594812,20332012,0.0990578004693423,1.402459806828955,SUCCEEDED,left
True,gaussian,16,8,0.6806295757966586,0.16259525919150264,0,logdet,fp64,204711644578156.44,394904926261189.8,0.01,adaptive,20260809-020528_postfix-e3-gaussian-finite-estimator-controls-20rep,128,1.6705212669811753,20332013,0.017430417918293313,0.7427791139517987,SUCCEEDED,left
True,gaussian,16,9,0.88471769045153,0.2137786806381787,0,logdet,fp64,80569164781412.19,12055729731620.758,0.01,adaptive,20260809-020528_postfix-e3-gaussian-finite-estimator-controls-20rep,128,3.0347947096258903,20332014,0.04018893878965568,0.7748952382611911,SUCCEEDED,left
True,gaussian,16,11,26.428876380978842,0.3428282528671689,0,logdet,fp64,12330792915145.309,29991139651987.19,0.01,adaptive,20260809-020528_postfix-e3-gaussian-finite-estimator-controls-20rep,128,34.09697034169477,20332015,1.7696983863358364,6.130113801699767,SUCCEEDED,left
True,gaussian,16,10,0.6336226577475103,0.17778710196529926,0,logdet,fp64,365114389780511.3,16145544463548.432,0.01,adaptive,20260809-020528_postfix-e3-gaussian-finite-estimator-controls-20rep,128,1.7480800461649495,20332016,0.018778720171123368,0.6606892476908873,SUCCEEDED,left
True,gaussian,16,10,1.238039290919364,0.30907204360739343,0,logdet,fp64,61600550878751.42,15195084638991.35,0.01,adaptive,20260809-020528_postfix-e3-gaussian-finite-estimator-controls-20rep,128,18.7021314742264,20332017,0.11682845248478804,1.4246489369041564,SUCCEEDED,left
True,gaussian,16,10,3.251415789183792,0.2134853153957327,0,logdet,fp64,44155685694544.26,42104923299509.375,0.01,adaptive,20260809-020528_postfix-e3-gaussian-finite-estimator-controls-20rep,128,18.588824468562347,20332018,0.24037273079565724,1.4887560614889908,SUCCEEDED,left
True,gaussian,16,9,0.5686173528544631,0.17043461532011056,0,logdet,fp64,202487022691172.88,29924774917652.383,0.01,adaptive,20260809-020528_postfix-e3-gaussian-finite-estimator-controls-20rep,128,1.7049356822965889,20332019,0.020547739350865814,0.7756330690105565,SUCCEEDED,left
True,gaussian,16,9,0.7255193676714158,0.14088797259844726,0,trace,fp64,81581919850511.58,151731808586226.2,0.001,fixed,20260809-020528_postfix-e3-gaussian-finite-estimator-controls-20rep,128,1.5888526607960503,20333000,0.039488190805764614,0.8830446006164803,SUCCEEDED,left
True,gaussian,16,9,0.7092896641078699,0.19282197174466645,0,trace,fp64,430481959091910.06,40754611274263.92,0.001,fixed,20260809-020528_postfix-e3-gaussian-finite-estimator-controls-20rep,128,1.4737929760297677,20333001,0.03126945114436951,0.7557414500773532,SUCCEEDED,left
True,gaussian,16,10,0.6106544916128874,0.21519420499039404,0,trace,fp64,86419052060345.2,350666610319728.3,0.001,fixed,20260809-020528_postfix-e3-gaussian-finite-estimator-controls-20rep,128,1.7540767852411976,20333002,0.04759781566366784,1.172951410645973,SUCCEEDED,left
True,gaussian,16,9,0.5147509051458826,0.19338960228347535,0,trace,fp64,26344548042646.613,60883870338253.195,0.001,fixed,20260809-020528_postfix-e3-gaussian-finite-estimator-controls-20rep,128,1.107712516474827,20333003,0.01035694821623067,0.7105324517569286,SUCCEEDED,left
True,gaussian,16,10,3.4925807637224233,0.19092096413699983,0,trace,fp64,164301785472250.9,4455626196798.153,0.001,fixed,20260809-020528_postfix-e3-gaussian-finite-estimator-controls-20rep,128,2.7397475403548235,20333004,0.26476350759560086,2.0783760542727787,SUCCEEDED,left
True,gaussian,16,9,0.560123438639526,0.15504459157398062,0,trace,fp64,3597891356324.0547,32916823330212.086,0.001,fixed,20260809-020528_postfix-e3-gaussian-finite-estimator-controls-20rep,128,1.303374663510505,20333005,0.020083845144811336,0.6949684017125624,SUCCEEDED,left
True,gaussian,16,10,1.1195453002780849,0.23026787036671698,0,trace,fp64,12410615791778.832,350579200935801.3,0.001,fixed,20260809-020528_postfix-e3-gaussian-finite-estimator-controls-20rep,128,2.5669162208862097,20333006,0.10613403295926793,1.5901791241667056,SUCCEEDED,left
True,gaussian,16,9,0.9980247513410249,0.14795946374899294,0,trace,fp64,2458059439781.8135,31965311586273.816,0.001,fixed,20260809-020528_postfix-e3-gaussian-finite-estimator-controls-20rep,128,1.9420685852657502,20333007,0.060420760005746026,0.8477237290056493,SUCCEEDED,left
True,gaussian,16,10,2.475979266942743,0.26285011614407017,0,trace,fp64,128421613011962.25,92691190228129.62,0.001,fixed,20260809-020528_postfix-e3-gaussian-finite-estimator-controls-20rep,128,2.8888200099679837,20333008,0.22258520491594846,1.6794487759317058,SUCCEEDED,left
True,gaussian,16,10,0.7880312440431801,0.20876453812142343,0,trace,fp64,132511165417930.27,18915419390254.43,0.001,fixed,20260809-020528_postfix-e3-gaussian-finite-estimator-controls-20rep,128,1.6280659207419919,20333009,0.03990536174962885,0.7856853880101221,SUCCEEDED,left
True,gaussian,16,9,7.5406017969142045,0.2045826094515513,0,trace,fp64,45165099870092.73,1563094521032673.8,0.001,fixed,20260809-020528_postfix-e3-gaussian-finite-estimator-controls-20rep,128,2.365326602773011,20333010,0.4951279714025906,1.810528077779718,SUCCEEDED,left
True,gaussian,16,9,0.771316210395877,0.20786087338641462,0,trace,fp64,145596469936267.47,9568558184267.943,0.001,fixed,20260809-020528_postfix-e3-gaussian-finite-estimator-controls-20rep,128,1.585782378907224,20333011,0.037996514013798846,0.9038802500631892,SUCCEEDED,left
True,gaussian,16,10,3.8890753753519434,0.22371263148917267,0,trace,fp64,35812315144386.555,234269619738437.66,0.001,fixed,20260809-020528_postfix-e3-gaussian-finite-estimator-controls-20rep,128,2.6946098844716673,20333012,0.28683315762919004,1.908182097132901,SUCCEEDED,left
True,gaussian,16,9,0.5867366615165274,0.188442642457091,0,trace,fp64,100036797842514.45,126450920983702.9,0.001,fixed,20260809-020528_postfix-e3-gaussian-finite-estimator-controls-20rep,128,1.4089315783803615,20333013,0.027368950191214585,0.9111601137090181,SUCCEEDED,left
True,gaussian,16,9,0.8043351180543922,0.2346277689249706,0,trace,fp64,3741947693160.739,209800038924912.4,0.001,fixed,20260809-020528_postfix-e3-gaussian-finite-estimator-controls-20rep,128,2.0755913082001256,20333014,0.06805260984677444,1.3870820646511417,SUCCEEDED,left
True,gaussian,16,10,0.9117485432482292,0.18173215062990444,0,trace,fp64,497820403479993.94,18439287934290.848,0.001,fixed,20260809-020528_postfix-e3-gaussian-finite-estimator-controls-20rep,128,1.970273509163073,20333015,0.06196271223440364,0.9108479650810347,SUCCEEDED,left
True,gaussian,16,9,19.284157825862508,0.29855869584465167,0,trace,fp64,1876967719183752.8,91718923559288.92,0.001,fixed,20260809-020528_postfix-e3-gaussian-finite-estimator-controls-20rep,128,2.3884725389696566,20333016,1.2300161830223924,3.1861810845248244,SUCCEEDED,left
True,gaussian,16,9,0.9163376580022671,0.2012582132721146,0,trace,fp64,130001855201079.89,15055780622351.52,0.001,fixed,20260809-020528_postfix-e3-gaussian-finite-estimator-controls-20rep,128,2.0972747115300487,20333017,0.06905406804058022,1.2602096536421616,SUCCEEDED,left
True,gaussian,16,10,0.4721211046900713,0.19293165650412636,0,trace,fp64,7894492818692.333,57773917453484.54,0.001,fixed,20260809-020528_postfix-e3-gaussian-finite-estimator-controls-20rep,128,1.0956559420173644,20333018,0.01463029452130217,0.757320337186765,SUCCEEDED,left
True,gaussian,16,9,1.03763771346179,0.20436325152949683,0,trace,fp64,35401980131657.87,142964477199131.34,0.001,fixed,20260809-020528_postfix-e3-gaussian-finite-estimator-controls-20rep,128,1.6878899261253522,20333019,0.04717516554162518,0.7855273547012953,SUCCEEDED,left
True,gaussian,16,11,0.8025772109810757,0.2460655569050396,0,trace,fp64,20952968363025.4,10345321976039.91,0.001,fixed,20260809-020528_postfix-e3-gaussian-finite-estimator-controls-20rep,256,2.012602165555066,20334000,0.06340432960653906,1.4221279864550391,SUCCEEDED,dual
True,gaussian,16,12,0.9970015441573887,0.3196536021586755,0,trace,fp64,190722047253.1196,750764849754.9979,0.001,fixed,20260809-020528_postfix-e3-gaussian-finite-estimator-controls-20rep,256,2.910911431156324,20334001,0.11947534500075432,4.5290717446198805,SUCCEEDED,dual
True,gaussian,16,12,0.995357139142892,0.25074848254753235,0,trace,fp64,93042449580329.88,451716489838.16156,0.001,fixed,20260809-020528_postfix-e3-gaussian-finite-estimator-controls-20rep,256,3.6636463761168434,20334002,0.1665633141034805,5.560180174196052,SUCCEEDED,dual
True,gaussian,16,11,0.5299491588063588,0.21296822368499033,0,trace,fp64,536635358775053.0,57341454472373.6,0.001,fixed,20260809-020528_postfix-e3-gaussian-finite-estimator-controls-20rep,256,1.395757327865595,20334003,0.024856695322739944,0.8978707259387142,SUCCEEDED,dual
True,gaussian,16,12,0.5863422730684673,0.23787694166727788,0,trace,fp64,16076252843175.336,2375309114033.7983,0.001,fixed,20260809-020528_postfix-e3-gaussian-finite-estimator-controls-20rep,256,1.4384748568106045,20334004,0.02758067914006694,0.8628609490205026,SUCCEEDED,dual
True,gaussian,16,10,0.5223622802286306,0.1745826554034253,0,trace,fp64,102912045560919.88,15281720249625.805,0.001,fixed,20260809-020528_postfix-e3-gaussian-finite-estimator-controls-20rep,256,1.3054348333808365,20334005,0.01932812468512307,0.9218155094131197,SUCCEEDED,dual
True,gaussian,16,10,0.5947474918640672,0.19404521092721452,0,trace,fp64,14671734862285.086,4902864530085.026,0.001,fixed,20260809-020528_postfix-e3-gaussian-finite-estimator-controls-20rep,256,1.724354824588561,20334006,0.045397586428809346,1.2066670909283292,SUCCEEDED,dual
True,gaussian,16,11,0.8388578934900615,0.20238438344511517,0,trace,fp64,13145029219622.441,220376296770621.72,0.001,fixed,20260809-020528_postfix-e3-gaussian-finite-estimator-controls-20rep,256,1.9645767496003992,20334007,0.06040685436857511,1.11356757480592,SUCCEEDED,dual
True,gaussian,16,11,0.5763133205079525,0.18293545878582634,0,trace,fp64,118794173433169.66,72440622793352.69,0.001,fixed,20260809-020528_postfix-e3-gaussian-finite-estimator-controls-20rep,256,1.376595821439996,20334008,0.02392332038569199,0.9229888332728869,SUCCEEDED,dual
True,gaussian,16,12,0.5877139593609632,0.22093632975778577,0,trace,fp64,217749653542262.34,2079807337763.9514,0.001,fixed,20260809-020528_postfix-e3-gaussian-finite-estimator-controls-20rep,256,1.3982295359778074,20334009,0.02560416745622759,0.5966324161737891,SUCCEEDED,dual
True,gaussian,16,12,0.5393394434492012,0.24077141522744036,0,trace,fp64,83858079257713.83,12755947873503.154,0.001,fixed,20260809-020528_postfix-e3-gaussian-finite-estimator-controls-20rep,256,1.4383448573967448,20334010,0.02748663774958495,0.9266952022352808,SUCCEEDED,dual
True,gaussian,16,11,0.839071118887804,0.23373170455395048,0,trace,fp64,11045424257510.514,200728736627187.3,0.001,fixed,20260809-020528_postfix-e3-gaussian-finite-estimator-controls-20rep,256,2.5724561221924342,20334011,0.09846576111966732,2.359529850739607,SUCCEEDED,dual
True,gaussian,16,10,0.48057689155882716,0.19144218602387097,0,trace,fp64,16664507621090.047,67162385831076.59,0.001,fixed,20260809-020528_postfix-e3-gaussian-finite-estimator-controls-20rep,256,1.0677471526837499,20334012,0.007209794292154014,0.7902797238157139,SUCCEEDED,dual
True,gaussian,16,12,0.4760075419059224,0.21432577147637186,0,trace,fp64,23190766827031.902,57101241042238.13,0.001,fixed,20260809-020528_postfix-e3-gaussian-finite-estimator-controls-20rep,256,1.063923210458702,20334013,0.0071978198170174765,0.7214714654416906,SUCCEEDED,dual
True,gaussian,16,12,0.8205773003077154,0.38772460009753434,0,trace,fp64,1251523101185.273,1847418020625.5564,0.001,fixed,20260809-020528_postfix-e3-gaussian-finite-estimator-controls-20rep,256,2.4938267350571275,20334014,0.09341801043624315,2.6143883521274445,SUCCEEDED,dual
True,gaussian,16,11,0.5262242285968097,0.22251026957397213,0,trace,fp64,18076325066867.184,21621838124282.375,0.001,fixed,20260809-020528_postfix-e3-gaussian-finite-estimator-controls-20rep,256,1.3339264576373218,20334015,0.02096851130065078,1.39093094350122,SUCCEEDED,dual
True,gaussian,16,11,0.9937116818702467,0.2702433667770332,0,trace,fp64,2665514887044.479,139004238482905.1,0.001,fixed,20260809-020528_postfix-e3-gaussian-finite-estimator-controls-20rep,256,2.1958739805518483,20334016,0.07484219315812851,1.7772957146717157,SUCCEEDED,dual
True,gaussian,16,11,0.699435037540901,0.1817410782781216,0,trace,fp64,11298288768569.379,67996304550893.805,0.001,fixed,20260809-020528_postfix-e3-gaussian-finite-estimator-controls-20rep,256,1.5342112092041984,20334017,0.0335619035990637,0.787479707462264,SUCCEEDED,dual
True,gaussian,16,12,0.5453203470817359,0.21073270474121153,0,trace,fp64,57244352005350.44,8574175741489.287,0.001,fixed,20260809-020528_postfix-e3-gaussian-finite-estimator-controls-20rep,256,1.5706461131751923,20334018,0.03589745313120264,0.9451445756049135,SUCCEEDED,dual
True,gaussian,16,13,0.6553989992841036,0.23605364511051347,0,trace,fp64,4931556087882.167,1132369636312.0032,0.001,fixed,20260809-020528_postfix-e3-gaussian-finite-estimator-controls-20rep,256,2.2129597663666223,20334019,0.07597726164977084,2.4775454362166682,SUCCEEDED,dual
False,gaussian,16,12,0.5237410068511963,0.2667483687400818,0,trace,fp32,683336.375,17955.310546875,0.01,adaptive,20260809-020528_postfix-e3-gaussian-finite-estimator-controls-20rep,512,1.376676082611084,20335000,0.023631567135453224,0.6537927389144897,SUCCEEDED,dual
False,gaussian,16,13,0.9407713413238525,0.26543861627578735,0,trace,fp32,245007.390625,17124590.0,0.01,adaptive,20260809-020528_postfix-e3-gaussian-finite-estimator-controls-20rep,512,2.1180527210235596,20335001,0.06997421383857727,1.2364585399627686,SUCCEEDED,dual
False,gaussian,16,11,0.4751134514808655,0.20394979417324066,0,trace,fp32,48026.8828125,43666.55859375,0.01,adaptive,20260809-020528_postfix-e3-gaussian-finite-estimator-controls-20rep,512,1.1289368867874146,20335002,0.011480111628770828,0.7260690927505493,SUCCEEDED,dual
False,gaussian,16,11,0.5354558229446411,0.19913849234580994,0,trace,fp32,282148.0,35813.34765625,0.01,adaptive,20260809-020528_postfix-e3-gaussian-finite-estimator-controls-20rep,512,1.4135137796401978,20335003,0.025964073836803436,1.1369047164916992,SUCCEEDED,dual
False,gaussian,16,11,0.6381220817565918,0.25228238105773926,0,trace,fp32,24045.3046875,34571.78125,0.01,adaptive,20260809-020528_postfix-e3-gaussian-finite-estimator-controls-20rep,512,1.5885069370269775,20335004,0.03701421245932579,0.774046778678894,SUCCEEDED,dual
False,gaussian,16,11,0.7939274907112122,0.23089759051799774,0,trace,fp32,487741.9375,14389.6455078125,0.01,adaptive,20260809-020528_postfix-e3-gaussian-finite-estimator-controls-20rep,512,1.756323218345642,20335005,0.04737565666437149,0.7864240407943726,SUCCEEDED,dual
False,gaussian,16,11,0.5262770652770996,0.24141031503677368,0,trace,fp32,58643.69921875,567198.25,0.01,adaptive,20260809-020528_postfix-e3-gaussian-finite-estimator-controls-20rep,512,1.2979859113693237,20335006,0.02017040178179741,0.7570184469223022,SUCCEEDED,dual
False,gaussian,16,12,0.5279578566551208,0.24959346652030945,0,trace,fp32,616768.75,15819.998046875,0.01,adaptive,20260809-020528_postfix-e3-gaussian-finite-estimator-controls-20rep,512,1.4065661430358887,20335007,0.025575216859579086,1.0444968938827515,SUCCEEDED,dual
False,gaussian,16,12,0.6307547688484192,0.28113260865211487,0,trace,fp32,77852.5390625,1018207.0625,0.01,adaptive,20260809-020528_postfix-e3-gaussian-finite-estimator-controls-20rep,512,1.8679687976837158,20335008,0.05430348217487335,1.5887914896011353,SUCCEEDED,dual
False,gaussian,16,12,0.5486483573913574,0.22778424620628357,0,trace,fp32,20377.94921875,457635.625,0.01,adaptive,20260809-020528_postfix-e3-gaussian-finite-estimator-controls-20rep,512,1.3765116930007935,20335009,0.02372729405760765,0.892013669013977,SUCCEEDED,dual
False,gaussian,16,12,0.7582515478134155,0.24108654260635376,0,trace,fp32,41473.02734375,1387449.25,0.01,adaptive,20260809-020528_postfix-e3-gaussian-finite-estimator-controls-20rep,512,1.6579807996749878,20335010,0.04122786968946457,0.7471004128456116,SUCCEEDED,dual
False,gaussian,16,12,0.8902487754821777,0.24392488598823547,0,trace,fp32,858197.4375,293879.90625,0.01,adaptive,20260809-020528_postfix-e3-gaussian-finite-estimator-controls-20rep,512,1.944991111755371,20335011,0.05912167578935623,1.5432230234146118,SUCCEEDED,dual
False,gaussian,16,12,0.6044687628746033,0.2605305016040802,0,trace,fp32,23159.20703125,1226718.75,0.01,adaptive,20260809-020528_postfix-e3-gaussian-finite-estimator-controls-20rep,512,1.6594551801681519,20335012,0.04140454903244972,1.3246220350265503,SUCCEEDED,dual
False,gaussian,16,12,0.6857567429542542,0.24170391261577606,0,trace,fp32,1611894.625,21695.830078125,0.01,adaptive,20260809-020528_postfix-e3-gaussian-finite-estimator-controls-20rep,512,2.0474016666412354,20335013,0.06556670367717743,1.3462190628051758,SUCCEEDED,dual
False,gaussian,16,12,0.5012103319168091,0.23753666877746582,0,trace,fp32,500952.03125,12616.44921875,0.01,adaptive,20260809-020528_postfix-e3-gaussian-finite-estimator-controls-20rep,512,1.182300329208374,20335014,0.011479233391582966,0.6948955655097961,SUCCEEDED,dual
False,gaussian,16,12,0.7424984574317932,0.2283346951007843,0,trace,fp32,683574.4375,588000.9375,0.01,adaptive,20260809-020528_postfix-e3-gaussian-finite-estimator-controls-20rep,512,2.0782265663146973,20335015,0.06756453216075897,1.0224874019622803,SUCCEEDED,dual
False,gaussian,16,12,0.8403846621513367,0.25391244888305664,0,trace,fp32,239624.609375,777529.6875,0.01,adaptive,20260809-020528_postfix-e3-gaussian-finite-estimator-controls-20rep,512,2.3422815799713135,20335016,0.08395609259605408,1.6658024787902832,SUCCEEDED,dual
False,gaussian,16,12,0.9242927432060242,0.23553749918937683,0,trace,fp32,1707458.125,633281.0,0.01,adaptive,20260809-020528_postfix-e3-gaussian-finite-estimator-controls-20rep,512,2.5969927310943604,20335017,0.09992935508489609,1.903074026107788,SUCCEEDED,dual
False,gaussian,16,13,0.9823995232582092,0.3291527330875397,0,trace,fp32,33554236.0,645394.75,0.01,adaptive,20260809-020528_postfix-e3-gaussian-finite-estimator-controls-20rep,512,3.4117743968963623,20335018,0.15077374875545502,3.16406512260437,SUCCEEDED,dual
False,gaussian,16,12,0.8743606805801392,0.23882845044136047,0,trace,fp32,7771.53076171875,414310.0,0.01,adaptive,20260809-020528_postfix-e3-gaussian-finite-estimator-controls-20rep,512,1.8490326404571533,20335019,0.05341215431690216,0.8500673770904541,SUCCEEDED,dual
False,gaussian,16,13,0.5000004768371582,0.23247291147708893,0,trace,fp32,10408.2939453125,11983.1201171875,0.001,fixed,20260809-020528_postfix-e3-gaussian-finite-estimator-controls-20rep,512,1.7159241437911987,20336000,0.04477469250559807,2.5779922008514404,SUCCEEDED,dual
False,gaussian,16,12,0.938565731048584,0.2301432192325592,0,trace,fp32,888865.8125,14041.048828125,0.001,fixed,20260809-020528_postfix-e3-gaussian-finite-estimator-controls-20rep,512,2.530407190322876,20336001,0.09573505818843842,2.4709391593933105,SUCCEEDED,dual
False,gaussian,16,12,0.5645312666893005,0.2159443199634552,0,trace,fp32,14974.7080078125,62224.5078125,0.001,fixed,20260809-020528_postfix-e3-gaussian-finite-estimator-controls-20rep,512,1.702229380607605,20336002,0.04396547004580498,1.9441922903060913,SUCCEEDED,dual
False,gaussian,16,12,0.8412603735923767,0.2278348207473755,0,trace,fp32,354186.34375,24146.427734375,0.001,fixed,20260809-020528_postfix-e3-gaussian-finite-estimator-controls-20rep,512,1.8687429428100586,20336003,0.054332464933395386,1.244632601737976,SUCCEEDED,dual
False,gaussian,16,12,0.47298455238342285,0.2327445149421692,0,trace,fp32,568793.5625,104517.875,0.001,fixed,20260809-020528_postfix-e3-gaussian-finite-estimator-controls-20rep,512,1.125845193862915,20336004,0.015518231317400932,1.109007477760315,SUCCEEDED,dual
False,gaussian,16,13,0.45531246066093445,0.21329250931739807,0,trace,fp32,33622.7109375,24017.958984375,0.001,fixed,20260809-020528_postfix-e3-gaussian-finite-estimator-controls-20rep,512,1.1893234252929688,20336005,0.01747736893594265,1.5574082136154175,SUCCEEDED,dual
False,gaussian,16,12,0.9567451477050781,0.23333629965782166,0,trace,fp32,1007426.6875,20663.345703125,0.001,fixed,20260809-020528_postfix-e3-gaussian-finite-estimator-controls-20rep,512,2.017512559890747,20336006,0.06364759057760239,1.53309965133667,SUCCEEDED,dual
False,gaussian,16,12,0.4958733320236206,0.24224409461021423,0,trace,fp32,1391160.75,23287.951171875,0.001,fixed,20260809-020528_postfix-e3-gaussian-finite-estimator-controls-20rep,512,1.2304794788360596,20336007,0.015019428916275501,1.7097651958465576,SUCCEEDED,dual
False,gaussian,16,14,0.5648638010025024,0.31638503074645996,0,trace,fp32,352011.0,1034245.9375,0.001,fixed,20260809-020528_postfix-e3-gaussian-finite-estimator-controls-20rep,512,1.937812089920044,20336008,0.05863435938954353,2.4417574405670166,SUCCEEDED,dual
False,gaussian,16,12,0.9722792506217957,0.210723876953125,0,trace,fp32,1105184.5,212430.359375,0.001,fixed,20260809-020528_postfix-e3-gaussian-finite-estimator-controls-20rep,512,2.290492534637451,20336009,0.08083764463663101,1.1847420930862427,SUCCEEDED,dual
False,gaussian,16,13,0.9275200963020325,0.265008807182312,0,trace,fp32,594600.5,299296.6875,0.001,fixed,20260809-020528_postfix-e3-gaussian-finite-estimator-controls-20rep,512,2.0066041946411133,20336010,0.06293041259050369,1.7116272449493408,SUCCEEDED,dual
False,gaussian,16,12,0.5689369440078735,0.22238671779632568,0,trace,fp32,317060.4375,17505.83203125,0.001,fixed,20260809-020528_postfix-e3-gaussian-finite-estimator-controls-20rep,512,1.5653496980667114,20336011,0.035391539335250854,1.7746235132217407,SUCCEEDED,dual
False,gaussian,16,12,0.4846721291542053,0.3071154057979584,0,trace,fp32,48198724.0,392223.84375,0.001,fixed,20260809-020528_postfix-e3-gaussian-finite-estimator-controls-20rep,512,1.0441762208938599,20336012,0.006682150065898895,0.7988433837890625,SUCCEEDED,dual
False,gaussian,16,13,0.5680630207061768,0.24389147758483887,0,trace,fp32,588487.8125,52631.0625,0.001,fixed,20260809-020528_postfix-e3-gaussian-finite-estimator-controls-20rep,512,1.585695743560791,20336013,0.0366503968834877,2.202491521835327,SUCCEEDED,dual
False,gaussian,16,12,0.6940655708312988,0.24516527354717255,0,trace,fp32,604789.625,30032.345703125,0.001,fixed,20260809-020528_postfix-e3-gaussian-finite-estimator-controls-20rep,512,1.8309589624404907,20336014,0.051964376121759415,1.938738465309143,SUCCEEDED,dual
False,gaussian,16,13,0.49483421444892883,0.24567608535289764,0,trace,fp32,795837.125,9778.1826171875,0.001,fixed,20260809-020528_postfix-e3-gaussian-finite-estimator-controls-20rep,512,1.098497986793518,20336015,0.01188518013805151,2.129382848739624,SUCCEEDED,dual
False,gaussian,16,12,0.48790720105171204,0.2168675661087036,0,trace,fp32,31560.15234375,56362.35546875,0.001,fixed,20260809-020528_postfix-e3-gaussian-finite-estimator-controls-20rep,512,1.647861123085022,20336016,0.04205957427620888,2.4146947860717773,SUCCEEDED,dual
False,gaussian,16,13,0.5539408922195435,0.27597784996032715,0,trace,fp32,1205712.75,544918.75,0.001,fixed,20260809-020528_postfix-e3-gaussian-finite-estimator-controls-20rep,512,1.5976356267929077,20336017,0.037401504814624786,2.4418256282806396,SUCCEEDED,dual
False,gaussian,16,12,0.5199189186096191,0.2100343108177185,0,trace,fp32,114251.3359375,14755.8720703125,0.001,fixed,20260809-020528_postfix-e3-gaussian-finite-estimator-controls-20rep,512,1.3135201930999756,20336018,0.01964966580271721,0.9933351874351501,SUCCEEDED,dual
False,gaussian,16,13,0.9872843623161316,0.25838446617126465,0,trace,fp32,11967.1025390625,298850.0625,0.001,fixed,20260809-020528_postfix-e3-gaussian-finite-estimator-controls-20rep,512,2.3650712966918945,20336019,0.08534625172615051,3.649132490158081,SUCCEEDED,dual
False,gaussian,16,11,0.5165752083673115,0.25537809977479725,0,trace,fp64,111728977846.13174,42792216531.66531,0.01,adaptive,20260809-020528_postfix-e3-gaussian-finite-estimator-controls-20rep,512,1.2916115803612003,20337000,0.01833844808553954,0.8137279655184371,SUCCEEDED,dual
False,gaussian,16,11,0.571546069964657,0.23276605635765946,0,trace,fp64,25353848258.909203,3083481511195.9907,0.01,adaptive,20260809-020528_postfix-e3-gaussian-finite-estimator-controls-20rep,512,1.5016071396457507,20337001,0.031531753897367856,0.7754987147342574,SUCCEEDED,dual
False,gaussian,16,11,0.5448865171213348,0.22533631575863766,0,trace,fp64,116184888205.519,209353108293.0095,0.01,adaptive,20260809-020528_postfix-e3-gaussian-finite-estimator-controls-20rep,512,1.1993898424327079,20337002,0.012641064455331379,1.1231157477481544,SUCCEEDED,dual
False,gaussian,16,12,0.6033403482966828,0.2729426642793418,0,trace,fp64,19123461086.360535,14747221686.773794,0.01,adaptive,20260809-020528_postfix-e3-gaussian-finite-estimator-controls-20rep,512,1.83743322243949,20337003,0.05239752751369365,2.1425487369905283,SUCCEEDED,dual
False,gaussian,16,12,0.5058468583304984,0.24754518886240795,0,trace,fp64,305866182670.7326,149713014367.98413,0.01,adaptive,20260809-020528_postfix-e3-gaussian-finite-estimator-controls-20rep,512,1.1537541282273955,20337004,0.009785697745036218,0.9374377395911323,SUCCEEDED,dual
False,gaussian,16,12,0.9682899859230268,0.29415342975351716,0,trace,fp64,2573352801.756269,1519911555.979682,0.01,adaptive,20260809-020528_postfix-e3-gaussian-finite-estimator-controls-20rep,512,2.240006641545843,20337005,0.07755443136163587,2.098444117063867,SUCCEEDED,dual
False,gaussian,16,12,0.9733986235175578,0.2558112301792447,0,trace,fp64,20423662440.29896,6875581486.368442,0.01,adaptive,20260809-020528_postfix-e3-gaussian-finite-estimator-controls-20rep,512,2.3670872821115823,20337006,0.08551858945664348,1.5341449256269488,SUCCEEDED,dual
False,gaussian,16,12,0.5377744892141146,0.24932953225860993,0,trace,fp64,26022660254.39262,76989496259.04733,0.01,adaptive,20260809-020528_postfix-e3-gaussian-finite-estimator-controls-20rep,512,1.0842830325290704,20337007,0.006370909881402717,0.5124113365765937,SUCCEEDED,dual
False,gaussian,16,12,0.72825270319324,0.2505027508161233,0,trace,fp64,57182714227.67444,17284651673.984646,0.01,adaptive,20260809-020528_postfix-e3-gaussian-finite-estimator-controls-20rep,512,1.7593766218710705,20337008,0.0476190543941471,1.221982731164805,SUCCEEDED,dual
False,gaussian,16,11,0.537626256390717,0.24006947284808627,0,trace,fp64,83405085636.57526,43224055594.267296,0.01,adaptive,20260809-020528_postfix-e3-gaussian-finite-estimator-controls-20rep,512,1.2071802750387979,20337009,0.013057101266560981,0.7861589323784841,SUCCEEDED,dual
False,gaussian,16,12,0.9811728594568427,0.25497299656401656,0,trace,fp64,9593699548.89184,19670002578.813698,0.01,adaptive,20260809-020528_postfix-e3-gaussian-finite-estimator-controls-20rep,512,2.072357544130349,20337010,0.06716178261980418,1.0134126512978077,SUCCEEDED,dual
False,gaussian,16,11,0.4716668422994166,0.2128709223187219,0,trace,fp64,38953045032.67125,528592135472.53046,0.01,adaptive,20260809-020528_postfix-e3-gaussian-finite-estimator-controls-20rep,512,1.0549306606664597,20337011,0.00891463608143418,0.7204449361736072,SUCCEEDED,dual
False,gaussian,16,12,0.5142348180462596,0.27126437610125465,0,trace,fp64,5767650765.913278,31117435904.565598,0.01,adaptive,20260809-020528_postfix-e3-gaussian-finite-estimator-controls-20rep,512,1.1755994266833585,20337012,0.011078515587031148,0.6002033983111629,SUCCEEDED,dual
False,gaussian,16,12,0.5932785714388116,0.30087702658480486,0,trace,fp64,37665091281.86532,14659854582.691923,0.01,adaptive,20260809-020528_postfix-e3-gaussian-finite-estimator-controls-20rep,512,1.587902397290345,20337013,0.03697694317278616,1.1856440089120333,SUCCEEDED,dual
False,gaussian,16,12,0.5694876806354096,0.19506619903976297,0,trace,fp64,66188758065.53781,38713763528.536316,0.01,adaptive,20260809-020528_postfix-e3-gaussian-finite-estimator-controls-20rep,512,1.4531258784497232,20337014,0.02837450482305151,1.2106564415447463,SUCCEEDED,dual
False,gaussian,16,12,0.568953909536357,0.2649766338898324,0,trace,fp64,49938140949.662964,24258784101.915646,0.01,adaptive,20260809-020528_postfix-e3-gaussian-finite-estimator-controls-20rep,512,1.784517744573233,20337015,0.04912052833229415,1.4195469329800723,SUCCEEDED,dual
False,gaussian,16,12,0.5427174105729453,0.2708654696595419,0,trace,fp64,6176442932.252546,49357879406.09875,0.01,adaptive,20260809-020528_postfix-e3-gaussian-finite-estimator-controls-20rep,512,1.5401738719585525,20337016,0.033874661928323994,1.4139762285702129,SUCCEEDED,dual
False,gaussian,16,11,0.4963265824039789,0.2157579492871144,0,trace,fp64,1105455439779.5146,112715080229.31409,0.01,adaptive,20260809-020528_postfix-e3-gaussian-finite-estimator-controls-20rep,512,0.9197171526188402,20337017,0.006735883784586388,0.5356240355654188,SUCCEEDED,dual
False,gaussian,16,12,0.45753673450002535,0.2196702185237775,0,trace,fp64,220977242544.03827,411674519753.04944,0.01,adaptive,20260809-020528_postfix-e3-gaussian-finite-estimator-controls-20rep,512,1.066798602612294,20337018,0.010031545022433941,0.6327900662227366,SUCCEEDED,dual
False,gaussian,16,12,0.9804330793425307,0.2740263459985052,0,trace,fp64,30081744238.168655,15697169645.654848,0.01,adaptive,20260809-020528_postfix-e3-gaussian-finite-estimator-controls-20rep,512,2.0224464208795325,20337019,0.06396028398847639,1.1485026733244963,SUCCEEDED,dual
False,gaussian,16,12,0.5154983637803029,0.28315458269639326,0,logdet,fp64,11591980012.045126,10686732569.642115,0.001,fixed,20260809-020528_postfix-e3-gaussian-finite-estimator-controls-20rep,512,1.9630165084523257,20338000,0.03857667654713672,5.7016530733050175,SUCCEEDED,dual
False,gaussian,16,12,0.6782517643956123,0.26025795404807994,0,logdet,fp64,23767445007.81718,8538583131.370524,0.001,fixed,20260809-020528_postfix-e3-gaussian-finite-estimator-controls-20rep,512,2.432466808409587,20338001,0.0480299457260525,2.620495101669838,SUCCEEDED,dual
False,gaussian,16,12,0.5069899837907833,0.18560503221885155,0,logdet,fp64,1395193850708.2917,21779987613.45116,0.001,fixed,20260809-020528_postfix-e3-gaussian-finite-estimator-controls-20rep,512,1.7254614069593512,20338002,0.025905893337401575,1.264069422104607,SUCCEEDED,dual
False,gaussian,16,12,0.5012304869504035,0.2267841963957709,0,logdet,fp64,476629664758.25836,79094858454.50862,0.001,fixed,20260809-020528_postfix-e3-gaussian-finite-estimator-controls-20rep,512,2.1314804353747685,20338003,0.04334570769879147,1.2387246261670615,SUCCEEDED,dual
False,gaussian,16,12,0.5108009759442982,0.21301698639344263,0,logdet,fp64,177543036251.01343,154736156277.44485,0.001,fixed,20260809-020528_postfix-e3-gaussian-finite-estimator-controls-20rep,512,1.7746903982666316,20338004,0.027608665047725238,2.0539557684550163,SUCCEEDED,dual
False,gaussian,16,12,0.8308711898675046,0.24605519963411931,0,logdet,fp64,69140878940.0856,28614923181.579674,0.001,fixed,20260809-020528_postfix-e3-gaussian-finite-estimator-controls-20rep,512,3.1364459584742335,20338005,0.05783761146793308,2.1661873857109577,SUCCEEDED,dual
False,gaussian,16,13,0.5197027825966051,0.23925980581484174,0,logdet,fp64,172847715369.86496,4156630555.6279707,0.001,fixed,20260809-020528_postfix-e3-gaussian-finite-estimator-controls-20rep,512,1.4455901853182613,20338006,0.013875044661028015,1.1221868375953268,SUCCEEDED,dual
False,gaussian,16,12,0.5625058692713153,0.20062020722452,0,logdet,fp64,95891792575.6848,52477630658.359535,0.001,fixed,20260809-020528_postfix-e3-gaussian-finite-estimator-controls-20rep,512,2.1399347401219333,20338007,0.04341139803120512,1.7090342043898636,SUCCEEDED,dual
False,gaussian,16,13,0.8676637356528659,0.3007649092091207,0,logdet,fp64,14126299443.705503,9899697387.402718,0.001,fixed,20260809-020528_postfix-e3-gaussian-finite-estimator-controls-20rep,512,4.492327121881277,20338008,0.1030324617639297,3.2632614789144565,SUCCEEDED,dual
False,gaussian,16,13,0.5080714834918674,0.2358982840790942,0,logdet,fp64,2823941362.729546,83710936777.1394,0.001,fixed,20260809-020528_postfix-e3-gaussian-finite-estimator-controls-20rep,512,1.663695948375237,20338009,0.022100222938593123,1.2991903281707209,SUCCEEDED,dual
False,gaussian,16,13,0.5410076909494925,0.25166269117604745,0,logdet,fp64,18570039948.630337,26113255331.49251,0.001,fixed,20260809-020528_postfix-e3-gaussian-finite-estimator-controls-20rep,512,1.8314564252864185,20338010,0.029359150665065867,2.0769791775344566,SUCCEEDED,dual
False,gaussian,16,12,0.9934286007768545,0.28310099925218135,0,logdet,fp64,62803563308.15719,20435455101.715378,0.001,fixed,20260809-020528_postfix-e3-gaussian-finite-estimator-controls-20rep,512,7.3566379399199935,20338011,0.1068989958849556,2.5088493238719742,SUCCEEDED,dual
False,gaussian,16,12,0.5235064338813895,0.2461861722974669,0,logdet,fp64,51005047156.99465,37175034858.66433,0.001,fixed,20260809-020528_postfix-e3-gaussian-finite-estimator-controls-20rep,512,1.810353152941103,20338012,0.029905564801946588,2.8628123246988855,SUCCEEDED,dual
False,gaussian,16,12,0.5184749630975483,0.3453536253736033,0,logdet,fp64,26808561961.97881,506074019503.24634,0.001,fixed,20260809-020528_postfix-e3-gaussian-finite-estimator-controls-20rep,512,1.5334167783843518,20338013,0.014315713458535587,1.2314837483030687,SUCCEEDED,dual
False,gaussian,16,11,0.48491185393305286,0.21337236037124624,0,logdet,fp64,146550051731.77414,851021816940.3455,0.001,fixed,20260809-020528_postfix-e3-gaussian-finite-estimator-controls-20rep,512,1.9665282857923208,20338014,0.03715386796304644,1.3301394842436132,SUCCEEDED,dual
False,gaussian,16,12,0.5310526623205326,0.252205470732523,0,logdet,fp64,8142050051.803112,19894926222.56585,0.001,fixed,20260809-020528_postfix-e3-gaussian-finite-estimator-controls-20rep,512,1.9461473497388222,20338015,0.035484946621959036,1.8862193012602346,SUCCEEDED,dual
False,gaussian,16,13,0.5798881421726999,0.2727898948601802,0,logdet,fp64,2047540041.8913443,11444073410.996357,0.001,fixed,20260809-020528_postfix-e3-gaussian-finite-estimator-controls-20rep,512,2.6216552318091546,20338016,0.06430336666264015,3.5030476255310825,SUCCEEDED,dual
False,gaussian,16,12,0.5277655542992575,0.2010320557828898,0,logdet,fp64,34133601888.87453,2138509831858.851,0.001,fixed,20260809-020528_postfix-e3-gaussian-finite-estimator-controls-20rep,512,1.8743801874423007,20338017,0.03074297763096677,1.1451780450282554,SUCCEEDED,dual
False,gaussian,16,13,0.5557971101842016,0.27834765203613476,0,logdet,fp64,27891601999.44691,2192119348.410299,0.001,fixed,20260809-020528_postfix-e3-gaussian-finite-estimator-controls-20rep,512,2.106475595088121,20338018,0.04044220247709196,1.9024502228949431,SUCCEEDED,dual
False,gaussian,16,13,0.5655420970340661,0.22081743245838564,0,logdet,fp64,4534957777.509585,59827046269.465904,0.001,fixed,20260809-020528_postfix-e3-gaussian-finite-estimator-controls-20rep,512,2.279927575100574,20338019,0.04923739625205786,4.0770518069754695,SUCCEEDED,dual
False,gaussian,16,12,0.5554640508226021,0.2664981855272822,0,trace,fp64,22212821647.808804,23138435154.884186,0.001,fixed,20260809-020528_postfix-e3-gaussian-finite-estimator-controls-20rep,512,1.365632147924863,20339000,0.022881536345891663,2.0655358389777008,SUCCEEDED,dual
False,gaussian,16,13,0.5759118986692329,0.32070817668275403,0,trace,fp64,4610653279.726159,5835785596.436123,0.001,fixed,20260809-020528_postfix-e3-gaussian-finite-estimator-controls-20rep,512,1.8010438516843452,20339001,0.05008271373349728,1.6040698045045296,SUCCEEDED,dual
False,gaussian,16,12,0.5185837586967021,0.33851751849063616,0,trace,fp64,24012435773.052982,6500561673.449888,0.001,fixed,20260809-020528_postfix-e3-gaussian-finite-estimator-controls-20rep,512,1.4397181322435861,20339002,0.02751184339033089,1.562676329384745,SUCCEEDED,dual
False,gaussian,16,12,0.758341052835358,0.31153118481690323,0,trace,fp64,102415146466.10043,6456156990.185903,0.001,fixed,20260809-020528_postfix-e3-gaussian-finite-estimator-controls-20rep,512,2.726729673503269,20339003,0.10796291646973483,3.1992906069150377,SUCCEEDED,dual
False,gaussian,16,13,0.5508043385638846,0.2692419730833702,0,trace,fp64,7230351257.768983,9611622348.413477,0.001,fixed,20260809-020528_postfix-e3-gaussian-finite-estimator-controls-20rep,512,1.8745485977843672,20339004,0.05470424231940503,2.4180028982451414,SUCCEEDED,dual
False,gaussian,16,11,0.5483316326602997,0.2335846962860229,0,trace,fp64,36455106992.14806,28608273575.518345,0.001,fixed,20260809-020528_postfix-e3-gaussian-finite-estimator-controls-20rep,512,1.7416459378915377,20339005,0.04641283586171449,1.8417102080488013,SUCCEEDED,dual
False,gaussian,16,13,0.9130526803493652,0.3006168263776714,0,trace,fp64,7757764445.365508,4347872416.571815,0.001,fixed,20260809-020528_postfix-e3-gaussian-finite-estimator-controls-20rep,512,2.444431275594497,20339006,0.09030197957497636,3.3387941068532125,SUCCEEDED,dual
False,gaussian,16,13,0.5464681558252756,0.21048489237098283,0,trace,fp64,570712740252.0494,2284834455.6010866,0.001,fixed,20260809-020528_postfix-e3-gaussian-finite-estimator-controls-20rep,512,1.8691489415135765,20339007,0.05435937197640851,1.4213170787710474,SUCCEEDED,dual
False,gaussian,16,13,0.5441639321870174,0.2794127832581519,0,trace,fp64,1656485268.152999,30524650422.40206,0.001,fixed,20260809-020528_postfix-e3-gaussian-finite-estimator-controls-20rep,512,1.5948832416993348,20339008,0.03720898605281068,4.082969159628036,SUCCEEDED,dual
False,gaussian,16,13,0.5123827808655671,0.22421779168899458,0,trace,fp64,100353683454.22704,29136352547.5632,0.001,fixed,20260809-020528_postfix-e3-gaussian-finite-estimator-controls-20rep,512,1.2609691253124138,20339009,0.016469681435827648,1.2026848853564187,SUCCEEDED,dual
False,gaussian,16,12,0.5367237427280006,0.23103883396635816,0,trace,fp64,19987034011.403595,170942183454.60703,0.001,fixed,20260809-020528_postfix-e3-gaussian-finite-estimator-controls-20rep,512,1.3691214047018099,20339010,0.02317948937884404,1.0902716434837125,SUCCEEDED,dual
False,gaussian,16,12,0.6248561835675763,0.22145162286277761,0,trace,fp64,157775651857.9873,48697534141.85983,0.001,fixed,20260809-020528_postfix-e3-gaussian-finite-estimator-controls-20rep,512,1.959899413273462,20339011,0.06004058200455403,2.1046276232502206,SUCCEEDED,dual
False,gaussian,16,12,0.542510226388827,0.21501610828221815,0,trace,fp64,1341335577480.3203,21421580658.24835,0.001,fixed,20260809-020528_postfix-e3-gaussian-finite-estimator-controls-20rep,512,1.6434075997652389,20339012,0.04026526213792942,1.7127785567932063,SUCCEEDED,dual
False,gaussian,16,12,0.8742391837897514,0.23979085590478944,0,trace,fp64,32709509107.418514,82184476183.20709,0.001,fixed,20260809-020528_postfix-e3-gaussian-finite-estimator-controls-20rep,512,2.9296397167813195,20339013,0.12063199749687205,3.7139348843195807,SUCCEEDED,dual
False,gaussian,16,11,0.5248643138319988,0.2554487693140012,0,trace,fp64,67239784105.52757,222557072798.60544,0.001,fixed,20260809-020528_postfix-e3-gaussian-finite-estimator-controls-20rep,512,1.5357817491485433,20339014,0.03355867192830728,0.9509370779593643,SUCCEEDED,dual
False,gaussian,16,12,0.539553888007524,0.29271802625700505,0,trace,fp64,11864151005.670425,9486230032.485502,0.001,fixed,20260809-020528_postfix-e3-gaussian-finite-estimator-controls-20rep,512,1.774743427099436,20339015,0.04845092415662369,2.96189142957222,SUCCEEDED,dual
False,gaussian,16,12,0.5217474119153737,0.24974435993596106,0,trace,fp64,104813402889.08284,50290789621.35734,0.001,fixed,20260809-020528_postfix-e3-gaussian-finite-estimator-controls-20rep,512,1.2210064308949011,20339016,0.013887888418476532,0.8514881905000511,SUCCEEDED,dual
False,gaussian,16,12,0.5496128829481651,0.26403646493875166,0,trace,fp64,28479659013.01841,98831478104.31842,0.001,fixed,20260809-020528_postfix-e3-gaussian-finite-estimator-controls-20rep,512,1.6624059832359768,20339017,0.041443152586308894,1.474318041639662,SUCCEEDED,dual
False,gaussian,16,12,0.536512185957878,0.2666845709492118,0,trace,fp64,22444328422.407017,13050265594.764902,0.001,fixed,20260809-020528_postfix-e3-gaussian-finite-estimator-controls-20rep,512,1.5655615554253088,20339018,0.03537703700476982,2.0865256893244113,SUCCEEDED,dual
False,gaussian,16,12,0.5286476937026819,0.20544883226457245,0,trace,fp64,1668359235188.7483,50980534593.16434,0.001,fixed,20260809-020528_postfix-e3-gaussian-finite-estimator-controls-20rep,512,1.435022032525445,20339019,0.027284738448415814,1.1902862314629816,SUCCEEDED,dual
True,gaussian,16,12,0.9885881543159485,0.2923714518547058,0,logdet,fp32,1718321.25,39742.90234375,0.01,adaptive,20260809-020528_postfix-e3-gaussian-finite-estimator-controls-20rep,512,5.933577060699463,20340000,0.07150601595640182,0.9665428400039673,SUCCEEDED,dual
True,gaussian,16,10,0.6944866180419922,0.1998089849948883,0,logdet,fp32,26308.302734375,73177.9453125,0.01,adaptive,20260809-020528_postfix-e3-gaussian-finite-estimator-controls-20rep,512,2.9344675540924072,20340001,0.06916128098964691,1.6571524143218994,SUCCEEDED,dual
True,gaussian,16,12,0.9929629564285278,0.2544150650501251,0,logdet,fp32,262331.53125,116574.453125,0.01,adaptive,20260809-020528_postfix-e3-gaussian-finite-estimator-controls-20rep,512,7.266641616821289,20340002,0.10370760411024094,1.7338355779647827,SUCCEEDED,dual
True,gaussian,16,11,0.8371708393096924,0.293375164270401,0,logdet,fp32,109540.3984375,485051.375,0.01,adaptive,20260809-020528_postfix-e3-gaussian-finite-estimator-controls-20rep,512,3.5717616081237793,20340003,0.07726369053125381,1.5741158723831177,SUCCEEDED,dual
True,gaussian,16,11,0.49174371361732483,0.20316392183303833,0,logdet,fp32,119923.8125,59679.01171875,0.01,adaptive,20260809-020528_postfix-e3-gaussian-finite-estimator-controls-20rep,512,1.3068643808364868,20340004,0.005498956888914108,0.5959369540214539,SUCCEEDED,dual
True,gaussian,16,12,0.801314651966095,0.2555330991744995,0,logdet,fp32,29996.484375,81092.0859375,0.01,adaptive,20260809-020528_postfix-e3-gaussian-finite-estimator-controls-20rep,512,3.185633897781372,20340005,0.06798349320888519,1.9173333644866943,SUCCEEDED,dual
True,gaussian,16,11,0.45421674847602844,0.21484342217445374,0,logdet,fp32,237603.5625,81214.4375,0.01,adaptive,20260809-020528_postfix-e3-gaussian-finite-estimator-controls-20rep,512,1.3530226945877075,20340006,0.014293109066784382,0.7578139305114746,SUCCEEDED,dual
True,gaussian,16,11,0.9905356764793396,0.2523002028465271,0,logdet,fp32,160443.640625,51024.98046875,0.01,adaptive,20260809-020528_postfix-e3-gaussian-finite-estimator-controls-20rep,512,5.986814022064209,20340007,0.06530977785587311,1.029910683631897,SUCCEEDED,dual
True,gaussian,16,11,0.501898467540741,0.20980609953403473,0,logdet,fp32,30776.314453125,174224.5625,0.01,adaptive,20260809-020528_postfix-e3-gaussian-finite-estimator-controls-20rep,512,1.39193856716156,20340008,0.008955213241279125,0.5790770053863525,SUCCEEDED,dual
True,gaussian,16,11,0.5306603908538818,0.2541344165802002,0,logdet,fp32,55295.203125,503108.0,0.01,adaptive,20260809-020528_postfix-e3-gaussian-finite-estimator-controls-20rep,512,1.3873465061187744,20340009,0.008464391343295574,0.5761858224868774,SUCCEEDED,dual
True,gaussian,16,12,0.9429236650466919,0.2699773907661438,0,logdet,fp32,59408.3671875,58006.7265625,0.01,adaptive,20260809-020528_postfix-e3-gaussian-finite-estimator-controls-20rep,512,4.318600654602051,20340010,0.0697173997759819,1.1574780941009521,SUCCEEDED,dual
True,gaussian,16,11,0.7357138991355896,0.2392319291830063,0,logdet,fp32,417281.90625,174228.78125,0.01,adaptive,20260809-020528_postfix-e3-gaussian-finite-estimator-controls-20rep,512,2.793038845062256,20340011,0.05666697025299072,1.0695927143096924,SUCCEEDED,dual
True,gaussian,16,11,0.48257967829704285,0.22106781601905823,0,logdet,fp32,189066.328125,556029.9375,0.01,adaptive,20260809-020528_postfix-e3-gaussian-finite-estimator-controls-20rep,512,1.171403408050537,20340012,0.005428094416856766,0.5574240684509277,SUCCEEDED,dual
True,gaussian,16,11,0.48325982689857483,0.194554403424263,0,logdet,fp32,140920.703125,264265.53125,0.01,adaptive,20260809-020528_postfix-e3-gaussian-finite-estimator-controls-20rep,512,1.2198388576507568,20340013,0.004394422750920057,0.5209534168243408,SUCCEEDED,dual
True,gaussian,16,11,0.5853420495986938,0.2449571192264557,0,logdet,fp32,539092.3125,230549.390625,0.01,adaptive,20260809-020528_postfix-e3-gaussian-finite-estimator-controls-20rep,512,1.882380723953247,20340014,0.025454876944422722,0.6083796620368958,SUCCEEDED,dual
True,gaussian,16,11,0.48072630167007446,0.2120441496372223,0,logdet,fp32,134312.3125,94280.109375,0.01,adaptive,20260809-020528_postfix-e3-gaussian-finite-estimator-controls-20rep,512,1.7489274740219116,20340015,0.02853398025035858,0.8862799406051636,SUCCEEDED,dual
True,gaussian,16,12,0.5021147131919861,0.2581549286842346,0,logdet,fp32,112256.9765625,336259.03125,0.01,adaptive,20260809-020528_postfix-e3-gaussian-finite-estimator-controls-20rep,512,1.5613609552383423,20340016,0.016759930178523064,0.7787469625473022,SUCCEEDED,dual
True,gaussian,16,11,0.5129286646842957,0.211496964097023,0,logdet,fp32,168999.671875,112493.03125,0.01,adaptive,20260809-020528_postfix-e3-gaussian-finite-estimator-controls-20rep,512,1.3723523616790771,20340017,0.00682707829400897,0.6146456003189087,SUCCEEDED,dual
True,gaussian,16,10,0.4743134677410126,0.2290135622024536,0,logdet,fp32,168870.953125,141897.25,0.01,adaptive,20260809-020528_postfix-e3-gaussian-finite-estimator-controls-20rep,512,1.1065013408660889,20340018,0.008094043470919132,0.48843178153038025,SUCCEEDED,dual
True,gaussian,16,12,0.4785144329071045,0.22530695796012878,0,logdet,fp32,2885505.25,79338.4375,0.01,adaptive,20260809-020528_postfix-e3-gaussian-finite-estimator-controls-20rep,512,1.3435877561569214,20340019,0.009487180970609188,0.7916011810302734,SUCCEEDED,dual
True,gaussian,16,12,0.6617155075073242,0.28706759214401245,0,trace,fp32,402045.03125,33679.2734375,0.001,fixed,20260809-020528_postfix-e3-gaussian-finite-estimator-controls-20rep,512,1.8622852563858032,20341000,0.053979843854904175,1.578380823135376,SUCCEEDED,dual
True,gaussian,16,11,0.5396141409873962,0.20197349786758423,0,trace,fp32,536296.0625,38268.0703125,0.001,fixed,20260809-020528_postfix-e3-gaussian-finite-estimator-controls-20rep,512,1.5356556177139282,20341001,0.033702824264764786,0.9291888475418091,SUCCEEDED,dual
True,gaussian,16,12,0.5160027146339417,0.219748854637146,0,trace,fp32,80019.2109375,252241.609375,0.001,fixed,20260809-020528_postfix-e3-gaussian-finite-estimator-controls-20rep,512,1.4499927759170532,20341002,0.028245002031326294,0.9535831212997437,SUCCEEDED,dual
True,gaussian,16,11,0.762043297290802,0.20881414413452148,0,trace,fp32,117401.6953125,40245.4453125,0.001,fixed,20260809-020528_postfix-e3-gaussian-finite-estimator-controls-20rep,512,2.4083964824676514,20341003,0.08814584463834763,1.7862486839294434,SUCCEEDED,dual
True,gaussian,16,12,0.5490050315856934,0.2779451608657837,0,trace,fp32,858002.5,134342.625,0.001,fixed,20260809-020528_postfix-e3-gaussian-finite-estimator-controls-20rep,512,1.603494644165039,20341004,0.03777794912457466,1.3247332572937012,SUCCEEDED,dual
True,gaussian,16,12,0.49641701579093933,0.24173706769943237,0,trace,fp32,136446.21875,30968.76953125,0.001,fixed,20260809-020528_postfix-e3-gaussian-finite-estimator-controls-20rep,512,1.1060214042663574,20341005,0.007162679452449083,0.7152166366577148,SUCCEEDED,dual
True,gaussian,16,12,0.49527430534362793,0.2732464075088501,0,trace,fp32,239414.640625,19499.2421875,0.001,fixed,20260809-020528_postfix-e3-gaussian-finite-estimator-controls-20rep,512,1.3683316707611084,20341006,0.023670900613069534,1.5370291471481323,SUCCEEDED,dual
True,gaussian,16,12,0.5577740669250488,0.2397298812866211,0,trace,fp32,347176.15625,13716516.0,0.001,fixed,20260809-020528_postfix-e3-gaussian-finite-estimator-controls-20rep,512,1.3108413219451904,20341007,0.019543703645467758,0.7520025372505188,SUCCEEDED,dual
True,gaussian,16,11,0.4848766326904297,0.204096257686615,0,trace,fp32,65945.0546875,14001.142578125,0.001,fixed,20260809-020528_postfix-e3-gaussian-finite-estimator-controls-20rep,512,0.9034923911094666,20341008,0.0062451534904539585,0.5102362632751465,SUCCEEDED,dual
True,gaussian,16,11,0.7486806511878967,0.22621893882751465,0,trace,fp32,93377.4296875,42122.10546875,0.001,fixed,20260809-020528_postfix-e3-gaussian-finite-estimator-controls-20rep,512,1.6777929067611694,20341009,0.0425003357231617,0.9743072986602783,SUCCEEDED,dual
True,gaussian,16,12,0.9870909452438354,0.269357293844223,0,trace,fp32,21117.56640625,567517.125,0.001,fixed,20260809-020528_postfix-e3-gaussian-finite-estimator-controls-20rep,512,2.819749593734741,20341010,0.11380874365568161,2.38409423828125,SUCCEEDED,dual
True,gaussian,16,12,0.5213313698768616,0.25167882442474365,0,trace,fp32,83174.1171875,77746.5,0.001,fixed,20260809-020528_postfix-e3-gaussian-finite-estimator-controls-20rep,512,1.4666130542755127,20341011,0.02921346016228199,1.379170536994934,SUCCEEDED,dual
True,gaussian,16,11,0.5503852367401123,0.21340635418891907,0,trace,fp32,267814.71875,231392.515625,0.001,fixed,20260809-020528_postfix-e3-gaussian-finite-estimator-controls-20rep,512,1.4161502122879028,20341012,0.026069454848766327,0.816256582736969,SUCCEEDED,dual
True,gaussian,16,11,0.5110331177711487,0.21126948297023773,0,trace,fp32,43407.1640625,115439.125,0.001,fixed,20260809-020528_postfix-e3-gaussian-finite-estimator-controls-20rep,512,1.2124567031860352,20341013,0.013505319133400917,0.7635866403579712,SUCCEEDED,dual
True,gaussian,16,11,0.5785025358200073,0.24099907279014587,0,trace,fp32,237962.421875,361480.5625,0.001,fixed,20260809-020528_postfix-e3-gaussian-finite-estimator-controls-20rep,512,1.5441091060638428,20341014,0.034111130982637405,0.7868243455886841,SUCCEEDED,dual
True,gaussian,16,12,0.519889771938324,0.413662850856781,0,trace,fp32,2784676.75,997099.0,0.001,fixed,20260809-020528_postfix-e3-gaussian-finite-estimator-controls-20rep,512,1.1676650047302246,20341015,0.011026481166481972,0.9898702502250671,SUCCEEDED,dual
True,gaussian,16,12,0.7295565605163574,0.2837461233139038,0,trace,fp32,49689.859375,1393485.5,0.001,fixed,20260809-020528_postfix-e3-gaussian-finite-estimator-controls-20rep,512,2.714373826980591,20341016,0.1071971133351326,3.389392852783203,SUCCEEDED,dual
True,gaussian,16,12,0.9744053483009338,0.2603338956832886,0,trace,fp32,505397.75,925429.4375,0.001,fixed,20260809-020528_postfix-e3-gaussian-finite-estimator-controls-20rep,512,2.5297904014587402,20341017,0.09569720178842545,2.369863510131836,SUCCEEDED,dual
True,gaussian,16,12,0.9931163191795349,0.2591434419155121,0,trace,fp32,131638.21875,297805.9375,0.001,fixed,20260809-020528_postfix-e3-gaussian-finite-estimator-controls-20rep,512,2.673058271408081,20341018,0.10466910898685455,1.9832159280776978,SUCCEEDED,dual
True,gaussian,16,12,0.5411146283149719,0.2441502809524536,0,trace,fp32,354408.46875,149943.734375,0.001,fixed,20260809-020528_postfix-e3-gaussian-finite-estimator-controls-20rep,512,1.2392566204071045,20341019,0.016295047476887703,0.8452768921852112,SUCCEEDED,dual
True,gaussian,16,11,0.5437832201344697,0.2325004677344185,0,trace,fp64,1126844652357.5781,575294161342.3546,0.01,adaptive,20260809-020528_postfix-e3-gaussian-finite-estimator-controls-20rep,512,1.4874377525692843,20342000,0.030576599566315657,0.8904936925210944,SUCCEEDED,dual
True,gaussian,16,11,0.5378226232486889,0.24378044288428735,0,trace,fp64,11566813227407.488,297656371309.5277,0.01,adaptive,20260809-020528_postfix-e3-gaussian-finite-estimator-controls-20rep,512,1.5569769621246952,20342001,0.035139721191344196,0.85044664494658,SUCCEEDED,dual
True,gaussian,16,11,0.8699055700055383,0.21987077825806206,0,trace,fp64,3068961125157.569,1487977600707.5894,0.01,adaptive,20260809-020528_postfix-e3-gaussian-finite-estimator-controls-20rep,512,2.003233881359794,20342002,0.06294208369819893,1.092655081474292,SUCCEEDED,dual
True,gaussian,16,11,0.8204272755782351,0.21292534538122287,0,trace,fp64,2602779320926.7935,2696225570747.726,0.01,adaptive,20260809-020528_postfix-e3-gaussian-finite-estimator-controls-20rep,512,2.3897033499056675,20342003,0.08705717519295297,1.1689513662770314,SUCCEEDED,dual
True,gaussian,16,11,0.9641757280186642,0.2686171170777685,0,trace,fp64,947151801773.5393,3896365590433.1655,0.01,adaptive,20260809-020528_postfix-e3-gaussian-finite-estimator-controls-20rep,512,2.221899243477925,20342004,0.07652833971089654,1.728632013075293,SUCCEEDED,dual
True,gaussian,16,12,0.562200555714453,0.31172916041771137,0,trace,fp64,243441253545.75473,179061244747.92896,0.01,adaptive,20260809-020528_postfix-e3-gaussian-finite-estimator-controls-20rep,512,1.6274499828596323,20342005,0.039307368559588496,1.8653076717710422,SUCCEEDED,dual
True,gaussian,16,11,0.5318749961224906,0.24775939833798513,0,trace,fp64,375278178424.86163,5583111207423.361,0.01,adaptive,20260809-020528_postfix-e3-gaussian-finite-estimator-controls-20rep,512,1.478418179960176,20342006,0.030133219571435534,1.0213148220462147,SUCCEEDED,dual
True,gaussian,16,11,0.4839673150573364,0.22756043973876905,0,trace,fp64,7874296392855.479,171257669518.54843,0.01,adaptive,20260809-020528_postfix-e3-gaussian-finite-estimator-controls-20rep,512,0.9422852152486593,20342007,0.0038047278457783436,0.5618799404113551,SUCCEEDED,dual
True,gaussian,16,11,0.5121046407679671,0.22248633755974223,0,trace,fp64,474365345537.99524,2125833698685.0315,0.01,adaptive,20260809-020528_postfix-e3-gaussian-finite-estimator-controls-20rep,512,1.1002765750249432,20342008,0.0069673400856048815,0.5765966503227093,SUCCEEDED,dual
True,gaussian,16,11,0.4839664563793792,0.20964176602564902,0,trace,fp64,307601081706.69257,19073058999281.438,0.01,adaptive,20260809-020528_postfix-e3-gaussian-finite-estimator-controls-20rep,512,0.98853668087328,20342009,0.007202912304614992,0.5506887692378254,SUCCEEDED,dual
True,gaussian,16,11,0.6173402897025138,0.18532719154590205,0,trace,fp64,93522782124.6693,13972927797896.826,0.01,adaptive,20260809-020528_postfix-e3-gaussian-finite-estimator-controls-20rep,512,1.720977791657043,20342010,0.04615587497604125,1.2067322974006602,SUCCEEDED,dual
True,gaussian,16,11,0.5437513357673162,0.22966496071869583,0,trace,fp64,430865302581.0791,10078276260446.348,0.01,adaptive,20260809-020528_postfix-e3-gaussian-finite-estimator-controls-20rep,512,1.3630900414770173,20342011,0.02293218445396051,0.8552037893705704,SUCCEEDED,dual
True,gaussian,16,11,0.546631612712379,0.24945582509229353,0,trace,fp64,1964265069497.9746,338577278679.4717,0.01,adaptive,20260809-020528_postfix-e3-gaussian-finite-estimator-controls-20rep,512,1.1361262251171735,20342012,0.00957805938987165,0.6757671587061387,SUCCEEDED,dual
True,gaussian,16,11,0.6020817578284049,0.265572722641605,0,trace,fp64,1417754693745.2397,217028929914.3457,0.01,adaptive,20260809-020528_postfix-e3-gaussian-finite-estimator-controls-20rep,512,1.6986167209689151,20342013,0.043779594862074354,1.191886828806379,SUCCEEDED,dual
True,gaussian,16,11,0.530941533382904,0.2189466598580694,0,trace,fp64,1777288453779.1494,1892513536531.2837,0.01,adaptive,20260809-020528_postfix-e3-gaussian-finite-estimator-controls-20rep,512,1.4166692114543156,20342014,0.026216086526191604,1.0157506479357707,SUCCEEDED,dual
True,gaussian,16,11,0.5382875357231957,0.2382806149329858,0,trace,fp64,1976988741269.9792,2095686035296.4707,0.01,adaptive,20260809-020528_postfix-e3-gaussian-finite-estimator-controls-20rep,512,1.2308833587029218,20342015,0.015494191835598074,0.6142194514865846,SUCCEEDED,dual
True,gaussian,16,11,0.5292076340990228,0.248577223715423,0,trace,fp64,401383525892.0996,1071708191083.3533,0.01,adaptive,20260809-020528_postfix-e3-gaussian-finite-estimator-controls-20rep,512,1.233168571523647,20342016,0.01473238350110958,0.6529148230574606,SUCCEEDED,dual
True,gaussian,16,11,0.5018805424224371,0.24191289381110231,0,trace,fp64,9385063775688.697,498579465880.2217,0.01,adaptive,20260809-020528_postfix-e3-gaussian-finite-estimator-controls-20rep,512,1.264235496128597,20342017,0.01688136993914515,0.8129549618140961,SUCCEEDED,dual
True,gaussian,16,11,0.5180100422727858,0.27279413378733997,0,trace,fp64,504603260733.0376,146728479046.88037,0.01,adaptive,20260809-020528_postfix-e3-gaussian-finite-estimator-controls-20rep,512,1.2475098875444002,20342018,0.01581856005975316,0.9331726127849665,SUCCEEDED,dual
True,gaussian,16,11,0.5524889865817767,0.24582940496356964,0,trace,fp64,260274675393.04172,461429869666.7508,0.01,adaptive,20260809-020528_postfix-e3-gaussian-finite-estimator-controls-20rep,512,1.6080534119005434,20342019,0.03815623882425709,0.9481586662233085,SUCCEEDED,dual
True,gaussian,16,12,0.49623517062640593,0.19233901107724605,0,logdet,fp64,4560864051217.609,2838570986513.326,0.001,fixed,20260809-020528_postfix-e3-gaussian-finite-estimator-controls-20rep,512,1.2407440297857737,20343000,0.006370840262060197,0.5167266428000756,SUCCEEDED,dual
True,gaussian,16,12,0.6046457416573778,0.2401135071817131,0,logdet,fp64,406708400313.12976,137419531969.17146,0.001,fixed,20260809-020528_postfix-e3-gaussian-finite-estimator-controls-20rep,512,1.9073124879034016,20343001,0.026101448586884006,0.64535630758722,SUCCEEDED,dual
True,gaussian,16,12,0.9603345064193256,0.2381519614823599,0,logdet,fp64,1408158288687.1626,3685686678852.0884,0.001,fixed,20260809-020528_postfix-e3-gaussian-finite-estimator-controls-20rep,512,6.205185769674932,20343002,0.12864734534124633,2.7716821100871147,SUCCEEDED,dual
True,gaussian,16,12,0.8367743740066439,0.284693068133409,0,logdet,fp64,885975962054.0385,396528038927.01373,0.001,fixed,20260809-020528_postfix-e3-gaussian-finite-estimator-controls-20rep,512,3.275357476179888,20343003,0.06302369490756768,1.8001898906764233,SUCCEEDED,dual
True,gaussian,16,11,0.5451666561876743,0.24526567595766205,0,logdet,fp64,13801632183810.996,2161357579157.228,0.001,fixed,20260809-020528_postfix-e3-gaussian-finite-estimator-controls-20rep,512,1.5478480311123874,20343004,0.013281430415469609,0.7872002838301163,SUCCEEDED,dual
True,gaussian,16,11,0.5379510515175344,0.20541574398861592,0,logdet,fp64,36588149718127.17,4932349501466.583,0.001,fixed,20260809-020528_postfix-e3-gaussian-finite-estimator-controls-20rep,512,1.2550574764471922,20343005,0.006532030790043242,0.5745209244975416,SUCCEEDED,dual
True,gaussian,16,12,0.705514974697517,0.23288584167719223,0,logdet,fp64,637651680221.0398,200301920652.65445,0.001,fixed,20260809-020528_postfix-e3-gaussian-finite-estimator-controls-20rep,512,2.7885124211912244,20343006,0.06088543870344065,1.817694762459387,SUCCEEDED,dual
True,gaussian,16,11,0.8629710717701156,0.23829691966210637,0,logdet,fp64,2880151137455.9536,490425207532.0706,0.001,fixed,20260809-020528_postfix-e3-gaussian-finite-estimator-controls-20rep,512,3.786242720489026,20343007,0.07814396470421832,1.7330723208174543,SUCCEEDED,dual
True,gaussian,16,13,0.5411449133753384,0.2545784539242196,0,logdet,fp64,258687251286.3373,182434461472.83026,0.001,fixed,20260809-020528_postfix-e3-gaussian-finite-estimator-controls-20rep,512,1.5599343548284892,20343008,0.015128145700972486,0.9766653978188894,SUCCEEDED,dual
True,gaussian,16,11,0.4842449632196166,0.2395412225362825,0,logdet,fp64,3932067185036.851,777861680226.499,0.001,fixed,20260809-020528_postfix-e3-gaussian-finite-estimator-controls-20rep,512,1.1572314428137394,20343009,0.006363806657739574,0.6112502274484028,SUCCEEDED,dual
True,gaussian,16,12,0.9889093079045209,0.21365994437665642,0,logdet,fp64,5879754967053.209,14038683739270.281,0.001,fixed,20260809-020528_postfix-e3-gaussian-finite-estimator-controls-20rep,512,5.836608729199323,20343010,0.06697061259479517,1.037566097534544,SUCCEEDED,dual
True,gaussian,16,12,0.5345620819477059,0.2381047589728097,0,logdet,fp64,200971720233.42914,2532188112097.4917,0.001,fixed,20260809-020528_postfix-e3-gaussian-finite-estimator-controls-20rep,512,1.6969948562855348,20343011,0.022795625662336907,1.4027504217989764,SUCCEEDED,dual
True,gaussian,16,12,0.5389947974393705,0.21758995247588186,0,logdet,fp64,27350322180114.6,129689201500.98373,0.001,fixed,20260809-020528_postfix-e3-gaussian-finite-estimator-controls-20rep,512,1.46704391448193,20343012,0.010403215828155857,0.5870856551026191,SUCCEEDED,dual
True,gaussian,16,12,0.9822320552705069,0.2764768189241013,0,logdet,fp64,301958012508.4828,918875234613.043,0.001,fixed,20260809-020528_postfix-e3-gaussian-finite-estimator-controls-20rep,512,5.574734241169147,20343013,0.077536309712493,2.600413689261387,SUCCEEDED,dual
True,gaussian,16,12,0.5523482684637121,0.2646785271133896,0,logdet,fp64,830118989378.2642,355033584424.66284,0.001,fixed,20260809-020528_postfix-e3-gaussian-finite-estimator-controls-20rep,512,1.5664090146504799,20343014,0.014442017080318597,0.7259555185016138,SUCCEEDED,dual
True,gaussian,16,12,0.5955640745442319,0.2322229771412861,0,logdet,fp64,1085952384669.7814,743223758870.1229,0.001,fixed,20260809-020528_postfix-e3-gaussian-finite-estimator-controls-20rep,512,2.061870111947763,20343015,0.033595474503489486,0.9486435089162345,SUCCEEDED,dual
True,gaussian,16,12,0.5047096730504377,0.23668589065706971,0,logdet,fp64,104018259074.6977,8953388626172.883,0.001,fixed,20260809-020528_postfix-e3-gaussian-finite-estimator-controls-20rep,512,1.668940818703216,20343016,0.02027915176048115,0.7235147970455875,SUCCEEDED,dual
True,gaussian,16,10,0.5098287423970896,0.21691005537966246,0,logdet,fp64,6332869697334.571,10490147170192.664,0.001,fixed,20260809-020528_postfix-e3-gaussian-finite-estimator-controls-20rep,512,1.3662999018094255,20343017,0.007445312406232222,0.6278535971096885,SUCCEEDED,dual
True,gaussian,16,11,0.5745730713923731,0.23014130768801241,0,logdet,fp64,9905144349875.262,3836529972202.3433,0.001,fixed,20260809-020528_postfix-e3-gaussian-finite-estimator-controls-20rep,512,2.324242363061242,20343018,0.046618698492289,0.9807100409516708,SUCCEEDED,dual
True,gaussian,16,12,0.5006740103416807,0.262666916134567,0,logdet,fp64,193266752322.15033,1591967020160.5981,0.001,fixed,20260809-020528_postfix-e3-gaussian-finite-estimator-controls-20rep,512,1.4521053577607266,20343019,0.01193547155501622,1.0123649234975856,SUCCEEDED,dual
True,gaussian,16,11,0.45011713829631406,0.1996456957132291,0,trace,fp64,28268258464331.97,29270954043997.812,0.001,fixed,20260809-020528_postfix-e3-gaussian-finite-estimator-controls-20rep,512,0.8187205562583137,20344000,0.01176941807182,0.5208429292277605,SUCCEEDED,dual
True,gaussian,16,12,0.5136853330960471,0.22970064901308423,0,trace,fp64,881148279520.7754,753573158061.2947,0.001,fixed,20260809-020528_postfix-e3-gaussian-finite-estimator-controls-20rep,512,1.0983151234101496,20344001,0.006254825888389293,0.6754336864339556,SUCCEEDED,dual
True,gaussian,16,12,0.5008682957867858,0.2160896032136168,0,trace,fp64,1591935766681.9666,3722515849991.658,0.001,fixed,20260809-020528_postfix-e3-gaussian-finite-estimator-controls-20rep,512,1.523026771499008,20344002,0.03282407727942921,1.1531274434377607,SUCCEEDED,dual
True,gaussian,16,12,0.5141710239018017,0.24745562768045412,0,trace,fp64,186950885383.02402,2129102043187.4583,0.001,fixed,20260809-020528_postfix-e3-gaussian-finite-estimator-controls-20rep,512,1.5964059205328107,20344003,0.03734692457866014,1.4271069868159116,SUCCEEDED,dual
True,gaussian,16,12,0.7016070644822493,0.2530336666998404,0,trace,fp64,1024703486933.143,156585032567.4468,0.001,fixed,20260809-020528_postfix-e3-gaussian-finite-estimator-controls-20rep,512,1.794530862840022,20344004,0.04971806999440839,1.3657819921368384,SUCCEEDED,dual
True,gaussian,16,11,0.6017923717180887,0.2079793120920202,0,trace,fp64,2753966176618.124,657426082183.5588,0.001,fixed,20260809-020528_postfix-e3-gaussian-finite-estimator-controls-20rep,512,1.4315126917102776,20344005,0.02744388703803733,0.6142753720535254,SUCCEEDED,dual
True,gaussian,16,12,0.8974670087612002,0.21181245939019733,0,trace,fp64,35101272698596.785,279741395206.96075,0.001,fixed,20260809-020528_postfix-e3-gaussian-finite-estimator-controls-20rep,512,2.122036565431578,20344006,0.07043046004578464,1.1203753253874384,SUCCEEDED,dual
True,gaussian,16,12,0.998002135110986,0.2955640414606796,0,trace,fp64,26741811752402.895,5698060835985.319,0.001,fixed,20260809-020528_postfix-e3-gaussian-finite-estimator-controls-20rep,512,3.0818907260820265,20344007,0.13021952419400543,3.5737506942418724,SUCCEEDED,dual
True,gaussian,16,11,0.5007156271269724,0.20235194383489818,0,trace,fp64,39465583076303.31,34070009644193.223,0.001,fixed,20260809-020528_postfix-e3-gaussian-finite-estimator-controls-20rep,512,1.3717774783208738,20344008,0.02335540129081285,1.2568890068153853,SUCCEEDED,dual
True,gaussian,16,12,0.6164930503680794,0.19303038411216022,0,trace,fp64,4136735461953.897,931968953979.8258,0.001,fixed,20260809-020528_postfix-e3-gaussian-finite-estimator-controls-20rep,512,1.5168915214607923,20344009,0.03251029817761931,1.0018909228445674,SUCCEEDED,dual
True,gaussian,16,12,0.5555533143016514,0.23963502836923714,0,trace,fp64,1020739999652.4078,329473530103.04016,0.001,fixed,20260809-020528_postfix-e3-gaussian-finite-estimator-controls-20rep,512,1.7208048373810334,20344010,0.04521622269547211,1.328011523855809,SUCCEEDED,dual
True,gaussian,16,12,0.9424042789874412,0.28266624027555376,0,trace,fp64,1646450806472.7285,288926398877.3805,0.001,fixed,20260809-020528_postfix-e3-gaussian-finite-estimator-controls-20rep,512,3.056775671927277,20344011,0.12857801001310087,2.3363920287746356,SUCCEEDED,dual
True,gaussian,16,12,0.4539795647628557,0.23017762167910125,0,trace,fp64,615061248503.2113,1042558196514.8875,0.001,fixed,20260809-020528_postfix-e3-gaussian-finite-estimator-controls-20rep,512,1.191768934293111,20344012,0.017836122167508395,0.8562098066754077,SUCCEEDED,dual
True,gaussian,16,13,0.5289020460174522,0.2431261230503646,0,trace,fp64,3465929819204.3374,1299981346047.3513,0.001,fixed,20260809-020528_postfix-e3-gaussian-finite-estimator-controls-20rep,512,1.1391308218619662,20344013,0.010920791808294552,0.836461002957654,SUCCEEDED,dual
True,gaussian,16,12,0.6620202620432561,0.2725026272479516,0,trace,fp64,137070080754.68413,101711588546.35503,0.001,fixed,20260809-020528_postfix-e3-gaussian-finite-estimator-controls-20rep,512,1.977508828177284,20344014,0.061143695026294936,2.9459760737792036,SUCCEEDED,dual
True,gaussian,16,11,0.9038784241955282,0.22083791717551277,0,trace,fp64,2219775465212.4536,4644887429312.796,0.001,fixed,20260809-020528_postfix-e3-gaussian-finite-estimator-controls-20rep,512,2.3609267948243295,20344015,0.08518948736353271,1.7628467700405905,SUCCEEDED,dual
True,gaussian,16,12,0.8886579967661101,0.21408758190589622,0,trace,fp64,6729306260124.243,41725795922183.72,0.001,fixed,20260809-020528_postfix-e3-gaussian-finite-estimator-controls-20rep,512,2.033222608305703,20344016,0.06512937073686575,1.0743963973395867,SUCCEEDED,dual
True,gaussian,16,11,0.5718098688916163,0.24285841352766688,0,trace,fp64,693379002732.1984,2434711400200.0884,0.001,fixed,20260809-020528_postfix-e3-gaussian-finite-estimator-controls-20rep,512,1.5520165203113305,20344017,0.03460143078652314,1.1910132896528651,SUCCEEDED,dual
True,gaussian,16,11,0.5150650142159887,0.21813723184272582,0,trace,fp64,20141072751352.336,1893820195215.0537,0.001,fixed,20260809-020528_postfix-e3-gaussian-finite-estimator-controls-20rep,512,1.4122347472118422,20344018,0.025974781504077355,0.9959370009565165,SUCCEEDED,dual
True,gaussian,16,12,0.497807046386203,0.23269807691477096,0,trace,fp64,1085959647365.0425,475232733697.3465,0.001,fixed,20260809-020528_postfix-e3-gaussian-finite-estimator-controls-20rep,512,1.1263760674159684,20344019,0.011646269817938438,1.1420357341412652,SUCCEEDED,dual
True,gaussian,16,11,0.8142860994216772,0.1911589672987996,0,trace,fp64,6083206724577.874,7641962032938.614,0.001,fixed,20260809-020528_postfix-e3-gaussian-finite-estimator-controls-20rep,512,1.6090801976019684,20345000,0.038668135369898465,0.6174865406675994,SUCCEEDED,dual_posthoc
True,gaussian,16,12,0.989574927628216,0.28153759208243756,0,trace,fp64,1298269172141.6335,36894230547.75685,0.001,fixed,20260809-020528_postfix-e3-gaussian-finite-estimator-controls-20rep,512,2.6324438903733354,20345001,0.10207998795638819,1.9977924117113008,SUCCEEDED,dual_posthoc
True,gaussian,16,12,0.5636800308891923,0.2665160236220128,0,trace,fp64,294810232607.608,185702121308.76443,0.001,fixed,20260809-020528_postfix-e3-gaussian-finite-estimator-controls-20rep,512,1.5026251937218482,20345002,0.03170023819566716,0.8170105246172346,SUCCEEDED,dual_posthoc
True,gaussian,16,12,0.5434873066364301,0.22806451537324926,0,trace,fp64,11387655013778.406,5485483535561.514,0.001,fixed,20260809-020528_postfix-e3-gaussian-finite-estimator-controls-20rep,512,1.5520675275581584,20345003,0.0346229412334441,1.167701949547156,SUCCEEDED,dual_posthoc
True,gaussian,16,11,0.5791198473609936,0.22908779648621258,0,trace,fp64,2042128595543.3608,517406949133.9708,0.001,fixed,20260809-020528_postfix-e3-gaussian-finite-estimator-controls-20rep,512,1.655364274245034,20345004,0.04107556222059368,1.3549874403877418,SUCCEEDED,dual_posthoc
True,gaussian,16,12,0.5473760918101686,0.2786998879553598,0,trace,fp64,109859148925.36536,2771089132542.1357,0.001,fixed,20260809-020528_postfix-e3-gaussian-finite-estimator-controls-20rep,512,1.8046280404696682,20345005,0.05035633235362123,1.7717258740857473,SUCCEEDED,dual_posthoc
True,gaussian,16,12,0.6075111494184642,0.25129821094388566,0,trace,fp64,5364683336725.044,17159808092249.193,0.001,fixed,20260809-020528_postfix-e3-gaussian-finite-estimator-controls-20rep,512,1.6328198440128487,20345006,0.03963720167046479,1.0353815540261606,SUCCEEDED,dual_posthoc
True,gaussian,16,12,0.5530452581970949,0.2606153991601329,0,trace,fp64,675741829784.0815,274270371518.76276,0.001,fixed,20260809-020528_postfix-e3-gaussian-finite-estimator-controls-20rep,512,1.7146990607499972,20345007,0.044728638889095146,1.2668918720082276,SUCCEEDED,dual_posthoc
True,gaussian,16,12,0.5437719544109338,0.2367683148708954,0,trace,fp64,3246744270205.023,4128069934296.5244,0.001,fixed,20260809-020528_postfix-e3-gaussian-finite-estimator-controls-20rep,512,1.0870593938172959,20345008,0.0057551993475819085,0.4605303293346721,SUCCEEDED,dual_posthoc
True,gaussian,16,11,0.5357425522759872,0.2141361699173728,0,trace,fp64,33373218463757.973,3252651974576.1,0.001,fixed,20260809-020528_postfix-e3-gaussian-finite-estimator-controls-20rep,512,1.0904212618168374,20345009,0.00936647101504841,0.7123009809799559,SUCCEEDED,dual_posthoc
True,gaussian,16,11,0.5200890371621,0.24419848619575837,0,trace,fp64,526473495319.5424,650252722207.4781,0.001,fixed,20260809-020528_postfix-e3-gaussian-finite-estimator-controls-20rep,512,1.426223746332757,20345010,0.026724270632811097,0.773632142111191,SUCCEEDED,dual_posthoc
True,gaussian,16,12,0.9745980899061372,0.24835363805365812,0,trace,fp64,1477432962059.5054,127507933858.98262,0.001,fixed,20260809-020528_postfix-e3-gaussian-finite-estimator-controls-20rep,512,2.1353945197948088,20345011,0.07106548363925817,1.3580759233633637,SUCCEEDED,dual_posthoc
True,gaussian,16,12,0.47064533148703647,0.262585162159831,0,trace,fp64,654262514285.3751,177461646152.5202,0.001,fixed,20260809-020528_postfix-e3-gaussian-finite-estimator-controls-20rep,512,1.2872392854746486,20345012,0.021676670327461036,1.1538050915836906,SUCCEEDED,dual_posthoc
True,gaussian,16,12,0.48810265607823144,0.23040957243860644,0,trace,fp64,900448027840.4562,910457470733.6421,0.001,fixed,20260809-020528_postfix-e3-gaussian-finite-estimator-controls-20rep,512,1.2891212857689998,20345013,0.019732048208578552,1.123296559231361,SUCCEEDED,dual_posthoc
True,gaussian,16,12,0.9995065395786288,0.39068038071832,0,trace,fp64,83841542950.16235,2310272379312.4067,0.001,fixed,20260809-020528_postfix-e3-gaussian-finite-estimator-controls-20rep,512,3.231968454346519,20345014,0.13954355690839063,3.095021419733403,SUCCEEDED,dual_posthoc
True,gaussian,16,12,0.7692366327724502,0.24863416626525314,0,trace,fp64,1773846083506.8445,1270547466533.1287,0.001,fixed,20260809-020528_postfix-e3-gaussian-finite-estimator-controls-20rep,512,1.732822091401909,20345015,0.045864506981921876,0.9578060816654941,SUCCEEDED,dual_posthoc
True,gaussian,16,12,0.9957557567440184,0.24519687909438936,0,trace,fp64,731127561561.2474,23439044780.96759,0.001,fixed,20260809-020528_postfix-e3-gaussian-finite-estimator-controls-20rep,512,2.2346076511424733,20345016,0.07722874582839216,1.6700957134224104,SUCCEEDED,dual_posthoc
True,gaussian,16,12,0.83069201028489,0.26373122419459794,0,trace,fp64,1365437963240.337,406202193115.5366,0.001,fixed,20260809-020528_postfix-e3-gaussian-finite-estimator-controls-20rep,512,1.8278896934553497,20345017,0.051828838843794536,0.9286592567555261,SUCCEEDED,dual_posthoc
True,gaussian,16,11,0.5108142173221779,0.2030896428564256,0,trace,fp64,7729578442472.346,2869745616463.051,0.001,fixed,20260809-020528_postfix-e3-gaussian-finite-estimator-controls-20rep,512,1.0458588680078431,20345018,0.007952524952642532,0.8309809280373142,SUCCEEDED,dual_posthoc
True,gaussian,16,12,0.7567543777685504,0.3376854765728623,0,trace,fp64,333948409787.5325,3946984522343.172,0.001,fixed,20260809-020528_postfix-e3-gaussian-finite-estimator-controls-20rep,512,2.866744441725034,20345019,0.11672339324418315,2.475036756227917,SUCCEEDED,dual_posthoc
True,gaussian,16,11,3.2523135418826103,0.3138284628322786,0,trace,fp64,222045155275.08817,2327603451455.2856,0.001,fixed,20260809-020528_postfix-e3-gaussian-finite-estimator-controls-20rep,512,2.2239074908778513,20346000,0.21768292189922583,1.3237457006650646,SUCCEEDED,left
True,gaussian,16,9,0.5184783603209867,0.21250830409577337,0,trace,fp64,11787271736363.105,17179184277862.97,0.001,fixed,20260809-020528_postfix-e3-gaussian-finite-estimator-controls-20rep,512,0.9727965971609768,20346001,0.005267606516210255,0.6009864710836308,SUCCEEDED,left
True,gaussian,16,11,0.5878266176367678,0.2721092751214192,0,trace,fp64,329966688521.36017,130754381182.98747,0.001,fixed,20260809-020528_postfix-e3-gaussian-finite-estimator-controls-20rep,512,1.6318482667020195,20346002,0.03990102681211893,1.399820478439315,SUCCEEDED,left
True,gaussian,16,11,0.6057641009247385,0.24034445175180397,0,trace,fp64,1447558203154.419,916862409520.8611,0.001,fixed,20260809-020528_postfix-e3-gaussian-finite-estimator-controls-20rep,512,1.4588241837985718,20346003,0.028979284025667063,0.8161274241860058,SUCCEEDED,left
True,gaussian,16,10,0.5732819122552565,0.24289657095243028,0,trace,fp64,4363612930797.0,4857108959594.847,0.001,fixed,20260809-020528_postfix-e3-gaussian-finite-estimator-controls-20rep,512,1.1861066357594092,20346004,0.013021973858240011,0.6494346245580414,SUCCEEDED,left
True,gaussian,16,10,1.6865056364467883,0.28221284255063644,0,trace,fp64,30417737579211.395,754442207572.1837,0.001,fixed,20260809-020528_postfix-e3-gaussian-finite-estimator-controls-20rep,512,1.9921774134271646,20346005,0.10563945821243492,0.9419188081215448,SUCCEEDED,left
True,gaussian,16,11,1.9048430092265534,0.3204757640994427,0,trace,fp64,96843833680.57086,1042083775969.1569,0.001,fixed,20260809-020528_postfix-e3-gaussian-finite-estimator-controls-20rep,512,2.1970864348276256,20346006,0.13158243734904715,1.3212092465103233,SUCCEEDED,left
True,gaussian,16,11,0.501246742748502,0.2445745397175183,0,trace,fp64,10430839242303.506,480095571965.6211,0.001,fixed,20260809-020528_postfix-e3-gaussian-finite-estimator-controls-20rep,512,1.0512149197182032,20346007,0.004931375845146024,0.6249091701861421,SUCCEEDED,left
True,gaussian,16,10,0.913175437909122,0.24645237104893308,0,trace,fp64,2295798187739.0044,3237757247259.5024,0.001,fixed,20260809-020528_postfix-e3-gaussian-finite-estimator-controls-20rep,512,1.816952147793869,20346008,0.05186272337447847,0.7636303687147464,SUCCEEDED,left
True,gaussian,16,10,0.4441290837269546,0.2055982757663562,0,trace,fp64,2466140508402.0977,4790075013449.041,0.001,fixed,20260809-020528_postfix-e3-gaussian-finite-estimator-controls-20rep,512,0.9007297645356497,20346009,0.01085848633878185,0.6538452897760728,SUCCEEDED,left
True,gaussian,16,10,1.1152561063285387,0.23307557419243763,0,trace,fp64,83415871140.64595,5022381973733.019,0.001,fixed,20260809-020528_postfix-e3-gaussian-finite-estimator-controls-20rep,512,2.029841228562558,20346010,0.07193686106912581,1.1598551005252489,SUCCEEDED,left
True,gaussian,16,10,0.7373806558349434,0.25445016891348865,0,trace,fp64,809074955755.1746,2611012391672.5615,0.001,fixed,20260809-020528_postfix-e3-gaussian-finite-estimator-controls-20rep,512,1.6267535106830115,20346011,0.03941068977360686,0.9228641742756403,SUCCEEDED,left
True,gaussian,16,10,0.5649567396451893,0.22559076742888495,0,trace,fp64,1120248549570.8137,12500152280919.188,0.001,fixed,20260809-020528_postfix-e3-gaussian-finite-estimator-controls-20rep,512,1.2056947187478508,20346012,0.01598110528260712,0.6894264894235967,SUCCEEDED,left
True,gaussian,16,9,0.5004592306450467,0.22416394065512313,0,trace,fp64,1637274618494.7742,2105246614158.2397,0.001,fixed,20260809-020528_postfix-e3-gaussian-finite-estimator-controls-20rep,512,0.8465046004632271,20346013,0.009649912627362731,0.6569254784715703,SUCCEEDED,left
True,gaussian,16,10,0.5130947361315389,0.25474192925088873,0,trace,fp64,2195763610588.5042,1452491549842.51,0.001,fixed,20260809-020528_postfix-e3-gaussian-finite-estimator-controls-20rep,512,1.0970881984335676,20346014,0.0111607793346397,0.6502605857896557,SUCCEEDED,left
True,gaussian,16,10,0.9918478731031125,0.24548918503768746,0,trace,fp64,373777915323.362,1495463328838.966,0.001,fixed,20260809-020528_postfix-e3-gaussian-finite-estimator-controls-20rep,512,2.1121933345496973,20346015,0.06975539506573276,1.1114728085906815,SUCCEEDED,left
True,gaussian,16,11,1.2408480628036753,0.24565288202705443,0,trace,fp64,887921469904.5402,493287283859.52423,0.001,fixed,20260809-020528_postfix-e3-gaussian-finite-estimator-controls-20rep,512,1.923030902715533,20346016,0.07345577303191653,0.8530218263906801,SUCCEEDED,left
True,gaussian,16,11,0.8710635273749643,0.27799241960158105,0,trace,fp64,71634139603.60555,1165889749870.0703,0.001,fixed,20260809-020528_postfix-e3-gaussian-finite-estimator-controls-20rep,512,2.3823075225173858,20346017,0.08661532680252587,1.8048117894539235,SUCCEEDED,left
True,gaussian,16,11,1.6095443682270167,0.2504816257132243,0,trace,fp64,2121381945632.9666,140093573745.35364,0.001,fixed,20260809-020528_postfix-e3-gaussian-finite-estimator-controls-20rep,512,2.9715764453454034,20346018,0.17023989281951213,2.2954770657041714,SUCCEEDED,left
True,gaussian,16,10,0.598565375485735,0.23550269949438862,0,trace,fp64,1459169379068.067,78266570396.01808,0.001,fixed,20260809-020528_postfix-e3-gaussian-finite-estimator-controls-20rep,512,1.3287562256292103,20346019,0.020971234075652635,0.7960446534917514,SUCCEEDED,left
True,gaussian,16,9,0.8964983884268677,0.22418058476486744,0,trace,fp64,209925096352.9143,601173677966.273,0.001,fixed,20260809-020528_postfix-e3-gaussian-finite-estimator-controls-20rep,512,1.5558914712868408,20347000,0.0357806264988278,0.6743589294890135,SUCCEEDED,none
True,gaussian,16,8,0.47707473132075695,0.1922829980540413,0,trace,fp64,3044329109344.071,33756102246251.465,0.001,fixed,20260809-020528_postfix-e3-gaussian-finite-estimator-controls-20rep,512,0.828149776386529,20347001,0.01073968530152553,0.7662116037368712,SUCCEEDED,none
True,gaussian,16,8,0.4957810485546478,0.1998466264691475,0,trace,fp64,86986362166740.44,7654614560001.286,0.001,fixed,20260809-020528_postfix-e3-gaussian-finite-estimator-controls-20rep,512,0.7571462205149004,20347002,0.01517740754350232,0.8102075699148252,SUCCEEDED,none
True,gaussian,16,10,0.4099594287801969,0.21831323361840338,0,trace,fp64,1714378186644.2776,6079382654933.595,0.001,fixed,20260809-020528_postfix-e3-gaussian-finite-estimator-controls-20rep,512,0.8343604042924405,20347003,0.011709121104112818,0.6590023977463015,SUCCEEDED,none
True,gaussian,16,9,0.5942223054118622,0.20504838005463544,0,trace,fp64,3486152501584.6895,485785105618.491,0.001,fixed,20260809-020528_postfix-e3-gaussian-finite-estimator-controls-20rep,512,1.2861232038146688,20347004,0.019419626506357604,0.7187010200517606,SUCCEEDED,none
True,gaussian,16,10,0.6880169806881449,0.2765353073082817,0,trace,fp64,361689910494.0335,3056525525579.764,0.001,fixed,20260809-020528_postfix-e3-gaussian-finite-estimator-controls-20rep,512,1.3005097301603792,20347005,0.021328317131333135,0.7139685087107255,SUCCEEDED,none
True,gaussian,16,9,1.2347150603572568,0.2612693557387459,0,trace,fp64,7969939330340.139,1234114142393.3242,0.001,fixed,20260809-020528_postfix-e3-gaussian-finite-estimator-controls-20rep,512,1.9946259463218625,20347006,0.07950469256622522,0.9143997763810113,SUCCEEDED,none
True,gaussian,16,11,11.166750364129648,0.31341012827937587,0,trace,fp64,125163752441.9612,23854022357.57046,0.001,fixed,20260809-020528_postfix-e3-gaussian-finite-estimator-controls-20rep,512,2.8212098901216143,20347007,0.7658581585873638,2.635614822098901,SUCCEEDED,none
True,gaussian,16,10,1.5310135756689582,0.2714101324760504,0,trace,fp64,190052894905.57693,779617559864.2533,0.001,fixed,20260809-020528_postfix-e3-gaussian-finite-estimator-controls-20rep,512,2.070019868866829,20347008,0.10083308659593966,0.843878828302545,SUCCEEDED,none
True,gaussian,16,9,0.6201682333024062,0.2224537998479837,0,trace,fp64,30327186344260.324,31121600402750.883,0.001,fixed,20260809-020528_postfix-e3-gaussian-finite-estimator-controls-20rep,512,1.0353102644688867,20347009,0.015241915077468006,0.7472070619895055,SUCCEEDED,none
True,gaussian,16,9,1.0242186898594974,0.24955942870725145,0,trace,fp64,1173502425540.7583,791104742947.0157,0.001,fixed,20260809-020528_postfix-e3-gaussian-finite-estimator-controls-20rep,512,2.035521861125174,20347010,0.07119866419127599,0.9403791796278319,SUCCEEDED,none
True,gaussian,16,9,0.5808812045038443,0.1938948882369675,0,trace,fp64,42716556847697.875,3422945314892.418,0.001,fixed,20260809-020528_postfix-e3-gaussian-finite-estimator-controls-20rep,512,0.8495694166111758,20347011,0.019511108350465645,0.8417085927808176,SUCCEEDED,none
True,gaussian,16,10,0.5336205980668138,0.22915161184389576,0,trace,fp64,149453224054.08975,1201415506168.7156,0.001,fixed,20260809-020528_postfix-e3-gaussian-finite-estimator-controls-20rep,512,0.9743628042909197,20347012,0.006234095218188337,0.6116561266056536,SUCCEEDED,none
True,gaussian,16,10,0.6152428884163506,0.23000823832855144,0,trace,fp64,9569508788434.988,1022738038726.3698,0.001,fixed,20260809-020528_postfix-e3-gaussian-finite-estimator-controls-20rep,512,1.1183440644607796,20347013,0.01357776629565172,0.7266059339966269,SUCCEEDED,none
True,gaussian,16,10,2.392987473955441,0.2348277133782234,0,trace,fp64,1896907576342.7058,443179833238.1948,0.001,fixed,20260809-020528_postfix-e3-gaussian-finite-estimator-controls-20rep,512,1.796515472544553,20347014,0.13866123997795285,0.9566719125148015,SUCCEEDED,none
True,gaussian,16,9,0.9630444407843461,0.2658205218002748,0,trace,fp64,757146912269.2435,875132735476.612,0.001,fixed,20260809-020528_postfix-e3-gaussian-finite-estimator-controls-20rep,512,1.9423080575108467,20347015,0.06053013275336114,0.9230021111918831,SUCCEEDED,none
True,gaussian,16,9,0.5250015574157688,0.2074610315656869,0,trace,fp64,8538815173415.825,2725291655571.615,0.001,fixed,20260809-020528_postfix-e3-gaussian-finite-estimator-controls-20rep,512,0.983617593867397,20347016,0.005580106908907194,0.611786149243524,SUCCEEDED,none
True,gaussian,16,10,3.077223096779669,0.25174640959222333,0,trace,fp64,541032952301.9268,402755220102.8118,0.001,fixed,20260809-020528_postfix-e3-gaussian-finite-estimator-controls-20rep,512,2.668612158910575,20347017,0.23435562018239237,1.920397161441995,SUCCEEDED,none
True,gaussian,16,9,0.6173835521730807,0.2495555271616567,0,trace,fp64,1704393016375.933,3645953995755.5713,0.001,fixed,20260809-020528_postfix-e3-gaussian-finite-estimator-controls-20rep,512,1.084463909844713,20347018,0.013818555274138732,0.6939051965696382,SUCCEEDED,none
True,gaussian,16,10,1.352190543240854,0.263795774302414,0,trace,fp64,606387060878.8788,12642245503032.533,0.001,fixed,20260809-020528_postfix-e3-gaussian-finite-estimator-controls-20rep,512,1.9021888425863678,20347019,0.0809298427294863,0.841140725144665,SUCCEEDED,none
True,gaussian,16,10,0.5815214555809534,0.2265197019091868,0,trace,fp64,1766730542678.3433,1234976350852.815,0.001,fixed,20260809-020528_postfix-e3-gaussian-finite-estimator-controls-20rep,512,1.0815815459089824,20348000,0.007532517612956766,0.583011463892757,SUCCEEDED,right
True,gaussian,16,10,0.5585439314670892,0.2365991289155457,0,trace,fp64,1374958707117.7722,727843470242.9604,0.001,fixed,20260809-020528_postfix-e3-gaussian-finite-estimator-controls-20rep,512,1.3098044931144714,20348001,0.019951430782738366,0.6346602594322159,SUCCEEDED,right
True,gaussian,16,11,1.205005845562328,0.25954300973804606,0,trace,fp64,458136958860.7963,922933671253.7582,0.001,fixed,20260809-020528_postfix-e3-gaussian-finite-estimator-controls-20rep,512,1.843121836585684,20348002,0.06744264084135124,0.7782053743577182,SUCCEEDED,right
True,gaussian,16,10,0.5376281443047298,0.2334054431470705,0,trace,fp64,1717064865526.7983,3920528596858.615,0.001,fixed,20260809-020528_postfix-e3-gaussian-finite-estimator-controls-20rep,512,1.2006941463528584,20348003,0.014425763791691958,0.6722821949358304,SUCCEEDED,right
True,gaussian,16,10,0.601200101263923,0.23258762664223734,0,trace,fp64,5562022247567.0625,472449230306.4116,0.001,fixed,20260809-020528_postfix-e3-gaussian-finite-estimator-controls-20rep,512,1.3031325190046348,20348004,0.02071566662289583,0.703897100170666,SUCCEEDED,right
True,gaussian,16,11,0.5972869040827155,0.2658807517990399,0,trace,fp64,112728988750.8074,718409620293.0355,0.001,fixed,20260809-020528_postfix-e3-gaussian-finite-estimator-controls-20rep,512,1.2832453678459306,20348005,0.018144989416066504,0.774975062940241,SUCCEEDED,right
True,gaussian,16,10,0.8134517897184497,0.23626654311583073,0,trace,fp64,4633503636600.057,4200613221.5561414,0.001,fixed,20260809-020528_postfix-e3-gaussian-finite-estimator-controls-20rep,512,2.091361820808499,20348006,0.06864934063891745,1.2121241457299823,SUCCEEDED,right
True,gaussian,16,11,40.46334265988929,0.28664328907689757,0,trace,fp64,5799888983566.913,301421246424.24133,0.001,fixed,20260809-020528_postfix-e3-gaussian-finite-estimator-controls-20rep,512,2.4704272703632704,20348007,2.5594380204698437,6.092211716021777,SUCCEEDED,right
True,gaussian,16,10,0.5305175491009291,0.23594643521894426,0,trace,fp64,932479068157.7987,295483447457.81854,0.001,fixed,20260809-020528_postfix-e3-gaussian-finite-estimator-controls-20rep,512,1.1794721814407567,20348008,0.012829607773406653,0.7066916217786852,SUCCEEDED,right
True,gaussian,16,10,0.7072750135284426,0.2412016381227256,0,trace,fp64,255536599411.3016,233082615788.88126,0.001,fixed,20260809-020528_postfix-e3-gaussian-finite-estimator-controls-20rep,512,1.5213497603461226,20348009,0.03289309745149257,0.7180481732385884,SUCCEEDED,right
True,gaussian,16,10,0.4644461463731081,0.1729451347476748,0,trace,fp64,1423140507160.0974,1254582887300.768,0.001,fixed,20260809-020528_postfix-e3-gaussian-finite-estimator-controls-20rep,512,0.8978374856594623,20348010,0.008511105294014134,0.654863677269356,SUCCEEDED,right
True,gaussian,16,10,0.5388990827291685,0.26134637043844977,0,trace,fp64,331594303968.56464,299001019670.223,0.001,fixed,20260809-020528_postfix-e3-gaussian-finite-estimator-controls-20rep,512,0.9099830498779473,20348011,0.010487491049457948,0.5896143066659784,SUCCEEDED,right
True,gaussian,16,9,0.46484796988007476,0.21699771314610175,0,trace,fp64,995190680509.9144,1079261625927.8732,0.001,fixed,20260809-020528_postfix-e3-gaussian-finite-estimator-controls-20rep,512,1.2678661480135431,20348012,0.024058781554655625,0.7521153267259858,SUCCEEDED,right
True,gaussian,16,10,0.5080365507755754,0.24807277562641125,0,trace,fp64,4224014385303.661,4871743173349.115,0.001,fixed,20260809-020528_postfix-e3-gaussian-finite-estimator-controls-20rep,512,1.174449446689272,20348013,0.011723557749155232,0.6682582590793821,SUCCEEDED,right
True,gaussian,16,11,3.8362974789384214,0.2584626511826618,0,trace,fp64,233012456711.8288,589903722373.8278,0.001,fixed,20260809-020528_postfix-e3-gaussian-finite-estimator-controls-20rep,512,2.0869448348478588,20348014,0.24542805647745203,1.2317532655030543,SUCCEEDED,right
True,gaussian,16,10,0.6195657792368963,0.23313005952085836,0,trace,fp64,274449557409.10754,1153184917721.0732,0.001,fixed,20260809-020528_postfix-e3-gaussian-finite-estimator-controls-20rep,512,1.464498879998174,20348015,0.029766157006026573,0.8797534244636003,SUCCEEDED,right
True,gaussian,16,9,0.5345899371197588,0.1891177439080053,0,trace,fp64,158831100662016.53,28796508317753.598,0.001,fixed,20260809-020528_postfix-e3-gaussian-finite-estimator-controls-20rep,512,0.8164679208305462,20348016,0.0157935434137443,0.8206997014875296,SUCCEEDED,right
True,gaussian,16,10,0.5857905262861876,0.21371291004350224,0,trace,fp64,646111964078.4432,7992957859889.165,0.001,fixed,20260809-020528_postfix-e3-gaussian-finite-estimator-controls-20rep,512,1.431217516976801,20348017,0.029601947356000514,0.8206663396548679,SUCCEEDED,right
True,gaussian,16,9,0.47614809709334255,0.21095725131646148,0,trace,fp64,6619416697358.603,15835079111348.32,0.001,fixed,20260809-020528_postfix-e3-gaussian-finite-estimator-controls-20rep,512,0.7836861321609812,20348018,0.013518663065622272,0.7242606464338569,SUCCEEDED,right
True,gaussian,16,9,0.49765443230141254,0.19644420824968606,0,trace,fp64,101969612121012.25,40415007385113.34,0.001,fixed,20260809-020528_postfix-e3-gaussian-finite-estimator-controls-20rep,512,0.8476247868778543,20348019,0.009522497145817703,0.7123570090354836,SUCCEEDED,right
True,gaussian,32,14,0.48572180005229704,0.12067252717123728,0,trace,fp64,68044719372495.41,111309265716728.38,0.001,fixed,20260809-020528_postfix-e3-gaussian-finite-estimator-controls-20rep,512,1.1423466821587087,20349000,0.00534999173743869,1.0470488653384205,SUCCEEDED,dual
True,gaussian,32,15,0.5341789080776949,0.17649568097161172,0,trace,fp64,15300168670533.572,60552472440855.73,0.001,fixed,20260809-020528_postfix-e3-gaussian-finite-estimator-controls-20rep,512,1.6800200576543713,20349001,0.021253101744139427,5.387466311251484,SUCCEEDED,dual
True,gaussian,32,16,0.532241471832408,0.160167010625262,0,trace,fp64,24561984328949.336,11868424831513.197,0.001,fixed,20260809-020528_postfix-e3-gaussian-finite-estimator-controls-20rep,512,1.909550472004406,20349002,0.028424414930313113,2.613596931578069,SUCCEEDED,dual
True,gaussian,32,16,0.7451062526886052,0.1596866199335725,0,trace,fp64,17006351422342.568,104606615092099.7,0.001,fixed,20260809-020528_postfix-e3-gaussian-finite-estimator-controls-20rep,512,2.613078717065781,20349003,0.050410185833144563,12.39724540893674,SUCCEEDED,dual
True,gaussian,32,15,0.4995738187465536,0.14845494574418944,0,trace,fp64,98899462128699.9,7626392457915.293,0.001,fixed,20260809-020528_postfix-e3-gaussian-finite-estimator-controls-20rep,512,1.39594610566451,20349004,0.012403132085618239,2.203972133171555,SUCCEEDED,dual
True,gaussian,32,16,0.9261281521104958,0.21617859858652155,0,trace,fp64,27023112453438.38,374517335886988.6,0.001,fixed,20260809-020528_postfix-e3-gaussian-finite-estimator-controls-20rep,512,2.8632272277014064,20349005,0.05822679334719947,5.570221615157262,SUCCEEDED,dual
True,gaussian,32,16,0.9995048915261668,0.223241149810346,0,trace,fp64,97803623769008.95,2358650558518756.0,0.001,fixed,20260809-020528_postfix-e3-gaussian-finite-estimator-controls-20rep,512,2.707109867621103,20349006,0.0533487812108325,7.216828651711001,SUCCEEDED,dual
True,gaussian,32,16,0.9943347918800659,0.16025962953140702,0,trace,fp64,11785897540806.85,53118448787246.44,0.001,fixed,20260809-020528_postfix-e3-gaussian-finite-estimator-controls-20rep,512,2.6811163421557622,20349007,0.05253662487240685,3.9030372282874386,SUCCEEDED,dual
True,gaussian,32,15,0.9929944698496606,0.16527965934115346,0,trace,fp64,365037781232388.56,16596747946424.46,0.001,fixed,20260809-020528_postfix-e3-gaussian-finite-estimator-controls-20rep,512,2.163098696743723,20349008,0.03635014519426528,2.23623798871796,SUCCEEDED,dual
True,gaussian,32,15,0.6684158002005882,0.13930758181025485,0,trace,fp64,103096195037567.39,37178204974926.52,0.001,fixed,20260809-020528_postfix-e3-gaussian-finite-estimator-controls-20rep,512,2.338846232584966,20349009,0.04184240495932515,2.8210363072684417,SUCCEEDED,dual
True,gaussian,32,14,0.5232990690478825,0.1379931003189904,0,trace,fp64,27556702958295.61,165320826586983.25,0.001,fixed,20260809-020528_postfix-e3-gaussian-finite-estimator-controls-20rep,512,1.1037105645350473,20349010,0.0069794845948222915,1.3687105029340558,SUCCEEDED,dual
True,gaussian,32,15,0.5258889994433349,0.1514177900360404,0,trace,fp64,77160277482108.98,3976252434501.7935,0.001,fixed,20260809-020528_postfix-e3-gaussian-finite-estimator-controls-20rep,512,1.5360484847152684,20349011,0.016755087828134087,2.9352021375978103,SUCCEEDED,dual
True,gaussian,32,15,0.5191993575902166,0.17691823935746315,0,trace,fp64,3738892682765.316,86177537181798.62,0.001,fixed,20260809-020528_postfix-e3-gaussian-finite-estimator-controls-20rep,512,1.244338209226342,20349012,0.008328928820268401,2.8294706636916622,SUCCEEDED,dual
True,gaussian,32,15,0.5586687046309968,0.15355702912934405,0,trace,fp64,5478583015006.608,12395583917918.924,0.001,fixed,20260809-020528_postfix-e3-gaussian-finite-estimator-controls-20rep,512,1.6366820312259174,20349013,0.019898219970442357,2.961995886342359,SUCCEEDED,dual
True,gaussian,32,16,0.7462219765590182,0.18984509367982305,0,trace,fp64,145653566083014.66,19292182107863.586,0.001,fixed,20260809-020528_postfix-e3-gaussian-finite-estimator-controls-20rep,512,2.6802399101998917,20349014,0.052508745607980696,6.087662757480099,SUCCEEDED,dual
True,gaussian,32,16,0.6065958614596467,0.1954077088047517,0,trace,fp64,284154110961454.06,87024281650022.08,0.001,fixed,20260809-020528_postfix-e3-gaussian-finite-estimator-controls-20rep,512,2.440981268130076,20349015,0.04503161345032508,10.26006241681724,SUCCEEDED,dual
True,gaussian,32,16,0.9995549532006032,0.2488104045779904,0,trace,fp64,273843750583971.94,199468229058057.12,0.001,fixed,20260809-020528_postfix-e3-gaussian-finite-estimator-controls-20rep,512,2.7931526906336144,20349016,0.05603743640191098,4.758683619382406,SUCCEEDED,dual
True,gaussian,32,15,0.7485472054990789,0.1632230807086886,0,trace,fp64,95150256877482.75,92500709739458.31,0.001,fixed,20260809-020528_postfix-e3-gaussian-finite-estimator-controls-20rep,512,1.881370348369344,20349017,0.027546152116455898,3.071607121167662,SUCCEEDED,dual
True,gaussian,32,15,0.5380102652055035,0.14629227962938052,0,trace,fp64,9586498028874.863,4326209953197.775,0.001,fixed,20260809-020528_postfix-e3-gaussian-finite-estimator-controls-20rep,512,1.30646354552154,20349018,0.009579245141184512,1.1000073977051574,SUCCEEDED,dual
True,gaussian,32,15,0.524595200804354,0.15224374779265437,0,trace,fp64,3653649862031.254,108450522265004.78,0.001,fixed,20260809-020528_postfix-e3-gaussian-finite-estimator-controls-20rep,512,1.3626863303052383,20349019,0.011337698007138406,2.49035921464995,SUCCEEDED,dual
True,gaussian,4,4,0.5620146999238838,0.7306173817108144,0,trace,fp64,2.48361488741145,5.806201944834115,0.001,fixed,20260809-020528_postfix-e3-gaussian-finite-estimator-controls-20rep,512,1.274959106099678,20350000,0.1042276319436982,0.6494537028346379,SUCCEEDED,dual
True,gaussian,4,4,0.48206483880572537,0.39642157887488266,0,trace,fp64,4.933384778732457,8.491250655200966,0.001,fixed,20260809-020528_postfix-e3-gaussian-finite-estimator-controls-20rep,512,0.655125409466337,20350001,0.07059364763341575,0.5628222159318913,SUCCEEDED,dual
True,gaussian,4,4,0.5169240568182073,0.46070237619623056,0,trace,fp64,8.260445461811667,3.1729238262476636,0.001,fixed,20260809-020528_postfix-e3-gaussian-finite-estimator-controls-20rep,512,1.0040007599944716,20350002,0.04415327665994491,0.34668072598179683,SUCCEEDED,dual
True,gaussian,4,4,0.5098739220330787,0.5296360568821425,0,trace,fp64,2.8151451671590526,2.5858234323665314,0.001,fixed,20260809-020528_postfix-e3-gaussian-finite-estimator-controls-20rep,512,1.0093651440684306,20350003,0.04667614667048505,0.37740902402715515,SUCCEEDED,dual
True,gaussian,4,4,0.49975437669517714,0.5888251172606538,0,trace,fp64,2.3382994759865308,1.731631633979284,0.001,fixed,20260809-020528_postfix-e3-gaussian-finite-estimator-controls-20rep,512,0.8301871548850264,20350004,0.03798121763688127,0.4060036401625896,SUCCEEDED,dual
True,gaussian,4,4,0.532750675158737,0.42918969198838863,0,trace,fp64,3.587313511047114,2.0396321357121416,0.001,fixed,20260809-020528_postfix-e3-gaussian-finite-estimator-controls-20rep,512,0.9964673045519495,20350005,0.02287873601462683,0.12983868847101412,SUCCEEDED,dual
True,gaussian,4,4,0.49684312424054755,0.6694781590733083,0,trace,fp64,2.0845966655356465,2.2624015392256283,0.001,fixed,20260809-020528_postfix-e3-gaussian-finite-estimator-controls-20rep,512,0.8225691065607497,20350006,0.028732723359812598,0.2683947204226693,SUCCEEDED,dual
True,gaussian,4,4,0.47133424297660775,0.42477040172634173,0,trace,fp64,3.6965870820937194,6.135076219976837,0.001,fixed,20260809-020528_postfix-e3-gaussian-finite-estimator-controls-20rep,512,0.8901899238699836,20350007,0.032543581192072485,0.3143610750360033,SUCCEEDED,dual
True,gaussian,4,4,0.48661335896385755,0.5610008618302964,0,trace,fp64,1.5741003302383432,5.743298387988937,0.001,fixed,20260809-020528_postfix-e3-gaussian-finite-estimator-controls-20rep,512,0.9301349159292976,20350008,0.027085189318157038,0.27043017654349166,SUCCEEDED,dual
True,gaussian,4,4,0.48187234327160017,0.4058491026212794,0,trace,fp64,4.839522264419254,5.160251820726591,0.001,fixed,20260809-020528_postfix-e3-gaussian-finite-estimator-controls-20rep,512,0.9625774886253378,20350009,0.03027990106534384,0.22052972896708087,SUCCEEDED,dual
True,gaussian,4,4,0.5154419463645594,0.4623663055419389,0,trace,fp64,2.8199558474176794,6.282613845013143,0.001,fixed,20260809-020528_postfix-e3-gaussian-finite-estimator-controls-20rep,512,0.9259367181612045,20350010,0.02395151455494668,0.20280623665613517,SUCCEEDED,dual
True,gaussian,4,4,0.5112639220337325,0.3924295427609411,0,trace,fp64,2.3260580539884823,6.517830719373115,0.001,fixed,20260809-020528_postfix-e3-gaussian-finite-estimator-controls-20rep,512,0.8601663574950917,20350011,0.024965371643093287,0.24217476412276007,SUCCEEDED,dual
True,gaussian,4,4,0.521138687734446,0.4332976761271926,0,trace,fp64,1.6668173724080162,3.67015787465642,0.001,fixed,20260809-020528_postfix-e3-gaussian-finite-estimator-controls-20rep,512,0.9181628826000221,20350012,0.025762445106237496,0.25701795832438784,SUCCEEDED,dual
True,gaussian,4,4,0.45015460454221967,0.7249850956300835,0,trace,fp64,3.5997354686688867,1.5868099141716772,0.001,fixed,20260809-020528_postfix-e3-gaussian-finite-estimator-controls-20rep,512,0.6676611390453552,20350013,0.06745971523866122,0.5436793030784564,SUCCEEDED,dual
True,gaussian,4,3,0.490303250136609,0.45250316878104957,0,trace,fp64,3.862051080483276,2.41652678090679,0.001,fixed,20260809-020528_postfix-e3-gaussian-finite-estimator-controls-20rep,512,0.7924170058778045,20350014,0.03627074853054888,0.37401659885003324,SUCCEEDED,dual
True,gaussian,4,4,0.49253767418785194,0.5093030188294501,0,trace,fp64,2.694882381046049,3.7626321588802765,0.001,fixed,20260809-020528_postfix-e3-gaussian-finite-estimator-controls-20rep,512,0.8945568444423104,20350015,0.024053989106180854,0.282000766414687,SUCCEEDED,dual
True,gaussian,4,4,0.5315806979286056,0.7539862981031299,0,trace,fp64,3.2135120068780365,1.8114708307106797,0.001,fixed,20260809-020528_postfix-e3-gaussian-finite-estimator-controls-20rep,512,1.1236398562976722,20350016,0.05427850438000903,0.32543681878088393,SUCCEEDED,dual
True,gaussian,4,4,0.4860026783103044,0.9766332229731751,0,trace,fp64,1.666425150184291,1.2412593601461974,0.001,fixed,20260809-020528_postfix-e3-gaussian-finite-estimator-controls-20rep,512,0.7142360752715433,20350017,0.05581598118211417,0.501781399476487,SUCCEEDED,dual
True,gaussian,4,4,0.5207186558562137,0.6428932586714039,0,trace,fp64,2.305300527845755,2.1212877039053604,0.001,fixed,20260809-020528_postfix-e3-gaussian-finite-estimator-controls-20rep,512,1.1606554358139323,20350018,0.05578885895348305,0.343109221094374,SUCCEEDED,dual
True,gaussian,4,4,0.5418894133389753,0.9282769333567622,0,trace,fp64,2.069019516529887,1.8028013038663113,0.001,fixed,20260809-020528_postfix-e3-gaussian-finite-estimator-controls-20rep,512,1.0156370083239885,20350019,0.03999414316507854,0.27908002632942064,SUCCEEDED,dual
True,gaussian,8,8,0.9795297453342499,0.49249679572680816,0,trace,fp64,1848.631568968207,306.67683639128455,0.001,fixed,20260809-020528_postfix-e3-gaussian-finite-estimator-controls-20rep,512,2.1155748797574754,20351000,0.14049522771709935,1.2576440056888707,SUCCEEDED,dual
True,gaussian,8,8,0.5261532198467161,0.35847134477229925,0,trace,fp64,1344.718092885051,792.2116337658485,0.001,fixed,20260809-020528_postfix-e3-gaussian-finite-estimator-controls-20rep,512,1.564912299492557,20351001,0.07166490188518729,0.8050333800387312,SUCCEEDED,dual
True,gaussian,8,8,0.8758349368844828,0.3783831712288689,0,trace,fp64,832.2818286538424,228.8362886404736,0.001,fixed,20260809-020528_postfix-e3-gaussian-finite-estimator-controls-20rep,512,1.911462896980599,20351002,0.11595811268745203,1.0112266640114351,SUCCEEDED,dual
True,gaussian,8,8,0.5215907360844031,0.30000577864168765,0,trace,fp64,1417.1236987723794,2874.525131916987,0.001,fixed,20260809-020528_postfix-e3-gaussian-finite-estimator-controls-20rep,512,1.0308679898481325,20351003,0.01524578276673735,0.37604228812184826,SUCCEEDED,dual
True,gaussian,8,8,0.5168503729772854,0.3215720568495437,0,trace,fp64,6919.126381372881,182.19894320713036,0.001,fixed,20260809-020528_postfix-e3-gaussian-finite-estimator-controls-20rep,512,1.01519537075126,20351004,0.007645816878473117,0.21830148824272305,SUCCEEDED,dual
True,gaussian,8,8,0.4577773525974909,0.32985789407698585,0,trace,fp64,4871.082840976841,7755.471286887902,0.001,fixed,20260809-020528_postfix-e3-gaussian-finite-estimator-controls-20rep,512,0.8466531050507273,20351005,0.019417673834168914,0.21115577849038591,SUCCEEDED,dual
True,gaussian,8,7,0.5119500341790163,0.2881110272491707,0,trace,fp64,1605.708554418772,2968.997513213981,0.001,fixed,20260809-020528_postfix-e3-gaussian-finite-estimator-controls-20rep,512,0.9529921398993912,20351006,0.01563654050999614,0.3920519954426353,SUCCEEDED,dual
True,gaussian,8,8,0.551109868745149,0.3851604006576841,0,trace,fp64,3092.2026721365887,1083.6011689298152,0.001,fixed,20260809-020528_postfix-e3-gaussian-finite-estimator-controls-20rep,512,1.429879077785864,20351007,0.054223165973233005,0.7197275142651243,SUCCEEDED,dual
True,gaussian,8,8,0.6013343351879676,0.47512737639981895,0,trace,fp64,439.39507406994903,960.0212862525242,0.001,fixed,20260809-020528_postfix-e3-gaussian-finite-estimator-controls-20rep,512,1.617379266059546,20351008,0.07777949077709698,0.5866438337430594,SUCCEEDED,dual
True,gaussian,8,8,0.6648579246676887,0.3295877172231347,0,trace,fp64,1474.3708887405817,712.2885803310268,0.001,fixed,20260809-020528_postfix-e3-gaussian-finite-estimator-controls-20rep,512,1.8819260084449838,20351009,0.11072903230562299,1.8172206952468533,SUCCEEDED,dual
True,gaussian,8,8,0.6276372995096968,0.34492611529071804,0,trace,fp64,2750.9879838371453,718.4130774188208,0.001,fixed,20260809-020528_postfix-e3-gaussian-finite-estimator-controls-20rep,512,1.3867500641090054,20351010,0.051593213872293396,0.47390276290528127,SUCCEEDED,dual
True,gaussian,8,8,0.5129509977955317,0.35793986981512294,0,trace,fp64,3374.9366804068804,577.5600797104421,0.001,fixed,20260809-020528_postfix-e3-gaussian-finite-estimator-controls-20rep,512,1.235226228245812,20351011,0.031808631498594614,0.5279786672115393,SUCCEEDED,dual
True,gaussian,8,8,0.5175166609937608,0.3590129037117401,0,trace,fp64,1325.7175065392719,439.0617125199969,0.001,fixed,20260809-020528_postfix-e3-gaussian-finite-estimator-controls-20rep,512,1.1288329914162014,20351012,0.022579777857147813,0.35551623430868745,SUCCEEDED,dual
True,gaussian,8,8,0.5268006340564874,0.3227975930639746,0,trace,fp64,1393.2507339398555,401.90517507072354,0.001,fixed,20260809-020528_postfix-e3-gaussian-finite-estimator-controls-20rep,512,1.4218047989227502,20351013,0.054046314439178574,0.9533461859365004,SUCCEEDED,dual
True,gaussian,8,8,0.7172740145869242,0.30954407922502664,0,trace,fp64,4491.140606607334,326.12697593467544,0.001,fixed,20260809-020528_postfix-e3-gaussian-finite-estimator-controls-20rep,512,1.8915948966077971,20351014,0.11384172103748229,1.21658941506171,SUCCEEDED,dual
True,gaussian,8,8,0.5594390510858751,0.46143386362436967,0,trace,fp64,1370.3280226043946,299.24231607608846,0.001,fixed,20260809-020528_postfix-e3-gaussian-finite-estimator-controls-20rep,512,1.3803585731182,20351015,0.05081201348780719,0.5070756595169095,SUCCEEDED,dual
True,gaussian,8,8,0.4751480263683794,0.3522659920178055,0,trace,fp64,7306.5367174027715,2007.925265587534,0.001,fixed,20260809-020528_postfix-e3-gaussian-finite-estimator-controls-20rep,512,0.9515737963655697,20351016,0.016650398167588093,0.474974872361902,SUCCEEDED,dual
True,gaussian,8,7,0.5265342687428608,0.4894468752551817,0,trace,fp64,770.9547427191203,565.8121833905416,0.001,fixed,20260809-020528_postfix-e3-gaussian-finite-estimator-controls-20rep,512,1.1545531252585641,20351017,0.021109965940063362,0.49739542644968615,SUCCEEDED,dual
True,gaussian,8,8,0.9389110747379329,0.37784730477102235,0,trace,fp64,692.2088068547247,419.92173487829666,0.001,fixed,20260809-020528_postfix-e3-gaussian-finite-estimator-controls-20rep,512,1.76849787569728,20351018,0.10264533330145985,0.6552162788855767,SUCCEEDED,dual
True,gaussian,8,8,0.5420221924505196,0.36134884318003624,0,trace,fp64,917.8371261621493,400.1079491436933,0.001,fixed,20260809-020528_postfix-e3-gaussian-finite-estimator-controls-20rep,512,1.289996105739373,20351019,0.037082585058468176,0.4505214634227047,SUCCEEDED,dual
True,gaussian,16,10,0.736068496839884,0.16434239919473345,0,trace,fp64,3485814313206.6265,4867277523414.684,0.001,fixed,20260809-020528_postfix-e3-gaussian-finite-estimator-controls-20rep,64,1.8745400949617887,20352000,0.05490164293971241,1.017977947617451,SUCCEEDED,dual
True,gaussian,16,10,0.7684116348518646,0.1429874677079818,0,trace,fp64,78678449805692.55,2185103764015.5745,0.001,fixed,20260809-020528_postfix-e3-gaussian-finite-estimator-controls-20rep,64,1.9130349035820329,20352001,0.057780724113822485,1.6081939523700486,SUCCEEDED,dual
True,gaussian,16,11,0.6641870185925906,0.1694037973478888,0,trace,fp64,163130248161678.78,102376586937537.92,0.001,fixed,20260809-020528_postfix-e3-gaussian-finite-estimator-controls-20rep,64,2.182987827168632,20352002,0.07416461439324976,2.307473747215935,SUCCEEDED,dual
True,gaussian,16,10,0.883512479545908,0.14712716713775112,0,trace,fp64,108484318527142.94,459649832670508.94,0.001,fixed,20260809-020528_postfix-e3-gaussian-finite-estimator-controls-20rep,64,2.3658824934225486,20352003,0.08584855219254052,1.2758964131546535,SUCCEEDED,dual
True,gaussian,16,10,0.7953964835962478,0.16957934652254805,0,trace,fp64,204314247101054.38,269936934075214.06,0.001,fixed,20260809-020528_postfix-e3-gaussian-finite-estimator-controls-20rep,64,2.3466651779703533,20352004,0.08440570911939235,1.348711251228792,SUCCEEDED,dual
True,gaussian,16,11,0.9954323863420105,0.19529768036725392,0,trace,fp64,4565428681922.641,14788057085200.66,0.001,fixed,20260809-020528_postfix-e3-gaussian-finite-estimator-controls-20rep,64,3.3537062758761134,20352005,0.1473113076106738,2.2596137643396945,SUCCEEDED,dual
True,gaussian,16,11,0.9987435230851044,0.2250749601305499,0,trace,fp64,308492992484112.75,80273180676617.67,0.001,fixed,20260809-020528_postfix-e3-gaussian-finite-estimator-controls-20rep,64,3.106599031613619,20352006,0.13189446736101132,3.3162078865963824,SUCCEEDED,dual
True,gaussian,16,9,0.8243500775386904,0.15508154207027586,0,trace,fp64,2561451210324.3345,99553870159331.89,0.001,fixed,20260809-020528_postfix-e3-gaussian-finite-estimator-controls-20rep,64,1.9211823917663642,20352007,0.0578925260840356,1.4086317276847926,SUCCEEDED,dual
True,gaussian,16,11,0.7795588005855907,0.18728040747150448,0,trace,fp64,357281970724928.44,237640711772001.53,0.001,fixed,20260809-020528_postfix-e3-gaussian-finite-estimator-controls-20rep,64,1.9237335950808623,20352008,0.057975564265455554,1.8086141257275812,SUCCEEDED,dual
True,gaussian,16,11,0.6561496943224656,0.18466028657000105,0,trace,fp64,2373425938170816.0,220106395051482.7,0.001,fixed,20260809-020528_postfix-e3-gaussian-finite-estimator-controls-20rep,64,1.8657536419696086,20352009,0.05433518868242992,1.663230680272441,SUCCEEDED,dual
True,gaussian,16,11,0.8517819589741105,0.3175319768426046,0,trace,fp64,9943601862384.025,455695718744244.25,0.001,fixed,20260809-020528_postfix-e3-gaussian-finite-estimator-controls-20rep,64,3.519335274739002,20352010,0.15756835974681024,6.110153983967891,SUCCEEDED,dual
True,gaussian,16,10,0.9988980763550198,0.17419832118920814,0,trace,fp64,35942382383667.6,174397540509603.34,0.001,fixed,20260809-020528_postfix-e3-gaussian-finite-estimator-controls-20rep,64,1.9705745327787239,20352011,0.061115735971078236,1.2462754300193977,SUCCEEDED,dual
True,gaussian,16,9,0.917546637233404,0.1516574791920797,0,trace,fp64,751458019394185.0,36732024219301.836,0.001,fixed,20260809-020528_postfix-e3-gaussian-finite-estimator-controls-20rep,64,2.627857005268553,20352012,0.10258727336049583,1.965417681545106,SUCCEEDED,dual
True,gaussian,16,9,0.5869835420222703,0.16564284621162143,0,trace,fp64,126380207606323.02,149310328582335.22,0.001,fixed,20260809-020528_postfix-e3-gaussian-finite-estimator-controls-20rep,64,1.5738697159479256,20352013,0.03659651721546101,0.8555124738387496,SUCCEEDED,dual
True,gaussian,16,11,0.9908557611845,0.28485687148771865,0,trace,fp64,47404349450777.836,12322658599727.762,0.001,fixed,20260809-020528_postfix-e3-gaussian-finite-estimator-controls-20rep,64,4.190112347199079,20352014,0.19949786753148313,4.952385335728799,SUCCEEDED,dual
True,gaussian,16,10,0.9968397250217862,0.16019731542962723,0,trace,fp64,66288161523889.27,54552113184566.71,0.001,fixed,20260809-020528_postfix-e3-gaussian-finite-estimator-controls-20rep,64,2.891828075630442,20352015,0.11847501635777884,2.260607882812063,SUCCEEDED,dual
True,gaussian,16,10,0.7257415305779679,0.15228076206994706,0,trace,fp64,91998303896353.23,103669126260879.81,0.001,fixed,20260809-020528_postfix-e3-gaussian-finite-estimator-controls-20rep,64,2.468232039078122,20352016,0.09216773868930786,1.752799585818828,SUCCEEDED,dual
True,gaussian,16,9,0.7613421806568423,0.16919900040803795,0,trace,fp64,4778750743064.962,84546756469219.36,0.001,fixed,20260809-020528_postfix-e3-gaussian-finite-estimator-controls-20rep,64,1.924185237613487,20352017,0.0583154381286662,1.3240067465512788,SUCCEEDED,dual
True,gaussian,16,10,0.9974114439744329,0.21741770055575405,0,trace,fp64,521273247687961.6,246450368499984.34,0.001,fixed,20260809-020528_postfix-e3-gaussian-finite-estimator-controls-20rep,64,2.7084257347230785,20352018,0.10726363589575057,1.587827587114436,SUCCEEDED,dual
True,gaussian,16,11,0.9869742832158529,0.2819461628020068,0,trace,fp64,41851626051362.516,7623105093289.051,0.001,fixed,20260809-020528_postfix-e3-gaussian-finite-estimator-controls-20rep,64,3.6302596458329033,20352019,0.16453222217002902,3.8012867107664183,SUCCEEDED,dual
