run_id,name,experiment_group,claim_id,dataset_name,config,seed,state,requested_gpus,slurm_job_id,start_time,end_time,exit_code,failure_reason,retry_from,resolved_by_run,resolution_state,resolution_note,profile
20260807-025006_accept-cpu-success,accept-cpu-success,,,,,,SUCCEEDED,0,,2026-08-07T02:50:06+02:00,2026-08-07T02:50:08+02:00,0,,,,,,
20260807-025015_accept-cpu-fail,accept-cpu-fail,,,,,,FAILED,0,,2026-08-07T02:50:15+02:00,2026-08-07T02:50:15+02:00,2,command exited with code 2,,20260807-025019_accept-cpu-fail,FAILED,retry chain remains terminal,
20260807-025019_accept-cpu-fail,accept-cpu-fail,,,,,,FAILED,0,,2026-08-07T02:50:19+02:00,2026-08-07T02:50:19+02:00,2,command exited with code 2,20260807-025015_accept-cpu-fail,,,,
20260807-025033_accept-stop-target,accept-stop-target,,,,,,STOPPED,0,,2026-08-07T02:50:33+02:00,2026-08-07T02:50:39+02:00,-15,stopped by operator,,,,,
20260807-025050_accept-stale-repair,accept-stale-repair,,,,,,FAILED,0,,2026-08-07T02:50:50+02:00,2026-08-07T02:51:00+02:00,,stale active state repaired: process 1399750 is not alive,,,,,
20260807-025212_accept-cpu-env,accept-cpu-env,,,,,,SUCCEEDED,0,,2026-08-07T02:52:13+02:00,2026-08-07T02:52:13+02:00,0,,,,,,
20260807-025605_accept-slurm-cpu,accept-slurm-cpu,,,,,,SUCCEEDED,0,926609,2026-08-07T02:56:24+02:00,2026-08-07T02:56:24+02:00,0,,,,,,default
20260807-031637_dataset-factors,dataset-factors,E7,"C4,C5",,,,SUCCEEDED,0,926615,2026-08-07T03:16:45+02:00,2026-08-07T03:27:52+02:00,0,,,,,,default
20260807-031637_dataset-robustness,dataset-robustness,E6,C3,,,,STOPPED,0,926616,2026-08-07T03:17:45+02:00,2026-08-07T03:28:20+02:00,-15,received stop signal,,,,,default
20260807-031637_dataset-small,dataset-small,,,,,,STOPPED,0,926614,2026-08-07T03:16:44+02:00,2026-08-07T03:28:20+02:00,-15,received stop signal,,,,,default
20260807-031637_dataset-transfer,dataset-transfer,E6,C3,,,,FAILED,0,926617,2026-08-07T03:17:15+02:00,2026-08-07T03:24:29+02:00,22,command exited with code 22,,,,,default
20260807-032825_dataset-relocate,dataset-relocate,,,,,,SUCCEEDED,0,926621,2026-08-07T03:28:45+02:00,2026-08-07T03:28:45+02:00,0,,,,,,default
20260807-032855_dataset-robustness-relocated,dataset-robustness-relocated,E6,C3,,,,FAILED,0,926623,2026-08-07T03:29:05+02:00,2026-08-07T06:52:59+02:00,127,command exited with code 127,,20260807-065950_dataset-robustness-relocated,SUCCEEDED,recovered by retry,default
20260807-032855_dataset-small-relocated,dataset-small-relocated,,,,,,FAILED,0,926622,2026-08-07T03:29:04+02:00,2026-08-07T04:41:47+02:00,127,command exited with code 127,,20260807-044814_dataset-small-relocated,SUCCEEDED,recovered by retry,default
20260807-034003_setup-lightning-env,setup-lightning-env,,,,,,FAILED,0,926630,2026-08-07T03:40:05+02:00,2026-08-07T03:40:34+02:00,1,command exited with code 1,,20260807-034434_setup-lightning-env,SUCCEEDED,recovered by retry,default
20260807-034121_dataset-transfer-relocated-retry,dataset-transfer-relocated-retry,E6,C3,,,,SUCCEEDED,0,926631,2026-08-07T03:41:25+02:00,2026-08-07T04:10:25+02:00,0,,,,,,default
20260807-034144_setup-lightning-env,setup-lightning-env,,,,,,FAILED,0,926632,2026-08-07T03:41:45+02:00,2026-08-07T03:42:29+02:00,1,command exited with code 1,20260807-034003_setup-lightning-env,20260807-034434_setup-lightning-env,SUCCEEDED,recovered by retry,default
20260807-034434_setup-lightning-env,setup-lightning-env,,,,,,SUCCEEDED,0,926634,2026-08-07T03:44:45+02:00,2026-08-07T03:45:18+02:00,0,,20260807-034144_setup-lightning-env,,,,default
20260807-034535_e0-implementation-check,e0-implementation-check,E0,C1,,,,SUCCEEDED,0,926635,2026-08-07T03:45:45+02:00,2026-08-07T03:46:04+02:00,0,,,,,,default
20260807-034723_vision-implementation-check,vision-implementation-check,,,,,,SUCCEEDED,0,926636,2026-08-07T03:47:25+02:00,2026-08-07T03:47:59+02:00,0,,,,,,default
20260807-034954_lightning-gaussian-implementation-smoke,lightning-gaussian-implementation-smoke,,,,configs/toy/gaussian_cpu_smoke.json,,SUCCEEDED,0,926637,2026-08-07T03:50:05+02:00,2026-08-07T03:50:34+02:00,0,,,,,,default
20260807-035053_gaussian-calibration-evaluation-smoke,gaussian-calibration-evaluation-smoke,,,,,,SUCCEEDED,0,926638,2026-08-07T03:51:05+02:00,2026-08-07T03:51:28+02:00,0,,,,,,default
20260807-035252_final-core-implementation-check,final-core-implementation-check,,,,,,SUCCEEDED,0,926639,2026-08-07T03:53:05+02:00,2026-08-07T03:53:40+02:00,0,,,,,,default
20260807-035404_e1-finite-channel-reference,e1-finite-channel-reference,E1,C1,,configs/toy/finite_learning_reference.json,,SUCCEEDED,0,926640,2026-08-07T03:54:10+02:00,2026-08-07T03:55:16+02:00,0,,,,,,default
20260807-035404_e1-gaussian-1d-reference,e1-gaussian-1d-reference,E1,C1,,configs/toy/gaussian_reference.json,,SUCCEEDED,1,926641,2026-08-07T03:54:05+02:00,2026-08-07T03:55:52+02:00,0,,,,,,default
20260807-035404_e1-gaussian-2d-reference,e1-gaussian-2d-reference,E1,C1,,configs/toy/gaussian_2d_reference.json,,SUCCEEDED,1,926642,2026-08-07T03:54:35+02:00,2026-08-07T03:57:21+02:00,0,,,,,,default
20260807-035405_cifar10-lightning-5epoch-smoke,cifar10-lightning-5epoch-smoke,,,cifar10,configs/ssl/cifar10_smoke.json,,SUCCEEDED,1,926643,2026-08-07T03:54:08+02:00,2026-08-07T03:58:05+02:00,0,,,,,,default
20260807-035538_e3-gaussian-1d-logdet-reference,e3-gaussian-1d-logdet-reference,E3,"C1,C2",,configs/toy/gaussian_logdet_reference.json,,SUCCEEDED,1,926644,2026-08-07T03:55:39+02:00,2026-08-07T03:57:37+02:00,0,,,,,,default
20260807-035629_e1-gaussian-1d-seed-20260812,e1-gaussian-1d-seed-20260812,E1,C1,,configs/toy/gaussian_reference.json,,SUCCEEDED,1,926645,2026-08-07T03:56:30+02:00,2026-08-07T03:58:11+02:00,0,,,,,,default
20260807-035800_e2-gaussian-fixed-parent-m1,e2-gaussian-fixed-parent-m1,E2,C2,,configs/toy/gaussian_reference.json,,SUCCEEDED,1,926646,2026-08-07T03:58:01+02:00,2026-08-07T03:59:43+02:00,0,,,,,,default
20260807-035838_cifar10-5epoch-frozen-linear-probe,cifar10-5epoch-frozen-linear-probe,E5,C3,cifar10,configs/ssl/cifar10_smoke.json,,SUCCEEDED,1,926647,2026-08-07T03:58:39+02:00,2026-08-07T03:59:19+02:00,0,,,,,,default
20260807-035838_e2-gaussian-fixed-parent-m2,e2-gaussian-fixed-parent-m2,E2,C2,,configs/toy/gaussian_reference.json,,SUCCEEDED,1,926648,2026-08-07T03:58:39+02:00,2026-08-07T04:00:23+02:00,0,,,,,,default
20260807-035839_e2-gaussian-fixed-parent-m4,e2-gaussian-fixed-parent-m4,E2,C2,,configs/toy/gaussian_reference.json,,SUCCEEDED,1,926649,2026-08-07T03:58:42+02:00,2026-08-07T04:00:23+02:00,0,,,,,,default
20260807-035948_paper-concat-implementation-check,paper-concat-implementation-check,,,,,,SUCCEEDED,0,926650,2026-08-07T04:00:05+02:00,2026-08-07T04:00:20+02:00,0,,,,,,default
20260807-040014_e2-gaussian-fixed-parent-m16,e2-gaussian-fixed-parent-m16,E2,C2,,configs/toy/gaussian_reference.json,,SUCCEEDED,1,926651,2026-08-07T04:00:16+02:00,2026-08-07T04:02:00+02:00,0,,,,,,default
20260807-040028_cifar10-paper-9view-concat-5epoch-smoke,cifar10-paper-9view-concat-5epoch-smoke,,,cifar10,configs/ssl/cifar10_paper_concat_smoke.json,,FAILED,1,926652,2026-08-07T04:00:29+02:00,2026-08-07T04:00:50+02:00,1,command exited with code 1,,20260807-040405_cifar10-paper-9view-concat-5epoch-smoke,SUCCEEDED,recovered by retry,default
20260807-040103_cifar10-9view-gmean-5epoch-smoke,cifar10-9view-gmean-5epoch-smoke,,,cifar10,configs/ssl/cifar10_paper_concat_smoke.json,,FAILED,1,926653,2026-08-07T04:01:04+02:00,2026-08-07T04:01:44+02:00,1,command exited with code 1,,20260807-040406_cifar10-9view-gmean-5epoch-smoke,SUCCEEDED,recovered by retry,default
20260807-040103_cifar10-9view-raw-first-5epoch-smoke,cifar10-9view-raw-first-5epoch-smoke,,,cifar10,configs/ssl/cifar10_paper_concat_smoke.json,,FAILED,1,926654,2026-08-07T04:01:04+02:00,2026-08-07T04:01:34+02:00,1,command exited with code 1,,20260807-040406_cifar10-9view-raw-first-5epoch-smoke,SUCCEEDED,recovered by retry,default
20260807-040213_cifar10-paper-9view-concat-5epoch-smoke,cifar10-paper-9view-concat-5epoch-smoke,,,cifar10,configs/ssl/cifar10_paper_concat_smoke.json,,FAILED,1,926655,2026-08-07T04:02:16+02:00,2026-08-07T04:02:36+02:00,1,command exited with code 1,20260807-040028_cifar10-paper-9view-concat-5epoch-smoke,20260807-040405_cifar10-paper-9view-concat-5epoch-smoke,SUCCEEDED,recovered by retry,default
20260807-040232_cifar10-9view-gmean-5epoch-smoke,cifar10-9view-gmean-5epoch-smoke,,,cifar10,configs/ssl/cifar10_paper_concat_smoke.json,,FAILED,1,926656,2026-08-07T04:02:33+02:00,2026-08-07T04:03:10+02:00,1,command exited with code 1,20260807-040103_cifar10-9view-gmean-5epoch-smoke,20260807-040406_cifar10-9view-gmean-5epoch-smoke,SUCCEEDED,recovered by retry,default
20260807-040232_cifar10-9view-raw-first-5epoch-smoke,cifar10-9view-raw-first-5epoch-smoke,,,cifar10,configs/ssl/cifar10_paper_concat_smoke.json,,FAILED,1,926657,2026-08-07T04:02:33+02:00,2026-08-07T04:03:13+02:00,1,command exited with code 1,20260807-040103_cifar10-9view-raw-first-5epoch-smoke,20260807-040406_cifar10-9view-raw-first-5epoch-smoke,SUCCEEDED,recovered by retry,default
20260807-040240_e1-gaussian-10d-repeated-spectrum,e1-gaussian-10d-repeated-spectrum,E1,C1,,configs/toy/gaussian_reference.json,,SUCCEEDED,1,926658,2026-08-07T04:02:42+02:00,2026-08-07T04:05:51+02:00,0,,,,,,default
20260807-040405_cifar10-paper-9view-concat-5epoch-smoke,cifar10-paper-9view-concat-5epoch-smoke,,,cifar10,configs/ssl/cifar10_paper_concat_smoke.json,,SUCCEEDED,1,926661,2026-08-07T04:04:36+02:00,2026-08-07T04:17:25+02:00,0,,20260807-040213_cifar10-paper-9view-concat-5epoch-smoke,,,,default
20260807-040406_cifar10-9view-gmean-5epoch-smoke,cifar10-9view-gmean-5epoch-smoke,,,cifar10,configs/ssl/cifar10_paper_concat_smoke.json,,SUCCEEDED,1,926662,2026-08-07T04:04:39+02:00,2026-08-07T04:17:21+02:00,0,,20260807-040232_cifar10-9view-gmean-5epoch-smoke,,,,default
20260807-040406_cifar10-9view-raw-first-5epoch-smoke,cifar10-9view-raw-first-5epoch-smoke,,,cifar10,configs/ssl/cifar10_paper_concat_smoke.json,,SUCCEEDED,1,926663,2026-08-07T04:04:09+02:00,2026-08-07T04:16:57+02:00,0,,20260807-040232_cifar10-9view-raw-first-5epoch-smoke,,,,default
20260807-040452_relative-ridge-regression-check,relative-ridge-regression-check,,,,,,SUCCEEDED,0,926665,2026-08-07T04:05:05+02:00,2026-08-07T04:05:10+02:00,0,,,,,,default
20260807-040605_e2-gaussian-fixed-view-budget-m1-b8192,e2-gaussian-fixed-view-budget-m1-b8192,E2,C2,,configs/toy/gaussian_reference.json,,SUCCEEDED,1,926668,2026-08-07T04:06:06+02:00,2026-08-07T04:07:03+02:00,0,,,,,,default
20260807-040739_e2-gaussian-fixed-view-budget-m2-b4096,e2-gaussian-fixed-view-budget-m2-b4096,E2,C2,,configs/toy/gaussian_reference.json,,SUCCEEDED,1,926677,2026-08-07T04:07:40+02:00,2026-08-07T04:08:43+02:00,0,,,,,,default
20260807-040835_relative-ridge-scale-invariance-check,relative-ridge-scale-invariance-check,,,,,,SUCCEEDED,0,926679,2026-08-07T04:08:45+02:00,2026-08-07T04:08:51+02:00,0,,,,,,default
20260807-040849_e2-gaussian-fixed-view-budget-m4-b2048,e2-gaussian-fixed-view-budget-m4-b2048,E2,C2,,configs/toy/gaussian_reference.json,,SUCCEEDED,1,926685,2026-08-07T04:08:50+02:00,2026-08-07T04:10:05+02:00,0,,,,,,default
20260807-041010_e2-gaussian-oracle-variance,e2-gaussian-oracle-variance,E2,C2,,,,FAILED,0,926688,2026-08-07T04:10:25+02:00,2026-08-07T04:10:29+02:00,1,command exited with code 1,,,,,default
20260807-041021_e2-gaussian-fixed-view-budget-m8-b1024,e2-gaussian-fixed-view-budget-m8-b1024,E2,C2,,configs/toy/gaussian_reference.json,,SUCCEEDED,1,926689,2026-08-07T04:10:22+02:00,2026-08-07T04:12:08+02:00,0,,,,,,default
20260807-041056_e2-gaussian-oracle-variance-retry,e2-gaussian-oracle-variance-retry,E2,C2,,,,SUCCEEDED,0,926690,2026-08-07T04:11:05+02:00,2026-08-07T04:11:13+02:00,0,,,,,,default
20260807-041142_e2-gaussian-oracle-variance-k4-r1000,e2-gaussian-oracle-variance-k4-r1000,E2,C2,,,20260825,SUCCEEDED,0,926691,2026-08-07T04:11:45+02:00,2026-08-07T04:12:05+02:00,0,,,,,,default
20260807-041214_e2-gaussian-fixed-view-budget-m16-b512,e2-gaussian-fixed-view-budget-m16-b512,E2,C2,,configs/toy/gaussian_reference.json,,STOPPED,1,926694,2026-08-07T04:12:16+02:00,2026-08-07T04:12:47+02:00,,stopped by operator,,,,,default
20260807-041248_e2-gaussian-fixed-total-views-m16,e2-gaussian-fixed-total-views-m16,E2,C2,,configs/toy/gaussian_reference.json,,SUCCEEDED,1,926696,2026-08-07T04:12:49+02:00,2026-08-07T04:13:41+02:00,0,,,,,,default
20260807-041350_e2-gaussian-fixed-total-views-m8,e2-gaussian-fixed-total-views-m8,E2,C2,,configs/toy/gaussian_reference.json,,SUCCEEDED,1,926700,2026-08-07T04:13:51+02:00,2026-08-07T04:15:09+02:00,0,,,,,,default
20260807-041520_e2-gaussian-fixed-total-views-m4,e2-gaussian-fixed-total-views-m4,E2,C2,,configs/toy/gaussian_reference.json,,SUCCEEDED,1,926701,2026-08-07T04:15:21+02:00,2026-08-07T04:16:06+02:00,0,,,,,,default
20260807-041616_e2-gaussian-fixed-total-views-m2,e2-gaussian-fixed-total-views-m2,E2,C2,,configs/toy/gaussian_reference.json,,SUCCEEDED,1,926702,2026-08-07T04:16:17+02:00,2026-08-07T04:17:35+02:00,0,,,,,,default
20260807-041751_e3-gaussian-trace-ridge-1e-4,e3-gaussian-trace-ridge-1e-4,E3,"C1,C2",,configs/toy/gaussian_reference.json,,SUCCEEDED,1,926713,2026-08-07T04:17:52+02:00,2026-08-07T04:19:37+02:00,0,,,,,,default
20260807-041830_cifar10-gmean-frozen-probe,cifar10-gmean-frozen-probe,,,cifar10,configs/ssl/cifar10_paper_concat_smoke.json,,SUCCEEDED,1,926715,2026-08-07T04:18:31+02:00,2026-08-07T04:19:10+02:00,0,,,,,,default
20260807-041830_cifar10-paper-concat-frozen-probe,cifar10-paper-concat-frozen-probe,,,cifar10,configs/ssl/cifar10_paper_concat_smoke.json,,SUCCEEDED,1,926714,2026-08-07T04:18:31+02:00,2026-08-07T04:19:10+02:00,0,,,,,,default
20260807-041830_cifar10-raw-first-frozen-probe,cifar10-raw-first-frozen-probe,,,cifar10,configs/ssl/cifar10_paper_concat_smoke.json,,SUCCEEDED,1,926716,2026-08-07T04:18:31+02:00,2026-08-07T04:19:12+02:00,0,,,,,,default
20260807-042005_cifar100-lightning-5epoch-smoke,cifar100-lightning-5epoch-smoke,,,cifar100,configs/ssl/cifar100_smoke.json,,SUCCEEDED,1,926719,2026-08-07T04:20:06+02:00,2026-08-07T04:24:03+02:00,0,,,,,,default
20260807-042005_matched-head-implementation-check,matched-head-implementation-check,,,,,,SUCCEEDED,0,926720,2026-08-07T04:20:55+02:00,2026-08-07T04:21:06+02:00,0,,,,,,default
20260807-042119_cifar10-gmean-matched-head-20epoch,cifar10-gmean-matched-head-20epoch,,,cifar10,configs/ssl/cifar10_paper_concat_smoke.json,,SUCCEEDED,1,926722,2026-08-07T04:21:20+02:00,2026-08-07T05:09:34+02:00,0,,,,,,default
20260807-042119_cifar10-paper-concat-20epoch,cifar10-paper-concat-20epoch,,,cifar10,configs/ssl/cifar10_paper_concat_smoke.json,,SUCCEEDED,1,926721,2026-08-07T04:21:20+02:00,2026-08-07T05:10:20+02:00,0,,,,,,default
20260807-042119_cifar10-raw-first-matched-head-20epoch,cifar10-raw-first-matched-head-20epoch,,,cifar10,configs/ssl/cifar10_paper_concat_smoke.json,,SUCCEEDED,1,926723,2026-08-07T04:21:50+02:00,2026-08-07T05:10:43+02:00,0,,,,,,default
20260807-042207_knn-implementation-check,knn-implementation-check,E5,C3,,,,SUCCEEDED,0,926724,2026-08-07T04:22:25+02:00,2026-08-07T04:22:33+02:00,0,,,,,,default
20260807-042307_corruption-eval-implementation-check,corruption-eval-implementation-check,,,,,,SUCCEEDED,0,926725,2026-08-07T04:23:25+02:00,2026-08-07T04:23:33+02:00,0,,,,,,default
20260807-042428_cifar100-5epoch-frozen-linear-probe,cifar100-5epoch-frozen-linear-probe,E5,C3,cifar100,configs/ssl/cifar100_smoke.json,,SUCCEEDED,1,926728,2026-08-07T04:24:30+02:00,2026-08-07T04:25:09+02:00,0,,,,,,default
20260807-042523_cifar100-5epoch-knn,cifar100-5epoch-knn,E5,C3,cifar100,,,SUCCEEDED,1,926729,2026-08-07T04:25:24+02:00,2026-08-07T04:25:45+02:00,0,,,,,,default
20260807-042600_cifar10-2view-5epoch-knn,cifar10-2view-5epoch-knn,E5,C3,cifar10,,,SUCCEEDED,1,926730,2026-08-07T04:26:01+02:00,2026-08-07T04:26:18+02:00,0,,,,,,default
20260807-042640_cifar10-2view-5epoch-cifar10c,cifar10-2view-5epoch-cifar10c,,,cifar10,,,FAILED,1,926731,2026-08-07T04:26:41+02:00,2026-08-07T04:28:04+02:00,1,command exited with code 1,,20260807-042824_cifar10-2view-5epoch-cifar10c,FAILED,retry chain remains terminal,default
20260807-042732_summarize-current-experiments,summarize-current-experiments,,,,,,SUCCEEDED,0,926732,2026-08-07T04:27:45+02:00,2026-08-07T04:28:16+02:00,0,,,,,,default
20260807-042824_cifar10-2view-5epoch-cifar10c,cifar10-2view-5epoch-cifar10c,,,cifar10,,,FAILED,1,926734,2026-08-07T04:28:25+02:00,2026-08-07T04:29:49+02:00,1,command exited with code 1,20260807-042640_cifar10-2view-5epoch-cifar10c,,,,default
20260807-043056_cifar10-2view-5epoch-cifar10c-workers0,cifar10-2view-5epoch-cifar10c-workers0,,,cifar10,,,SUCCEEDED,1,926735,2026-08-07T04:30:57+02:00,2026-08-07T04:33:21+02:00,0,,,,,,default
20260807-043211_continue-cifar10-matched-evaluations,continue-cifar10-matched-evaluations,,,,,,STOPPED,0,926736,2026-08-07T04:32:25+02:00,2026-08-07T05:08:22+02:00,,stopped by operator,,20260807-052124_continue-cifar10-matched-evaluations,FAILED,retry chain remains terminal,default
20260807-043316_submit-e1-finite-20seed-sweep,submit-e1-finite-20seed-sweep,E1,C1,,,,FAILED,0,926738,2026-08-07T04:33:25+02:00,2026-08-07T04:33:39+02:00,3,command exited with code 3,,,,,default
20260807-043326_e1-finite-reference-seed-20260901,e1-finite-reference-seed-20260901,E1,C1,,configs/toy/finite_learning_reference.json,,SUCCEEDED,0,926739,2026-08-07T04:34:16+02:00,2026-08-07T04:35:07+02:00,0,,,,,,default
20260807-043327_e1-finite-reference-seed-20260902,e1-finite-reference-seed-20260902,E1,C1,,configs/toy/finite_learning_reference.json,,SUCCEEDED,0,926740,2026-08-07T04:33:45+02:00,2026-08-07T04:35:06+02:00,0,,,,,,default
20260807-043327_e1-finite-reference-seed-20260903,e1-finite-reference-seed-20260903,E1,C1,,configs/toy/finite_learning_reference.json,,SUCCEEDED,0,926741,2026-08-07T04:34:15+02:00,2026-08-07T04:34:52+02:00,0,,,,,,default
20260807-043328_e1-finite-reference-seed-20260904,e1-finite-reference-seed-20260904,E1,C1,,configs/toy/finite_learning_reference.json,,SUCCEEDED,0,926742,2026-08-07T04:33:45+02:00,2026-08-07T04:35:31+02:00,0,,,,,,default
20260807-043329_e1-finite-reference-seed-20260905,e1-finite-reference-seed-20260905,E1,C1,,configs/toy/finite_learning_reference.json,,SUCCEEDED,0,926743,2026-08-07T04:35:16+02:00,2026-08-07T04:35:54+02:00,0,,,,,,default
20260807-043330_e1-finite-reference-seed-20260906,e1-finite-reference-seed-20260906,E1,C1,,configs/toy/finite_learning_reference.json,,SUCCEEDED,0,926744,2026-08-07T04:35:46+02:00,2026-08-07T04:36:21+02:00,0,,,,,,default
20260807-043331_e1-finite-reference-seed-20260907,e1-finite-reference-seed-20260907,E1,C1,,configs/toy/finite_learning_reference.json,,SUCCEEDED,0,926745,2026-08-07T04:34:46+02:00,2026-08-07T04:35:20+02:00,0,,,,,,default
20260807-043332_e1-finite-reference-seed-20260908,e1-finite-reference-seed-20260908,E1,C1,,configs/toy/finite_learning_reference.json,,SUCCEEDED,0,926746,2026-08-07T04:36:16+02:00,2026-08-07T04:37:21+02:00,0,,,,,,default
20260807-043333_e1-finite-reference-seed-20260909,e1-finite-reference-seed-20260909,E1,C1,,configs/toy/finite_learning_reference.json,,SUCCEEDED,0,926747,2026-08-07T04:37:17+02:00,2026-08-07T04:37:51+02:00,0,,,,,,default
20260807-043334_e1-finite-reference-seed-20260910,e1-finite-reference-seed-20260910,E1,C1,,configs/toy/finite_learning_reference.json,,SUCCEEDED,0,926748,2026-08-07T04:36:46+02:00,2026-08-07T04:37:21+02:00,0,,,,,,default
20260807-043335_e1-finite-reference-seed-20260911,e1-finite-reference-seed-20260911,E1,C1,,configs/toy/finite_learning_reference.json,,SUCCEEDED,0,926749,2026-08-07T04:33:29+02:00,2026-08-07T04:34:06+02:00,0,,,,,,default
20260807-043336_e1-finite-reference-seed-20260912,e1-finite-reference-seed-20260912,E1,C1,,configs/toy/finite_learning_reference.json,,SUCCEEDED,0,926750,2026-08-07T04:32:29+02:00,2026-08-07T04:33:07+02:00,0,,,,,,default
20260807-043337_e1-finite-reference-seed-20260913,e1-finite-reference-seed-20260913,E1,C1,,configs/toy/finite_learning_reference.json,,SUCCEEDED,0,926751,2026-08-07T04:31:59+02:00,2026-08-07T04:32:42+02:00,0,,,,,,default
20260807-043338_e1-finite-reference-seed-20260914,e1-finite-reference-seed-20260914,E1,C1,,configs/toy/finite_learning_reference.json,,SUCCEEDED,0,926752,2026-08-07T04:32:59+02:00,2026-08-07T04:33:36+02:00,0,,,,,,default
20260807-043339_e1-finite-reference-seed-20260915,e1-finite-reference-seed-20260915,E1,C1,,configs/toy/finite_learning_reference.json,,BLOCKED,0,,,2026-08-07T04:33:39+02:00,1,"sbatch failed: sbatch: error: QOSMaxSubmitJobPerUserLimit
sbatch: error: Batch job submission failed: Job violates accounting/QOS policy (job submit limit, user's size and/or time limits)",,20260807-122853_e1-finite-reference-seed-20260915,SUCCEEDED,recovered by retry,default
20260807-043435_cifar100-lightning-20epoch,cifar100-lightning-20epoch,,,cifar100,configs/ssl/cifar100_smoke.json,,SUCCEEDED,1,926753,2026-08-07T04:34:36+02:00,2026-08-07T04:48:15+02:00,0,,,,,,default
20260807-043605_submit-e1-finite-seeds-15-20,submit-e1-finite-seeds-15-20,E1,C1,,,,SUCCEEDED,0,926754,2026-08-07T04:36:55+02:00,2026-08-07T04:37:02+02:00,0,,,,,,default
20260807-043611_continue-cifar100-evaluations,continue-cifar100-evaluations,,,,,,SUCCEEDED,0,926755,2026-08-07T04:36:25+02:00,2026-08-07T04:53:57+02:00,0,,,,,,default
20260807-043651_summarize-e1-finite-20seed-sweep,summarize-e1-finite-20seed-sweep,E1,C1,,,,SUCCEEDED,0,926759,2026-08-07T04:37:05+02:00,2026-08-07T04:41:16+02:00,0,,,,,,default
20260807-043656_e1-finite-reference-seed-20260915,e1-finite-reference-seed-20260915,E1,C1,,configs/toy/finite_learning_reference.json,,SUCCEEDED,0,926760,2026-08-07T04:40:07+02:00,2026-08-07T04:41:01+02:00,0,,,,,,default
20260807-043657_e1-finite-reference-seed-20260916,e1-finite-reference-seed-20260916,E1,C1,,configs/toy/finite_learning_reference.json,,SUCCEEDED,0,926761,2026-08-07T04:38:36+02:00,2026-08-07T04:40:02+02:00,0,,,,,,default
20260807-043659_e1-finite-reference-seed-20260917,e1-finite-reference-seed-20260917,E1,C1,,configs/toy/finite_learning_reference.json,,SUCCEEDED,0,926762,2026-08-07T04:39:36+02:00,2026-08-07T04:40:32+02:00,0,,,,,,default
20260807-043700_e1-finite-reference-seed-20260918,e1-finite-reference-seed-20260918,E1,C1,,configs/toy/finite_learning_reference.json,,SUCCEEDED,0,926763,2026-08-07T04:38:06+02:00,2026-08-07T04:39:13+02:00,0,,,,,,default
20260807-043701_e1-finite-reference-seed-20260919,e1-finite-reference-seed-20260919,E1,C1,,configs/toy/finite_learning_reference.json,,SUCCEEDED,0,926764,2026-08-07T04:38:05+02:00,2026-08-07T04:38:41+02:00,0,,,,,,default
20260807-043702_e1-finite-reference-seed-20260920,e1-finite-reference-seed-20260920,E1,C1,,configs/toy/finite_learning_reference.json,,SUCCEEDED,0,926765,2026-08-07T04:38:35+02:00,2026-08-07T04:39:40+02:00,0,,,,,,default
20260807-044814_dataset-small-relocated,dataset-small-relocated,,,,,,SUCCEEDED,0,926770,2026-08-07T04:49:26+02:00,2026-08-07T04:49:26+02:00,0,,20260807-032855_dataset-small-relocated,,,,default
20260807-044845_cifar100-20epoch-linear-probe,cifar100-20epoch-linear-probe,E5,C3,cifar100,configs/ssl/cifar100_smoke.json,,SUCCEEDED,1,926772,2026-08-07T04:48:46+02:00,2026-08-07T04:50:47+02:00,0,,,,,,default
20260807-045049_cifar100-20epoch-knn,cifar100-20epoch-knn,E5,C3,cifar100,,,SUCCEEDED,1,926774,2026-08-07T04:50:51+02:00,2026-08-07T04:51:10+02:00,0,,,,,,default
20260807-045122_cifar100-20epoch-cifar100c,cifar100-20epoch-cifar100c,,,cifar100,,,SUCCEEDED,1,926775,2026-08-07T04:51:23+02:00,2026-08-07T04:53:47+02:00,0,,,,,,default
20260807-045357_summarize-cifar100-experiments,summarize-cifar100-experiments,,,,,,FAILED,0,926779,2026-08-07T04:54:05+02:00,2026-08-07T04:54:05+02:00,2,command exited with code 2,,20260807-052413_summarize-cifar100-experiments,SUCCEEDED,recovered by retry,default
20260807-045512_discover-existing-imagenet1k,discover-existing-imagenet1k,,,imagenet1k,,,SUCCEEDED,0,926781,2026-08-07T04:55:25+02:00,2026-08-07T04:55:35+02:00,0,,,,,,default
20260807-045618_verify-existing-imagenet1k,verify-existing-imagenet1k,,,imagenet1k,,,SUCCEEDED,0,926785,2026-08-07T04:56:25+02:00,2026-08-07T04:56:27+02:00,0,,,,,,default
20260807-045701_inspect-imagenet1k-layout,inspect-imagenet1k-layout,,,,,,SUCCEEDED,0,926786,2026-08-07T04:57:05+02:00,2026-08-07T04:57:15+02:00,0,,,,,,default
20260807-045837_link-existing-imagenet1k,link-existing-imagenet1k,,,imagenet1k,,,SUCCEEDED,0,926791,2026-08-07T04:58:45+02:00,2026-08-07T04:58:47+02:00,0,,,,,,default
20260807-045915_audit-remaining-experiment-blockers,audit-remaining-experiment-blockers,,,,,,SUCCEEDED,0,926792,2026-08-07T04:59:25+02:00,2026-08-07T04:59:46+02:00,0,,,,,,default
20260807-050915_validate-squeue-only-poll300,validate-squeue-only-poll300,,,,,,SUCCEEDED,0,926797,2026-08-07T05:09:26+02:00,2026-08-07T05:09:30+02:00,0,,,,,,default
20260807-050947_continue-cifar10-matched-evaluations,continue-cifar10-matched-evaluations,,,,,,STOPPED,0,926798,2026-08-07T05:10:05+02:00,2026-08-07T05:15:05+02:00,-15,received stop signal,20260807-043211_continue-cifar10-matched-evaluations,20260807-052124_continue-cifar10-matched-evaluations,FAILED,retry chain remains terminal,default
20260807-051603_validate-general-vision-lightning-integration,validate-general-vision-lightning-integration,,,,,,SUCCEEDED,0,926799,2026-08-07T05:16:06+02:00,2026-08-07T05:16:45+02:00,0,,,,,,default
20260807-052124_continue-cifar10-matched-evaluations,continue-cifar10-matched-evaluations,,,,,,FAILED,0,926800,2026-08-07T05:21:26+02:00,2026-08-07T05:31:41+02:00,3,command exited with code 3,20260807-050947_continue-cifar10-matched-evaluations,,,,default
20260807-052128_cifar10-paper-concat-20epoch-linear-probe,cifar10-paper-concat-20epoch-linear-probe,E5,C3,cifar10,configs/ssl/cifar10_paper_concat_smoke.json,,SUCCEEDED,1,926801,2026-08-07T05:21:59+02:00,2026-08-07T05:24:03+02:00,0,,,,,,default
20260807-052129_cifar10-gmean-matched-head-20epoch-linear-probe,cifar10-gmean-matched-head-20epoch-linear-probe,E5,C3,cifar10,configs/ssl/cifar10_paper_concat_smoke.json,,SUCCEEDED,1,926802,2026-08-07T05:21:32+02:00,2026-08-07T05:23:39+02:00,0,,,,,,default
20260807-052130_cifar10-raw-first-matched-head-20epoch-linear-probe,cifar10-raw-first-matched-head-20epoch-linear-probe,E5,C3,cifar10,configs/ssl/cifar10_paper_concat_smoke.json,,SUCCEEDED,1,926803,2026-08-07T05:21:32+02:00,2026-08-07T05:23:32+02:00,0,,,,,,default
20260807-052148_validate-latest-vision-cli,validate-latest-vision-cli,,,,,,SUCCEEDED,0,926804,2026-08-07T05:22:36+02:00,2026-08-07T05:22:55+02:00,0,,,,,,default
20260807-052154_validate-latest-vision-cli,validate-latest-vision-cli,,,,,,SUCCEEDED,0,926805,2026-08-07T05:22:05+02:00,2026-08-07T05:22:23+02:00,0,,,,,,default
20260807-052202_imagenet1k-lightning-32step-smoke,imagenet1k-lightning-32step-smoke,,,imagenet1k,configs/ssl/imagenet1k_smoke.json,,SUCCEEDED,1,926806,2026-08-07T05:22:03+02:00,2026-08-07T05:32:08+02:00,0,,,,,,imagenet
20260807-052241_prepare-imagenet100-wnid-list,prepare-imagenet100-wnid-list,,,,,,SUCCEEDED,0,926807,2026-08-07T05:22:45+02:00,2026-08-07T05:22:48+02:00,0,,,,,,default
20260807-052344_continue-imagenet1k-smoke,continue-imagenet1k-smoke,,,,,,SUCCEEDED,0,926808,2026-08-07T05:23:45+02:00,2026-08-07T05:43:52+02:00,0,,,,,,default
20260807-052413_summarize-cifar100-experiments,summarize-cifar100-experiments,,,,,,SUCCEEDED,0,926809,2026-08-07T05:24:25+02:00,2026-08-07T05:24:26+02:00,0,,20260807-045357_summarize-cifar100-experiments,,,,default
20260807-052634_cifar10-paper-concat-20epoch-knn,cifar10-paper-concat-20epoch-knn,E5,C3,cifar10,,,SUCCEEDED,1,926811,2026-08-07T05:27:05+02:00,2026-08-07T05:27:22+02:00,0,,,,,,default
20260807-052635_cifar10-gmean-matched-head-20epoch-knn,cifar10-gmean-matched-head-20epoch-knn,E5,C3,cifar10,,,SUCCEEDED,1,926812,2026-08-07T05:26:38+02:00,2026-08-07T05:26:56+02:00,0,,,,,,default
20260807-052636_cifar10-raw-first-matched-head-20epoch-knn,cifar10-raw-first-matched-head-20epoch-knn,E5,C3,cifar10,,,SUCCEEDED,1,926813,2026-08-07T05:26:38+02:00,2026-08-07T05:26:56+02:00,0,,,,,,default
20260807-052749_validate-lightning-baseline-implementations,validate-lightning-baseline-implementations,,,,,,SUCCEEDED,0,926814,2026-08-07T05:28:05+02:00,2026-08-07T05:28:24+02:00,0,,,,,,default
20260807-052829_launch-next-vision-smoke-wave,launch-next-vision-smoke-wave,,,,,,SUCCEEDED,0,926815,2026-08-07T05:28:46+02:00,2026-08-07T05:39:05+02:00,0,,,,,,default
20260807-052850_imagenet100-lightning-32step-smoke,imagenet100-lightning-32step-smoke,,,imagenet100,configs/ssl/imagenet100_smoke.json,,SUCCEEDED,1,926816,2026-08-07T05:29:22+02:00,2026-08-07T05:30:49+02:00,0,,,,,,imagenet
20260807-052855_stl10-lightning-5epoch-smoke,stl10-lightning-5epoch-smoke,,,stl10,configs/ssl/stl10_smoke.json,,SUCCEEDED,1,926817,2026-08-07T05:28:56+02:00,2026-08-07T06:11:52+02:00,0,,,,,,default
20260807-052900_tinyimagenet200-lightning-5epoch-smoke,tinyimagenet200-lightning-5epoch-smoke,,,tinyimagenet200,configs/ssl/tinyimagenet200_smoke.json,,SUCCEEDED,1,926818,2026-08-07T05:29:32+02:00,2026-08-07T05:50:11+02:00,0,,,,,,default
20260807-052911_inspect-factor-dataset-layouts,inspect-factor-dataset-layouts,E7,"C4,C5",,,,FAILED,0,926819,2026-08-07T05:29:25+02:00,2026-08-07T05:29:33+02:00,1,command exited with code 1,,,,,default
20260807-053033_e8-markov-exact-direct-vs-composed,e8-markov-exact-direct-vs-composed,E8,C6,,,,FAILED,0,926820,2026-08-07T05:30:45+02:00,2026-08-07T05:30:51+02:00,1,command exited with code 1,,,,,default
20260807-053140_cifar10-paper-concat-20epoch-cifar10c,cifar10-paper-concat-20epoch-cifar10c,,,cifar10,,,SUCCEEDED,1,926821,2026-08-07T05:31:41+02:00,2026-08-07T05:34:07+02:00,0,,,,,,default
20260807-053302_inspect-factor-layouts-header-only,inspect-factor-layouts-header-only,E7,"C4,C5",,,,FAILED,0,926822,2026-08-07T05:33:05+02:00,2026-08-07T05:33:05+02:00,127,runner could not start command: FileNotFoundError: [Errno 2] No such file or directory: '/home/infres/yinwang/FMCA-AV/.venv/bin/python',,,,,default
20260807-053303_e8-markov-exact-direct-vs-composed-retry,e8-markov-exact-direct-vs-composed-retry,E8,C6,,,,FAILED,0,926823,2026-08-07T05:33:06+02:00,2026-08-07T05:33:09+02:00,127,command exited with code 127,,,,,default
20260807-053311_inspect-factor-layouts-header-only-retry,inspect-factor-layouts-header-only-retry,E7,"C4,C5",,,,FAILED,0,926824,2026-08-07T05:33:25+02:00,2026-08-07T05:33:28+02:00,127,command exited with code 127,,,,,default
20260807-053349_imagenet1k-32step-smoke-linear-probe,imagenet1k-32step-smoke-linear-probe,E5,C3,imagenet1k,configs/ssl/imagenet1k_smoke.json,,SUCCEEDED,1,926825,2026-08-07T05:33:50+02:00,2026-08-07T05:36:49+02:00,0,,,,,,imagenet
20260807-053356_inspect-factor-layouts-header-only-v2,inspect-factor-layouts-header-only-v2,E7,"C4,C5",,,,SUCCEEDED,0,926826,2026-08-07T05:34:05+02:00,2026-08-07T05:34:09+02:00,0,,,,,,default
20260807-053357_e8-markov-exact-direct-vs-composed-v2,e8-markov-exact-direct-vs-composed-v2,E8,C6,,,,SUCCEEDED,0,926827,2026-08-07T05:34:06+02:00,2026-08-07T05:34:13+02:00,0,,,,,,default
20260807-053516_e8-markov-ou-doublewell-direct-vs-composed,e8-markov-ou-doublewell-direct-vs-composed,E8,C6,,,,SUCCEEDED,0,926828,2026-08-07T05:35:26+02:00,2026-08-07T05:37:11+02:00,0,,,,,,default
20260807-053702_prepare-factor-memmaps,prepare-factor-memmaps,E7,"C4,C5",,,,SUCCEEDED,0,926829,2026-08-07T05:37:06+02:00,2026-08-07T05:59:24+02:00,0,,,,,,default
20260807-053851_imagenet1k-32step-smoke-knn10k,imagenet1k-32step-smoke-knn10k,E5,C3,imagenet1k,,,SUCCEEDED,1,926831,2026-08-07T05:38:52+02:00,2026-08-07T05:42:44+02:00,0,,,,,,imagenet
20260807-053905_cifar10-simclr-5epoch-screening,cifar10-simclr-5epoch-screening,,,cifar10,configs/ssl/cifar10_baseline_smoke.json,,SUCCEEDED,1,926832,2026-08-07T05:39:06+02:00,2026-08-07T05:42:16+02:00,0,,,,,,default
20260807-054148_continue-cifar10-remaining-corruptions,continue-cifar10-remaining-corruptions,,,,,,SUCCEEDED,0,926834,2026-08-07T05:42:06+02:00,2026-08-07T05:57:40+02:00,0,,,,,,default
20260807-054148_launch-factor-smoke-wave,launch-factor-smoke-wave,E7,"C4,C5",,,,FAILED,0,926835,2026-08-07T05:42:36+02:00,2026-08-07T06:17:44+02:00,1,command exited with code 1,,,,,default
20260807-054317_validate-expanded-lightning-baselines,validate-expanded-lightning-baselines,,,,,,SUCCEEDED,0,926836,2026-08-07T05:43:26+02:00,2026-08-07T05:43:42+02:00,0,,,,,,default
20260807-054352_summarize-imagenet1k-smoke,summarize-imagenet1k-smoke,,,,,,SUCCEEDED,0,926837,2026-08-07T05:44:06+02:00,2026-08-07T05:44:06+02:00,0,,,,,,default
20260807-054529_launch-transfer-eval-wave,launch-transfer-eval-wave,E6,C3,,,,SUCCEEDED,0,926838,2026-08-07T05:45:46+02:00,2026-08-07T05:50:47+02:00,0,,,,,,default
20260807-054707_cifar10-gmean-matched-head-20epoch-cifar10c,cifar10-gmean-matched-head-20epoch-cifar10c,,,cifar10,,,SUCCEEDED,1,926839,2026-08-07T05:47:09+02:00,2026-08-07T05:49:35+02:00,0,,,,,,default
20260807-054708_cifar10-raw-first-matched-head-20epoch-cifar10c,cifar10-raw-first-matched-head-20epoch-cifar10c,,,cifar10,,,SUCCEEDED,1,926840,2026-08-07T05:47:39+02:00,2026-08-07T05:49:58+02:00,0,,,,,,default
20260807-054808_launch-cifar10-baseline-screening-wave,launch-cifar10-baseline-screening-wave,,,,,,STOPPED,0,926841,2026-08-07T05:48:26+02:00,2026-08-07T06:03:06+02:00,,stopped by operator,,,,,default
20260807-054937_validate-factor-transfer-localization-syntax,validate-factor-transfer-localization-syntax,E6,C3,,,,SUCCEEDED,0,926842,2026-08-07T05:49:46+02:00,2026-08-07T05:49:48+02:00,0,,,,,,default
20260807-055001_launch-localization-wave,launch-localization-wave,E9,C7,,,,FAILED,0,926843,2026-08-07T05:50:06+02:00,2026-08-07T06:15:14+02:00,127,command exited with code 127,,,,,default
20260807-055047_imagenet1k-32step-voc2007-multilabel-smoke,imagenet1k-32step-voc2007-multilabel-smoke,,,imagenet1k,,,SUCCEEDED,1,926844,2026-08-07T05:50:48+02:00,2026-08-07T05:51:20+02:00,0,,,,,,imagenet
20260807-055116_validate-cifar-augmentation-severity,validate-cifar-augmentation-severity,,,,,,SUCCEEDED,0,926845,2026-08-07T05:51:26+02:00,2026-08-07T05:51:33+02:00,0,,,,,,default
20260807-055125_launch-cifar10-tsd-full-severity-sweep,launch-cifar10-tsd-full-severity-sweep,E7,"C4,C5",,,,STOPPED,0,926846,2026-08-07T05:51:56+02:00,2026-08-07T06:03:27+02:00,,stopped by operator,,,,,default
20260807-055302_launch-imagenet-robustness-wave,launch-imagenet-robustness-wave,E6,C3,,,,FAILED,0,926847,2026-08-07T05:53:03+02:00,2026-08-07T06:53:14+02:00,1,command exited with code 1,,,,,default
20260807-055326_cifar10-barlow_twins-5epoch-screening,cifar10-barlow_twins-5epoch-screening,,,cifar10,configs/ssl/cifar10_baseline_smoke.json,,SUCCEEDED,1,926848,2026-08-07T05:53:57+02:00,2026-08-07T05:57:19+02:00,0,,,,,,default
20260807-055327_cifar10-spectral_contrastive-5epoch-screening,cifar10-spectral_contrastive-5epoch-screening,,,cifar10,configs/ssl/cifar10_baseline_smoke.json,,SUCCEEDED,1,926850,2026-08-07T05:53:29+02:00,2026-08-07T05:56:42+02:00,0,,,,,,default
20260807-055327_cifar10-vicreg-5epoch-screening,cifar10-vicreg-5epoch-screening,,,cifar10,configs/ssl/cifar10_baseline_smoke.json,,SUCCEEDED,1,926849,2026-08-07T05:53:59+02:00,2026-08-07T05:57:11+02:00,0,,,,,,default
20260807-055339_validate-convnext-vit-small-architectures,validate-convnext-vit-small-architectures,,,,,,SUCCEEDED,0,926851,2026-08-07T05:51:54+02:00,2026-08-07T05:52:03+02:00,0,,,,,,default
20260807-055409_launch-architecture-smoke-wave,launch-architecture-smoke-wave,E4,"C2,C3",,,,SUCCEEDED,0,926852,2026-08-07T05:52:23+02:00,2026-08-07T06:07:29+02:00,0,,,,,,default
20260807-055517_launch-low-label-probe-wave,launch-low-label-probe-wave,E6,C3,,,,FAILED,0,926853,2026-08-07T05:53:32+02:00,2026-08-07T10:54:25+02:00,2,command exited with code 2,,,,,default
20260807-055725_cifar100-convnext_tiny-32step-smoke,cifar100-convnext_tiny-32step-smoke,,,cifar100,configs/ssl/cifar100_smoke.json,,FAILED,1,926859,2026-08-07T05:59:12+02:00,2026-08-07T05:59:42+02:00,1,command exited with code 1,,20260807-061137_cifar100-convnext_tiny-32step-smoke,SUCCEEDED,recovered by retry,default
20260807-055740_summarize-matched-cifar10-experiments-final,summarize-matched-cifar10-experiments-final,,,,,,SUCCEEDED,0,926854,2026-08-07T05:55:55+02:00,2026-08-07T05:55:56+02:00,0,,,,,,default
20260807-055829_cifar10-fastsiam-5epoch-screening,cifar10-fastsiam-5epoch-screening,,,cifar10,configs/ssl/cifar10_baseline_smoke.json,,SUCCEEDED,1,926855,2026-08-07T05:58:30+02:00,2026-08-07T06:01:51+02:00,0,,,,,,default
20260807-055830_cifar10-byol-5epoch-screening,cifar10-byol-5epoch-screening,,,cifar10,configs/ssl/cifar10_baseline_smoke.json,,SUCCEEDED,1,926856,2026-08-07T05:59:02+02:00,2026-08-07T06:03:38+02:00,0,,,,,,default
20260807-055830_cifar10-moco_v2-5epoch-screening,cifar10-moco_v2-5epoch-screening,,,cifar10,configs/ssl/cifar10_baseline_smoke.json,,FAILED,1,926857,2026-08-07T05:58:32+02:00,2026-08-07T05:58:43+02:00,1,command exited with code 1,,20260807-060309_cifar10-moco_v2-5epoch-screening,SUCCEEDED,recovered by retry,default
20260807-055835_launch-ddp-scaling-wave-after-tsd,launch-ddp-scaling-wave-after-tsd,E7,"C4,C5",,,,STOPPED,0,926858,2026-08-07T05:56:49+02:00,2026-08-07T06:03:28+02:00,,stopped by operator,,,,,default
20260807-055936_e0-e1-exact-discrete-channel-suite,e0-e1-exact-discrete-channel-suite,E0,C1,,,,SUCCEEDED,0,926860,2026-08-07T05:57:50+02:00,2026-08-07T05:57:55+02:00,0,,,,,,default
20260807-060008_imagenet1k-32step-cub-dependence-localization,imagenet1k-32step-cub-dependence-localization,E9,C7,imagenet1k,,,SUCCEEDED,1,926861,2026-08-07T06:00:09+02:00,2026-08-07T06:00:20+02:00,0,,,,,,imagenet
20260807-060016_launch-cross-dataset-baseline-wave,launch-cross-dataset-baseline-wave,,,,,,STOPPED,0,926862,2026-08-07T05:58:30+02:00,2026-08-07T06:03:27+02:00,,stopped by operator,,,,,default
20260807-060034_validate-moco-dino-backward,validate-moco-dino-backward,,,,,,SUCCEEDED,0,926863,2026-08-07T05:58:48+02:00,2026-08-07T05:58:59+02:00,0,,,,,,default
20260807-060226_cifar100-vit_s_16-32step-smoke,cifar100-vit_s_16-32step-smoke,,,cifar100,configs/ssl/cifar100_smoke.json,,FAILED,1,926868,2026-08-07T06:04:14+02:00,2026-08-07T06:04:36+02:00,1,command exited with code 1,,20260807-061136_cifar100-vit_s_16-32step-smoke,SUCCEEDED,recovered by retry,default
20260807-060227_imagenet100-convnext_tiny-32step-smoke,imagenet100-convnext_tiny-32step-smoke,,,imagenet100,configs/ssl/imagenet100_smoke.json,,SUCCEEDED,1,926869,2026-08-07T06:04:14+02:00,2026-08-07T06:05:58+02:00,0,,,,,,imagenet
20260807-060239_validate-factor-lightning-data,validate-factor-lightning-data,E7,"C4,C5",,,,SUCCEEDED,0,926864,2026-08-07T06:00:54+02:00,2026-08-07T06:02:50+02:00,0,,,,,,default
20260807-060307_cifar100-convnext_tiny-32step-smoke,cifar100-convnext_tiny-32step-smoke,,,cifar100,configs/ssl/cifar100_smoke.json,,FAILED,1,926865,2026-08-07T06:03:38+02:00,2026-08-07T06:04:08+02:00,1,command exited with code 1,20260807-055725_cifar100-convnext_tiny-32step-smoke,20260807-061137_cifar100-convnext_tiny-32step-smoke,SUCCEEDED,recovered by retry,default
20260807-060309_cifar10-moco_v2-5epoch-screening,cifar10-moco_v2-5epoch-screening,,,cifar10,configs/ssl/cifar10_baseline_smoke.json,,SUCCEEDED,1,926866,2026-08-07T06:03:10+02:00,2026-08-07T06:05:21+02:00,0,,20260807-055830_cifar10-moco_v2-5epoch-screening,,,,default
20260807-060401_continue-cifar10-baseline-screening-fixed,continue-cifar10-baseline-screening-fixed,,,,,,SUCCEEDED,0,926867,2026-08-07T06:02:15+02:00,2026-08-07T06:52:35+02:00,0,,,,,,default
20260807-060445_launch-cifar10-tsd-full-severity-sweep-fixed,launch-cifar10-tsd-full-severity-sweep-fixed,E7,"C4,C5",,,,FAILED,0,926870,2026-08-07T06:02:59+02:00,2026-08-07T07:18:17+02:00,1,command exited with code 1,,,,,default
20260807-060445_launch-cross-dataset-baseline-wave-fixed,launch-cross-dataset-baseline-wave-fixed,,,,,,RUNNING,0,926871,2026-08-07T06:03:29+02:00,,,,,,,,default
20260807-060510_imagenet1k-32step-voc-dependence-localization,imagenet1k-32step-voc-dependence-localization,E9,C7,imagenet1k,,,SUCCEEDED,1,926872,2026-08-07T06:05:11+02:00,2026-08-07T06:05:21+02:00,0,,,,,,imagenet
20260807-060532_launch-ddp-scaling-wave-fixed,launch-ddp-scaling-wave-fixed,E10,C3,,,,FAILED,0,926873,2026-08-07T06:03:46+02:00,2026-08-07T07:19:30+02:00,1,command exited with code 1,,,,,default
20260807-060716_cifar10-dino-5epoch-screening,cifar10-dino-5epoch-screening,,,cifar10,configs/ssl/cifar10_baseline_smoke.json,,SUCCEEDED,1,926878,2026-08-07T06:09:03+02:00,2026-08-07T06:13:13+02:00,0,,,,,,default
20260807-060729_imagenet100-vit_s_16-32step-smoke,imagenet100-vit_s_16-32step-smoke,,,imagenet100,configs/ssl/imagenet100_smoke.json,,SUCCEEDED,1,926879,2026-08-07T06:09:17+02:00,2026-08-07T06:10:49+02:00,0,,,,,,imagenet
20260807-060740_dsprites-lightning-32step-smoke,dsprites-lightning-32step-smoke,,,dsprites,configs/ssl/dsprites_smoke.json,,FAILED,1,926874,2026-08-07T06:08:11+02:00,2026-08-07T06:08:39+02:00,1,command exited with code 1,,20260807-061652_dsprites-lightning-32step-smoke,SUCCEEDED,recovered by retry,default
20260807-060741_shapes3d-lightning-32step-smoke,shapes3d-lightning-32step-smoke,,,shapes3d,configs/ssl/shapes3d_smoke.json,,SUCCEEDED,1,926875,2026-08-07T06:08:14+02:00,2026-08-07T06:37:29+02:00,0,,,,,,default
20260807-060741_smallnorb-lightning-32step-smoke,smallnorb-lightning-32step-smoke,,,smallnorb,configs/ssl/smallnorb_smoke.json,,FAILED,1,926876,2026-08-07T06:07:44+02:00,2026-08-07T06:08:15+02:00,1,command exited with code 1,,20260807-061654_smallnorb-lightning-32step-smoke,SUCCEEDED,recovered by retry,default
20260807-060817_retry-failed-architecture-smokes-fixed,retry-failed-architecture-smokes-fixed,E4,"C2,C3",,,,SUCCEEDED,0,926877,2026-08-07T06:06:35+02:00,2026-08-07T06:16:38+02:00,0,,,,,,default
20260807-061026_e3-full-exact-numerical-ablation,e3-full-exact-numerical-ablation,E3,"C1,C2",,,,FAILED,0,926880,2026-08-07T06:08:40+02:00,2026-08-07T06:08:43+02:00,1,command exited with code 1,,,,,default
20260807-061047_e3-full-exact-numerical-ablation,e3-full-exact-numerical-ablation,E3,"C1,C2",,,,SUCCEEDED,0,926881,2026-08-07T06:09:01+02:00,2026-08-07T06:09:06+02:00,0,,,,,,default
20260807-061129_e2-frozen-gradient-variance-full,e2-frozen-gradient-variance-full,E2,C2,,,,SUCCEEDED,0,926883,2026-08-07T06:09:43+02:00,2026-08-07T06:09:56+02:00,0,,,,,,default
20260807-061136_cifar100-vit_s_16-32step-smoke,cifar100-vit_s_16-32step-smoke,,,cifar100,configs/ssl/cifar100_smoke.json,,SUCCEEDED,1,926885,2026-08-07T06:13:53+02:00,2026-08-07T06:15:07+02:00,0,,20260807-060226_cifar100-vit_s_16-32step-smoke,,,,default
20260807-061137_cifar100-convnext_tiny-32step-smoke,cifar100-convnext_tiny-32step-smoke,,,cifar100,configs/ssl/cifar100_smoke.json,,SUCCEEDED,1,926886,2026-08-07T06:13:25+02:00,2026-08-07T06:14:50+02:00,0,,20260807-060307_cifar100-convnext_tiny-32step-smoke,,,,default
20260807-061243_mpi3d_toy-lightning-32step-smoke,mpi3d_toy-lightning-32step-smoke,,,mpi3d,configs/ssl/mpi3d_toy_smoke.json,,SUCCEEDED,1,926884,2026-08-07T06:12:44+02:00,2026-08-07T06:14:05+02:00,0,,,,,,default
20260807-061336_cifar10-gmean-lowlabel-0p01,cifar10-gmean-lowlabel-0p01,E6,C3,cifar10,configs/ssl/cifar10_paper_concat_smoke.json,,SUCCEEDED,1,926890,2026-08-07T06:15:53+02:00,2026-08-07T06:16:19+02:00,0,,,,,,default
20260807-061336_continue-factor-wave-fixed,continue-factor-wave-fixed,E7,"C4,C5",,,,SUCCEEDED,0,926887,2026-08-07T06:11:50+02:00,2026-08-07T06:37:03+02:00,0,,,,,,default
20260807-061337_cifar100-lowlabel-0p01,cifar100-lowlabel-0p01,E6,C3,cifar100,configs/ssl/cifar100_smoke.json,,SUCCEEDED,1,926891,2026-08-07T06:15:25+02:00,2026-08-07T06:15:52+02:00,0,,,,,,default
20260807-061431_e1-nonlinear-toy-full-suite,e1-nonlinear-toy-full-suite,E1,C1,,,,SUCCEEDED,0,926888,2026-08-07T06:12:46+02:00,2026-08-07T06:12:52+02:00,0,,,,,,default
20260807-061514_imagenet1k-32step-imagenet-dependence-localization,imagenet1k-32step-imagenet-dependence-localization,E9,C7,imagenet1k,,,SUCCEEDED,1,926889,2026-08-07T06:15:15+02:00,2026-08-07T06:15:26+02:00,0,,,,,,imagenet
20260807-061624_launch-low-label-finetune-wave,launch-low-label-finetune-wave,E6,C3,,,,SUCCEEDED,0,926893,2026-08-07T06:14:38+02:00,2026-08-07T06:39:50+02:00,0,,,,,,default
20260807-061652_dsprites-lightning-32step-smoke,dsprites-lightning-32step-smoke,,,dsprites,configs/ssl/dsprites_smoke.json,,SUCCEEDED,1,926895,2026-08-07T06:19:10+02:00,2026-08-07T06:19:56+02:00,0,,20260807-060740_dsprites-lightning-32step-smoke,,,,default
20260807-061654_smallnorb-lightning-32step-smoke,smallnorb-lightning-32step-smoke,,,smallnorb,configs/ssl/smallnorb_smoke.json,,SUCCEEDED,1,926896,2026-08-07T06:18:42+02:00,2026-08-07T06:19:33+02:00,0,,20260807-060741_smallnorb-lightning-32step-smoke,,,,default
20260807-061719_cifar10-simclr-5epoch-linear-probe,cifar10-simclr-5epoch-linear-probe,E5,C3,cifar10,configs/ssl/cifar10_baseline_smoke.json,,SUCCEEDED,1,926898,2026-08-07T06:19:06+02:00,2026-08-07T06:21:05+02:00,0,,,,,,default
20260807-061807_imagenet1k-randomized-cub-localization-sanity,imagenet1k-randomized-cub-localization-sanity,E9,C7,imagenet1k,,,SUCCEEDED,1,926894,2026-08-07T06:18:09+02:00,2026-08-07T06:18:20+02:00,0,,,,,,imagenet
20260807-061838_imagenet100-lowlabel-0p01-smoke,imagenet100-lowlabel-0p01-smoke,E6,C3,imagenet100,configs/ssl/imagenet100_smoke.json,,SUCCEEDED,1,926900,2026-08-07T06:20:56+02:00,2026-08-07T06:21:55+02:00,0,,,,,,imagenet
20260807-061839_cifar10-gmean-lowlabel-0p1,cifar10-gmean-lowlabel-0p1,E6,C3,cifar10,configs/ssl/cifar10_paper_concat_smoke.json,,SUCCEEDED,1,926901,2026-08-07T06:20:56+02:00,2026-08-07T06:21:30+02:00,0,,,,,,default
20260807-061851_e8-markov-full-boundary-sweep,e8-markov-full-boundary-sweep,E8,C6,,,,SUCCEEDED,0,926897,2026-08-07T06:17:06+02:00,2026-08-07T06:21:20+02:00,0,,,,,,default
20260807-061939_cifar10-gmean-finetune-0p01,cifar10-gmean-finetune-0p01,,,cifar10,configs/ssl/cifar10_paper_concat_smoke.json,,SUCCEEDED,1,926903,2026-08-07T06:21:27+02:00,2026-08-07T06:22:01+02:00,0,,,,,,default
20260807-062013_launch-operator-baseline-wave,launch-operator-baseline-wave,E4,"C2,C3",,,,SUCCEEDED,0,926899,2026-08-07T06:18:27+02:00,2026-08-07T13:44:51+02:00,0,,,,,,default
20260807-062122_launch-imagenet1k-reference-wave,launch-imagenet1k-reference-wave,,,,,,FAILED,0,926902,2026-08-07T06:19:36+02:00,2026-08-07T07:19:48+02:00,1,command exited with code 1,,,,,default
20260807-062221_cifar10-barlow_twins-5epoch-linear-probe,cifar10-barlow_twins-5epoch-linear-probe,E5,C3,cifar10,configs/ssl/cifar10_baseline_smoke.json,,SUCCEEDED,1,926905,2026-08-07T06:24:08+02:00,2026-08-07T06:26:14+02:00,0,,,,,,default
20260807-062221_cifar10-vicreg-5epoch-linear-probe,cifar10-vicreg-5epoch-linear-probe,E5,C3,cifar10,configs/ssl/cifar10_baseline_smoke.json,,SUCCEEDED,1,926906,2026-08-07T06:24:10+02:00,2026-08-07T06:26:15+02:00,0,,,,,,default
20260807-062222_cifar10-spectral_contrastive-5epoch-linear-probe,cifar10-spectral_contrastive-5epoch-linear-probe,E5,C3,cifar10,configs/ssl/cifar10_baseline_smoke.json,,SUCCEEDED,1,926907,2026-08-07T06:24:10+02:00,2026-08-07T06:26:09+02:00,0,,,,,,default
20260807-062346_launch-e4-aggregation-ablation-wave,launch-e4-aggregation-ablation-wave,E4,"C2,C3",,,,SUCCEEDED,0,926904,2026-08-07T06:22:00+02:00,2026-08-07T12:44:12+02:00,0,,,,,,default
20260807-062417_launch-e3-cifar-numerics-wave,launch-e3-cifar-numerics-wave,E3,"C1,C2",,,,FAILED,0,926908,2026-08-07T06:22:31+02:00,2026-08-07T07:18:07+02:00,1,command exited with code 1,,,,,default
20260807-062441_cifar100-finetune-0p01,cifar100-finetune-0p01,,,cifar100,configs/ssl/cifar100_smoke.json,,SUCCEEDED,1,926911,2026-08-07T06:26:59+02:00,2026-08-07T06:27:33+02:00,0,,,,,,default
20260807-062442_imagenet100-finetune-0p01-smoke,imagenet100-finetune-0p01-smoke,,,imagenet100,configs/ssl/imagenet100_smoke.json,,SUCCEEDED,1,926912,2026-08-07T06:26:32+02:00,2026-08-07T06:27:35+02:00,0,,,,,,imagenet
20260807-062443_cifar10-gmean-finetune-0p1,cifar10-gmean-finetune-0p1,,,cifar10,configs/ssl/cifar10_paper_concat_smoke.json,,SUCCEEDED,1,926913,2026-08-07T06:26:32+02:00,2026-08-07T06:27:39+02:00,0,,,,,,default
20260807-062504_e1-gaussian-operator-full-suite,e1-gaussian-operator-full-suite,E1,C1,,,,SUCCEEDED,0,926909,2026-08-07T06:23:18+02:00,2026-08-07T06:23:43+02:00,0,,,,,,default
20260807-062549_e7-heldout-tsd-calibration-full,e7-heldout-tsd-calibration-full,E7,"C4,C5",,,,SUCCEEDED,0,926910,2026-08-07T06:24:03+02:00,2026-08-07T06:24:15+02:00,0,,,,,,default
20260807-062701_e4-cifar10-first-m2-seed1,e4-cifar10-first-m2-seed1,E4,"C2,C3",cifar10,configs/ssl/cifar10_smoke.json,,SUCCEEDED,1,926917,2026-08-07T06:29:19+02:00,2026-08-07T06:33:13+02:00,0,,,,,,default
20260807-062702_e4-cifar10-first-m2-seed2,e4-cifar10-first-m2-seed2,E4,"C2,C3",cifar10,configs/ssl/cifar10_smoke.json,,SUCCEEDED,1,926918,2026-08-07T06:28:51+02:00,2026-08-07T06:32:50+02:00,0,,,,,,default
20260807-062703_e4-cifar10-first-m2-seed3,e4-cifar10-first-m2-seed3,E4,"C2,C3",cifar10,configs/ssl/cifar10_smoke.json,,SUCCEEDED,1,926919,2026-08-07T06:29:21+02:00,2026-08-07T06:33:10+02:00,0,,,,,,default
20260807-062744_launch-baseline-localization-wave,launch-baseline-localization-wave,E9,C7,,,,RUNNING,0,926915,2026-08-07T06:25:59+02:00,,,,,,,,default
20260807-062817_e7-heldout-tsd-calibration-k4-diagnostic,e7-heldout-tsd-calibration-k4-diagnostic,E7,"C4,C5",,,,SUCCEEDED,0,926916,2026-08-07T06:26:31+02:00,2026-08-07T06:26:41+02:00,0,,,,,,default
20260807-063008_launch-e7-factor-channel-wave,launch-e7-factor-channel-wave,E7,"C4,C5",,,,RUNNING,0,926920,2026-08-07T06:28:22+02:00,,,,,,,,default
20260807-063206_e4-cifar10-mean-m2-seed1,e4-cifar10-mean-m2-seed1,E4,"C2,C3",cifar10,configs/ssl/cifar10_smoke.json,,SUCCEEDED,1,926922,2026-08-07T06:33:53+02:00,2026-08-07T06:37:49+02:00,0,,,,,,default
20260807-063206_e4-cifar10-mean-m2-seed2,e4-cifar10-mean-m2-seed2,E4,"C2,C3",cifar10,configs/ssl/cifar10_smoke.json,,SUCCEEDED,1,926923,2026-08-07T06:33:55+02:00,2026-08-07T06:37:51+02:00,0,,,,,,default
20260807-063226_cifar10-fastsiam-5epoch-linear-probe,cifar10-fastsiam-5epoch-linear-probe,E5,C3,cifar10,configs/ssl/cifar10_baseline_smoke.json,,SUCCEEDED,1,926925,2026-08-07T06:34:14+02:00,2026-08-07T06:36:11+02:00,0,,,,,,default
20260807-063237_launch-coco-transfer-wave,launch-coco-transfer-wave,E6,C3,,,,SUCCEEDED,0,926921,2026-08-07T06:30:52+02:00,2026-08-07T06:40:55+02:00,0,,,,,,default
20260807-063408_launch-e10-complexity-benchmark,launch-e10-complexity-benchmark,E10,C3,,,,SUCCEEDED,0,926924,2026-08-07T06:32:22+02:00,2026-08-07T06:42:25+02:00,0,,,,,,default
20260807-063447_cifar100-finetune-0p1,cifar100-finetune-0p1,,,cifar100,configs/ssl/cifar100_smoke.json,,SUCCEEDED,1,926926,2026-08-07T06:37:04+02:00,2026-08-07T06:38:09+02:00,0,,,,,,default
20260807-063552_coco2017-fmca-detection-32step-smoke,coco2017-fmca-detection-32step-smoke,E6,C3,coco,configs/ssl/imagenet1k_smoke.json,,FAILED,1,926928,2026-08-07T06:37:40+02:00,2026-08-07T06:38:25+02:00,1,command exited with code 1,,,,,imagenet
20260807-063700_dsprites-spectral-factor-probe-smoke,dsprites-spectral-factor-probe-smoke,E7,"C4,C5",dsprites,,,SUCCEEDED,1,926931,2026-08-07T06:39:17+02:00,2026-08-07T06:39:34+02:00,0,,,,,,default
20260807-063701_shapes3d-spectral-factor-probe-smoke,shapes3d-spectral-factor-probe-smoke,E7,"C4,C5",shapes3d,,,SUCCEEDED,1,926932,2026-08-07T06:39:19+02:00,2026-08-07T06:50:51+02:00,0,,,,,,default
20260807-063702_smallnorb-spectral-factor-probe-smoke,smallnorb-spectral-factor-probe-smoke,E7,"C4,C5",smallnorb,,,SUCCEEDED,1,926933,2026-08-07T06:39:19+02:00,2026-08-07T06:39:36+02:00,0,,,,,,default
20260807-063703_mpi3d_toy-spectral-factor-probe-smoke,mpi3d_toy-spectral-factor-probe-smoke,E7,"C4,C5",mpi3d,,,SUCCEEDED,1,926934,2026-08-07T06:38:52+02:00,2026-08-07T06:39:55+02:00,0,,,,,,default
20260807-063825_e7-dsprites-crop-32step,e7-dsprites-crop-32step,E7,"C4,C5",dsprites,configs/ssl/dsprites_smoke.json,,SUCCEEDED,1,926935,2026-08-07T06:40:43+02:00,2026-08-07T06:41:29+02:00,0,,,,,,default
20260807-063826_e7-dsprites-color-32step,e7-dsprites-color-32step,E7,"C4,C5",dsprites,configs/ssl/dsprites_smoke.json,,SUCCEEDED,1,926936,2026-08-07T06:40:43+02:00,2026-08-07T06:41:29+02:00,0,,,,,,default
20260807-063827_e7-dsprites-rotation-32step,e7-dsprites-rotation-32step,E7,"C4,C5",dsprites,configs/ssl/dsprites_smoke.json,,SUCCEEDED,1,926937,2026-08-07T06:40:44+02:00,2026-08-07T06:41:29+02:00,0,,,,,,default
20260807-063949_imagenet100-finetune-0p1-smoke,imagenet100-finetune-0p1-smoke,,,imagenet100,configs/ssl/imagenet100_smoke.json,,SUCCEEDED,1,926939,2026-08-07T06:41:37+02:00,2026-08-07T06:43:13+02:00,0,,,,,,imagenet
20260807-064055_coco2017-fmca-maskrcnn-16step-smoke,coco2017-fmca-maskrcnn-16step-smoke,,,coco,configs/ssl/imagenet1k_smoke.json,,FAILED,1,926940,2026-08-07T06:42:42+02:00,2026-08-07T06:43:26+02:00,1,command exited with code 1,,,,,imagenet
20260807-064102_continue-coco-detection-fixed,continue-coco-detection-fixed,E6,C3,,,,SUCCEEDED,0,926938,2026-08-07T06:39:16+02:00,2026-08-07T06:49:19+02:00,0,,,,,,default
20260807-064225_e10-gpu-complexity-full,e10-gpu-complexity-full,E10,C3,,,,SUCCEEDED,1,926941,2026-08-07T06:44:12+02:00,2026-08-07T06:44:40+02:00,0,,,,,,imagenet
20260807-064230_cifar10-byol-5epoch-linear-probe,cifar10-byol-5epoch-linear-probe,E5,C3,cifar10,configs/ssl/cifar10_baseline_smoke.json,,SUCCEEDED,1,926942,2026-08-07T06:44:48+02:00,2026-08-07T06:46:53+02:00,0,,,,,,default
20260807-064231_cifar10-moco_v2-5epoch-linear-probe,cifar10-moco_v2-5epoch-linear-probe,E5,C3,cifar10,configs/ssl/cifar10_baseline_smoke.json,,SUCCEEDED,1,926943,2026-08-07T06:44:20+02:00,2026-08-07T06:46:21+02:00,0,,,,,,default
20260807-064329_e7-dsprites-blur-32step,e7-dsprites-blur-32step,E7,"C4,C5",dsprites,configs/ssl/dsprites_smoke.json,,SUCCEEDED,1,926945,2026-08-07T06:45:18+02:00,2026-08-07T06:46:04+02:00,0,,,,,,default
20260807-064447_continue-coco-mask-fixed,continue-coco-mask-fixed,,,,,,FAILED,0,926944,2026-08-07T06:43:01+02:00,2026-08-07T07:18:11+02:00,1,command exited with code 1,,,,,default
20260807-064615_build-experiment-result-index-snapshot,build-experiment-result-index-snapshot,,,,,,SUCCEEDED,0,926946,2026-08-07T06:44:31+02:00,2026-08-07T06:44:33+02:00,0,,,,,,default
20260807-064733_cifar10-dino-5epoch-linear-probe,cifar10-dino-5epoch-linear-probe,E5,C3,cifar10,configs/ssl/cifar10_baseline_smoke.json,,SUCCEEDED,1,926948,2026-08-07T06:49:21+02:00,2026-08-07T06:51:26+02:00,0,,,,,,default
20260807-064739_e3-cifar10-objective-trace,e3-cifar10-objective-trace,E3,"C1,C2",cifar10,configs/ssl/cifar10_smoke.json,,SUCCEEDED,1,926949,2026-08-07T06:49:57+02:00,2026-08-07T06:53:45+02:00,0,,,,,,default
20260807-064740_e3-cifar10-objective-logdet,e3-cifar10-objective-logdet,E3,"C1,C2",cifar10,configs/ssl/cifar10_smoke.json,,FAILED,1,926950,2026-08-07T06:50:27+02:00,2026-08-07T06:51:36+02:00,1,command exited with code 1,,,,,default
20260807-064919_coco2017-fmca-detection-32step-smoke-fixed,coco2017-fmca-detection-32step-smoke-fixed,E6,C3,coco,configs/ssl/imagenet1k_smoke.json,,SUCCEEDED,1,926953,2026-08-07T06:51:06+02:00,2026-08-07T06:51:53+02:00,0,,,,,,imagenet
20260807-064943_render-e10-complexity-assets,render-e10-complexity-assets,E10,C3,,,,SUCCEEDED,0,926951,2026-08-07T06:47:57+02:00,2026-08-07T06:47:58+02:00,0,,,,,,default
20260807-065037_launch-e5-cifar10-matched-views-screening,launch-e5-cifar10-matched-views-screening,E5,C3,,,,RUNNING,0,926952,2026-08-07T06:48:51+02:00,,,,,,,,default
20260807-065230_launch-supervised-reference-wave,launch-supervised-reference-wave,,,,,,SUCCEEDED,0,926954,2026-08-07T06:50:45+02:00,2026-08-07T07:41:05+02:00,0,,,,,,default
20260807-065235_summarize-cifar10-baseline-screening-fixed,summarize-cifar10-baseline-screening-fixed,,,,,,SUCCEEDED,0,926955,2026-08-07T06:54:23+02:00,2026-08-07T06:54:24+02:00,0,,,,,,default
20260807-065242_e3-cifar10-ridge-0.01,e3-cifar10-ridge-0.01,E3,"C1,C2",cifar10,configs/ssl/cifar10_smoke.json,,SUCCEEDED,1,926956,2026-08-07T06:55:00+02:00,2026-08-07T06:58:57+02:00,0,,,,,,default
20260807-065243_e3-cifar10-ridge-0.001,e3-cifar10-ridge-0.001,E3,"C1,C2",cifar10,configs/ssl/cifar10_smoke.json,,SUCCEEDED,1,926957,2026-08-07T06:55:03+02:00,2026-08-07T06:58:57+02:00,0,,,,,,default
20260807-065244_e3-cifar10-ridge-0.0001,e3-cifar10-ridge-0.0001,E3,"C1,C2",cifar10,configs/ssl/cifar10_smoke.json,,SUCCEEDED,1,926958,2026-08-07T06:55:03+02:00,2026-08-07T06:58:51+02:00,0,,,,,,default
20260807-065245_e4-cifar10-mean-m2-seed3,e4-cifar10-mean-m2-seed3,E4,"C2,C3",cifar10,configs/ssl/cifar10_smoke.json,,SUCCEEDED,1,926959,2026-08-07T06:55:33+02:00,2026-08-07T06:59:15+02:00,0,,,,,,default
20260807-065545_continue-e3-logdet-fp64-fixed,continue-e3-logdet-fp64-fixed,E3,"C1,C2",,,,SUCCEEDED,0,926960,2026-08-07T06:55:46+02:00,2026-08-07T10:26:24+02:00,0,,,,,,default
20260807-065738_launch-supervised-localization-wave,launch-supervised-localization-wave,E9,C7,,,,SUCCEEDED,0,926962,2026-08-07T06:55:52+02:00,2026-08-07T08:16:13+02:00,0,,,,,,default
20260807-065748_e3-cifar10-ridge-1e-05,e3-cifar10-ridge-1e-05,E3,"C1,C2",cifar10,configs/ssl/cifar10_smoke.json,,SUCCEEDED,1,926964,2026-08-07T07:00:05+02:00,2026-08-07T07:04:02+02:00,0,,,,,,default
20260807-065749_e3-cifar10-batch-128,e3-cifar10-batch-128,E3,"C1,C2",cifar10,configs/ssl/cifar10_smoke.json,,SUCCEEDED,1,926966,2026-08-07T06:59:37+02:00,2026-08-07T07:03:24+02:00,0,,,,,,default
20260807-065749_e3-cifar10-batch-64,e3-cifar10-batch-64,E3,"C1,C2",cifar10,configs/ssl/cifar10_smoke.json,,SUCCEEDED,1,926965,2026-08-07T07:00:07+02:00,2026-08-07T07:04:21+02:00,0,,,,,,default
20260807-065750_e3-cifar10-batch-256,e3-cifar10-batch-256,E3,"C1,C2",cifar10,configs/ssl/cifar10_smoke.json,,SUCCEEDED,1,926967,2026-08-07T06:59:40+02:00,2026-08-07T07:02:59+02:00,0,,,,,,default
20260807-065950_dataset-robustness-relocated,dataset-robustness-relocated,E6,C3,,,,SUCCEEDED,0,926968,2026-08-07T06:58:05+02:00,2026-08-07T06:58:36+02:00,0,,20260807-032855_dataset-robustness-relocated,,,,default
20260807-070031_continue-imagenet-robustness-after-download,continue-imagenet-robustness-after-download,E6,C3,,,,SUCCEEDED,0,926970,2026-08-07T06:58:45+02:00,2026-08-07T10:44:16+02:00,0,,,,,,default
20260807-070151_launch-e6-baseline-low-label-wave,launch-e6-baseline-low-label-wave,E6,C3,,,,RUNNING,0,926972,2026-08-07T07:00:05+02:00,,,,,,,,default
20260807-070243_summarize-e7-factor-probes-snapshot,summarize-e7-factor-probes-snapshot,E7,"C4,C5",,,,SUCCEEDED,0,926973,2026-08-07T07:00:58+02:00,2026-08-07T07:00:58+02:00,0,,,,,,default
20260807-070253_e3-cifar10-batch-512,e3-cifar10-batch-512,E3,"C1,C2",cifar10,configs/ssl/cifar10_smoke.json,,SUCCEEDED,1,926974,2026-08-07T07:05:41+02:00,2026-08-07T07:09:03+02:00,0,,,,,,default
20260807-070254_e3-cifar10-k-32,e3-cifar10-k-32,E3,"C1,C2",cifar10,configs/ssl/cifar10_smoke.json,,SUCCEEDED,1,926975,2026-08-07T07:05:11+02:00,2026-08-07T07:09:09+02:00,0,,,,,,default
20260807-070255_e3-cifar10-k-64,e3-cifar10-k-64,E3,"C1,C2",cifar10,configs/ssl/cifar10_smoke.json,,SUCCEEDED,1,926976,2026-08-07T07:05:12+02:00,2026-08-07T07:08:59+02:00,0,,,,,,default
20260807-070256_e3-cifar10-k-128,e3-cifar10-k-128,E3,"C1,C2",cifar10,configs/ssl/cifar10_smoke.json,,SUCCEEDED,1,926977,2026-08-07T07:05:13+02:00,2026-08-07T07:08:59+02:00,0,,,,,,default
20260807-070515_launch-e7-factor-stability-wave,launch-e7-factor-stability-wave,E7,"C4,C5",,,,SUCCEEDED,0,926978,2026-08-07T07:03:30+02:00,2026-08-07T13:44:22+02:00,0,,,,,,default
20260807-070623_render-e2-gradient-variance-assets,render-e2-gradient-variance-assets,E2,C2,,,,SUCCEEDED,0,926979,2026-08-07T07:04:37+02:00,2026-08-07T07:04:38+02:00,0,,,,,,default
20260807-070758_e3-cifar10-k-256,e3-cifar10-k-256,E3,"C1,C2",cifar10,configs/ssl/cifar10_smoke.json,,SUCCEEDED,1,926982,2026-08-07T07:10:15+02:00,2026-08-07T07:14:16+02:00,0,,,,,,default
20260807-070759_e3-cifar10-precision-32-true,e3-cifar10-precision-32-true,E3,"C1,C2",cifar10,configs/ssl/cifar10_smoke.json,,SUCCEEDED,1,926983,2026-08-07T07:10:49+02:00,2026-08-07T07:14:46+02:00,0,,,,,,default
20260807-070800_e3-cifar10-precision-16-mixed,e3-cifar10-precision-16-mixed,E3,"C1,C2",cifar10,configs/ssl/cifar10_smoke.json,,SUCCEEDED,1,926984,2026-08-07T07:10:48+02:00,2026-08-07T07:12:43+02:00,0,,,,,,default
20260807-070801_e3-cifar10-capacity-small,e3-cifar10-capacity-small,E3,"C1,C2",cifar10,configs/ssl/cifar10_smoke.json,,SUCCEEDED,1,926985,2026-08-07T07:11:18+02:00,2026-08-07T07:15:04+02:00,0,,,,,,default
20260807-070824_render-e1-exact-recovery-assets,render-e1-exact-recovery-assets,E1,C1,,,,SUCCEEDED,0,926981,2026-08-07T07:06:39+02:00,2026-08-07T07:06:39+02:00,0,,,,,,default
20260807-071122_render-e8-markov-assets,render-e8-markov-assets,E8,C6,,,,SUCCEEDED,0,926986,2026-08-07T07:09:36+02:00,2026-08-07T07:09:37+02:00,0,,,,,,default
20260807-071234_launch-e7-crossscale-tsd-sweep,launch-e7-crossscale-tsd-sweep,E7,"C4,C5",,,,FAILED,0,926988,2026-08-07T07:10:48+02:00,2026-08-07T07:20:51+02:00,1,command exited with code 1,,,,,default
20260807-071304_e3-cifar10-capacity-base,e3-cifar10-capacity-base,E3,"C1,C2",cifar10,configs/ssl/cifar10_smoke.json,,SUCCEEDED,1,926991,2026-08-07T07:15:51+02:00,2026-08-07T07:19:46+02:00,0,,,,,,default
20260807-071305_e3-cifar10-capacity-large,e3-cifar10-capacity-large,E3,"C1,C2",cifar10,configs/ssl/cifar10_smoke.json,,SUCCEEDED,1,926992,2026-08-07T07:14:54+02:00,2026-08-07T07:18:52+02:00,0,,,,,,default
20260807-071306_e3-cifar10-fractional-00,e3-cifar10-fractional-00,E3,"C1,C2",cifar10,configs/ssl/cifar10_smoke.json,,SUCCEEDED,1,926993,2026-08-07T07:14:54+02:00,2026-08-07T07:18:55+02:00,0,,,,,,default
20260807-071321_launch-e7-tsd-utility-probe-wave,launch-e7-tsd-utility-probe-wave,E7,"C4,C5",,,,FAILED,0,926990,2026-08-07T07:11:35+02:00,2026-08-07T07:21:38+02:00,1,command exited with code 1,,,,,default
20260807-071324_e4-cifar10-deepsets-m2-seed1,e4-cifar10-deepsets-m2-seed1,E4,"C2,C3",cifar10,configs/ssl/cifar10_smoke.json,,SUCCEEDED,1,926994,2026-08-07T07:15:12+02:00,2026-08-07T07:19:00+02:00,0,,,,,,default
20260807-071622_launch-architecture-localization-wave,launch-architecture-localization-wave,E9,C7,,,,BLOCKED,0,,,2026-08-07T07:16:22+02:00,1,"sbatch failed: sbatch: error: QOSMaxSubmitJobPerUserLimit
sbatch: error: Batch job submission failed: Job violates accounting/QOS policy (job submit limit, user's size and/or time limits)",,20260807-122813_launch-architecture-localization-wave,SUCCEEDED,recovered by retry,default
20260807-071827_e4-cifar10-deepsets-m2-seed2,e4-cifar10-deepsets-m2-seed2,E4,"C2,C3",cifar10,configs/ssl/cifar10_smoke.json,,SUCCEEDED,1,926995,2026-08-07T07:20:44+02:00,2026-08-07T07:24:44+02:00,0,,,,,,default
20260807-071828_e4-cifar10-deepsets-m2-seed3,e4-cifar10-deepsets-m2-seed3,E4,"C2,C3",cifar10,configs/ssl/cifar10_smoke.json,,SUCCEEDED,1,926996,2026-08-07T07:21:18+02:00,2026-08-07T07:25:15+02:00,0,,,,,,default
20260807-071829_e4-cifar10-concat-m2-seed1,e4-cifar10-concat-m2-seed1,E4,"C2,C3",cifar10,configs/ssl/cifar10_smoke.json,,SUCCEEDED,1,926997,2026-08-07T07:21:19+02:00,2026-08-07T07:25:05+02:00,0,,,,,,default
20260807-071830_e4-cifar10-concat-m2-seed2,e4-cifar10-concat-m2-seed2,E4,"C2,C3",cifar10,configs/ssl/cifar10_smoke.json,,SUCCEEDED,1,926998,2026-08-07T07:20:18+02:00,2026-08-07T07:24:07+02:00,0,,,,,,default
20260807-072153_recover-interrupted-e3-tsd-coco,recover-interrupted-e3-tsd-coco,E3,"C1,C2",,,,FAILED,0,926999,2026-08-07T07:20:07+02:00,2026-08-07T07:25:11+02:00,1,command exited with code 1,,,,,default
20260807-072332_e4-cifar10-concat-m2-seed3,e4-cifar10-concat-m2-seed3,E4,"C2,C3",cifar10,configs/ssl/cifar10_smoke.json,,SUCCEEDED,1,927001,2026-08-07T07:26:20+02:00,2026-08-07T07:30:15+02:00,0,,,,,,default
20260807-072333_e4-cifar10-first-m8-seed1,e4-cifar10-first-m8-seed1,E4,"C2,C3",cifar10,configs/ssl/cifar10_smoke.json,,SUCCEEDED,1,927002,2026-08-07T07:25:23+02:00,2026-08-07T07:37:18+02:00,0,,,,,,default
20260807-072334_e4-cifar10-first-m8-seed2,e4-cifar10-first-m8-seed2,E4,"C2,C3",cifar10,configs/ssl/cifar10_smoke.json,,SUCCEEDED,1,927003,2026-08-07T07:26:23+02:00,2026-08-07T07:37:55+02:00,0,,,,,,default
20260807-072335_e4-cifar10-first-m8-seed3,e4-cifar10-first-m8-seed3,E4,"C2,C3",cifar10,configs/ssl/cifar10_smoke.json,,SUCCEEDED,1,927004,2026-08-07T07:25:53+02:00,2026-08-07T07:37:31+02:00,0,,,,,,default
20260807-072502_launch-architecture-localization-wave-retry,launch-architecture-localization-wave-retry,E9,C7,,,,SUCCEEDED,0,927000,2026-08-07T07:23:16+02:00,2026-08-07T10:28:41+02:00,0,,,,,,default
20260807-073411_recover-interrupted-e3-tsd-coco-v2,recover-interrupted-e3-tsd-coco-v2,E3,"C1,C2",,,,RUNNING,0,927005,2026-08-07T07:32:25+02:00,,,,,,,,default
20260807-073600_supervised-cifar10-reference-5epoch,supervised-cifar10-reference-5epoch,,,cifar10,configs/ssl/cifar10_baseline_smoke.json,,SUCCEEDED,1,927006,2026-08-07T07:38:17+02:00,2026-08-07T07:40:00+02:00,0,,,,,,default
20260807-073602_supervised-imagenet100-reference-32step,supervised-imagenet100-reference-32step,,,imagenet100,configs/ssl/imagenet100_smoke.json,,SUCCEEDED,1,927007,2026-08-07T07:38:19+02:00,2026-08-07T07:39:09+02:00,0,,,,,,imagenet
20260807-073728_coco2017-fmca-maskrcnn-16step-smoke-fixed-v2,coco2017-fmca-maskrcnn-16step-smoke-fixed-v2,E6,C3,coco,configs/ssl/imagenet1k_smoke.json,,SUCCEEDED,1,927008,2026-08-07T07:39:17+02:00,2026-08-07T07:40:00+02:00,0,,,,,,imagenet
20260807-073729_e3-cifar10-fractional-01-recovered,e3-cifar10-fractional-01-recovered,E3,"C1,C2",cifar10,configs/ssl/cifar10_smoke.json,,SUCCEEDED,1,927009,2026-08-07T07:39:17+02:00,2026-08-07T07:44:14+02:00,0,,,,,,default
20260807-073821_imagenet100-convnext_tiny-cub-dependence-localization,imagenet100-convnext_tiny-cub-dependence-localization,E9,C7,cub,configs/ssl/imagenet100_smoke.json,,SUCCEEDED,1,927010,2026-08-07T07:40:39+02:00,2026-08-07T07:40:49+02:00,0,,,,,,imagenet
20260807-073822_imagenet100-convnext_tiny-voc-dependence-localization,imagenet100-convnext_tiny-voc-dependence-localization,E9,C7,voc,configs/ssl/imagenet100_smoke.json,,SUCCEEDED,1,927011,2026-08-07T07:40:11+02:00,2026-08-07T07:40:22+02:00,0,,,,,,imagenet
20260807-073842_e4-cifar10-mean-m8-seed1,e4-cifar10-mean-m8-seed1,E4,"C2,C3",cifar10,configs/ssl/cifar10_smoke.json,,SUCCEEDED,1,927012,2026-08-07T07:40:59+02:00,2026-08-07T07:52:48+02:00,0,,,,,,default
20260807-073908_cifar100-lowlabel-0p1,cifar100-lowlabel-0p1,E6,C3,cifar100,configs/ssl/cifar100_smoke.json,,SUCCEEDED,1,927014,2026-08-07T07:41:25+02:00,2026-08-07T07:42:02+02:00,0,,,,,,default
20260807-074105_supervised-imagenet1k-reference-32step,supervised-imagenet1k-reference-32step,,,imagenet1k,configs/ssl/imagenet1k_smoke.json,,SUCCEEDED,1,927017,2026-08-07T07:42:52+02:00,2026-08-07T07:45:55+02:00,0,,,,,,imagenet
20260807-074232_e3-cifar10-fractional-02-recovered,e3-cifar10-fractional-02-recovered,E3,"C1,C2",cifar10,configs/ssl/cifar10_smoke.json,,SUCCEEDED,1,927018,2026-08-07T07:44:51+02:00,2026-08-07T07:48:14+02:00,0,,,,,,default
20260807-074232_e3-cifar10-fractional-03-recovered,e3-cifar10-fractional-03-recovered,E3,"C1,C2",cifar10,configs/ssl/cifar10_smoke.json,,SUCCEEDED,1,927019,2026-08-07T07:44:21+02:00,2026-08-07T07:47:42+02:00,0,,,,,,default
20260807-074410_imagenet100-lowlabel-0p1-smoke,imagenet100-lowlabel-0p1-smoke,E6,C3,imagenet100,configs/ssl/imagenet100_smoke.json,,SUCCEEDED,1,927020,2026-08-07T07:46:28+02:00,2026-08-07T07:47:50+02:00,0,,,,,,imagenet
20260807-074605_supervised-imagenet1k-cub-localization,supervised-imagenet1k-cub-localization,E9,C7,cub,configs/ssl/imagenet1k_smoke.json,,SUCCEEDED,1,927021,2026-08-07T07:48:54+02:00,2026-08-07T07:49:06+02:00,0,,,,,,imagenet
20260807-074606_supervised-imagenet1k-voc-localization,supervised-imagenet1k-voc-localization,E9,C7,voc,configs/ssl/imagenet1k_smoke.json,,SUCCEEDED,1,927022,2026-08-07T07:48:23+02:00,2026-08-07T07:48:37+02:00,0,,,,,,imagenet
20260807-074735_e3-cifar10-fractional-04-recovered,e3-cifar10-fractional-04-recovered,E3,"C1,C2",cifar10,configs/ssl/cifar10_smoke.json,,SUCCEEDED,1,927023,2026-08-07T07:49:53+02:00,2026-08-07T07:53:49+02:00,0,,,,,,default
20260807-074736_e3-cifar10-fractional-05-recovered,e3-cifar10-fractional-05-recovered,E3,"C1,C2",cifar10,configs/ssl/cifar10_smoke.json,,SUCCEEDED,1,927024,2026-08-07T07:49:25+02:00,2026-08-07T07:53:11+02:00,0,,,,,,default
20260807-074737_e3-cifar10-fractional-06-recovered,e3-cifar10-fractional-06-recovered,E3,"C1,C2",cifar10,configs/ssl/cifar10_smoke.json,,SUCCEEDED,1,927025,2026-08-07T07:49:55+02:00,2026-08-07T07:53:12+02:00,0,,,,,,default
20260807-075109_supervised-imagenet1k-imagenet-localization,supervised-imagenet1k-imagenet-localization,E9,C7,imagenet1k,configs/ssl/imagenet1k_smoke.json,,SUCCEEDED,1,927027,2026-08-07T07:53:26+02:00,2026-08-07T07:53:41+02:00,0,,,,,,imagenet
20260807-075240_e3-cifar10-fractional-07-recovered,e3-cifar10-fractional-07-recovered,E3,"C1,C2",cifar10,configs/ssl/cifar10_smoke.json,,SUCCEEDED,1,927028,2026-08-07T07:54:58+02:00,2026-08-07T07:59:28+02:00,0,,,,,,default
20260807-075241_e3-cifar10-fractional-08-recovered,e3-cifar10-fractional-08-recovered,E3,"C1,C2",cifar10,configs/ssl/cifar10_smoke.json,,SUCCEEDED,1,927029,2026-08-07T07:55:00+02:00,2026-08-07T07:58:24+02:00,0,,,,,,default
20260807-075242_e3-cifar10-fractional-09-recovered,e3-cifar10-fractional-09-recovered,E3,"C1,C2",cifar10,configs/ssl/cifar10_smoke.json,,SUCCEEDED,1,927030,2026-08-07T07:55:00+02:00,2026-08-07T07:58:29+02:00,0,,,,,,default
20260807-075243_e3-cifar10-fractional-10-recovered,e3-cifar10-fractional-10-recovered,E3,"C1,C2",cifar10,configs/ssl/cifar10_smoke.json,,SUCCEEDED,1,927031,2026-08-07T07:54:33+02:00,2026-08-07T07:58:37+02:00,0,,,,,,default
20260807-075745_e3-cifar10-fractional-11-recovered,e3-cifar10-fractional-11-recovered,E3,"C1,C2",cifar10,configs/ssl/cifar10_smoke.json,,SUCCEEDED,1,927032,2026-08-07T08:00:33+02:00,2026-08-07T08:04:36+02:00,0,,,,,,default
20260807-075745_e3-cifar10-fractional-12-recovered,e3-cifar10-fractional-12-recovered,E3,"C1,C2",cifar10,configs/ssl/cifar10_smoke.json,,SUCCEEDED,1,927033,2026-08-07T08:00:02+02:00,2026-08-07T08:03:26+02:00,0,,,,,,default
20260807-075745_e3-cifar10-fractional-13-recovered,e3-cifar10-fractional-13-recovered,E3,"C1,C2",cifar10,configs/ssl/cifar10_smoke.json,,SUCCEEDED,1,927034,2026-08-07T07:59:32+02:00,2026-08-07T08:05:15+02:00,0,,,,,,default
20260807-075745_e3-cifar10-fractional-14-recovered,e3-cifar10-fractional-14-recovered,E3,"C1,C2",cifar10,configs/ssl/cifar10_smoke.json,,SUCCEEDED,1,927035,2026-08-07T07:59:35+02:00,2026-08-07T08:03:22+02:00,0,,,,,,default
20260807-080246_e3-cifar10-fractional-15-recovered,e3-cifar10-fractional-15-recovered,E3,"C1,C2",cifar10,configs/ssl/cifar10_smoke.json,,SUCCEEDED,1,927036,2026-08-07T08:04:33+02:00,2026-08-07T08:07:59+02:00,0,,,,,,default
20260807-080330_imagenet100-convnext_tiny-imagenet-dependence-localization,imagenet100-convnext_tiny-imagenet-dependence-localization,E9,C7,imagenet100,configs/ssl/imagenet100_smoke.json,,SUCCEEDED,1,927037,2026-08-07T08:05:17+02:00,2026-08-07T08:05:27+02:00,0,,,,,,imagenet
20260807-080330_imagenet100-convnext_tiny-randomized-cub-localization,imagenet100-convnext_tiny-randomized-cub-localization,E9,C7,cub,configs/ssl/imagenet100_smoke.json,,SUCCEEDED,1,927038,2026-08-07T08:05:47+02:00,2026-08-07T08:05:57+02:00,0,,,,,,imagenet
20260807-080330_imagenet100-vit_s_16-cub-dependence-localization,imagenet100-vit_s_16-cub-dependence-localization,E9,C7,cub,configs/ssl/imagenet100_smoke.json,,SUCCEEDED,1,927039,2026-08-07T08:05:20+02:00,2026-08-07T08:05:28+02:00,0,,,,,,imagenet
20260807-080349_e4-cifar10-mean-m8-seed2,e4-cifar10-mean-m8-seed2,E4,"C2,C3",cifar10,configs/ssl/cifar10_smoke.json,,SUCCEEDED,1,927040,2026-08-07T08:05:37+02:00,2026-08-07T08:17:26+02:00,0,,,,,,default
20260807-080350_e4-cifar10-mean-m8-seed3,e4-cifar10-mean-m8-seed3,E4,"C2,C3",cifar10,configs/ssl/cifar10_smoke.json,,SUCCEEDED,1,927041,2026-08-07T08:05:37+02:00,2026-08-07T08:17:13+02:00,0,,,,,,default
20260807-080416_cifar10-gmean-lowlabel-1p0,cifar10-gmean-lowlabel-1p0,E6,C3,cifar10,configs/ssl/cifar10_paper_concat_smoke.json,,SUCCEEDED,1,927042,2026-08-07T08:06:03+02:00,2026-08-07T08:08:01+02:00,0,,,,,,default
20260807-080746_tsd-cifar10-crop-level0-seed1,tsd-cifar10-crop-level0-seed1,E7,"C4,C5",cifar10,configs/ssl/cifar10_smoke.json,,SUCCEEDED,1,927044,2026-08-07T08:09:34+02:00,2026-08-07T08:13:29+02:00,0,,,,,,default
20260807-080746_tsd-cifar10-crop-level0-seed2,tsd-cifar10-crop-level0-seed2,E7,"C4,C5",cifar10,configs/ssl/cifar10_smoke.json,,SUCCEEDED,1,927045,2026-08-07T08:09:34+02:00,2026-08-07T08:13:20+02:00,0,,,,,,default
20260807-081247_tsd-cifar10-crop-level0-seed3,tsd-cifar10-crop-level0-seed3,E7,"C4,C5",cifar10,configs/ssl/cifar10_smoke.json,,SUCCEEDED,1,927048,2026-08-07T08:14:34+02:00,2026-08-07T08:18:33+02:00,0,,,,,,default
20260807-081247_tsd-cifar10-crop-level0-seed4,tsd-cifar10-crop-level0-seed4,E7,"C4,C5",cifar10,configs/ssl/cifar10_smoke.json,,SUCCEEDED,1,927049,2026-08-07T08:14:34+02:00,2026-08-07T08:18:22+02:00,0,,,,,,default
20260807-081613_supervised-imagenet1k-randomized-cub-localization,supervised-imagenet1k-randomized-cub-localization,E9,C7,cub,configs/ssl/imagenet1k_smoke.json,,SUCCEEDED,1,927050,2026-08-07T08:18:00+02:00,2026-08-07T08:18:12+02:00,0,,,,,,imagenet
20260807-081748_tsd-cifar10-crop-level0-seed5,tsd-cifar10-crop-level0-seed5,E7,"C4,C5",cifar10,configs/ssl/cifar10_smoke.json,,SUCCEEDED,1,927060,2026-08-07T08:19:35+02:00,2026-08-07T08:23:29+02:00,0,,,,,,default
20260807-081748_tsd-cifar10-crop-level1-seed1,tsd-cifar10-crop-level1-seed1,E7,"C4,C5",cifar10,configs/ssl/cifar10_smoke.json,,SUCCEEDED,1,927061,2026-08-07T08:19:35+02:00,2026-08-07T08:23:31+02:00,0,,,,,,default
20260807-081748_tsd-cifar10-crop-level1-seed2,tsd-cifar10-crop-level1-seed2,E7,"C4,C5",cifar10,configs/ssl/cifar10_smoke.json,,SUCCEEDED,1,927063,2026-08-07T08:19:38+02:00,2026-08-07T08:23:25+02:00,0,,,,,,default
20260807-081748_tsd-cifar10-crop-level1-seed3,tsd-cifar10-crop-level1-seed3,E7,"C4,C5",cifar10,configs/ssl/cifar10_smoke.json,,SUCCEEDED,1,927064,2026-08-07T08:19:38+02:00,2026-08-07T08:23:25+02:00,0,,,,,,default
20260807-082201_launch-vgg-localization-wave,launch-vgg-localization-wave,E9,C7,,,,SUCCEEDED,0,927066,2026-08-07T08:20:16+02:00,2026-08-07T10:40:58+02:00,0,,,,,,default
20260807-082249_tsd-cifar10-crop-level1-seed4,tsd-cifar10-crop-level1-seed4,E7,"C4,C5",cifar10,configs/ssl/cifar10_smoke.json,,SUCCEEDED,1,927068,2026-08-07T08:25:06+02:00,2026-08-07T08:29:00+02:00,0,,,,,,default
20260807-082249_tsd-cifar10-crop-level1-seed5,tsd-cifar10-crop-level1-seed5,E7,"C4,C5",cifar10,configs/ssl/cifar10_smoke.json,,SUCCEEDED,1,927069,2026-08-07T08:24:38+02:00,2026-08-07T08:28:36+02:00,0,,,,,,default
20260807-082249_tsd-cifar10-crop-level2-seed1,tsd-cifar10-crop-level2-seed1,E7,"C4,C5",cifar10,configs/ssl/cifar10_smoke.json,,SUCCEEDED,1,927070,2026-08-07T08:24:38+02:00,2026-08-07T08:28:26+02:00,0,,,,,,default
20260807-082249_tsd-cifar10-crop-level2-seed2,tsd-cifar10-crop-level2-seed2,E7,"C4,C5",cifar10,configs/ssl/cifar10_smoke.json,,SUCCEEDED,1,927071,2026-08-07T08:25:08+02:00,2026-08-07T08:28:54+02:00,0,,,,,,default
20260807-082750_tsd-cifar10-crop-level2-seed3,tsd-cifar10-crop-level2-seed3,E7,"C4,C5",cifar10,configs/ssl/cifar10_smoke.json,,SUCCEEDED,1,927076,2026-08-07T08:30:08+02:00,2026-08-07T08:34:05+02:00,0,,,,,,default
20260807-082750_tsd-cifar10-crop-level2-seed4,tsd-cifar10-crop-level2-seed4,E7,"C4,C5",cifar10,configs/ssl/cifar10_smoke.json,,SUCCEEDED,1,927077,2026-08-07T08:30:38+02:00,2026-08-07T08:34:33+02:00,0,,,,,,default
20260807-082750_tsd-cifar10-crop-level2-seed5,tsd-cifar10-crop-level2-seed5,E7,"C4,C5",cifar10,configs/ssl/cifar10_smoke.json,,SUCCEEDED,1,927078,2026-08-07T08:30:08+02:00,2026-08-07T08:33:53+02:00,0,,,,,,default
20260807-082751_tsd-cifar10-crop-level3-seed1,tsd-cifar10-crop-level3-seed1,E7,"C4,C5",cifar10,configs/ssl/cifar10_smoke.json,,SUCCEEDED,1,927079,2026-08-07T08:29:38+02:00,2026-08-07T08:33:28+02:00,0,,,,,,default
20260807-083251_tsd-cifar10-crop-level3-seed2,tsd-cifar10-crop-level3-seed2,E7,"C4,C5",cifar10,configs/ssl/cifar10_smoke.json,,SUCCEEDED,1,927120,2026-08-07T08:35:39+02:00,2026-08-07T08:39:33+02:00,0,,,,,,default
20260807-083251_tsd-cifar10-crop-level3-seed3,tsd-cifar10-crop-level3-seed3,E7,"C4,C5",cifar10,configs/ssl/cifar10_smoke.json,,SUCCEEDED,1,927121,2026-08-07T08:35:09+02:00,2026-08-07T08:39:07+02:00,0,,,,,,default
20260807-083252_tsd-cifar10-crop-level3-seed4,tsd-cifar10-crop-level3-seed4,E7,"C4,C5",cifar10,configs/ssl/cifar10_smoke.json,,SUCCEEDED,1,927122,2026-08-07T08:34:39+02:00,2026-08-07T08:38:27+02:00,0,,,,,,default
20260807-083252_tsd-cifar10-crop-level3-seed5,tsd-cifar10-crop-level3-seed5,E7,"C4,C5",cifar10,configs/ssl/cifar10_smoke.json,,SUCCEEDED,1,927123,2026-08-07T08:34:39+02:00,2026-08-07T08:38:28+02:00,0,,,,,,default
20260807-083752_tsd-cifar10-crop-level4-seed1,tsd-cifar10-crop-level4-seed1,E7,"C4,C5",cifar10,configs/ssl/cifar10_smoke.json,,SUCCEEDED,1,927127,2026-08-07T08:39:40+02:00,2026-08-07T08:43:35+02:00,0,,,,,,default
20260807-083753_tsd-cifar10-crop-level4-seed2,tsd-cifar10-crop-level4-seed2,E7,"C4,C5",cifar10,configs/ssl/cifar10_smoke.json,,SUCCEEDED,1,927128,2026-08-07T08:40:10+02:00,2026-08-07T08:44:04+02:00,0,,,,,,default
20260807-083753_tsd-cifar10-crop-level4-seed3,tsd-cifar10-crop-level4-seed3,E7,"C4,C5",cifar10,configs/ssl/cifar10_smoke.json,,SUCCEEDED,1,927129,2026-08-07T08:39:40+02:00,2026-08-07T08:43:27+02:00,0,,,,,,default
20260807-083753_tsd-cifar10-crop-level4-seed4,tsd-cifar10-crop-level4-seed4,E7,"C4,C5",cifar10,configs/ssl/cifar10_smoke.json,,SUCCEEDED,1,927130,2026-08-07T08:40:10+02:00,2026-08-07T08:43:56+02:00,0,,,,,,default
20260807-084254_tsd-cifar10-crop-level4-seed5,tsd-cifar10-crop-level4-seed5,E7,"C4,C5",cifar10,configs/ssl/cifar10_smoke.json,,SUCCEEDED,1,927131,2026-08-07T08:45:11+02:00,2026-08-07T08:49:05+02:00,0,,,,,,default
20260807-084254_tsd-cifar10-crop-level5-seed1,tsd-cifar10-crop-level5-seed1,E7,"C4,C5",cifar10,configs/ssl/cifar10_smoke.json,,SUCCEEDED,1,927132,2026-08-07T08:44:41+02:00,2026-08-07T08:48:40+02:00,0,,,,,,default
20260807-084254_tsd-cifar10-crop-level5-seed2,tsd-cifar10-crop-level5-seed2,E7,"C4,C5",cifar10,configs/ssl/cifar10_smoke.json,,SUCCEEDED,1,927133,2026-08-07T08:44:43+02:00,2026-08-07T08:48:29+02:00,0,,,,,,default
20260807-084254_tsd-cifar10-crop-level5-seed3,tsd-cifar10-crop-level5-seed3,E7,"C4,C5",cifar10,configs/ssl/cifar10_smoke.json,,SUCCEEDED,1,927134,2026-08-07T08:44:43+02:00,2026-08-07T08:48:30+02:00,0,,,,,,default
20260807-084755_tsd-cifar10-crop-level5-seed4,tsd-cifar10-crop-level5-seed4,E7,"C4,C5",cifar10,configs/ssl/cifar10_smoke.json,,SUCCEEDED,1,927135,2026-08-07T08:50:12+02:00,2026-08-07T08:54:08+02:00,0,,,,,,default
20260807-084755_tsd-cifar10-crop-level5-seed5,tsd-cifar10-crop-level5-seed5,E7,"C4,C5",cifar10,configs/ssl/cifar10_smoke.json,,SUCCEEDED,1,927136,2026-08-07T08:50:43+02:00,2026-08-07T08:54:38+02:00,0,,,,,,default
20260807-084755_tsd-cifar10-crop-level6-seed1,tsd-cifar10-crop-level6-seed1,E7,"C4,C5",cifar10,configs/ssl/cifar10_smoke.json,,SUCCEEDED,1,927137,2026-08-07T08:50:15+02:00,2026-08-07T08:54:00+02:00,0,,,,,,default
20260807-084755_tsd-cifar10-crop-level6-seed2,tsd-cifar10-crop-level6-seed2,E7,"C4,C5",cifar10,configs/ssl/cifar10_smoke.json,,SUCCEEDED,1,927138,2026-08-07T08:49:45+02:00,2026-08-07T08:53:38+02:00,0,,,,,,default
20260807-085256_tsd-cifar10-crop-level6-seed3,tsd-cifar10-crop-level6-seed3,E7,"C4,C5",cifar10,configs/ssl/cifar10_smoke.json,,SUCCEEDED,1,927143,2026-08-07T08:55:13+02:00,2026-08-07T08:59:05+02:00,0,,,,,,default
20260807-085256_tsd-cifar10-crop-level6-seed4,tsd-cifar10-crop-level6-seed4,E7,"C4,C5",cifar10,configs/ssl/cifar10_smoke.json,,SUCCEEDED,1,927144,2026-08-07T08:54:45+02:00,2026-08-07T08:58:41+02:00,0,,,,,,default
20260807-085256_tsd-cifar10-crop-level6-seed5,tsd-cifar10-crop-level6-seed5,E7,"C4,C5",cifar10,configs/ssl/cifar10_smoke.json,,SUCCEEDED,1,927145,2026-08-07T08:55:15+02:00,2026-08-07T08:59:00+02:00,0,,,,,,default
20260807-085257_tsd-cifar10-color-level0-seed1,tsd-cifar10-color-level0-seed1,E7,"C4,C5",cifar10,configs/ssl/cifar10_smoke.json,,SUCCEEDED,1,927146,2026-08-07T08:54:45+02:00,2026-08-07T08:58:32+02:00,0,,,,,,default
20260807-085757_tsd-cifar10-color-level0-seed2,tsd-cifar10-color-level0-seed2,E7,"C4,C5",cifar10,configs/ssl/cifar10_smoke.json,,SUCCEEDED,1,927150,2026-08-07T09:00:15+02:00,2026-08-07T09:04:07+02:00,0,,,,,,default
20260807-085757_tsd-cifar10-color-level0-seed3,tsd-cifar10-color-level0-seed3,E7,"C4,C5",cifar10,configs/ssl/cifar10_smoke.json,,SUCCEEDED,1,927151,2026-08-07T09:00:45+02:00,2026-08-07T09:04:40+02:00,0,,,,,,default
20260807-085758_tsd-cifar10-color-level0-seed4,tsd-cifar10-color-level0-seed4,E7,"C4,C5",cifar10,configs/ssl/cifar10_smoke.json,,SUCCEEDED,1,927152,2026-08-07T09:00:15+02:00,2026-08-07T09:04:01+02:00,0,,,,,,default
20260807-085758_tsd-cifar10-color-level0-seed5,tsd-cifar10-color-level0-seed5,E7,"C4,C5",cifar10,configs/ssl/cifar10_smoke.json,,SUCCEEDED,1,927153,2026-08-07T08:59:45+02:00,2026-08-07T09:03:34+02:00,0,,,,,,default
20260807-090258_tsd-cifar10-color-level1-seed1,tsd-cifar10-color-level1-seed1,E7,"C4,C5",cifar10,configs/ssl/cifar10_smoke.json,,SUCCEEDED,1,927165,2026-08-07T09:05:46+02:00,2026-08-07T09:09:40+02:00,0,,,,,,default
20260807-090258_tsd-cifar10-color-level1-seed2,tsd-cifar10-color-level1-seed2,E7,"C4,C5",cifar10,configs/ssl/cifar10_smoke.json,,SUCCEEDED,1,927166,2026-08-07T09:05:16+02:00,2026-08-07T09:09:14+02:00,0,,,,,,default
20260807-090259_tsd-cifar10-color-level1-seed3,tsd-cifar10-color-level1-seed3,E7,"C4,C5",cifar10,configs/ssl/cifar10_smoke.json,,SUCCEEDED,1,927167,2026-08-07T09:04:46+02:00,2026-08-07T09:08:33+02:00,0,,,,,,default
20260807-090259_tsd-cifar10-color-level1-seed4,tsd-cifar10-color-level1-seed4,E7,"C4,C5",cifar10,configs/ssl/cifar10_smoke.json,,SUCCEEDED,1,927168,2026-08-07T09:04:46+02:00,2026-08-07T09:08:33+02:00,0,,,,,,default
20260807-090348_continue-crossscale-tsd-after-recovery,continue-crossscale-tsd-after-recovery,E7,"C4,C5",,,,FAILED,0,927164,2026-08-07T09:02:02+02:00,2026-08-07T09:02:03+02:00,1,command exited with code 1,,20260807-090915_continue-crossscale-tsd-after-recovery,RUNNING,retry in progress,default
20260807-090759_tsd-cifar10-color-level1-seed5,tsd-cifar10-color-level1-seed5,E7,"C4,C5",cifar10,configs/ssl/cifar10_smoke.json,,SUCCEEDED,1,927176,2026-08-07T09:10:19+02:00,2026-08-07T09:14:14+02:00,0,,,,,,default
20260807-090800_tsd-cifar10-color-level2-seed1,tsd-cifar10-color-level2-seed1,E7,"C4,C5",cifar10,configs/ssl/cifar10_smoke.json,,SUCCEEDED,1,927177,2026-08-07T09:09:49+02:00,2026-08-07T09:13:45+02:00,0,,,,,,default
20260807-090800_tsd-cifar10-color-level2-seed2,tsd-cifar10-color-level2-seed2,E7,"C4,C5",cifar10,configs/ssl/cifar10_smoke.json,,SUCCEEDED,1,927178,2026-08-07T09:10:19+02:00,2026-08-07T09:14:03+02:00,0,,,,,,default
20260807-090800_tsd-cifar10-color-level2-seed3,tsd-cifar10-color-level2-seed3,E7,"C4,C5",cifar10,configs/ssl/cifar10_smoke.json,,SUCCEEDED,1,927179,2026-08-07T09:09:49+02:00,2026-08-07T09:13:35+02:00,0,,,,,,default
20260807-090915_continue-crossscale-tsd-after-recovery,continue-crossscale-tsd-after-recovery,E7,"C4,C5",,,,RUNNING,0,927174,2026-08-07T09:07:30+02:00,,,,20260807-090348_continue-crossscale-tsd-after-recovery,,,,default
20260807-090945_continue-e2-cifar-gradient-variance,continue-e2-cifar-gradient-variance,E2,C2,,,,STOPPED,0,927175,2026-08-07T09:07:59+02:00,2026-08-07T09:16:30+02:00,,stopped by operator,,20260807-091630_continue-e2-cifar-gradient-variance,SUCCEEDED,recovered by retry,default
20260807-091000_imagenet-formal-state-machine,imagenet-formal-state-machine,,,,,,STOPPED,0,927180,2026-08-07T09:08:14+02:00,2026-08-07T09:17:40+02:00,,stopped by operator,,20260807-135904_imagenet-formal-state-machine,RUNNING,retry in progress,default
20260807-091004_formal-ssl-state-machine,formal-ssl-state-machine,E5,C3,,,,STOPPED,0,927182,2026-08-07T09:08:18+02:00,2026-08-07T09:17:41+02:00,,stopped by operator,,20260807-135904_formal-ssl-state-machine,RUNNING,retry in progress,default
20260807-091015_imagenet-formal-state-machine,imagenet-formal-state-machine,,,,,,STOPPED,0,927183,2026-08-07T09:08:30+02:00,2026-08-07T09:15:00+02:00,,stopped by operator,,,,,default
20260807-091020_launch-e9-faithfulness-auc-wave,launch-e9-faithfulness-auc-wave,E9,C7,,,,SUCCEEDED,0,927185,2026-08-07T09:08:36+02:00,2026-08-07T10:53:46+02:00,0,,,,,,default
20260807-091300_e2-cifar10-frozen-gradient-variance-500,e2-cifar10-frozen-gradient-variance-500,E2,C2,cifar10,configs/ssl/cifar10_paper_concat_smoke.json,,FAILED,1,927188,2026-08-07T09:14:47+02:00,2026-08-07T09:14:49+02:00,1,command exited with code 1,,,,,default
20260807-091300_tsd-cifar10-color-level2-seed4,tsd-cifar10-color-level2-seed4,E7,"C4,C5",cifar10,configs/ssl/cifar10_smoke.json,,SUCCEEDED,1,927189,2026-08-07T09:14:49+02:00,2026-08-07T09:18:47+02:00,0,,,,,,default
20260807-091301_tsd-cifar10-color-level2-seed5,tsd-cifar10-color-level2-seed5,E7,"C4,C5",cifar10,configs/ssl/cifar10_smoke.json,,SUCCEEDED,1,927190,2026-08-07T09:14:49+02:00,2026-08-07T09:18:37+02:00,0,,,,,,default
20260807-091301_tsd-cifar10-color-level3-seed1,tsd-cifar10-color-level3-seed1,E7,"C4,C5",cifar10,configs/ssl/cifar10_smoke.json,,SUCCEEDED,1,927191,2026-08-07T09:14:49+02:00,2026-08-07T09:18:38+02:00,0,,,,,,default
20260807-091335_imagenet100-vit_s_16-voc-dependence-localization,imagenet100-vit_s_16-voc-dependence-localization,E9,C7,voc,configs/ssl/imagenet100_smoke.json,,SUCCEEDED,1,927192,2026-08-07T09:15:23+02:00,2026-08-07T09:15:39+02:00,0,,,,,,imagenet
20260807-091355_e4-cifar10-deepsets-m8-seed1,e4-cifar10-deepsets-m8-seed1,E4,"C2,C3",cifar10,configs/ssl/cifar10_smoke.json,,SUCCEEDED,1,927193,2026-08-07T09:15:42+02:00,2026-08-07T09:27:31+02:00,0,,,,,,default
20260807-091630_continue-e2-cifar-gradient-variance,continue-e2-cifar-gradient-variance,E2,C2,,,,SUCCEEDED,0,927195,2026-08-07T09:16:31+02:00,2026-08-07T11:01:39+02:00,0,,20260807-090945_continue-e2-cifar-gradient-variance,,,,default
20260807-091740_imagenet-formal-state-machine,imagenet-formal-state-machine,,,,,,STOPPED,0,927196,2026-08-07T09:17:41+02:00,2026-08-07T09:35:57+02:00,,stopped by operator,20260807-091000_imagenet-formal-state-machine,20260807-135904_imagenet-formal-state-machine,RUNNING,retry in progress,default
20260807-091801_tsd-cifar10-color-level3-seed2,tsd-cifar10-color-level3-seed2,E7,"C4,C5",cifar10,configs/ssl/cifar10_smoke.json,,SUCCEEDED,1,927200,2026-08-07T09:19:49+02:00,2026-08-07T09:23:46+02:00,0,,,,,,default
20260807-091802_tsd-cifar10-color-level3-seed3,tsd-cifar10-color-level3-seed3,E7,"C4,C5",cifar10,configs/ssl/cifar10_smoke.json,,SUCCEEDED,1,927201,2026-08-07T09:20:19+02:00,2026-08-07T09:24:07+02:00,0,,,,,,default
20260807-091802_tsd-cifar10-color-level3-seed4,tsd-cifar10-color-level3-seed4,E7,"C4,C5",cifar10,configs/ssl/cifar10_smoke.json,,SUCCEEDED,1,927202,2026-08-07T09:20:49+02:00,2026-08-07T09:24:37+02:00,0,,,,,,default
20260807-091811_formal-ssl-state-machine,formal-ssl-state-machine,E5,C3,,,,STOPPED,0,927197,2026-08-07T09:16:27+02:00,2026-08-07T09:35:25+02:00,,stopped by operator,20260807-091004_formal-ssl-state-machine,20260807-135904_formal-ssl-state-machine,RUNNING,retry in progress,default
20260807-092302_tsd-cifar10-color-level3-seed5,tsd-cifar10-color-level3-seed5,E7,"C4,C5",cifar10,configs/ssl/cifar10_smoke.json,,SUCCEEDED,1,927206,2026-08-07T09:24:50+02:00,2026-08-07T09:28:46+02:00,0,,,,,,default
20260807-092303_tsd-cifar10-color-level4-seed1,tsd-cifar10-color-level4-seed1,E7,"C4,C5",cifar10,configs/ssl/cifar10_smoke.json,,SUCCEEDED,1,927207,2026-08-07T09:25:20+02:00,2026-08-07T09:29:05+02:00,0,,,,,,default
20260807-092303_tsd-cifar10-color-level4-seed2,tsd-cifar10-color-level4-seed2,E7,"C4,C5",cifar10,configs/ssl/cifar10_smoke.json,,SUCCEEDED,1,927208,2026-08-07T09:24:50+02:00,2026-08-07T09:28:39+02:00,0,,,,,,default
20260807-092551_imagenet100-vgg16-bn-32step-smoke,imagenet100-vgg16-bn-32step-smoke,,,imagenet100,configs/ssl/imagenet100_smoke.json,,SUCCEEDED,1,927213,2026-08-07T09:27:39+02:00,2026-08-07T09:29:34+02:00,0,,,,,,imagenet
20260807-092702_launch-formal-downstream,launch-formal-downstream,,,,,,STOPPED,0,927211,2026-08-07T09:25:16+02:00,2026-08-07T09:37:51+02:00,,stopped by operator,,20260807-100355_launch-formal-downstream,RUNNING,retry in progress,default
20260807-092803_tsd-cifar10-color-level4-seed3,tsd-cifar10-color-level4-seed3,E7,"C4,C5",cifar10,configs/ssl/cifar10_smoke.json,,SUCCEEDED,1,927216,2026-08-07T09:29:51+02:00,2026-08-07T09:33:47+02:00,0,,,,,,default
20260807-092803_tsd-cifar10-color-level4-seed4,tsd-cifar10-color-level4-seed4,E7,"C4,C5",cifar10,configs/ssl/cifar10_smoke.json,,SUCCEEDED,1,927217,2026-08-07T09:29:51+02:00,2026-08-07T09:33:47+02:00,0,,,,,,default
20260807-092804_tsd-cifar10-color-level4-seed5,tsd-cifar10-color-level4-seed5,E7,"C4,C5",cifar10,configs/ssl/cifar10_smoke.json,,SUCCEEDED,1,927218,2026-08-07T09:30:51+02:00,2026-08-07T09:34:37+02:00,0,,,,,,default
20260807-092804_tsd-cifar10-color-level5-seed1,tsd-cifar10-color-level5-seed1,E7,"C4,C5",cifar10,configs/ssl/cifar10_smoke.json,,SUCCEEDED,1,927219,2026-08-07T09:30:21+02:00,2026-08-07T09:34:11+02:00,0,,,,,,default
20260807-093304_tsd-cifar10-color-level5-seed2,tsd-cifar10-color-level5-seed2,E7,"C4,C5",cifar10,configs/ssl/cifar10_smoke.json,,SUCCEEDED,1,927224,2026-08-07T09:35:53+02:00,2026-08-07T09:39:48+02:00,0,,,,,,default
20260807-093305_tsd-cifar10-color-level5-seed3,tsd-cifar10-color-level5-seed3,E7,"C4,C5",cifar10,configs/ssl/cifar10_smoke.json,,SUCCEEDED,1,927225,2026-08-07T09:35:22+02:00,2026-08-07T09:39:22+02:00,0,,,,,,default
20260807-093305_tsd-cifar10-color-level5-seed4,tsd-cifar10-color-level5-seed4,E7,"C4,C5",cifar10,configs/ssl/cifar10_smoke.json,,SUCCEEDED,1,927226,2026-08-07T09:35:22+02:00,2026-08-07T09:39:07+02:00,0,,,,,,default
20260807-093305_tsd-cifar10-color-level5-seed5,tsd-cifar10-color-level5-seed5,E7,"C4,C5",cifar10,configs/ssl/cifar10_smoke.json,,SUCCEEDED,1,927227,2026-08-07T09:34:52+02:00,2026-08-07T09:38:43+02:00,0,,,,,,default
20260807-093630_imagenet-formal-state-machine,imagenet-formal-state-machine,,,,,,STOPPED,0,927228,2026-08-07T09:34:44+02:00,2026-08-07T09:45:54+02:00,,stopped by operator,20260807-091740_imagenet-formal-state-machine,20260807-135904_imagenet-formal-state-machine,RUNNING,retry in progress,default
20260807-093806_tsd-cifar10-color-level6-seed1,tsd-cifar10-color-level6-seed1,E7,"C4,C5",cifar10,configs/ssl/cifar10_smoke.json,,SUCCEEDED,1,927233,2026-08-07T09:40:53+02:00,2026-08-07T09:44:47+02:00,0,,,,,,default
20260807-093806_tsd-cifar10-color-level6-seed2,tsd-cifar10-color-level6-seed2,E7,"C4,C5",cifar10,configs/ssl/cifar10_smoke.json,,SUCCEEDED,1,927234,2026-08-07T09:40:23+02:00,2026-08-07T09:44:22+02:00,0,,,,,,default
20260807-093806_tsd-cifar10-color-level6-seed3,tsd-cifar10-color-level6-seed3,E7,"C4,C5",cifar10,configs/ssl/cifar10_smoke.json,,SUCCEEDED,1,927235,2026-08-07T09:39:53+02:00,2026-08-07T09:43:37+02:00,0,,,,,,default
20260807-093806_tsd-cifar10-color-level6-seed4,tsd-cifar10-color-level6-seed4,E7,"C4,C5",cifar10,configs/ssl/cifar10_smoke.json,,SUCCEEDED,1,927236,2026-08-07T09:39:54+02:00,2026-08-07T09:43:41+02:00,0,,,,,,default
20260807-093830_launch-formal-downstream,launch-formal-downstream,,,,,,STOPPED,0,927231,2026-08-07T09:36:44+02:00,2026-08-07T10:03:30+02:00,,stopped by operator,20260807-092702_launch-formal-downstream,20260807-100355_launch-formal-downstream,RUNNING,retry in progress,default
20260807-094011_formal-ssl-state-machine,formal-ssl-state-machine,E5,C3,,,,STOPPED,0,927237,2026-08-07T09:38:25+02:00,2026-08-07T09:45:54+02:00,,stopped by operator,20260807-091811_formal-ssl-state-machine,20260807-135904_formal-ssl-state-machine,RUNNING,retry in progress,default
20260807-094307_tsd-cifar10-blur-level0-seed1,tsd-cifar10-blur-level0-seed1,E7,"C4,C5",cifar10,configs/ssl/cifar10_smoke.json,,SUCCEEDED,1,927256,2026-08-07T09:45:54+02:00,2026-08-07T09:49:49+02:00,0,,,,,,default
20260807-094307_tsd-cifar10-blur-level0-seed2,tsd-cifar10-blur-level0-seed2,E7,"C4,C5",cifar10,configs/ssl/cifar10_smoke.json,,SUCCEEDED,1,927257,2026-08-07T09:45:26+02:00,2026-08-07T09:49:11+02:00,0,,,,,,default
20260807-094307_tsd-cifar10-blur-level0-seed3,tsd-cifar10-blur-level0-seed3,E7,"C4,C5",cifar10,configs/ssl/cifar10_smoke.json,,SUCCEEDED,1,927258,2026-08-07T09:44:56+02:00,2026-08-07T09:48:48+02:00,0,,,,,,default
20260807-094307_tsd-cifar10-color-level6-seed5,tsd-cifar10-color-level6-seed5,E7,"C4,C5",cifar10,configs/ssl/cifar10_smoke.json,,SUCCEEDED,1,927255,2026-08-07T09:45:24+02:00,2026-08-07T09:49:22+02:00,0,,,,,,default
20260807-094640_formal-ssl-state-machine,formal-ssl-state-machine,E5,C3,,,,STOPPED,0,927260,2026-08-07T09:44:54+02:00,2026-08-07T09:58:02+02:00,,stopped by operator,20260807-094011_formal-ssl-state-machine,20260807-135904_formal-ssl-state-machine,RUNNING,retry in progress,default
20260807-094640_imagenet-formal-state-machine,imagenet-formal-state-machine,,,,,,STOPPED,0,927259,2026-08-07T09:45:24+02:00,2026-08-07T13:59:04+02:00,,stopped by operator,20260807-093630_imagenet-formal-state-machine,20260807-135904_imagenet-formal-state-machine,RUNNING,retry in progress,default
20260807-094808_tsd-cifar10-blur-level0-seed4,tsd-cifar10-blur-level0-seed4,E7,"C4,C5",cifar10,configs/ssl/cifar10_smoke.json,,SUCCEEDED,1,927267,2026-08-07T09:49:55+02:00,2026-08-07T09:53:52+02:00,0,,,,,,default
20260807-094808_tsd-cifar10-blur-level0-seed5,tsd-cifar10-blur-level0-seed5,E7,"C4,C5",cifar10,configs/ssl/cifar10_smoke.json,,SUCCEEDED,1,927268,2026-08-07T09:50:25+02:00,2026-08-07T09:54:23+02:00,0,,,,,,default
20260807-094808_tsd-cifar10-blur-level1-seed1,tsd-cifar10-blur-level1-seed1,E7,"C4,C5",cifar10,configs/ssl/cifar10_smoke.json,,SUCCEEDED,1,927269,2026-08-07T09:49:57+02:00,2026-08-07T09:53:46+02:00,0,,,,,,default
20260807-094809_tsd-cifar10-blur-level1-seed2,tsd-cifar10-blur-level1-seed2,E7,"C4,C5",cifar10,configs/ssl/cifar10_smoke.json,,SUCCEEDED,1,927270,2026-08-07T09:49:57+02:00,2026-08-07T09:53:47+02:00,0,,,,,,default
20260807-095309_tsd-cifar10-blur-level1-seed3,tsd-cifar10-blur-level1-seed3,E7,"C4,C5",cifar10,configs/ssl/cifar10_smoke.json,,SUCCEEDED,1,927283,2026-08-07T09:55:57+02:00,2026-08-07T09:59:25+02:00,0,,,,,,default
20260807-095309_tsd-cifar10-blur-level1-seed4,tsd-cifar10-blur-level1-seed4,E7,"C4,C5",cifar10,configs/ssl/cifar10_smoke.json,,SUCCEEDED,1,927284,2026-08-07T09:54:57+02:00,2026-08-07T09:58:28+02:00,0,,,,,,default
20260807-095310_tsd-cifar10-blur-level1-seed5,tsd-cifar10-blur-level1-seed5,E7,"C4,C5",cifar10,configs/ssl/cifar10_smoke.json,,SUCCEEDED,1,927285,2026-08-07T09:55:27+02:00,2026-08-07T09:58:55+02:00,0,,,,,,default
20260807-095310_tsd-cifar10-blur-level2-seed1,tsd-cifar10-blur-level2-seed1,E7,"C4,C5",cifar10,configs/ssl/cifar10_smoke.json,,SUCCEEDED,1,927286,2026-08-07T09:54:57+02:00,2026-08-07T09:58:58+02:00,0,,,,,,default
20260807-095810_tsd-cifar10-blur-level2-seed2,tsd-cifar10-blur-level2-seed2,E7,"C4,C5",cifar10,configs/ssl/cifar10_smoke.json,,SUCCEEDED,1,927288,2026-08-07T10:00:58+02:00,2026-08-07T10:04:26+02:00,0,,,,,,default
20260807-095811_tsd-cifar10-blur-level2-seed3,tsd-cifar10-blur-level2-seed3,E7,"C4,C5",cifar10,configs/ssl/cifar10_smoke.json,,SUCCEEDED,1,927289,2026-08-07T10:00:28+02:00,2026-08-07T10:03:56+02:00,0,,,,,,default
20260807-095811_tsd-cifar10-blur-level2-seed4,tsd-cifar10-blur-level2-seed4,E7,"C4,C5",cifar10,configs/ssl/cifar10_smoke.json,,SUCCEEDED,1,927290,2026-08-07T09:59:58+02:00,2026-08-07T10:03:29+02:00,0,,,,,,default
20260807-095811_tsd-cifar10-blur-level2-seed5,tsd-cifar10-blur-level2-seed5,E7,"C4,C5",cifar10,configs/ssl/cifar10_smoke.json,,SUCCEEDED,1,927291,2026-08-07T09:59:58+02:00,2026-08-07T10:03:58+02:00,0,,,,,,default
20260807-100057_formal-ssl-state-machine,formal-ssl-state-machine,E5,C3,,,,STOPPED,0,927293,2026-08-07T09:59:12+02:00,2026-08-07T13:59:03+02:00,,stopped by operator,20260807-094640_formal-ssl-state-machine,20260807-135904_formal-ssl-state-machine,RUNNING,retry in progress,default
20260807-100312_tsd-cifar10-blur-level3-seed1,tsd-cifar10-blur-level3-seed1,E7,"C4,C5",cifar10,configs/ssl/cifar10_smoke.json,,SUCCEEDED,1,927297,2026-08-07T10:06:30+02:00,2026-08-07T10:09:58+02:00,0,,,,,,default
20260807-100312_tsd-cifar10-blur-level3-seed2,tsd-cifar10-blur-level3-seed2,E7,"C4,C5",cifar10,configs/ssl/cifar10_smoke.json,,SUCCEEDED,1,927298,2026-08-07T10:05:29+02:00,2026-08-07T10:09:01+02:00,0,,,,,,default
20260807-100312_tsd-cifar10-blur-level3-seed3,tsd-cifar10-blur-level3-seed3,E7,"C4,C5",cifar10,configs/ssl/cifar10_smoke.json,,SUCCEEDED,1,927299,2026-08-07T10:05:59+02:00,2026-08-07T10:09:27+02:00,0,,,,,,default
20260807-100312_tsd-cifar10-blur-level3-seed4,tsd-cifar10-blur-level3-seed4,E7,"C4,C5",cifar10,configs/ssl/cifar10_smoke.json,,SUCCEEDED,1,927300,2026-08-07T10:05:02+02:00,2026-08-07T10:09:01+02:00,0,,,,,,default
20260807-100355_launch-formal-downstream,launch-formal-downstream,,,,,,RUNNING,0,927294,2026-08-07T10:03:56+02:00,,,,20260807-093830_launch-formal-downstream,,,,default
20260807-100813_tsd-cifar10-blur-level3-seed5,tsd-cifar10-blur-level3-seed5,E7,"C4,C5",cifar10,configs/ssl/cifar10_smoke.json,,SUCCEEDED,1,927305,2026-08-07T10:10:01+02:00,2026-08-07T10:13:31+02:00,0,,,,,,default
20260807-100813_tsd-cifar10-blur-level4-seed1,tsd-cifar10-blur-level4-seed1,E7,"C4,C5",cifar10,configs/ssl/cifar10_smoke.json,,SUCCEEDED,1,927306,2026-08-07T10:10:31+02:00,2026-08-07T10:14:00+02:00,0,,,,,,default
20260807-100813_tsd-cifar10-blur-level4-seed2,tsd-cifar10-blur-level4-seed2,E7,"C4,C5",cifar10,configs/ssl/cifar10_smoke.json,,SUCCEEDED,1,927307,2026-08-07T10:10:01+02:00,2026-08-07T10:13:31+02:00,0,,,,,,default
20260807-100813_tsd-cifar10-blur-level4-seed3,tsd-cifar10-blur-level4-seed3,E7,"C4,C5",cifar10,configs/ssl/cifar10_smoke.json,,SUCCEEDED,1,927308,2026-08-07T10:10:01+02:00,2026-08-07T10:14:00+02:00,0,,,,,,default
20260807-101314_tsd-cifar10-blur-level4-seed4,tsd-cifar10-blur-level4-seed4,E7,"C4,C5",cifar10,configs/ssl/cifar10_smoke.json,,SUCCEEDED,1,927309,2026-08-07T10:15:01+02:00,2026-08-07T10:18:32+02:00,0,,,,,,default
20260807-101314_tsd-cifar10-blur-level4-seed5,tsd-cifar10-blur-level4-seed5,E7,"C4,C5",cifar10,configs/ssl/cifar10_smoke.json,,SUCCEEDED,1,927310,2026-08-07T10:15:01+02:00,2026-08-07T10:18:32+02:00,0,,,,,,default
20260807-101314_tsd-cifar10-blur-level5-seed1,tsd-cifar10-blur-level5-seed1,E7,"C4,C5",cifar10,configs/ssl/cifar10_smoke.json,,SUCCEEDED,1,927311,2026-08-07T10:15:04+02:00,2026-08-07T10:18:32+02:00,0,,,,,,default
20260807-101315_tsd-cifar10-blur-level5-seed2,tsd-cifar10-blur-level5-seed2,E7,"C4,C5",cifar10,configs/ssl/cifar10_smoke.json,,SUCCEEDED,1,927312,2026-08-07T10:15:04+02:00,2026-08-07T10:19:03+02:00,0,,,,,,default
20260807-101815_tsd-cifar10-blur-level5-seed3,tsd-cifar10-blur-level5-seed3,E7,"C4,C5",cifar10,configs/ssl/cifar10_smoke.json,,SUCCEEDED,1,927313,2026-08-07T10:20:32+02:00,2026-08-07T10:24:00+02:00,0,,,,,,default
20260807-101815_tsd-cifar10-blur-level5-seed4,tsd-cifar10-blur-level5-seed4,E7,"C4,C5",cifar10,configs/ssl/cifar10_smoke.json,,SUCCEEDED,1,927314,2026-08-07T10:21:03+02:00,2026-08-07T10:24:30+02:00,0,,,,,,default
20260807-101816_tsd-cifar10-blur-level5-seed5,tsd-cifar10-blur-level5-seed5,E7,"C4,C5",cifar10,configs/ssl/cifar10_smoke.json,,SUCCEEDED,1,927315,2026-08-07T10:20:03+02:00,2026-08-07T10:23:34+02:00,0,,,,,,default
20260807-101816_tsd-cifar10-blur-level6-seed1,tsd-cifar10-blur-level6-seed1,E7,"C4,C5",cifar10,configs/ssl/cifar10_smoke.json,,SUCCEEDED,1,927316,2026-08-07T10:20:03+02:00,2026-08-07T10:24:03+02:00,0,,,,,,default
20260807-102316_tsd-cifar10-blur-level6-seed2,tsd-cifar10-blur-level6-seed2,E7,"C4,C5",cifar10,configs/ssl/cifar10_smoke.json,,SUCCEEDED,1,927318,2026-08-07T10:25:03+02:00,2026-08-07T10:28:33+02:00,0,,,,,,default
20260807-102316_tsd-cifar10-blur-level6-seed3,tsd-cifar10-blur-level6-seed3,E7,"C4,C5",cifar10,configs/ssl/cifar10_smoke.json,,SUCCEEDED,1,927319,2026-08-07T10:25:04+02:00,2026-08-07T10:28:33+02:00,0,,,,,,default
20260807-102317_tsd-cifar10-blur-level6-seed4,tsd-cifar10-blur-level6-seed4,E7,"C4,C5",cifar10,configs/ssl/cifar10_smoke.json,,SUCCEEDED,1,927320,2026-08-07T10:25:04+02:00,2026-08-07T10:29:04+02:00,0,,,,,,default
20260807-102341_imagenet100-vit_s_16-imagenet-dependence-localization,imagenet100-vit_s_16-imagenet-dependence-localization,E9,C7,imagenet100,configs/ssl/imagenet100_smoke.json,,SUCCEEDED,1,927321,2026-08-07T10:25:58+02:00,2026-08-07T10:26:18+02:00,0,,,,,,imagenet
20260807-102624_e3-cifar10-objective-logdet-fp64-fixed,e3-cifar10-objective-logdet-fp64-fixed,E3,"C1,C2",cifar10,configs/ssl/cifar10_smoke.json,,SUCCEEDED,1,927322,2026-08-07T10:26:25+02:00,2026-08-07T10:30:46+02:00,0,,,,,,default
20260807-102841_imagenet100-vit_s_16-randomized-cub-localization,imagenet100-vit_s_16-randomized-cub-localization,E9,C7,cub,configs/ssl/imagenet100_smoke.json,,SUCCEEDED,1,927325,2026-08-07T10:30:59+02:00,2026-08-07T10:31:19+02:00,0,,,,,,imagenet
20260807-102842_e9-v2-resnet50-cub-faithfulness-auc,e9-v2-resnet50-cub-faithfulness-auc,E9,C7,cub,configs/ssl/imagenet1k_smoke.json,,SUCCEEDED,1,927326,2026-08-07T10:30:32+02:00,2026-08-07T10:30:52+02:00,0,,,,,,imagenet
20260807-102842_e9-v2-resnet50-voc-faithfulness-auc,e9-v2-resnet50-voc-faithfulness-auc,E9,C7,voc,configs/ssl/imagenet1k_smoke.json,,SUCCEEDED,1,927327,2026-08-07T10:30:32+02:00,2026-08-07T10:30:52+02:00,0,,,,,,imagenet
20260807-102900_e4-cifar10-deepsets-m8-seed2,e4-cifar10-deepsets-m8-seed2,E4,"C2,C3",cifar10,configs/ssl/cifar10_smoke.json,,SUCCEEDED,1,927328,2026-08-07T10:30:49+02:00,2026-08-07T10:42:04+02:00,0,,,,,,default
20260807-102908_e7-dsprites-grayscale-32step,e7-dsprites-grayscale-32step,E7,"C4,C5",dsprites,configs/ssl/dsprites_smoke.json,,SUCCEEDED,1,927329,2026-08-07T10:30:55+02:00,2026-08-07T10:31:37+02:00,0,,,,,,default
20260807-102908_e7-dsprites-noise-32step,e7-dsprites-noise-32step,E7,"C4,C5",dsprites,configs/ssl/dsprites_smoke.json,,SUCCEEDED,1,927330,2026-08-07T10:30:55+02:00,2026-08-07T10:31:43+02:00,0,,,,,,default
20260807-102941_cifar100-simclr-screening,cifar100-simclr-screening,,,cifar100,configs/ssl/cifar100_smoke.json,,SUCCEEDED,1,927332,2026-08-07T10:31:28+02:00,2026-08-07T10:34:49+02:00,0,,,,,,default
20260807-103056_imagenet100-vgg16-bn-cub-localization,imagenet100-vgg16-bn-cub-localization,E9,C7,cub,configs/ssl/imagenet100_smoke.json,,SUCCEEDED,1,927334,2026-08-07T10:32:44+02:00,2026-08-07T10:33:07+02:00,0,,,,,,imagenet
20260807-103137_e2-cifar10-frozen-gradient-variance-500,e2-cifar10-frozen-gradient-variance-500,E2,C2,cifar10,configs/ssl/cifar10_paper_concat_smoke.json,,SUCCEEDED,1,927333,2026-08-07T10:31:38+02:00,2026-08-07T11:00:38+02:00,0,,,,,,default
20260807-103343_e9-v2-resnet50-imagenet-faithfulness-auc,e9-v2-resnet50-imagenet-faithfulness-auc,E9,C7,imagenet1k,configs/ssl/imagenet1k_smoke.json,,SUCCEEDED,1,927335,2026-08-07T10:35:30+02:00,2026-08-07T10:35:49+02:00,0,,,,,,imagenet
20260807-103343_e9-v2-resnet50-randomized-cub-faithfulness-auc,e9-v2-resnet50-randomized-cub-faithfulness-auc,E9,C7,cub,configs/ssl/imagenet1k_smoke.json,,SUCCEEDED,1,927336,2026-08-07T10:35:30+02:00,2026-08-07T10:35:49+02:00,0,,,,,,imagenet
20260807-103405_e7-dsprites-stability-seed2,e7-dsprites-stability-seed2,E7,"C4,C5",dsprites,configs/ssl/dsprites_smoke.json,,SUCCEEDED,1,927337,2026-08-07T10:35:53+02:00,2026-08-07T10:36:36+02:00,0,,,,,,default
20260807-103405_e7-dsprites-stability-seed3,e7-dsprites-stability-seed3,E7,"C4,C5",dsprites,configs/ssl/dsprites_smoke.json,,SUCCEEDED,1,927338,2026-08-07T10:35:53+02:00,2026-08-07T10:36:43+02:00,0,,,,,,default
20260807-103557_imagenet100-vgg16-bn-imagenet-localization,imagenet100-vgg16-bn-imagenet-localization,E9,C7,imagenet100,configs/ssl/imagenet100_smoke.json,,SUCCEEDED,1,927340,2026-08-07T10:37:47+02:00,2026-08-07T10:38:04+02:00,0,,,,,,imagenet
20260807-103557_imagenet100-vgg16-bn-voc-localization,imagenet100-vgg16-bn-voc-localization,E9,C7,voc,configs/ssl/imagenet100_smoke.json,,SUCCEEDED,1,927339,2026-08-07T10:37:44+02:00,2026-08-07T10:38:04+02:00,0,,,,,,imagenet
20260807-103749_validate-new-orchestration-syntax,validate-new-orchestration-syntax,,,,,,SUCCEEDED,0,927341,2026-08-07T10:37:50+02:00,2026-08-07T10:37:50+02:00,0,,,,,,default
20260807-103844_e9-v2-convnext_tiny-cub-faithfulness-auc,e9-v2-convnext_tiny-cub-faithfulness-auc,E9,C7,cub,configs/ssl/imagenet100_smoke.json,,SUCCEEDED,1,927343,2026-08-07T10:40:31+02:00,2026-08-07T10:40:56+02:00,0,,,,,,imagenet
20260807-103844_e9-v2-convnext_tiny-voc-faithfulness-auc,e9-v2-convnext_tiny-voc-faithfulness-auc,E9,C7,voc,configs/ssl/imagenet100_smoke.json,,SUCCEEDED,1,927344,2026-08-07T10:40:31+02:00,2026-08-07T10:40:57+02:00,0,,,,,,imagenet
20260807-103915_imagenet1k-32step-imagenet-c-robustness-fixed,imagenet1k-32step-imagenet-c-robustness-fixed,E6,C3,imagenet1k,,,SUCCEEDED,1,927345,2026-08-07T10:41:02+02:00,2026-08-07T13:29:12+02:00,0,,,,,,imagenet
20260807-103915_imagenet1k-32step-imagenet-r-robustness-fixed,imagenet1k-32step-imagenet-r-robustness-fixed,E6,C3,imagenet1k,,,SUCCEEDED,1,927346,2026-08-07T10:41:04+02:00,2026-08-07T10:42:01+02:00,0,,,,,,imagenet
20260807-104058_imagenet100-vgg16-bn-randomized-cub-localization,imagenet100-vgg16-bn-randomized-cub-localization,E9,C7,cub,configs/ssl/imagenet100_smoke.json,,SUCCEEDED,1,927349,2026-08-07T10:42:45+02:00,2026-08-07T10:43:05+02:00,0,,,,,,imagenet
20260807-104344_e9-v2-convnext_tiny-imagenet-faithfulness-auc,e9-v2-convnext_tiny-imagenet-faithfulness-auc,E9,C7,imagenet100,configs/ssl/imagenet100_smoke.json,,SUCCEEDED,1,927354,2026-08-07T10:45:32+02:00,2026-08-07T10:45:56+02:00,0,,,,,,imagenet
20260807-104345_e9-v2-convnext_tiny-randomized-cub-faithfulness-auc,e9-v2-convnext_tiny-randomized-cub-faithfulness-auc,E9,C7,cub,configs/ssl/imagenet100_smoke.json,,SUCCEEDED,1,927355,2026-08-07T10:45:32+02:00,2026-08-07T10:45:58+02:00,0,,,,,,imagenet
20260807-104416_imagenet1k-32step-imagenet-a-robustness-fixed,imagenet1k-32step-imagenet-a-robustness-fixed,E6,C3,imagenet1k,,,SUCCEEDED,1,927356,2026-08-07T10:46:03+02:00,2026-08-07T10:46:36+02:00,0,,,,,,imagenet
20260807-104424_cifar100-lowlabel-1p0,cifar100-lowlabel-1p0,E6,C3,cifar100,configs/ssl/cifar100_smoke.json,,SUCCEEDED,1,927357,2026-08-07T10:46:12+02:00,2026-08-07T10:48:13+02:00,0,,,,,,default
20260807-104845_e9-v2-vit_s_16-cub-faithfulness-auc,e9-v2-vit_s_16-cub-faithfulness-auc,E9,C7,cub,configs/ssl/imagenet100_smoke.json,,SUCCEEDED,1,927367,2026-08-07T10:50:33+02:00,2026-08-07T10:50:56+02:00,0,,,,,,imagenet
20260807-104845_e9-v2-vit_s_16-voc-faithfulness-auc,e9-v2-vit_s_16-voc-faithfulness-auc,E9,C7,voc,configs/ssl/imagenet100_smoke.json,,SUCCEEDED,1,927368,2026-08-07T10:50:33+02:00,2026-08-07T10:50:54+02:00,0,,,,,,imagenet
20260807-104910_cifar10-dcca-5epoch-screening,cifar10-dcca-5epoch-screening,,,cifar10,configs/ssl/cifar10_baseline_smoke.json,,SUCCEEDED,1,927370,2026-08-07T10:51:28+02:00,2026-08-07T10:54:53+02:00,0,,,,,,default
20260807-104910_cifar10-regular-fmca-m1-5epoch,cifar10-regular-fmca-m1-5epoch,,,cifar10,configs/ssl/cifar10_smoke.json,,SUCCEEDED,1,927369,2026-08-07T10:50:57+02:00,2026-08-07T10:52:57+02:00,0,,,,,,default
20260807-105346_e9-v2-vit_s_16-imagenet-faithfulness-auc,e9-v2-vit_s_16-imagenet-faithfulness-auc,E9,C7,imagenet100,configs/ssl/imagenet100_smoke.json,,SUCCEEDED,1,927380,2026-08-07T10:55:33+02:00,2026-08-07T10:55:53+02:00,0,,,,,,imagenet
20260807-105346_e9-v2-vit_s_16-randomized-cub-faithfulness-auc,e9-v2-vit_s_16-randomized-cub-faithfulness-auc,E9,C7,cub,configs/ssl/imagenet100_smoke.json,,SUCCEEDED,1,927381,2026-08-07T10:55:35+02:00,2026-08-07T10:55:54+02:00,0,,,,,,imagenet
20260807-105403_diagnose-tsd-recovery-process,diagnose-tsd-recovery-process,E7,"C4,C5",,,,FAILED,0,927378,2026-08-07T10:54:04+02:00,2026-08-07T10:54:04+02:00,255,command exited with code 255,,,,,default
20260807-105411_cifar10-vamp2-5epoch-screening,cifar10-vamp2-5epoch-screening,,,cifar10,configs/ssl/cifar10_baseline_smoke.json,,SUCCEEDED,1,927388,2026-08-07T10:55:58+02:00,2026-08-07T10:59:09+02:00,0,,,,,,default
20260807-105425_imagenet100-lowlabel-1p0-smoke,imagenet100-lowlabel-1p0-smoke,E6,C3,imagenet100,configs/ssl/imagenet100_smoke.json,,SUCCEEDED,1,927389,2026-08-07T10:56:13+02:00,2026-08-07T11:04:50+02:00,0,,,,,,imagenet
20260807-105829_complete-low-label-probe-wave-existing,complete-low-label-probe-wave-existing,E6,C3,,,,FAILED,0,927396,2026-08-07T10:56:44+02:00,2026-08-07T11:06:44+02:00,1,command exited with code 1,,20260807-111328_complete-low-label-probe-wave-existing,SUCCEEDED,recovered by retry,default
20260807-105850_tsd-cifar10-blur-level6-seed5,tsd-cifar10-blur-level6-seed5,E7,"C4,C5",cifar10,configs/ssl/cifar10_smoke.json,,SUCCEEDED,1,927399,2026-08-07T11:00:37+02:00,2026-08-07T11:04:14+02:00,0,,,,,,default
20260807-105903_e4-cifar10-deepsets-m8-seed3,e4-cifar10-deepsets-m8-seed3,E4,"C2,C3",cifar10,configs/ssl/cifar10_smoke.json,,SUCCEEDED,1,927400,2026-08-07T11:00:50+02:00,2026-08-07T11:12:10+02:00,0,,,,,,default
20260807-110350_tsd-cifar10-rotation-level0-seed1,tsd-cifar10-rotation-level0-seed1,E7,"C4,C5",cifar10,configs/ssl/cifar10_smoke.json,,SUCCEEDED,1,927407,2026-08-07T11:06:08+02:00,2026-08-07T11:09:35+02:00,0,,,,,,default
20260807-110350_tsd-cifar10-rotation-level0-seed2,tsd-cifar10-rotation-level0-seed2,E7,"C4,C5",cifar10,configs/ssl/cifar10_smoke.json,,SUCCEEDED,1,927408,2026-08-07T11:05:37+02:00,2026-08-07T11:09:12+02:00,0,,,,,,default
20260807-110424_continue-e2-fixed-anchor-gradient-variance,continue-e2-fixed-anchor-gradient-variance,E2,C2,,,,SUCCEEDED,0,927403,2026-08-07T11:04:25+02:00,2026-08-07T11:34:27+02:00,0,,,,,,default
20260807-110851_tsd-cifar10-rotation-level0-seed3,tsd-cifar10-rotation-level0-seed3,E7,"C4,C5",cifar10,configs/ssl/cifar10_smoke.json,,SUCCEEDED,1,927416,2026-08-07T11:10:38+02:00,2026-08-07T11:14:10+02:00,0,,,,,,default
20260807-110925_e2-cifar10-fixed-anchor-gradient-variance-500,e2-cifar10-fixed-anchor-gradient-variance-500,E2,C2,cifar10,configs/ssl/cifar10_paper_concat_smoke.json,,SUCCEEDED,1,927412,2026-08-07T11:09:26+02:00,2026-08-07T11:32:22+02:00,0,,,,,,default
20260807-111328_complete-low-label-probe-wave-existing,complete-low-label-probe-wave-existing,E6,C3,,,,SUCCEEDED,0,927422,2026-08-07T11:11:42+02:00,2026-08-07T11:16:43+02:00,0,,20260807-105829_complete-low-label-probe-wave-existing,,,,default
20260807-111352_tsd-cifar10-rotation-level0-seed4,tsd-cifar10-rotation-level0-seed4,E7,"C4,C5",cifar10,configs/ssl/cifar10_smoke.json,,SUCCEEDED,1,927424,2026-08-07T11:15:39+02:00,2026-08-07T11:19:13+02:00,0,,,,,,default
20260807-111352_tsd-cifar10-rotation-level0-seed5,tsd-cifar10-rotation-level0-seed5,E7,"C4,C5",cifar10,configs/ssl/cifar10_smoke.json,,SUCCEEDED,1,927425,2026-08-07T11:15:39+02:00,2026-08-07T11:19:13+02:00,0,,,,,,default
20260807-111852_tsd-cifar10-rotation-level1-seed1,tsd-cifar10-rotation-level1-seed1,E7,"C4,C5",cifar10,configs/ssl/cifar10_smoke.json,,SUCCEEDED,1,927434,2026-08-07T11:21:10+02:00,2026-08-07T11:24:37+02:00,0,,,,,,default
20260807-111852_tsd-cifar10-rotation-level1-seed2,tsd-cifar10-rotation-level1-seed2,E7,"C4,C5",cifar10,configs/ssl/cifar10_smoke.json,,SUCCEEDED,1,927435,2026-08-07T11:20:40+02:00,2026-08-07T11:24:14+02:00,0,,,,,,default
20260807-112353_tsd-cifar10-rotation-level1-seed3,tsd-cifar10-rotation-level1-seed3,E7,"C4,C5",cifar10,configs/ssl/cifar10_smoke.json,,SUCCEEDED,1,927439,2026-08-07T11:25:40+02:00,2026-08-07T11:29:12+02:00,0,,,,,,default
20260807-112353_tsd-cifar10-rotation-level1-seed4,tsd-cifar10-rotation-level1-seed4,E7,"C4,C5",cifar10,configs/ssl/cifar10_smoke.json,,SUCCEEDED,1,927440,2026-08-07T11:25:43+02:00,2026-08-07T11:29:12+02:00,0,,,,,,default
20260807-112609_validate-e1-estimator-protocol-syntax,validate-e1-estimator-protocol-syntax,E1,C1,,,,SUCCEEDED,0,927441,2026-08-07T11:24:24+02:00,2026-08-07T11:24:24+02:00,0,,,,,,default
20260807-112854_tsd-cifar10-rotation-level1-seed5,tsd-cifar10-rotation-level1-seed5,E7,"C4,C5",cifar10,configs/ssl/cifar10_smoke.json,,SUCCEEDED,1,927446,2026-08-07T11:30:41+02:00,2026-08-07T11:34:46+02:00,0,,,,,,default
20260807-112854_tsd-cifar10-rotation-level2-seed1,tsd-cifar10-rotation-level2-seed1,E7,"C4,C5",cifar10,configs/ssl/cifar10_smoke.json,,SUCCEEDED,1,927447,2026-08-07T11:31:11+02:00,2026-08-07T11:35:09+02:00,0,,,,,,default
20260807-113037_validate-imagenet-lowlabel-state-machine-syntax,validate-imagenet-lowlabel-state-machine-syntax,E6,C3,,,,SUCCEEDED,0,927445,2026-08-07T11:28:51+02:00,2026-08-07T11:28:52+02:00,0,,,,,,default
20260807-113350_formal-imagenet1k-low-label-state-machine,formal-imagenet1k-low-label-state-machine,E6,C3,,,,RUNNING,0,927450,2026-08-07T11:32:06+02:00,,,,,,,,default
20260807-113355_tsd-cifar10-rotation-level2-seed2,tsd-cifar10-rotation-level2-seed2,E7,"C4,C5",cifar10,configs/ssl/cifar10_smoke.json,,SUCCEEDED,1,927467,2026-08-07T11:35:43+02:00,2026-08-07T11:39:18+02:00,0,,,,,,default
20260807-113355_tsd-cifar10-rotation-level2-seed3,tsd-cifar10-rotation-level2-seed3,E7,"C4,C5",cifar10,configs/ssl/cifar10_smoke.json,,SUCCEEDED,1,927468,2026-08-07T11:36:13+02:00,2026-08-07T11:39:43+02:00,0,,,,,,default
20260807-113355_tsd-cifar10-rotation-level2-seed4,tsd-cifar10-rotation-level2-seed4,E7,"C4,C5",cifar10,configs/ssl/cifar10_smoke.json,,SUCCEEDED,1,927469,2026-08-07T11:35:43+02:00,2026-08-07T11:39:17+02:00,0,,,,,,default
20260807-113355_validate-downstream-imagenet-lowlabel-integration,validate-downstream-imagenet-lowlabel-integration,E6,C3,,,,SUCCEEDED,0,927451,2026-08-07T11:33:56+02:00,2026-08-07T11:33:56+02:00,0,,,,,,default
20260807-113450_validate-formal-localization-three-seed-syntax,validate-formal-localization-three-seed-syntax,E9,C7,,,,SUCCEEDED,0,927453,2026-08-07T11:34:51+02:00,2026-08-07T11:34:51+02:00,0,,,,,,default
20260807-113537_validate-formal-transfer-three-seed-syntax,validate-formal-transfer-three-seed-syntax,E6,C3,,,,SUCCEEDED,0,927465,2026-08-07T11:35:38+02:00,2026-08-07T11:35:38+02:00,0,,,,,,default
20260807-113720_validate-e6-e9-seed-summary-renderers,validate-e6-e9-seed-summary-renderers,E6,C3,,,,SUCCEEDED,0,927470,2026-08-07T11:37:21+02:00,2026-08-07T11:37:21+02:00,0,,,,,,default
20260807-113856_tsd-cifar10-rotation-level2-seed5,tsd-cifar10-rotation-level2-seed5,E7,"C4,C5",cifar10,configs/ssl/cifar10_smoke.json,,SUCCEEDED,1,927476,2026-08-07T11:40:44+02:00,2026-08-07T11:44:18+02:00,0,,,,,,default
20260807-113856_tsd-cifar10-rotation-level3-seed1,tsd-cifar10-rotation-level3-seed1,E7,"C4,C5",cifar10,configs/ssl/cifar10_smoke.json,,SUCCEEDED,1,927477,2026-08-07T11:41:14+02:00,2026-08-07T11:44:45+02:00,0,,,,,,default
20260807-113856_tsd-cifar10-rotation-level3-seed2,tsd-cifar10-rotation-level3-seed2,E7,"C4,C5",cifar10,configs/ssl/cifar10_smoke.json,,SUCCEEDED,1,927478,2026-08-07T11:40:44+02:00,2026-08-07T11:44:18+02:00,0,,,,,,default
20260807-113921_validate-e8-observation-noise-extension,validate-e8-observation-noise-extension,E8,C6,,,,SUCCEEDED,0,927472,2026-08-07T11:39:22+02:00,2026-08-07T11:39:22+02:00,0,,,,,,default
20260807-114149_validate-finite-sample-recovery-suite,validate-finite-sample-recovery-suite,,,,,,SUCCEEDED,0,927480,2026-08-07T11:41:50+02:00,2026-08-07T11:41:50+02:00,0,,,,,,default
20260807-114357_tsd-cifar10-rotation-level3-seed3,tsd-cifar10-rotation-level3-seed3,E7,"C4,C5",cifar10,configs/ssl/cifar10_smoke.json,,SUCCEEDED,1,927485,2026-08-07T11:46:14+02:00,2026-08-07T11:49:45+02:00,0,,,,,,default
20260807-114357_tsd-cifar10-rotation-level3-seed4,tsd-cifar10-rotation-level3-seed4,E7,"C4,C5",cifar10,configs/ssl/cifar10_smoke.json,,SUCCEEDED,1,927486,2026-08-07T11:45:44+02:00,2026-08-07T11:49:19+02:00,0,,,,,,default
20260807-114357_tsd-cifar10-rotation-level3-seed5,tsd-cifar10-rotation-level3-seed5,E7,"C4,C5",cifar10,configs/ssl/cifar10_smoke.json,,SUCCEEDED,1,927487,2026-08-07T11:45:44+02:00,2026-08-07T11:49:19+02:00,0,,,,,,default
20260807-114401_e8-markov-observation-noise-10rep,e8-markov-observation-noise-10rep,E8,C6,,,20303000,STOPPED,0,927481,2026-08-07T11:44:02+02:00,2026-08-07T11:45:25+02:00,-15,received stop signal,,,,,default
20260807-114432_e1-finite-four-family-three-sample-20rep,e1-finite-four-family-three-sample-20rep,E1,C1,,,20302000,SUCCEEDED,0,927483,2026-08-07T11:44:33+02:00,2026-08-07T11:44:36+02:00,0,,,,,,default
20260807-114546_e8-markov-observation-noise-10rep-fixed-output,e8-markov-observation-noise-10rep-fixed-output,E8,C6,,,20303000,SUCCEEDED,0,927488,2026-08-07T11:45:47+02:00,2026-08-07T12:21:37+02:00,0,,,,,,default
20260807-114616_e1-finite-four-family-three-sample-20rep-fixed-output,e1-finite-four-family-three-sample-20rep-fixed-output,E1,C1,,,20302000,SUCCEEDED,0,927494,2026-08-07T11:46:18+02:00,2026-08-07T11:46:21+02:00,0,,,,,,default
20260807-114858_tsd-cifar10-rotation-level4-seed1,tsd-cifar10-rotation-level4-seed1,E7,"C4,C5",cifar10,configs/ssl/cifar10_smoke.json,,SUCCEEDED,1,927500,2026-08-07T11:50:45+02:00,2026-08-07T11:54:22+02:00,0,,,,,,default
20260807-114858_tsd-cifar10-rotation-level4-seed2,tsd-cifar10-rotation-level4-seed2,E7,"C4,C5",cifar10,configs/ssl/cifar10_smoke.json,,SUCCEEDED,1,927501,2026-08-07T11:51:15+02:00,2026-08-07T11:54:44+02:00,0,,,,,,default
20260807-114858_tsd-cifar10-rotation-level4-seed3,tsd-cifar10-rotation-level4-seed3,E7,"C4,C5",cifar10,configs/ssl/cifar10_smoke.json,,SUCCEEDED,1,927502,2026-08-07T11:50:47+02:00,2026-08-07T11:54:55+02:00,0,,,,,,default
20260807-114919_e1-finite-four-family-three-sample-20rep-spectral-block-fixed,e1-finite-four-family-three-sample-20rep-spectral-block-fixed,E1,C1,,,20302000,SUCCEEDED,0,927496,2026-08-07T11:49:20+02:00,2026-08-07T11:49:23+02:00,0,,,,,,default
20260807-115027_validate-e1-highdim-covariance-extension,validate-e1-highdim-covariance-extension,E1,C1,,,,SUCCEEDED,0,927498,2026-08-07T11:50:29+02:00,2026-08-07T11:50:29+02:00,0,,,,,,default
20260807-115127_validate-e1-nonlinear-density-suite,validate-e1-nonlinear-density-suite,E1,C1,,,,SUCCEEDED,0,927503,2026-08-07T11:51:28+02:00,2026-08-07T11:51:28+02:00,0,,,,,,default
20260807-115359_tsd-cifar10-rotation-level4-seed4,tsd-cifar10-rotation-level4-seed4,E7,"C4,C5",cifar10,configs/ssl/cifar10_smoke.json,,SUCCEEDED,1,927506,2026-08-07T11:55:46+02:00,2026-08-07T11:59:24+02:00,0,,,,,,default
20260807-115359_tsd-cifar10-rotation-level4-seed5,tsd-cifar10-rotation-level4-seed5,E7,"C4,C5",cifar10,configs/ssl/cifar10_smoke.json,,SUCCEEDED,1,927507,2026-08-07T11:56:16+02:00,2026-08-07T11:59:46+02:00,0,,,,,,default
20260807-115359_tsd-cifar10-rotation-level5-seed1,tsd-cifar10-rotation-level5-seed1,E7,"C4,C5",cifar10,configs/ssl/cifar10_smoke.json,,SUCCEEDED,1,927508,2026-08-07T11:55:48+02:00,2026-08-07T11:59:56+02:00,0,,,,,,default
20260807-115416_e1-nonlinear-density-subspace-10rep,e1-nonlinear-density-subspace-10rep,E1,C1,,,20304000,SUCCEEDED,0,927504,2026-08-07T11:54:18+02:00,2026-08-07T11:54:22+02:00,0,,,,,,default
20260807-115528_validate-e10-operator-complexity-track,validate-e10-operator-complexity-track,E10,C3,,,,SUCCEEDED,0,927505,2026-08-07T11:55:30+02:00,2026-08-07T11:55:30+02:00,0,,,,,,default
20260807-115621_validate-e7-tsd-reliability-extension,validate-e7-tsd-reliability-extension,E7,"C4,C5",,,,SUCCEEDED,0,927510,2026-08-07T11:56:22+02:00,2026-08-07T11:56:22+02:00,0,,,,,,default
20260807-115900_tsd-cifar10-rotation-level5-seed2,tsd-cifar10-rotation-level5-seed2,E7,"C4,C5",cifar10,configs/ssl/cifar10_smoke.json,,SUCCEEDED,1,927518,2026-08-07T12:00:47+02:00,2026-08-07T12:04:24+02:00,0,,,,,,default
20260807-115900_tsd-cifar10-rotation-level5-seed3,tsd-cifar10-rotation-level5-seed3,E7,"C4,C5",cifar10,configs/ssl/cifar10_smoke.json,,SUCCEEDED,1,927519,2026-08-07T12:00:47+02:00,2026-08-07T12:04:24+02:00,0,,,,,,default
20260807-115900_tsd-cifar10-rotation-level5-seed4,tsd-cifar10-rotation-level5-seed4,E7,"C4,C5",cifar10,configs/ssl/cifar10_smoke.json,,SUCCEEDED,1,927520,2026-08-07T12:00:50+02:00,2026-08-07T12:04:25+02:00,0,,,,,,default
20260807-115931_e7-tsd-calibration-reliability-20rep,e7-tsd-calibration-reliability-20rep,E7,"C4,C5",,,20306000,SUCCEEDED,0,927515,2026-08-07T11:59:32+02:00,2026-08-07T11:59:46+02:00,0,,,,,,default
20260807-120118_validate-e7-heldout-tsd-renderer,validate-e7-heldout-tsd-renderer,E7,"C4,C5",,,,SUCCEEDED,0,927522,2026-08-07T12:01:19+02:00,2026-08-07T12:01:19+02:00,0,,,,,,default
20260807-120141_validate-tsd-unified-probe-protocol,validate-tsd-unified-probe-protocol,E7,"C4,C5",,,,SUCCEEDED,0,927523,2026-08-07T12:01:42+02:00,2026-08-07T12:01:42+02:00,0,,,,,,default
20260807-120401_tsd-cifar10-rotation-level5-seed5,tsd-cifar10-rotation-level5-seed5,E7,"C4,C5",cifar10,configs/ssl/cifar10_smoke.json,,SUCCEEDED,1,927534,2026-08-07T12:06:48+02:00,2026-08-07T12:10:17+02:00,0,,,,,,default
20260807-120401_tsd-cifar10-rotation-level6-seed1,tsd-cifar10-rotation-level6-seed1,E7,"C4,C5",cifar10,configs/ssl/cifar10_smoke.json,,SUCCEEDED,1,927535,2026-08-07T12:06:18+02:00,2026-08-07T12:09:48+02:00,0,,,,,,default
20260807-120401_tsd-cifar10-rotation-level6-seed2,tsd-cifar10-rotation-level6-seed2,E7,"C4,C5",cifar10,configs/ssl/cifar10_smoke.json,,SUCCEEDED,1,927536,2026-08-07T12:05:50+02:00,2026-08-07T12:09:28+02:00,0,,,,,,default
20260807-120455_validate-e7-tsd-high-resource-axis,validate-e7-tsd-high-resource-axis,E7,"C4,C5",,,,SUCCEEDED,0,927532,2026-08-07T12:04:56+02:00,2026-08-07T12:04:57+02:00,0,,,,,,default
20260807-120707_e7-tsd-calibration-high-resource-10rep,e7-tsd-calibration-high-resource-10rep,E7,"C4,C5",,,20307000,SUCCEEDED,0,927538,2026-08-07T12:07:09+02:00,2026-08-07T12:08:08+02:00,0,,,,,,default
20260807-120728_validate-finalizer-required-extension-runs,validate-finalizer-required-extension-runs,,,,,,SUCCEEDED,0,927540,2026-08-07T12:07:29+02:00,2026-08-07T12:07:29+02:00,0,,,,,,default
20260807-120902_tsd-cifar10-rotation-level6-seed3,tsd-cifar10-rotation-level6-seed3,E7,"C4,C5",cifar10,configs/ssl/cifar10_smoke.json,,SUCCEEDED,1,927551,2026-08-07T12:10:49+02:00,2026-08-07T12:14:24+02:00,0,,,,,,default
20260807-120902_tsd-cifar10-rotation-level6-seed4,tsd-cifar10-rotation-level6-seed4,E7,"C4,C5",cifar10,configs/ssl/cifar10_smoke.json,,SUCCEEDED,1,927552,2026-08-07T12:10:51+02:00,2026-08-07T12:14:23+02:00,0,,,,,,default
20260807-120902_tsd-cifar10-rotation-level6-seed5,tsd-cifar10-rotation-level6-seed5,E7,"C4,C5",cifar10,configs/ssl/cifar10_smoke.json,,SUCCEEDED,1,927553,2026-08-07T12:11:21+02:00,2026-08-07T12:14:50+02:00,0,,,,,,default
20260807-120932_validate-e3-estimator-controls,validate-e3-estimator-controls,E3,"C1,C2",,,,SUCCEEDED,0,927547,2026-08-07T12:09:33+02:00,2026-08-07T12:09:33+02:00,0,,,,,,default
20260807-121034_e3-gaussian-finite-estimator-controls-20rep,e3-gaussian-finite-estimator-controls-20rep,E3,"C1,C2",,,20308000,FAILED,0,927550,2026-08-07T12:10:35+02:00,2026-08-07T12:10:39+02:00,1,command exited with code 1,,,,,default
20260807-121108_validate-e3-renderer-and-finalizer,validate-e3-renderer-and-finalizer,E3,"C1,C2",,,,SUCCEEDED,0,927555,2026-08-07T12:11:09+02:00,2026-08-07T12:11:09+02:00,0,,,,,,default
20260807-121336_validate-statistics-and-renderers,validate-statistics-and-renderers,,,,,,SUCCEEDED,0,927556,2026-08-07T12:13:37+02:00,2026-08-07T12:13:37+02:00,0,,,,,,default
20260807-121409_e4-cifar10-concat-m8-seed1,e4-cifar10-concat-m8-seed1,E4,"C2,C3",cifar10,configs/ssl/cifar10_smoke.json,,SUCCEEDED,1,927559,2026-08-07T12:16:57+02:00,2026-08-07T12:28:08+02:00,0,,,,,,default
20260807-121409_e4-cifar10-concat-m8-seed2,e4-cifar10-concat-m8-seed2,E4,"C2,C3",cifar10,configs/ssl/cifar10_smoke.json,,SUCCEEDED,1,927560,2026-08-07T12:15:56+02:00,2026-08-07T12:27:17+02:00,0,,,,,,default
20260807-121409_e4-cifar10-concat-m8-seed3,e4-cifar10-concat-m8-seed3,E4,"C2,C3",cifar10,configs/ssl/cifar10_smoke.json,,SUCCEEDED,1,927561,2026-08-07T12:16:26+02:00,2026-08-07T12:27:39+02:00,0,,,,,,default
20260807-121600_validate-lightning-runtime-and-ddp-assets,validate-lightning-runtime-and-ddp-assets,E10,C3,,,,SUCCEEDED,0,927562,2026-08-07T12:16:01+02:00,2026-08-07T12:16:01+02:00,0,,,,,,default
20260807-121647_e3-gaussian-finite-estimator-controls-20rep-fixed,e3-gaussian-finite-estimator-controls-20rep-fixed,E3,"C1,C2",,,20308000,FAILED,0,927563,2026-08-07T12:16:48+02:00,2026-08-07T12:16:52+02:00,1,command exited with code 1,,,,,default
20260807-121722_e3-estimator-controls-shape-smoke,e3-estimator-controls-shape-smoke,E3,"C1,C2",,,20307999,SUCCEEDED,0,927564,2026-08-07T12:17:23+02:00,2026-08-07T12:17:26+02:00,0,,,,,,default
20260807-121735_e3-gaussian-finite-estimator-controls-20rep-v2,e3-gaussian-finite-estimator-controls-20rep-v2,E3,"C1,C2",,,20308000,SUCCEEDED,0,927566,2026-08-07T12:17:36+02:00,2026-08-07T12:17:41+02:00,0,,,,,,default
20260807-121938_validate-generalization-labels-and-stats,validate-generalization-labels-and-stats,,,,,,SUCCEEDED,0,927567,2026-08-07T12:19:39+02:00,2026-08-07T12:19:39+02:00,0,,,,,,default
20260807-122133_validate-claim-cards-finalizer,validate-claim-cards-finalizer,,,,,,SUCCEEDED,0,927569,2026-08-07T12:21:34+02:00,2026-08-07T12:21:34+02:00,0,,,,,,default
20260807-122228_validate-localization-auprc,validate-localization-auprc,E9,C7,,,,SUCCEEDED,0,927570,2026-08-07T12:22:29+02:00,2026-08-07T12:22:29+02:00,0,,,,,,default
20260807-122341_validate-e8-condition-assets,validate-e8-condition-assets,E8,C6,,,,SUCCEEDED,0,927571,2026-08-07T12:23:43+02:00,2026-08-07T12:23:43+02:00,0,,,,,,default
20260807-122534_render-e8-condition-assets-interim,render-e8-condition-assets-interim,E8,C6,,,,SUCCEEDED,0,927572,2026-08-07T12:25:36+02:00,2026-08-07T12:25:36+02:00,0,,,,,,default
20260807-122612_validate-localization-method-labels,validate-localization-method-labels,E9,C7,,,,SUCCEEDED,0,927573,2026-08-07T12:26:13+02:00,2026-08-07T12:26:13+02:00,0,,,,,,default
20260807-122655_validate-confirmatory-pilot-separation,validate-confirmatory-pilot-separation,,,,,,SUCCEEDED,0,927575,2026-08-07T12:26:56+02:00,2026-08-07T12:26:56+02:00,0,,,,,,default
20260807-122741_validate-supervised-faithfulness-curves,validate-supervised-faithfulness-curves,E9,C7,,,,SUCCEEDED,0,927577,2026-08-07T12:27:42+02:00,2026-08-07T12:27:42+02:00,0,,,,,,default
20260807-122813_launch-architecture-localization-wave,launch-architecture-localization-wave,E9,C7,,,,SUCCEEDED,0,927578,2026-08-07T12:28:14+02:00,2026-08-07T13:23:25+02:00,0,,20260807-071622_launch-architecture-localization-wave,,,,default
20260807-122841_validate-finalizer-child-manifests,validate-finalizer-child-manifests,,,,,,SUCCEEDED,0,927579,2026-08-07T12:28:42+02:00,2026-08-07T12:28:42+02:00,0,,,,,,default
20260807-122853_e1-finite-reference-seed-20260915,e1-finite-reference-seed-20260915,E1,C1,,configs/toy/finite_learning_reference.json,,SUCCEEDED,0,927580,2026-08-07T12:28:54+02:00,2026-08-07T12:30:04+02:00,0,,20260807-043339_e1-finite-reference-seed-20260915,,,,default
20260807-122910_e4-cifar10-separate_heads-m8,e4-cifar10-separate_heads-m8,E4,"C2,C3",cifar10,configs/ssl/cifar10_smoke.json,,SUCCEEDED,1,927582,2026-08-07T12:30:58+02:00,2026-08-07T12:42:13+02:00,0,,,,,,default
20260807-122911_e4-cifar10-shared_head-m8,e4-cifar10-shared_head-m8,E4,"C2,C3",cifar10,configs/ssl/cifar10_smoke.json,,SUCCEEDED,1,927583,2026-08-07T12:31:28+02:00,2026-08-07T12:42:43+02:00,0,,,,,,default
20260807-122911_e4-cifar10-stop_f-m8,e4-cifar10-stop_f-m8,E4,"C2,C3",cifar10,configs/ssl/cifar10_smoke.json,,SUCCEEDED,1,927584,2026-08-07T12:30:58+02:00,2026-08-07T12:42:13+02:00,0,,,,,,default
20260807-123054_validate-statistical-builders-runtime,validate-statistical-builders-runtime,,,,,,SUCCEEDED,0,927581,2026-08-07T12:30:55+02:00,2026-08-07T12:30:56+02:00,0,,,,,,default
20260807-123226_validate-e10-flops-track,validate-e10-flops-track,E10,C3,,,,SUCCEEDED,0,927585,2026-08-07T12:32:27+02:00,2026-08-07T12:32:27+02:00,0,,,,,,default
20260807-123306_validate-localization-runtime-memory,validate-localization-runtime-memory,E9,C7,,,,SUCCEEDED,0,927587,2026-08-07T12:33:07+02:00,2026-08-07T12:33:07+02:00,0,,,,,,default
20260807-123400_validate-map-runtime-memory-all-models,validate-map-runtime-memory-all-models,,,,,,SUCCEEDED,0,927588,2026-08-07T12:34:01+02:00,2026-08-07T12:34:01+02:00,0,,,,,,default
20260807-123651_validate-finalizer-tsd-utility-pointer,validate-finalizer-tsd-utility-pointer,E7,"C4,C5",,,,SUCCEEDED,0,927590,2026-08-07T12:36:52+02:00,2026-08-07T12:36:52+02:00,0,,,,,,default
20260807-123747_validate-finalizer-e4-child-manifest,validate-finalizer-e4-child-manifest,E4,"C2,C3",,,,SUCCEEDED,0,927591,2026-08-07T12:37:48+02:00,2026-08-07T12:37:48+02:00,0,,,,,,default
20260807-124154_validate-completion-matrix-finalizer,validate-completion-matrix-finalizer,,,,,,SUCCEEDED,0,927593,2026-08-07T12:41:55+02:00,2026-08-07T12:41:55+02:00,0,,,,,,default
20260807-124315_validate-resume-incremental-runtime-accounting,validate-resume-incremental-runtime-accounting,,,,,,SUCCEEDED,0,927594,2026-08-07T12:43:49+02:00,2026-08-07T12:43:49+02:00,0,,,,,,default
20260807-124316_imagenet100-convnext_tiny-cub-dependence-localization,imagenet100-convnext_tiny-cub-dependence-localization,E9,C7,cub,configs/ssl/imagenet100_smoke.json,,SUCCEEDED,1,927595,2026-08-07T12:43:49+02:00,2026-08-07T12:44:15+02:00,0,,,,,,imagenet
20260807-124316_imagenet100-convnext_tiny-voc-dependence-localization,imagenet100-convnext_tiny-voc-dependence-localization,E9,C7,voc,configs/ssl/imagenet100_smoke.json,,SUCCEEDED,1,927596,2026-08-07T12:43:19+02:00,2026-08-07T12:43:46+02:00,0,,,,,,imagenet
20260807-124317_imagenet100-convnext_tiny-imagenet-dependence-localization,imagenet100-convnext_tiny-imagenet-dependence-localization,E9,C7,imagenet100,configs/ssl/imagenet100_smoke.json,,SUCCEEDED,1,927597,2026-08-07T12:43:19+02:00,2026-08-07T12:43:45+02:00,0,,,,,,imagenet
20260807-124412_e4-cifar10-parent_from_g-m8,e4-cifar10-parent_from_g-m8,E4,"C2,C3",cifar10,configs/ssl/cifar10_smoke.json,,SUCCEEDED,1,927599,2026-08-07T12:46:02+02:00,2026-08-07T12:57:15+02:00,0,,,,,,default
20260807-124412_e4-cifar10-stop_g-m8,e4-cifar10-stop_g-m8,E4,"C2,C3",cifar10,configs/ssl/cifar10_smoke.json,,SUCCEEDED,1,927598,2026-08-07T12:45:59+02:00,2026-08-07T12:57:12+02:00,0,,,,,,default
20260807-124415_e7-shapes3d-stability-seed2,e7-shapes3d-stability-seed2,E7,"C4,C5",shapes3d,configs/ssl/shapes3d_smoke.json,,SUCCEEDED,1,927600,2026-08-07T12:46:32+02:00,2026-08-07T13:15:23+02:00,0,,,,,,default
20260807-124918_validate-e7-image-chain-and-completion,validate-e7-image-chain-and-completion,E7,"C4,C5",,,,SUCCEEDED,0,927606,2026-08-07T12:49:19+02:00,2026-08-07T12:49:19+02:00,0,,,,,,default
20260807-125217_e1-high-resource-gaussian-20rep-standalone,e1-high-resource-gaussian-20rep-standalone,E1,C1,,,20300000,STOPPED,0,927610,2026-08-07T12:50:33+02:00,2026-08-07T12:52:29+02:00,,stopped by operator,,,,,default
20260807-125217_validate-remaining-controls-highresource-reuse,validate-remaining-controls-highresource-reuse,,,,,,SUCCEEDED,0,927609,2026-08-07T12:52:18+02:00,2026-08-07T12:52:18+02:00,0,,,,,,default
20260807-125229_e1-high-resource-gaussian-20rep-standalone-v2,e1-high-resource-gaussian-20rep-standalone-v2,E1,C1,,,,SUCCEEDED,0,927611,2026-08-07T12:52:30+02:00,2026-08-07T12:54:12+02:00,0,,,,,,default
20260807-125348_e1-estimator-baselines-10rep-standalone,e1-estimator-baselines-10rep-standalone,E1,C1,,,,SUCCEEDED,0,927613,2026-08-07T12:53:49+02:00,2026-08-07T12:55:02+02:00,0,,,,,,default
20260807-125348_validate-estimator-baseline-reuse,validate-estimator-baseline-reuse,,,,,,SUCCEEDED,0,927612,2026-08-07T12:53:49+02:00,2026-08-07T12:53:49+02:00,0,,,,,,default
20260807-125639_render-e1-highresource-estimator-assets-interim,render-e1-highresource-estimator-assets-interim,E1,C1,,,,SUCCEEDED,0,927615,2026-08-07T12:56:40+02:00,2026-08-07T12:56:44+02:00,0,,,,,,default
20260807-125738_render-e4-complete-assets-interim,render-e4-complete-assets-interim,E4,"C2,C3",,,,SUCCEEDED,0,927617,2026-08-07T12:57:39+02:00,2026-08-07T12:57:40+02:00,0,,,,,,default
20260807-125819_imagenet100-convnext_tiny-randomized-cub-localization,imagenet100-convnext_tiny-randomized-cub-localization,E9,C7,cub,configs/ssl/imagenet100_smoke.json,,SUCCEEDED,1,927618,2026-08-07T12:58:50+02:00,2026-08-07T12:59:24+02:00,0,,,,,,imagenet
20260807-125820_imagenet100-vit_s_16-cub-dependence-localization,imagenet100-vit_s_16-cub-dependence-localization,E9,C7,cub,configs/ssl/imagenet100_smoke.json,,SUCCEEDED,1,927619,2026-08-07T12:58:23+02:00,2026-08-07T12:58:48+02:00,0,,,,,,imagenet
20260807-125837_validate-e4-paired-confirmatory-statistics,validate-e4-paired-confirmatory-statistics,E4,"C2,C3",,,,SUCCEEDED,0,927620,2026-08-07T12:58:38+02:00,2026-08-07T12:58:42+02:00,0,,,,,,default
20260807-125916_e7-shapes3d-stability-seed3,e7-shapes3d-stability-seed3,E7,"C4,C5",shapes3d,configs/ssl/shapes3d_smoke.json,,SUCCEEDED,1,927624,2026-08-07T13:01:03+02:00,2026-08-07T13:29:56+02:00,0,,,,,,default
20260807-125916_e7-smallnorb-stability-seed2,e7-smallnorb-stability-seed2,E7,"C4,C5",smallnorb,configs/ssl/smallnorb_smoke.json,,SUCCEEDED,1,927625,2026-08-07T13:01:03+02:00,2026-08-07T13:02:00+02:00,0,,,,,,default
20260807-125919_validate-e4-statistics-claim-family,validate-e4-statistics-claim-family,E4,"C2,C3",,,,SUCCEEDED,0,927621,2026-08-07T12:59:20+02:00,2026-08-07T12:59:24+02:00,0,,,,,,default
20260807-130237_validate-remaining-controls-reuses-complete-e1,validate-remaining-controls-reuses-complete-e1,E1,C1,,,,SUCCEEDED,0,927627,2026-08-07T13:02:38+02:00,2026-08-07T13:02:39+02:00,0,,,,,,default
20260807-130321_imagenet100-vit_s_16-voc-dependence-localization,imagenet100-vit_s_16-voc-dependence-localization,E9,C7,voc,configs/ssl/imagenet100_smoke.json,,SUCCEEDED,1,927628,2026-08-07T13:03:22+02:00,2026-08-07T13:03:44+02:00,0,,,,,,imagenet
20260807-130328_validate-flops-profile-strict-failure,validate-flops-profile-strict-failure,,,,,,SUCCEEDED,0,927629,2026-08-07T13:03:29+02:00,2026-08-07T13:03:29+02:00,0,,,,,,default
20260807-130359_validate-finalizer-successful-artifacts-only,validate-finalizer-successful-artifacts-only,,,,,,SUCCEEDED,0,927630,2026-08-07T13:04:00+02:00,2026-08-07T13:04:00+02:00,0,,,,,,default
20260807-130417_e7-smallnorb-stability-seed3,e7-smallnorb-stability-seed3,E7,"C4,C5",smallnorb,configs/ssl/smallnorb_smoke.json,,SUCCEEDED,1,927631,2026-08-07T13:06:04+02:00,2026-08-07T13:06:59+02:00,0,,,,,,default
20260807-130521_e7-shapes3d-crop-32step,e7-shapes3d-crop-32step,E7,"C4,C5",shapes3d,configs/ssl/shapes3d_smoke.json,,SUCCEEDED,1,927632,2026-08-07T13:07:08+02:00,2026-08-07T13:36:39+02:00,0,,,,,,default
20260807-130727_inspect-e8-markov-result-schema,inspect-e8-markov-result-schema,E8,C6,,,,SUCCEEDED,0,927633,2026-08-07T13:07:28+02:00,2026-08-07T13:07:28+02:00,0,,,,,,default
20260807-130859_validate-c6-markov-claim-and-ci-assets,validate-c6-markov-claim-and-ci-assets,E8,C6,,,,SUCCEEDED,0,927634,2026-08-07T13:09:00+02:00,2026-08-07T13:09:03+02:00,0,,,,,,default
20260807-130937_validate-c6-claim-ci-evidence,validate-c6-claim-ci-evidence,,,,,,SUCCEEDED,0,927635,2026-08-07T13:09:38+02:00,2026-08-07T13:09:40+02:00,0,,,,,,default
20260807-131002_validate-c3-c6-claim-source-mapping,validate-c3-c6-claim-source-mapping,,,,,,SUCCEEDED,0,927636,2026-08-07T13:10:04+02:00,2026-08-07T13:10:08+02:00,0,,,,,,default
20260807-131209_rebuild-result-and-failure-index-interim,rebuild-result-and-failure-index-interim,,,,,,SUCCEEDED,0,927637,2026-08-07T13:12:10+02:00,2026-08-07T13:12:23+02:00,0,,,,,,default
20260807-131353_validate-all-python-sources-syntax,validate-all-python-sources-syntax,,,,,,SUCCEEDED,0,927639,2026-08-07T13:13:54+02:00,2026-08-07T13:13:55+02:00,0,,,,,,default
20260807-131406_validate-all-shell-sources-syntax,validate-all-shell-sources-syntax,,,,,,SUCCEEDED,0,927640,2026-08-07T13:14:07+02:00,2026-08-07T13:14:11+02:00,0,,,,,,default
20260807-131418_e7-mpi3d_toy-stability-seed2,e7-mpi3d_toy-stability-seed2,E7,"C4,C5",mpi3d,configs/ssl/mpi3d_toy_smoke.json,,SUCCEEDED,1,927643,2026-08-07T13:16:05+02:00,2026-08-07T13:17:22+02:00,0,,,,,,default
20260807-131424_validate-all-json-config-syntax,validate-all-json-config-syntax,,,,,,SUCCEEDED,0,927641,2026-08-07T13:14:26+02:00,2026-08-07T13:14:26+02:00,0,,,,,,default
20260807-131810_validate-and-rebuild-result-index-dataset-metadata,validate-and-rebuild-result-index-dataset-metadata,,,,,,SUCCEEDED,0,927646,2026-08-07T13:18:16+02:00,2026-08-07T13:19:11+02:00,0,,,,,,default
20260807-131823_imagenet100-vit_s_16-imagenet-dependence-localization,imagenet100-vit_s_16-imagenet-dependence-localization,E9,C7,imagenet100,configs/ssl/imagenet100_smoke.json,,SUCCEEDED,1,927647,2026-08-07T13:18:24+02:00,2026-08-07T13:18:44+02:00,0,,,,,,imagenet
20260807-131918_e7-mpi3d_toy-stability-seed3,e7-mpi3d_toy-stability-seed3,E7,"C4,C5",mpi3d,configs/ssl/mpi3d_toy_smoke.json,,SUCCEEDED,1,927648,2026-08-07T13:21:06+02:00,2026-08-07T13:22:12+02:00,0,,,,,,default
20260807-132324_imagenet100-vit_s_16-randomized-cub-localization,imagenet100-vit_s_16-randomized-cub-localization,E9,C7,cub,configs/ssl/imagenet100_smoke.json,,SUCCEEDED,1,927650,2026-08-07T13:23:26+02:00,2026-08-07T13:23:47+02:00,0,,,,,,imagenet
20260807-132419_cifar10-regular-fmca-m1-linear-probe,cifar10-regular-fmca-m1-linear-probe,E5,C3,cifar10,configs/ssl/cifar10_smoke.json,,SUCCEEDED,1,927651,2026-08-07T13:26:07+02:00,2026-08-07T13:26:46+02:00,0,,,,,,default
20260807-132523_e7-shapes3d-color-32step,e7-shapes3d-color-32step,E7,"C4,C5",shapes3d,configs/ssl/shapes3d_smoke.json,,SUCCEEDED,1,927652,2026-08-07T13:27:10+02:00,2026-08-07T13:41:52+02:00,0,,,,,,default
20260807-132919_e7-dsprites-stability-seed2-factor-probe,e7-dsprites-stability-seed2-factor-probe,E7,"C4,C5",dsprites,configs/ssl/dsprites_smoke.json,,SUCCEEDED,1,927655,2026-08-07T13:31:07+02:00,2026-08-07T13:31:21+02:00,0,,,,,,default
20260807-132919_e7-dsprites-stability-seed3-factor-probe,e7-dsprites-stability-seed3-factor-probe,E7,"C4,C5",dsprites,configs/ssl/dsprites_smoke.json,,SUCCEEDED,1,927656,2026-08-07T13:31:37+02:00,2026-08-07T13:31:47+02:00,0,,,,,,default
20260807-132939_tsd-cifar10-grayscale-level0-seed1,tsd-cifar10-grayscale-level0-seed1,E7,"C4,C5",cifar10,configs/ssl/cifar10_smoke.json,,SUCCEEDED,1,927657,2026-08-07T13:31:26+02:00,2026-08-07T13:34:53+02:00,0,,,,,,default
20260807-133023_e7-shapes3d-rotation-32step,e7-shapes3d-rotation-32step,E7,"C4,C5",shapes3d,configs/ssl/shapes3d_smoke.json,,SUCCEEDED,1,927661,2026-08-07T13:32:11+02:00,2026-08-07T13:39:48+02:00,0,,,,,,default
20260807-133143_prepare-shapes3d-memmap,prepare-shapes3d-memmap,,,,,,SUCCEEDED,0,927659,2026-08-07T13:32:14+02:00,2026-08-07T13:36:52+02:00,0,,,,,,default
20260807-133143_validate-shapes3d-memmap-code,validate-shapes3d-memmap-code,,,,,,SUCCEEDED,0,927658,2026-08-07T13:31:44+02:00,2026-08-07T13:31:44+02:00,0,,,,,,default
20260807-133252_render-e6-robustness-after-full-imagenetc,render-e6-robustness-after-full-imagenetc,E6,C3,,,,SUCCEEDED,0,927663,2026-08-07T13:32:53+02:00,2026-08-07T13:32:56+02:00,0,,,,,,default
20260807-133420_e7-shapes3d-stability-seed2-factor-probe,e7-shapes3d-stability-seed2-factor-probe,E7,"C4,C5",shapes3d,configs/ssl/shapes3d_smoke.json,,SUCCEEDED,1,927664,2026-08-07T13:36:07+02:00,2026-08-07T13:47:44+02:00,0,,,,,,default
20260807-133524_e7-shapes3d-blur-32step,e7-shapes3d-blur-32step,E7,"C4,C5",shapes3d,configs/ssl/shapes3d_smoke.json,,SUCCEEDED,1,927665,2026-08-07T13:37:11+02:00,2026-08-07T13:38:18+02:00,0,,,,,,default
20260807-133809_validate-shapes3d-memmap-equivalence,validate-shapes3d-memmap-equivalence,,,,,,SUCCEEDED,0,927666,2026-08-07T13:38:10+02:00,2026-08-07T13:38:22+02:00,0,,,,,,default
20260807-133920_e7-shapes3d-stability-seed3-factor-probe,e7-shapes3d-stability-seed3-factor-probe,E7,"C4,C5",shapes3d,configs/ssl/shapes3d_smoke.json,,SUCCEEDED,1,927671,2026-08-07T13:41:08+02:00,2026-08-07T13:41:29+02:00,0,,,,,,default
20260807-133921_e7-smallnorb-stability-seed2-factor-probe,e7-smallnorb-stability-seed2-factor-probe,E7,"C4,C5",smallnorb,configs/ssl/smallnorb_smoke.json,,SUCCEEDED,1,927672,2026-08-07T13:41:38+02:00,2026-08-07T13:41:54+02:00,0,,,,,,default
20260807-133945_inspect-coco-evaluation-dependencies,inspect-coco-evaluation-dependencies,,,,,,SUCCEEDED,0,927669,2026-08-07T13:39:46+02:00,2026-08-07T13:39:46+02:00,0,,,,,,default
20260807-133950_cifar10-dcca-5epoch-linear-probe,cifar10-dcca-5epoch-linear-probe,E5,C3,cifar10,configs/ssl/cifar10_baseline_smoke.json,,SUCCEEDED,1,927673,2026-08-07T13:41:38+02:00,2026-08-07T13:43:37+02:00,0,,,,,,default
20260807-134022_cifar100-barlow_twins-screening,cifar100-barlow_twins-screening,,,cifar100,configs/ssl/cifar100_smoke.json,,SUCCEEDED,1,927674,2026-08-07T13:42:10+02:00,2026-08-07T13:45:16+02:00,0,,,,,,default
20260807-134022_cifar100-vicreg-screening,cifar100-vicreg-screening,,,cifar100,configs/ssl/cifar100_smoke.json,,SUCCEEDED,1,927675,2026-08-07T13:42:40+02:00,2026-08-07T13:45:44+02:00,0,,,,,,default
20260807-134331_install-pycocotools-official-cocoeval,install-pycocotools-official-cocoeval,,,coco,,,SUCCEEDED,0,927676,2026-08-07T13:43:32+02:00,2026-08-07T13:43:38+02:00,0,,,,,,default
20260807-134421_e7-mpi3d_toy-stability-seed2-factor-probe,e7-mpi3d_toy-stability-seed2-factor-probe,E7,"C4,C5",mpi3d,configs/ssl/mpi3d_toy_smoke.json,,SUCCEEDED,1,927680,2026-08-07T13:46:09+02:00,2026-08-07T13:46:42+02:00,0,,,,,,default
20260807-134421_e7-smallnorb-stability-seed3-factor-probe,e7-smallnorb-stability-seed3-factor-probe,E7,"C4,C5",smallnorb,configs/ssl/smallnorb_smoke.json,,SUCCEEDED,1,927679,2026-08-07T13:46:09+02:00,2026-08-07T13:46:32+02:00,0,,,,,,default
20260807-134422_e7-mpi3d_toy-stability-seed3-factor-probe,e7-mpi3d_toy-stability-seed3-factor-probe,E7,"C4,C5",mpi3d,configs/ssl/mpi3d_toy_smoke.json,,SUCCEEDED,1,927681,2026-08-07T13:46:39+02:00,2026-08-07T13:46:50+02:00,0,,,,,,default
20260807-134451_cifar10-vamp2-5epoch-linear-probe,cifar10-vamp2-5epoch-linear-probe,E5,C3,cifar10,configs/ssl/cifar10_baseline_smoke.json,,SUCCEEDED,1,927682,2026-08-07T13:46:39+02:00,2026-08-07T13:48:36+02:00,0,,,,,,default
20260807-134523_cifar100-fastsiam-screening,cifar100-fastsiam-screening,,,cifar100,configs/ssl/cifar100_smoke.json,,SUCCEEDED,1,927684,2026-08-07T13:47:12+02:00,2026-08-07T13:50:16+02:00,0,,,,,,default
20260807-134523_cifar100-spectral_contrastive-screening,cifar100-spectral_contrastive-screening,,,cifar100,configs/ssl/cifar100_smoke.json,,SUCCEEDED,1,927683,2026-08-07T13:47:10+02:00,2026-08-07T13:50:15+02:00,0,,,,,,default
20260807-134541_validate-official-cocoeval-and-transfer-code,validate-official-cocoeval-and-transfer-code,E6,C3,,,,SUCCEEDED,0,927678,2026-08-07T13:45:42+02:00,2026-08-07T13:45:46+02:00,0,,,,,,default
20260807-134840_render-e6-generalization-with-protocols,render-e6-generalization-with-protocols,E6,C3,,,,SUCCEEDED,0,927685,2026-08-07T13:48:42+02:00,2026-08-07T13:48:43+02:00,0,,,,,,default
20260807-134901_coco2017-official-cocoeval-maskrcnn-1step-smoke,coco2017-official-cocoeval-maskrcnn-1step-smoke,E6,C3,coco,configs/ssl/imagenet1k_smoke.json,,SUCCEEDED,1,927687,2026-08-07T13:49:02+02:00,2026-08-07T13:50:17+02:00,0,,,,,,imagenet
20260807-134930_validate-coco-runtime-and-renderer-metadata,validate-coco-runtime-and-renderer-metadata,,,,,,SUCCEEDED,0,927688,2026-08-07T13:49:31+02:00,2026-08-07T13:49:33+02:00,0,,,,,,default
20260807-134940_tsd-cifar10-grayscale-level0-seed2,tsd-cifar10-grayscale-level0-seed2,E7,"C4,C5",cifar10,configs/ssl/cifar10_smoke.json,,SUCCEEDED,1,927693,2026-08-07T13:51:28+02:00,2026-08-07T13:54:59+02:00,0,,,,,,default
20260807-134941_tsd-cifar10-grayscale-level0-seed3,tsd-cifar10-grayscale-level0-seed3,E7,"C4,C5",cifar10,configs/ssl/cifar10_smoke.json,,SUCCEEDED,1,927694,2026-08-07T13:51:28+02:00,2026-08-07T13:54:59+02:00,0,,,,,,default
20260807-134941_tsd-cifar10-grayscale-level0-seed4,tsd-cifar10-grayscale-level0-seed4,E7,"C4,C5",cifar10,configs/ssl/cifar10_smoke.json,,SUCCEEDED,1,927695,2026-08-07T13:51:58+02:00,2026-08-07T13:55:27+02:00,0,,,,,,default
20260807-134941_tsd-cifar10-grayscale-level0-seed5,tsd-cifar10-grayscale-level0-seed5,E7,"C4,C5",cifar10,configs/ssl/cifar10_smoke.json,,SUCCEEDED,1,927696,2026-08-07T13:51:58+02:00,2026-08-07T13:55:53+02:00,0,,,,,,default
20260807-135039_validate-formal-intermediate-checkpoint-policy,validate-formal-intermediate-checkpoint-policy,,,,,,SUCCEEDED,0,927690,2026-08-07T13:50:40+02:00,2026-08-07T13:50:43+02:00,0,,,,,,default
20260807-135408_validate-official-cocoeval-bbox-segm-zero-edge,validate-official-cocoeval-bbox-segm-zero-edge,,,,,,SUCCEEDED,0,927700,2026-08-07T13:54:09+02:00,2026-08-07T13:54:14+02:00,0,,,,,,default
20260807-135442_tsd-cifar10-grayscale-level1-seed1,tsd-cifar10-grayscale-level1-seed1,E7,"C4,C5",cifar10,configs/ssl/cifar10_smoke.json,,SUCCEEDED,1,927702,2026-08-07T13:56:59+02:00,2026-08-07T14:00:27+02:00,0,,,,,,default
20260807-135442_tsd-cifar10-grayscale-level1-seed2,tsd-cifar10-grayscale-level1-seed2,E7,"C4,C5",cifar10,configs/ssl/cifar10_smoke.json,,SUCCEEDED,1,927703,2026-08-07T13:56:29+02:00,2026-08-07T14:00:04+02:00,0,,,,,,default
20260807-135442_tsd-cifar10-grayscale-level1-seed3,tsd-cifar10-grayscale-level1-seed3,E7,"C4,C5",cifar10,configs/ssl/cifar10_smoke.json,,SUCCEEDED,1,927704,2026-08-07T13:56:31+02:00,2026-08-07T14:00:04+02:00,0,,,,,,default
20260807-135442_tsd-cifar10-grayscale-level1-seed4,tsd-cifar10-grayscale-level1-seed4,E7,"C4,C5",cifar10,configs/ssl/cifar10_smoke.json,,SUCCEEDED,1,927705,2026-08-07T13:56:31+02:00,2026-08-07T14:00:24+02:00,0,,,,,,default
20260807-135721_validate-storage-bounded-formal-chunks,validate-storage-bounded-formal-chunks,,,,,,SUCCEEDED,0,927706,2026-08-07T13:57:22+02:00,2026-08-07T13:57:24+02:00,0,,,,,,default
20260807-135904_formal-ssl-state-machine,formal-ssl-state-machine,E5,C3,,,,RUNNING,0,927716,2026-08-07T13:59:35+02:00,,,,20260807-100057_formal-ssl-state-machine,,,,default
20260807-135904_imagenet-formal-state-machine,imagenet-formal-state-machine,,,,,,RUNNING,0,927717,2026-08-07T13:59:05+02:00,,,,20260807-094640_imagenet-formal-state-machine,,,,default
20260807-135943_e5-cifar10-simclr-v2-seed1-screening,e5-cifar10-simclr-v2-seed1-screening,E5,C3,cifar10,configs/ssl/cifar10_baseline_smoke.json,,SUCCEEDED,1,927722,2026-08-07T14:02:01+02:00,2026-08-07T14:05:04+02:00,0,,,,,,default
20260807-135943_e5-cifar10-simclr-v2-seed2-screening,e5-cifar10-simclr-v2-seed2-screening,E5,C3,cifar10,configs/ssl/cifar10_baseline_smoke.json,,SUCCEEDED,1,927723,2026-08-07T14:01:31+02:00,2026-08-07T14:04:37+02:00,0,,,,,,default
20260807-135944_e5-cifar10-barlow_twins-v2-seed1-screening,e5-cifar10-barlow_twins-v2-seed1-screening,E5,C3,cifar10,configs/ssl/cifar10_baseline_smoke.json,,SUCCEEDED,1,927725,2026-08-07T14:02:01+02:00,2026-08-07T14:05:18+02:00,0,,,,,,default
20260807-135944_e5-cifar10-simclr-v2-seed3-screening,e5-cifar10-simclr-v2-seed3-screening,E5,C3,cifar10,configs/ssl/cifar10_baseline_smoke.json,,SUCCEEDED,1,927724,2026-08-07T14:01:31+02:00,2026-08-07T14:04:36+02:00,0,,,,,,default
20260807-135958_validate-legacy-imagenet-launcher-storage-policy,validate-legacy-imagenet-launcher-storage-policy,,,,,,SUCCEEDED,0,927719,2026-08-07T13:58:13+02:00,2026-08-07T13:58:15+02:00,0,,,,,,default
20260807-140445_e5-cifar10-barlow_twins-v2-seed2-screening,e5-cifar10-barlow_twins-v2-seed2-screening,E5,C3,cifar10,configs/ssl/cifar10_baseline_smoke.json,,SUCCEEDED,1,927735,2026-08-07T14:06:32+02:00,2026-08-07T14:09:35+02:00,0,,,,,,default
20260807-140445_e5-cifar10-barlow_twins-v2-seed3-screening,e5-cifar10-barlow_twins-v2-seed3-screening,E5,C3,cifar10,configs/ssl/cifar10_baseline_smoke.json,,SUCCEEDED,1,927736,2026-08-07T14:06:32+02:00,2026-08-07T14:09:36+02:00,0,,,,,,default
20260807-140445_e5-cifar10-vicreg-v2-seed1-screening,e5-cifar10-vicreg-v2-seed1-screening,E5,C3,cifar10,configs/ssl/cifar10_baseline_smoke.json,,SUCCEEDED,1,927737,2026-08-07T14:07:02+02:00,2026-08-07T14:10:05+02:00,0,,,,,,default
20260807-140445_e5-cifar10-vicreg-v2-seed2-screening,e5-cifar10-vicreg-v2-seed2-screening,E5,C3,cifar10,configs/ssl/cifar10_baseline_smoke.json,,SUCCEEDED,1,927738,2026-08-07T14:06:34+02:00,2026-08-07T14:09:49+02:00,0,,,,,,default
20260807-140946_e5-cifar10-spectral_contrastive-v2-seed1-screening,e5-cifar10-spectral_contrastive-v2-seed1-screening,E5,C3,cifar10,configs/ssl/cifar10_baseline_smoke.json,,SUCCEEDED,1,927751,2026-08-07T14:11:35+02:00,2026-08-07T14:14:39+02:00,0,,,,,,default
20260807-140946_e5-cifar10-spectral_contrastive-v2-seed2-screening,e5-cifar10-spectral_contrastive-v2-seed2-screening,E5,C3,cifar10,configs/ssl/cifar10_baseline_smoke.json,,SUCCEEDED,1,927752,2026-08-07T14:12:05+02:00,2026-08-07T14:15:06+02:00,0,,,,,,default
20260807-140946_e5-cifar10-vicreg-v2-seed3-screening,e5-cifar10-vicreg-v2-seed3-screening,E5,C3,cifar10,configs/ssl/cifar10_baseline_smoke.json,,SUCCEEDED,1,927750,2026-08-07T14:12:03+02:00,2026-08-07T14:15:06+02:00,0,,,,,,default
20260807-140947_e5-cifar10-spectral_contrastive-v2-seed3-screening,e5-cifar10-spectral_contrastive-v2-seed3-screening,E5,C3,cifar10,configs/ssl/cifar10_baseline_smoke.json,,SUCCEEDED,1,927753,2026-08-07T14:11:35+02:00,2026-08-07T14:14:48+02:00,0,,,,,,default
20260807-141447_e5-cifar10-fastsiam-v2-seed1-screening,e5-cifar10-fastsiam-v2-seed1-screening,E5,C3,cifar10,configs/ssl/cifar10_baseline_smoke.json,,SUCCEEDED,1,927761,2026-08-07T14:17:05+02:00,2026-08-07T14:20:09+02:00,0,,,,,,default
20260807-141447_e5-cifar10-fastsiam-v2-seed2-screening,e5-cifar10-fastsiam-v2-seed2-screening,E5,C3,cifar10,configs/ssl/cifar10_baseline_smoke.json,,SUCCEEDED,1,927762,2026-08-07T14:16:35+02:00,2026-08-07T14:19:42+02:00,0,,,,,,default
20260807-141448_e5-cifar10-byol-v2-seed1-screening,e5-cifar10-byol-v2-seed1-screening,E5,C3,cifar10,configs/ssl/cifar10_baseline_smoke.json,,RUNNING,1,927764,2026-08-07T14:17:05+02:00,,,,,,,,default
20260807-141448_e5-cifar10-fastsiam-v2-seed3-screening,e5-cifar10-fastsiam-v2-seed3-screening,E5,C3,cifar10,configs/ssl/cifar10_baseline_smoke.json,,SUCCEEDED,1,927763,2026-08-07T14:16:35+02:00,2026-08-07T14:19:40+02:00,0,,,,,,default
20260807-142036_validate-and-rebuild-retry-aware-failure-atlas,validate-and-rebuild-retry-aware-failure-atlas,,,,,,RUNNING,0,927784,2026-08-07T14:18:52+02:00,,,,,,,,default
