dynamics,replicate,axis,axis_value,lag,trajectory_length,bins,step,diffusion,observation_stride,initial,spectrum_mae,chapman_kolmogorov_max_abs,transition_weighted_l2
ornstein_uhlenbeck,0,trajectory_length,10000,2,10000,32,0.02,0.18,1,equilibrium,0.037643951143254244,0.06573945495931666,0.04576318909832433
ornstein_uhlenbeck,0,trajectory_length,10000,4,10000,32,0.02,0.18,1,equilibrium,0.07802881542308268,0.14207879881931273,0.0650350478513791
ornstein_uhlenbeck,0,trajectory_length,10000,8,10000,32,0.02,0.18,1,equilibrium,0.1128211798914828,0.2336171185482736,0.07907816170175368
ornstein_uhlenbeck,0,trajectory_length,10000,16,10000,32,0.02,0.18,1,equilibrium,0.1331390307508581,0.22442509731678634,0.08750910770286857
double_well,0,trajectory_length,10000,2,10000,32,0.02,0.18,1,equilibrium,0.03819833171262465,0.07100452647695649,0.046116300213695095
double_well,0,trajectory_length,10000,4,10000,32,0.02,0.18,1,equilibrium,0.08871450304318457,0.11204343469239836,0.06857298261543514
double_well,0,trajectory_length,10000,8,10000,32,0.02,0.18,1,equilibrium,0.13087193804682345,0.12687797718194924,0.08414966110362172
double_well,0,trajectory_length,10000,16,10000,32,0.02,0.18,1,equilibrium,0.17534795835343206,0.12777478885052054,0.1087864560216085
multi_well,0,trajectory_length,10000,2,10000,32,0.02,0.18,1,equilibrium,0.0507724669900884,0.08972090560760237,0.05502257435235945
multi_well,0,trajectory_length,10000,4,10000,32,0.02,0.18,1,equilibrium,0.10483710004925381,0.14460247892751654,0.077705149985661
multi_well,0,trajectory_length,10000,8,10000,32,0.02,0.18,1,equilibrium,0.15040612324061517,0.20103050808440948,0.09461139497946347
multi_well,0,trajectory_length,10000,16,10000,32,0.02,0.18,1,equilibrium,0.17671261307014147,0.23405179171588192,0.10819299339065301
ornstein_uhlenbeck,1,trajectory_length,10000,2,10000,32,0.02,0.18,1,equilibrium,0.035156387765072836,0.07102096154382731,0.049692109465303426
ornstein_uhlenbeck,1,trajectory_length,10000,4,10000,32,0.02,0.18,1,equilibrium,0.08549286017198532,0.1800775493447535,0.07126838292315932
ornstein_uhlenbeck,1,trajectory_length,10000,8,10000,32,0.02,0.18,1,equilibrium,0.12476564777164847,0.2687643322182111,0.08657310730682058
ornstein_uhlenbeck,1,trajectory_length,10000,16,10000,32,0.02,0.18,1,equilibrium,0.14073700206090586,0.2830066918535754,0.09257822060155248
double_well,1,trajectory_length,10000,2,10000,32,0.02,0.18,1,equilibrium,0.04267299255170757,0.09503521975698437,0.05558274582944235
double_well,1,trajectory_length,10000,4,10000,32,0.02,0.18,1,equilibrium,0.09153665992478006,0.13618819571460072,0.07166698871204519
double_well,1,trajectory_length,10000,8,10000,32,0.02,0.18,1,equilibrium,0.1294179432955395,0.1506921311819766,0.0865189901886834
double_well,1,trajectory_length,10000,16,10000,32,0.02,0.18,1,equilibrium,0.16262357325571625,0.1268838286606214,0.10365284595993614
multi_well,1,trajectory_length,10000,2,10000,32,0.02,0.18,1,equilibrium,0.043731921450072125,0.08514289631979022,0.05352693342669194
multi_well,1,trajectory_length,10000,4,10000,32,0.02,0.18,1,equilibrium,0.11340894121629669,0.18004435404250296,0.08884026849962791
multi_well,1,trajectory_length,10000,8,10000,32,0.02,0.18,1,equilibrium,0.18979845045314653,0.2580421480837673,0.12045836204995379
multi_well,1,trajectory_length,10000,16,10000,32,0.02,0.18,1,equilibrium,0.240906891924979,0.2637339380653788,0.13895459814739075
ornstein_uhlenbeck,2,trajectory_length,10000,2,10000,32,0.02,0.18,1,equilibrium,0.04437934126825267,0.09177303929685765,0.05350691802050579
ornstein_uhlenbeck,2,trajectory_length,10000,4,10000,32,0.02,0.18,1,equilibrium,0.0813357798565464,0.15960428924564407,0.06949752388985314
ornstein_uhlenbeck,2,trajectory_length,10000,8,10000,32,0.02,0.18,1,equilibrium,0.11682616254638178,0.20327784519525333,0.08099742700273549
ornstein_uhlenbeck,2,trajectory_length,10000,16,10000,32,0.02,0.18,1,equilibrium,0.12231955670564443,0.12983242771739503,0.08000338423103537
double_well,2,trajectory_length,10000,2,10000,32,0.02,0.18,1,equilibrium,0.045112175789247345,0.08089966727771436,0.05747349846418144
double_well,2,trajectory_length,10000,4,10000,32,0.02,0.18,1,equilibrium,0.09907541120190616,0.1310081358945731,0.07633219939567391
double_well,2,trajectory_length,10000,8,10000,32,0.02,0.18,1,equilibrium,0.13381697925404046,0.1059038776654356,0.08571700627494748
double_well,2,trajectory_length,10000,16,10000,32,0.02,0.18,1,equilibrium,0.17111823683295407,0.12682378864156424,0.1054203225612076
multi_well,2,trajectory_length,10000,2,10000,32,0.02,0.18,1,equilibrium,0.042044538505350594,0.08080560892170408,0.05499305337908097
multi_well,2,trajectory_length,10000,4,10000,32,0.02,0.18,1,equilibrium,0.09842912884101124,0.1528170106843159,0.07645193050768712
multi_well,2,trajectory_length,10000,8,10000,32,0.02,0.18,1,equilibrium,0.14700751765818093,0.2054262166136216,0.09300829172760171
multi_well,2,trajectory_length,10000,16,10000,32,0.02,0.18,1,equilibrium,0.16879693745624694,0.1895244607525892,0.10353947910212927
ornstein_uhlenbeck,3,trajectory_length,10000,2,10000,32,0.02,0.18,1,equilibrium,0.03493371930926303,0.05832693228605568,0.04549149814048537
ornstein_uhlenbeck,3,trajectory_length,10000,4,10000,32,0.02,0.18,1,equilibrium,0.0764605901760591,0.1277654316759933,0.06435984513517294
ornstein_uhlenbeck,3,trajectory_length,10000,8,10000,32,0.02,0.18,1,equilibrium,0.12603824596357785,0.2303934891371892,0.08552389919495441
ornstein_uhlenbeck,3,trajectory_length,10000,16,10000,32,0.02,0.18,1,equilibrium,0.16194333872997918,0.28954040241319867,0.10369541073927105
double_well,3,trajectory_length,10000,2,10000,32,0.02,0.18,1,equilibrium,0.03916612112454864,0.06987030693597113,0.051736009072838686
double_well,3,trajectory_length,10000,4,10000,32,0.02,0.18,1,equilibrium,0.08588440981744966,0.08769826271591596,0.06947597120673822
double_well,3,trajectory_length,10000,8,10000,32,0.02,0.18,1,equilibrium,0.11489409926470338,0.1274331789001751,0.07970732526243911
double_well,3,trajectory_length,10000,16,10000,32,0.02,0.18,1,equilibrium,0.14940224821201215,0.08207899803466075,0.09705196889226692
multi_well,3,trajectory_length,10000,2,10000,32,0.02,0.18,1,equilibrium,0.04492235731664522,0.0878454082327711,0.05397673070421772
multi_well,3,trajectory_length,10000,4,10000,32,0.02,0.18,1,equilibrium,0.1178640757552924,0.18399077579833262,0.08753523703362329
multi_well,3,trajectory_length,10000,8,10000,32,0.02,0.18,1,equilibrium,0.19594831899115284,0.2773637233197428,0.11821436284358577
multi_well,3,trajectory_length,10000,16,10000,32,0.02,0.18,1,equilibrium,0.23937615708698312,0.2363905518756893,0.13928995534684918
ornstein_uhlenbeck,4,trajectory_length,10000,2,10000,32,0.02,0.18,1,equilibrium,0.029394982710431155,0.049412299700483345,0.045660798408967675
ornstein_uhlenbeck,4,trajectory_length,10000,4,10000,32,0.02,0.18,1,equilibrium,0.06676189328088407,0.1206275704846369,0.06059161173329406
ornstein_uhlenbeck,4,trajectory_length,10000,8,10000,32,0.02,0.18,1,equilibrium,0.09838553723933961,0.13502886821431243,0.0702246444592099
ornstein_uhlenbeck,4,trajectory_length,10000,16,10000,32,0.02,0.18,1,equilibrium,0.10965289338280484,0.12894393047853536,0.07305353384226695
double_well,4,trajectory_length,10000,2,10000,32,0.02,0.18,1,equilibrium,0.03622467638014344,0.07071932308399043,0.045862338634666745
double_well,4,trajectory_length,10000,4,10000,32,0.02,0.18,1,equilibrium,0.08623442893575906,0.14391443618696442,0.06843617943212417
double_well,4,trajectory_length,10000,8,10000,32,0.02,0.18,1,equilibrium,0.1166299010354511,0.12980734526844162,0.07899312238273679
double_well,4,trajectory_length,10000,16,10000,32,0.02,0.18,1,equilibrium,0.14995433015317278,0.11762224448018241,0.09727317735647964
multi_well,4,trajectory_length,10000,2,10000,32,0.02,0.18,1,equilibrium,0.05169460245416041,0.10048583794234256,0.06030982925716023
multi_well,4,trajectory_length,10000,4,10000,32,0.02,0.18,1,equilibrium,0.1250873006094401,0.1880131232706872,0.09311747334049646
multi_well,4,trajectory_length,10000,8,10000,32,0.02,0.18,1,equilibrium,0.19526429317577423,0.2671537011878394,0.11863824663293204
multi_well,4,trajectory_length,10000,16,10000,32,0.02,0.18,1,equilibrium,0.22003569719096713,0.26152758663734677,0.13057878676919743
ornstein_uhlenbeck,5,trajectory_length,10000,2,10000,32,0.02,0.18,1,equilibrium,0.03648503055468284,0.06863243137355834,0.054724630566186504
ornstein_uhlenbeck,5,trajectory_length,10000,4,10000,32,0.02,0.18,1,equilibrium,0.0702762994402229,0.12237137722197144,0.06398821248298009
ornstein_uhlenbeck,5,trajectory_length,10000,8,10000,32,0.02,0.18,1,equilibrium,0.10483108037936233,0.1882295381740397,0.0752036075887018
ornstein_uhlenbeck,5,trajectory_length,10000,16,10000,32,0.02,0.18,1,equilibrium,0.12877413125318524,0.22286181573179026,0.08366661478408213
double_well,5,trajectory_length,10000,2,10000,32,0.02,0.18,1,equilibrium,0.03466615108327382,0.05096712678387694,0.04503461186586991
double_well,5,trajectory_length,10000,4,10000,32,0.02,0.18,1,equilibrium,0.08328027649878932,0.12641709098037102,0.06872844725081542
double_well,5,trajectory_length,10000,8,10000,32,0.02,0.18,1,equilibrium,0.12369917766465385,0.12316110842701603,0.0843367524163949
double_well,5,trajectory_length,10000,16,10000,32,0.02,0.18,1,equilibrium,0.1598696180741186,0.12629415178189898,0.1015611730310255
multi_well,5,trajectory_length,10000,2,10000,32,0.02,0.18,1,equilibrium,0.03980033337285596,0.07391850836923142,0.04921124128564699
multi_well,5,trajectory_length,10000,4,10000,32,0.02,0.18,1,equilibrium,0.0998084392668071,0.1698685685090941,0.07501741376086248
multi_well,5,trajectory_length,10000,8,10000,32,0.02,0.18,1,equilibrium,0.1462070166963878,0.2551632125746869,0.09572788495600987
multi_well,5,trajectory_length,10000,16,10000,32,0.02,0.18,1,equilibrium,0.1662422913027271,0.20213949745710244,0.10480213292341667
ornstein_uhlenbeck,6,trajectory_length,10000,2,10000,32,0.02,0.18,1,equilibrium,0.030394121116491903,0.05756436416996635,0.04308727179927551
ornstein_uhlenbeck,6,trajectory_length,10000,4,10000,32,0.02,0.18,1,equilibrium,0.07684904505749318,0.15057035913910788,0.06711559804912098
ornstein_uhlenbeck,6,trajectory_length,10000,8,10000,32,0.02,0.18,1,equilibrium,0.11342615649556176,0.1988399280435556,0.07925528638648095
ornstein_uhlenbeck,6,trajectory_length,10000,16,10000,32,0.02,0.18,1,equilibrium,0.14053846211844334,0.2463957503046769,0.08950544214303702
double_well,6,trajectory_length,10000,2,10000,32,0.02,0.18,1,equilibrium,0.041092996776117066,0.08103095604844185,0.05223551226277583
double_well,6,trajectory_length,10000,4,10000,32,0.02,0.18,1,equilibrium,0.0920133359542447,0.13782178987394816,0.07048764306982838
double_well,6,trajectory_length,10000,8,10000,32,0.02,0.18,1,equilibrium,0.13085119027061895,0.10430230762007903,0.0831476262995869
double_well,6,trajectory_length,10000,16,10000,32,0.02,0.18,1,equilibrium,0.15121709478141138,0.1053379107158045,0.09779678238155276
multi_well,6,trajectory_length,10000,2,10000,32,0.02,0.18,1,equilibrium,0.04026516697443222,0.07255148093684038,0.05286667535515841
multi_well,6,trajectory_length,10000,4,10000,32,0.02,0.18,1,equilibrium,0.10854487637428396,0.17287185688315893,0.08119907807448962
multi_well,6,trajectory_length,10000,8,10000,32,0.02,0.18,1,equilibrium,0.18196145956644505,0.24359615138456958,0.11047203325976417
multi_well,6,trajectory_length,10000,16,10000,32,0.02,0.18,1,equilibrium,0.2243160903216321,0.3670027705772576,0.13357062837553932
ornstein_uhlenbeck,7,trajectory_length,10000,2,10000,32,0.02,0.18,1,equilibrium,0.03850289651991737,0.06740376516108126,0.04646602136220944
ornstein_uhlenbeck,7,trajectory_length,10000,4,10000,32,0.02,0.18,1,equilibrium,0.084406088415527,0.14199557184977785,0.06812510150124
ornstein_uhlenbeck,7,trajectory_length,10000,8,10000,32,0.02,0.18,1,equilibrium,0.12619058472208156,0.2090650428429977,0.08447885542713282
ornstein_uhlenbeck,7,trajectory_length,10000,16,10000,32,0.02,0.18,1,equilibrium,0.1529798927881803,0.2578457951041355,0.09553162893295551
double_well,7,trajectory_length,10000,2,10000,32,0.02,0.18,1,equilibrium,0.04795589978744165,0.0863269061923213,0.0588105487896611
double_well,7,trajectory_length,10000,4,10000,32,0.02,0.18,1,equilibrium,0.11125296994011499,0.19669384322152078,0.08587465831801293
double_well,7,trajectory_length,10000,8,10000,32,0.02,0.18,1,equilibrium,0.15439124116832692,0.27656871604035127,0.10060929766796166
double_well,7,trajectory_length,10000,16,10000,32,0.02,0.18,1,equilibrium,0.18000461934027248,0.2735504997479976,0.11394557046224439
multi_well,7,trajectory_length,10000,2,10000,32,0.02,0.18,1,equilibrium,0.04250807772644501,0.07858472021940655,0.054116411175993986
multi_well,7,trajectory_length,10000,4,10000,32,0.02,0.18,1,equilibrium,0.10878683542917064,0.20413453291811623,0.08907312905282029
multi_well,7,trajectory_length,10000,8,10000,32,0.02,0.18,1,equilibrium,0.17888066485872745,0.30145828406250824,0.11391243160686679
multi_well,7,trajectory_length,10000,16,10000,32,0.02,0.18,1,equilibrium,0.22445721131890012,0.304555015849422,0.13204766697686743
ornstein_uhlenbeck,8,trajectory_length,10000,2,10000,32,0.02,0.18,1,equilibrium,0.03883016243618588,0.059759826704544494,0.052275513754609336
ornstein_uhlenbeck,8,trajectory_length,10000,4,10000,32,0.02,0.18,1,equilibrium,0.08845383961710461,0.12964531563286502,0.06794788391228038
ornstein_uhlenbeck,8,trajectory_length,10000,8,10000,32,0.02,0.18,1,equilibrium,0.12510584352826043,0.1777835759247205,0.08068149094627164
ornstein_uhlenbeck,8,trajectory_length,10000,16,10000,32,0.02,0.18,1,equilibrium,0.13876667337694926,0.18894024496406436,0.08841035236297004
double_well,8,trajectory_length,10000,2,10000,32,0.02,0.18,1,equilibrium,0.03436732494804955,0.06730344860019766,0.05116383718222619
double_well,8,trajectory_length,10000,4,10000,32,0.02,0.18,1,equilibrium,0.07513536843392528,0.12382473311607989,0.06458671646552175
double_well,8,trajectory_length,10000,8,10000,32,0.02,0.18,1,equilibrium,0.11965268397681911,0.1223650077669608,0.08508662929063075
double_well,8,trajectory_length,10000,16,10000,32,0.02,0.18,1,equilibrium,0.15883266470154422,0.1318670333028967,0.10108264952635139
multi_well,8,trajectory_length,10000,2,10000,32,0.02,0.18,1,equilibrium,0.04266871048793395,0.07340011159089599,0.049615068852464035
multi_well,8,trajectory_length,10000,4,10000,32,0.02,0.18,1,equilibrium,0.08767751833683174,0.1376507370416351,0.06685849083135151
multi_well,8,trajectory_length,10000,8,10000,32,0.02,0.18,1,equilibrium,0.14139072548506354,0.22576900252725224,0.08981282825936694
multi_well,8,trajectory_length,10000,16,10000,32,0.02,0.18,1,equilibrium,0.15983046479572724,0.1972889561095412,0.10159561762487265
ornstein_uhlenbeck,9,trajectory_length,10000,2,10000,32,0.02,0.18,1,equilibrium,0.038351209261927935,0.08784196989109189,0.052792288846245095
ornstein_uhlenbeck,9,trajectory_length,10000,4,10000,32,0.02,0.18,1,equilibrium,0.0829221367134386,0.15818221310948893,0.06923919744612149
ornstein_uhlenbeck,9,trajectory_length,10000,8,10000,32,0.02,0.18,1,equilibrium,0.11741214370198547,0.1878914427761849,0.07963840309693308
ornstein_uhlenbeck,9,trajectory_length,10000,16,10000,32,0.02,0.18,1,equilibrium,0.13146650671010301,0.17391221983929908,0.08492613514277106
double_well,9,trajectory_length,10000,2,10000,32,0.02,0.18,1,equilibrium,0.04019704663395006,0.0702401664479474,0.0505510510509823
double_well,9,trajectory_length,10000,4,10000,32,0.02,0.18,1,equilibrium,0.09292583265137988,0.13378601393089884,0.07034947814772059
double_well,9,trajectory_length,10000,8,10000,32,0.02,0.18,1,equilibrium,0.13216191110646464,0.1245251282865123,0.08386019994260005
double_well,9,trajectory_length,10000,16,10000,32,0.02,0.18,1,equilibrium,0.1475646959415133,0.08670418676340948,0.09643194760570475
multi_well,9,trajectory_length,10000,2,10000,32,0.02,0.18,1,equilibrium,0.040396019407236985,0.06978011180600574,0.04855381272426165
multi_well,9,trajectory_length,10000,4,10000,32,0.02,0.18,1,equilibrium,0.09886418189936527,0.1569468157284688,0.07323066364875279
multi_well,9,trajectory_length,10000,8,10000,32,0.02,0.18,1,equilibrium,0.14545856476039276,0.23927411573914525,0.09534255046905447
multi_well,9,trajectory_length,10000,16,10000,32,0.02,0.18,1,equilibrium,0.17365632186250438,0.29486309546632644,0.11094785337808945
ornstein_uhlenbeck,0,trajectory_length,50000,2,50000,32,0.02,0.18,1,equilibrium,0.02656342948497007,0.05843203351108717,0.029356154913990316
ornstein_uhlenbeck,0,trajectory_length,50000,4,50000,32,0.02,0.18,1,equilibrium,0.055874200328460036,0.11797518156746756,0.04497777715583284
ornstein_uhlenbeck,0,trajectory_length,50000,8,50000,32,0.02,0.18,1,equilibrium,0.0713229114676679,0.16608929755401486,0.05343747102523455
ornstein_uhlenbeck,0,trajectory_length,50000,16,50000,32,0.02,0.18,1,equilibrium,0.06974583863430872,0.17037463640551748,0.050784758431391096
double_well,0,trajectory_length,50000,2,50000,32,0.02,0.18,1,equilibrium,0.025629048825888165,0.05570969897630096,0.03515160578727908
double_well,0,trajectory_length,50000,4,50000,32,0.02,0.18,1,equilibrium,0.055506467982522005,0.09599488325898958,0.049220116760119
double_well,0,trajectory_length,50000,8,50000,32,0.02,0.18,1,equilibrium,0.07429965200861574,0.08792280255786505,0.047975011673017307
double_well,0,trajectory_length,50000,16,50000,32,0.02,0.18,1,equilibrium,0.07852708792775172,0.09671508478511459,0.049838713691073865
multi_well,0,trajectory_length,50000,2,50000,32,0.02,0.18,1,equilibrium,0.02190384009599207,0.056184487089228075,0.03964133509204681
multi_well,0,trajectory_length,50000,4,50000,32,0.02,0.18,1,equilibrium,0.06110363816056488,0.13754207221565296,0.07046798417118888
multi_well,0,trajectory_length,50000,8,50000,32,0.02,0.18,1,equilibrium,0.114965860912979,0.20628721814450823,0.09178275522287331
multi_well,0,trajectory_length,50000,16,50000,32,0.02,0.18,1,equilibrium,0.16258298900848847,0.2788493223526408,0.1021975887850281
ornstein_uhlenbeck,1,trajectory_length,50000,2,50000,32,0.02,0.18,1,equilibrium,0.025989265574593155,0.048232425870568196,0.027915256151169885
ornstein_uhlenbeck,1,trajectory_length,50000,4,50000,32,0.02,0.18,1,equilibrium,0.05565939657863317,0.10861785122012557,0.04343922369224447
ornstein_uhlenbeck,1,trajectory_length,50000,8,50000,32,0.02,0.18,1,equilibrium,0.07270248853785077,0.17165259412580747,0.05302943166051636
ornstein_uhlenbeck,1,trajectory_length,50000,16,50000,32,0.02,0.18,1,equilibrium,0.07285276262325344,0.17779208942064956,0.05180056995537321
double_well,1,trajectory_length,50000,2,50000,32,0.02,0.18,1,equilibrium,0.026041323571779615,0.05698068042617088,0.03237276267908828
double_well,1,trajectory_length,50000,4,50000,32,0.02,0.18,1,equilibrium,0.059966248043008555,0.09106504415109817,0.05164148978351868
double_well,1,trajectory_length,50000,8,50000,32,0.02,0.18,1,equilibrium,0.07901795632196644,0.1010731420901424,0.0531156016904383
double_well,1,trajectory_length,50000,16,50000,32,0.02,0.18,1,equilibrium,0.08329629123783985,0.09742028175893544,0.05461310876683554
multi_well,1,trajectory_length,50000,2,50000,32,0.02,0.18,1,equilibrium,0.02270400577691764,0.06505966390097251,0.0414344437658426
multi_well,1,trajectory_length,50000,4,50000,32,0.02,0.18,1,equilibrium,0.06403861258107015,0.15832143249522146,0.0757368190079257
multi_well,1,trajectory_length,50000,8,50000,32,0.02,0.18,1,equilibrium,0.11664161385038316,0.2043370756075682,0.09259853313135007
multi_well,1,trajectory_length,50000,16,50000,32,0.02,0.18,1,equilibrium,0.1605439659218778,0.1803104610211978,0.09568488742441289
ornstein_uhlenbeck,2,trajectory_length,50000,2,50000,32,0.02,0.18,1,equilibrium,0.02431980640864454,0.058200282620142874,0.02898197733161019
ornstein_uhlenbeck,2,trajectory_length,50000,4,50000,32,0.02,0.18,1,equilibrium,0.04569016876653042,0.12487423349777166,0.04086471653828039
ornstein_uhlenbeck,2,trajectory_length,50000,8,50000,32,0.02,0.18,1,equilibrium,0.0603765989513694,0.14855422275721258,0.04551975126514949
ornstein_uhlenbeck,2,trajectory_length,50000,16,50000,32,0.02,0.18,1,equilibrium,0.06556010484444474,0.13227863866229142,0.04369503824772452
double_well,2,trajectory_length,50000,2,50000,32,0.02,0.18,1,equilibrium,0.023867142975119285,0.05466970253609149,0.03164016844290748
double_well,2,trajectory_length,50000,4,50000,32,0.02,0.18,1,equilibrium,0.05445715271963637,0.08611686670287383,0.04432828472052392
double_well,2,trajectory_length,50000,8,50000,32,0.02,0.18,1,equilibrium,0.07391245388962317,0.08676858103252366,0.049025025653911834
double_well,2,trajectory_length,50000,16,50000,32,0.02,0.18,1,equilibrium,0.07891933810053067,0.08090754172865955,0.05110051959871696
multi_well,2,trajectory_length,50000,2,50000,32,0.02,0.18,1,equilibrium,0.029296447821174465,0.07008966304127473,0.04417021377446423
multi_well,2,trajectory_length,50000,4,50000,32,0.02,0.18,1,equilibrium,0.08276722336420156,0.16567595813602165,0.0802622605564883
multi_well,2,trajectory_length,50000,8,50000,32,0.02,0.18,1,equilibrium,0.14733678191338703,0.24317979243504206,0.1063026858517543
multi_well,2,trajectory_length,50000,16,50000,32,0.02,0.18,1,equilibrium,0.2018910125259184,0.2992286297953833,0.12181858307153383
ornstein_uhlenbeck,3,trajectory_length,50000,2,50000,32,0.02,0.18,1,equilibrium,0.020730142070024122,0.05250261450882221,0.026790445194766754
ornstein_uhlenbeck,3,trajectory_length,50000,4,50000,32,0.02,0.18,1,equilibrium,0.04400941771899203,0.10854824942354568,0.040584279261151525
ornstein_uhlenbeck,3,trajectory_length,50000,8,50000,32,0.02,0.18,1,equilibrium,0.05679339335537947,0.14108990395994864,0.04677886237484021
ornstein_uhlenbeck,3,trajectory_length,50000,16,50000,32,0.02,0.18,1,equilibrium,0.055206429624342475,0.1403901050389526,0.041884453035517105
double_well,3,trajectory_length,50000,2,50000,32,0.02,0.18,1,equilibrium,0.022826516083393478,0.05503956265442339,0.031440979948938415
double_well,3,trajectory_length,50000,4,50000,32,0.02,0.18,1,equilibrium,0.05074125378902812,0.0922168160312169,0.04754793132746733
double_well,3,trajectory_length,50000,8,50000,32,0.02,0.18,1,equilibrium,0.06263069183983833,0.08497304559238533,0.04661942184397903
double_well,3,trajectory_length,50000,16,50000,32,0.02,0.18,1,equilibrium,0.06035541432108406,0.05047524326089514,0.043589756636928566
multi_well,3,trajectory_length,50000,2,50000,32,0.02,0.18,1,equilibrium,0.03270044172739078,0.06894287358807921,0.04254553980711239
multi_well,3,trajectory_length,50000,4,50000,32,0.02,0.18,1,equilibrium,0.08307550552891273,0.15204521986489683,0.07416862565830536
multi_well,3,trajectory_length,50000,8,50000,32,0.02,0.18,1,equilibrium,0.14121692535556565,0.22602444782453718,0.09921566414995707
multi_well,3,trajectory_length,50000,16,50000,32,0.02,0.18,1,equilibrium,0.1766118044008882,0.2857219189926346,0.10673629123324113
ornstein_uhlenbeck,4,trajectory_length,50000,2,50000,32,0.02,0.18,1,equilibrium,0.023392614806388278,0.051801217242745334,0.0282783059096243
ornstein_uhlenbeck,4,trajectory_length,50000,4,50000,32,0.02,0.18,1,equilibrium,0.04379761673377402,0.10605481732382993,0.039409611297595404
ornstein_uhlenbeck,4,trajectory_length,50000,8,50000,32,0.02,0.18,1,equilibrium,0.05495417288709617,0.1502519016145849,0.04523163577483377
ornstein_uhlenbeck,4,trajectory_length,50000,16,50000,32,0.02,0.18,1,equilibrium,0.05984504941603436,0.12885154911544475,0.04324817549577078
double_well,4,trajectory_length,50000,2,50000,32,0.02,0.18,1,equilibrium,0.024456953077515664,0.0523542074164946,0.03288315559869158
double_well,4,trajectory_length,50000,4,50000,32,0.02,0.18,1,equilibrium,0.055293757672454154,0.08266283363353494,0.0483803904163525
double_well,4,trajectory_length,50000,8,50000,32,0.02,0.18,1,equilibrium,0.07259151733863245,0.09319899529802422,0.050017743237584567
double_well,4,trajectory_length,50000,16,50000,32,0.02,0.18,1,equilibrium,0.08228769083249966,0.07722884902790952,0.053582240650058
multi_well,4,trajectory_length,50000,2,50000,32,0.02,0.18,1,equilibrium,0.02770459074876061,0.05948527354287697,0.03952853736294789
multi_well,4,trajectory_length,50000,4,50000,32,0.02,0.18,1,equilibrium,0.08086361296672029,0.15857820871054762,0.07956901793385941
multi_well,4,trajectory_length,50000,8,50000,32,0.02,0.18,1,equilibrium,0.15203842105191231,0.2507358717030424,0.11286382665708992
multi_well,4,trajectory_length,50000,16,50000,32,0.02,0.18,1,equilibrium,0.210712055685376,0.30249818667930156,0.12699157271156025
ornstein_uhlenbeck,5,trajectory_length,50000,2,50000,32,0.02,0.18,1,equilibrium,0.026083202406749936,0.049959102517334486,0.02890646504218819
ornstein_uhlenbeck,5,trajectory_length,50000,4,50000,32,0.02,0.18,1,equilibrium,0.04856760836707728,0.10940387195098134,0.042291692988081685
ornstein_uhlenbeck,5,trajectory_length,50000,8,50000,32,0.02,0.18,1,equilibrium,0.06349842703629797,0.14477105119580969,0.04864931801517062
ornstein_uhlenbeck,5,trajectory_length,50000,16,50000,32,0.02,0.18,1,equilibrium,0.06459690281964525,0.1341081431226678,0.04496277872426086
double_well,5,trajectory_length,50000,2,50000,32,0.02,0.18,1,equilibrium,0.024002738256387338,0.06504593291529726,0.0334699051213902
double_well,5,trajectory_length,50000,4,50000,32,0.02,0.18,1,equilibrium,0.05454398512099237,0.0892736553582219,0.04679230486806026
double_well,5,trajectory_length,50000,8,50000,32,0.02,0.18,1,equilibrium,0.07215352118851352,0.09031774069759951,0.048673436615082596
double_well,5,trajectory_length,50000,16,50000,32,0.02,0.18,1,equilibrium,0.07401229035961056,0.06605014246803359,0.04875046974770038
multi_well,5,trajectory_length,50000,2,50000,32,0.02,0.18,1,equilibrium,0.025609061055172175,0.06882018463120765,0.046349381514442234
multi_well,5,trajectory_length,50000,4,50000,32,0.02,0.18,1,equilibrium,0.07017072023706977,0.14006494451242157,0.07887192435776794
multi_well,5,trajectory_length,50000,8,50000,32,0.02,0.18,1,equilibrium,0.13014095652767743,0.1997629080127794,0.10100568268652786
multi_well,5,trajectory_length,50000,16,50000,32,0.02,0.18,1,equilibrium,0.1780764626621529,0.19184884044621178,0.10803363238831261
ornstein_uhlenbeck,6,trajectory_length,50000,2,50000,32,0.02,0.18,1,equilibrium,0.025394473369591143,0.0664637132153415,0.030927448661318618
ornstein_uhlenbeck,6,trajectory_length,50000,4,50000,32,0.02,0.18,1,equilibrium,0.051048498350597986,0.13258400277631666,0.04575886616594976
ornstein_uhlenbeck,6,trajectory_length,50000,8,50000,32,0.02,0.18,1,equilibrium,0.06409639090550594,0.16152496484325496,0.05127757438035036
ornstein_uhlenbeck,6,trajectory_length,50000,16,50000,32,0.02,0.18,1,equilibrium,0.0700343188720019,0.1458051977440222,0.0482561631025722
double_well,6,trajectory_length,50000,2,50000,32,0.02,0.18,1,equilibrium,0.02578493482228454,0.05468066574266439,0.03361721314253284
double_well,6,trajectory_length,50000,4,50000,32,0.02,0.18,1,equilibrium,0.055911335327801695,0.09835680708147915,0.048625491322378186
double_well,6,trajectory_length,50000,8,50000,32,0.02,0.18,1,equilibrium,0.07909002793779163,0.09132585976799412,0.052140055774168956
double_well,6,trajectory_length,50000,16,50000,32,0.02,0.18,1,equilibrium,0.07912531078528463,0.06692749013265067,0.05081912940475805
multi_well,6,trajectory_length,50000,2,50000,32,0.02,0.18,1,equilibrium,0.034565390821334016,0.06487206199647555,0.043858036470623626
multi_well,6,trajectory_length,50000,4,50000,32,0.02,0.18,1,equilibrium,0.08955404021312038,0.1420070787080805,0.0808547402309871
multi_well,6,trajectory_length,50000,8,50000,32,0.02,0.18,1,equilibrium,0.15667107703379213,0.2186343135013908,0.11164546350323279
multi_well,6,trajectory_length,50000,16,50000,32,0.02,0.18,1,equilibrium,0.2044710894860983,0.27696826310386014,0.12190049807173413
ornstein_uhlenbeck,7,trajectory_length,50000,2,50000,32,0.02,0.18,1,equilibrium,0.025741372765411386,0.05078428585330186,0.028874835938016943
ornstein_uhlenbeck,7,trajectory_length,50000,4,50000,32,0.02,0.18,1,equilibrium,0.049191841523869434,0.10728229036547898,0.04204687014094965
ornstein_uhlenbeck,7,trajectory_length,50000,8,50000,32,0.02,0.18,1,equilibrium,0.0662683418113639,0.1628311417043209,0.051741861680484585
ornstein_uhlenbeck,7,trajectory_length,50000,16,50000,32,0.02,0.18,1,equilibrium,0.06660800081965768,0.15735004256438287,0.04975163546008878
double_well,7,trajectory_length,50000,2,50000,32,0.02,0.18,1,equilibrium,0.022127305499275725,0.04852235965665108,0.02982521841466656
double_well,7,trajectory_length,50000,4,50000,32,0.02,0.18,1,equilibrium,0.05023211738895368,0.08775256608275456,0.042903660574682236
double_well,7,trajectory_length,50000,8,50000,32,0.02,0.18,1,equilibrium,0.06770090931344891,0.08300628725745463,0.04555440643852422
double_well,7,trajectory_length,50000,16,50000,32,0.02,0.18,1,equilibrium,0.07234101487686855,0.06326652245768835,0.0470618571432104
multi_well,7,trajectory_length,50000,2,50000,32,0.02,0.18,1,equilibrium,0.03147213278849348,0.054156528180248076,0.0354523498839819
multi_well,7,trajectory_length,50000,4,50000,32,0.02,0.18,1,equilibrium,0.07714888456401131,0.11863701002384419,0.062112913761423444
multi_well,7,trajectory_length,50000,8,50000,32,0.02,0.18,1,equilibrium,0.1288216705851447,0.1966868136142702,0.08749538624516903
multi_well,7,trajectory_length,50000,16,50000,32,0.02,0.18,1,equilibrium,0.1496487110421408,0.2265159846987716,0.09089865336416397
ornstein_uhlenbeck,8,trajectory_length,50000,2,50000,32,0.02,0.18,1,equilibrium,0.022203584042954652,0.049334313554298626,0.027901196435728564
ornstein_uhlenbeck,8,trajectory_length,50000,4,50000,32,0.02,0.18,1,equilibrium,0.04684223553583641,0.10940804387906389,0.04139043807459796
ornstein_uhlenbeck,8,trajectory_length,50000,8,50000,32,0.02,0.18,1,equilibrium,0.06766170953495362,0.16210086865827494,0.05119985306003444
ornstein_uhlenbeck,8,trajectory_length,50000,16,50000,32,0.02,0.18,1,equilibrium,0.071584666102495,0.16880814660156032,0.04960681244890771
double_well,8,trajectory_length,50000,2,50000,32,0.02,0.18,1,equilibrium,0.024420326145303206,0.05054852736138249,0.032509742449075105
double_well,8,trajectory_length,50000,4,50000,32,0.02,0.18,1,equilibrium,0.05370951493550553,0.0807725221142771,0.04516721606611092
double_well,8,trajectory_length,50000,8,50000,32,0.02,0.18,1,equilibrium,0.06907997907977202,0.07635637510426768,0.048277851800924566
double_well,8,trajectory_length,50000,16,50000,32,0.02,0.18,1,equilibrium,0.06812261395695735,0.06189560683549758,0.046173089353562465
multi_well,8,trajectory_length,50000,2,50000,32,0.02,0.18,1,equilibrium,0.03867269889995659,0.0649440324020405,0.041129144006248466
multi_well,8,trajectory_length,50000,4,50000,32,0.02,0.18,1,equilibrium,0.09747644701710437,0.1507511257940457,0.07761894444609155
multi_well,8,trajectory_length,50000,8,50000,32,0.02,0.18,1,equilibrium,0.16721605585444313,0.2239141751260194,0.10704239958728297
multi_well,8,trajectory_length,50000,16,50000,32,0.02,0.18,1,equilibrium,0.2108345398363693,0.26413340479869934,0.12201870369247533
ornstein_uhlenbeck,9,trajectory_length,50000,2,50000,32,0.02,0.18,1,equilibrium,0.02415873073927365,0.050920178488021384,0.02862827205065431
ornstein_uhlenbeck,9,trajectory_length,50000,4,50000,32,0.02,0.18,1,equilibrium,0.04637302871854282,0.10822485369692558,0.04040030475215501
ornstein_uhlenbeck,9,trajectory_length,50000,8,50000,32,0.02,0.18,1,equilibrium,0.06783128483168674,0.15653227849608803,0.05170444442625595
ornstein_uhlenbeck,9,trajectory_length,50000,16,50000,32,0.02,0.18,1,equilibrium,0.07384453899752039,0.1680988920976932,0.05218348153856513
double_well,9,trajectory_length,50000,2,50000,32,0.02,0.18,1,equilibrium,0.022759763159951096,0.0566376152133824,0.03180750410510123
double_well,9,trajectory_length,50000,4,50000,32,0.02,0.18,1,equilibrium,0.05152851418942392,0.09192778051196726,0.045890541669447046
double_well,9,trajectory_length,50000,8,50000,32,0.02,0.18,1,equilibrium,0.06293343439664005,0.07615598638097021,0.04463665436724263
double_well,9,trajectory_length,50000,16,50000,32,0.02,0.18,1,equilibrium,0.0718315303808845,0.07367454066678902,0.0472266435126459
multi_well,9,trajectory_length,50000,2,50000,32,0.02,0.18,1,equilibrium,0.03069408220511924,0.06787667849283763,0.03997870756741164
multi_well,9,trajectory_length,50000,4,50000,32,0.02,0.18,1,equilibrium,0.07928654145470634,0.1297166772852874,0.07180868781556611
multi_well,9,trajectory_length,50000,8,50000,32,0.02,0.18,1,equilibrium,0.1276209714991445,0.19940437195165545,0.0884922539252204
multi_well,9,trajectory_length,50000,16,50000,32,0.02,0.18,1,equilibrium,0.15052420865415633,0.2026230134025328,0.09026912930879843
ornstein_uhlenbeck,0,trajectory_length,200000,2,200000,32,0.02,0.18,1,equilibrium,0.022909253516281307,0.05140926166095783,0.022476443119273312
ornstein_uhlenbeck,0,trajectory_length,200000,4,200000,32,0.02,0.18,1,equilibrium,0.04586152043910617,0.11013649050861662,0.038465536784990026
ornstein_uhlenbeck,0,trajectory_length,200000,8,200000,32,0.02,0.18,1,equilibrium,0.05607033838256906,0.15604432649024158,0.045260567432931324
ornstein_uhlenbeck,0,trajectory_length,200000,16,200000,32,0.02,0.18,1,equilibrium,0.05174603542080733,0.14936376077892083,0.040301939759454584
double_well,0,trajectory_length,200000,2,200000,32,0.02,0.18,1,equilibrium,0.02144486975313501,0.04812361495486728,0.02819765486385325
double_well,0,trajectory_length,200000,4,200000,32,0.02,0.18,1,equilibrium,0.04773494225572391,0.07919223663781938,0.04164300091351185
double_well,0,trajectory_length,200000,8,200000,32,0.02,0.18,1,equilibrium,0.05889343613459723,0.07365608420766245,0.04046618924812848
double_well,0,trajectory_length,200000,16,200000,32,0.02,0.18,1,equilibrium,0.054514611282145214,0.06724163906820035,0.036162953115093245
multi_well,0,trajectory_length,200000,2,200000,32,0.02,0.18,1,equilibrium,0.023708945764216505,0.06193076377711171,0.03728637135485279
multi_well,0,trajectory_length,200000,4,200000,32,0.02,0.18,1,equilibrium,0.06700999663151766,0.14955811386386353,0.0717238686377808
multi_well,0,trajectory_length,200000,8,200000,32,0.02,0.18,1,equilibrium,0.1270624580113519,0.22533345200896482,0.10052923467622571
multi_well,0,trajectory_length,200000,16,200000,32,0.02,0.18,1,equilibrium,0.1851805960393586,0.3534107104697898,0.12459547922101906
ornstein_uhlenbeck,1,trajectory_length,200000,2,200000,32,0.02,0.18,1,equilibrium,0.02293739545841392,0.05111880570409055,0.02220264402868164
ornstein_uhlenbeck,1,trajectory_length,200000,4,200000,32,0.02,0.18,1,equilibrium,0.04319274184169483,0.1049910338778336,0.03582281327088857
ornstein_uhlenbeck,1,trajectory_length,200000,8,200000,32,0.02,0.18,1,equilibrium,0.052747837531884986,0.14977670400324888,0.042679191241673825
ornstein_uhlenbeck,1,trajectory_length,200000,16,200000,32,0.02,0.18,1,equilibrium,0.0466544515927826,0.14085345411801561,0.03731615970016933
double_well,1,trajectory_length,200000,2,200000,32,0.02,0.18,1,equilibrium,0.021373648877973023,0.051809854686480916,0.028892208558575164
double_well,1,trajectory_length,200000,4,200000,32,0.02,0.18,1,equilibrium,0.04700585192245134,0.07844152570199536,0.041163231996939456
double_well,1,trajectory_length,200000,8,200000,32,0.02,0.18,1,equilibrium,0.0595757790180292,0.07621865558840463,0.04053304685954862
double_well,1,trajectory_length,200000,16,200000,32,0.02,0.18,1,equilibrium,0.052875925480407704,0.05469210791304879,0.035697364615861406
multi_well,1,trajectory_length,200000,2,200000,32,0.02,0.18,1,equilibrium,0.022987832195608376,0.060015005656678166,0.038523355084208316
multi_well,1,trajectory_length,200000,4,200000,32,0.02,0.18,1,equilibrium,0.06735078616959402,0.14214673177610004,0.07390483218553165
multi_well,1,trajectory_length,200000,8,200000,32,0.02,0.18,1,equilibrium,0.13275797606605866,0.21287883041570566,0.10467021773283838
multi_well,1,trajectory_length,200000,16,200000,32,0.02,0.18,1,equilibrium,0.20153170634816236,0.3424483347767667,0.13063506401256103
ornstein_uhlenbeck,2,trajectory_length,200000,2,200000,32,0.02,0.18,1,equilibrium,0.020717015197787965,0.048551609133406504,0.02091666614197299
ornstein_uhlenbeck,2,trajectory_length,200000,4,200000,32,0.02,0.18,1,equilibrium,0.04161876633988194,0.10185930694874423,0.03463950965197303
ornstein_uhlenbeck,2,trajectory_length,200000,8,200000,32,0.02,0.18,1,equilibrium,0.04749657532746735,0.13160969882452722,0.03834497399288499
ornstein_uhlenbeck,2,trajectory_length,200000,16,200000,32,0.02,0.18,1,equilibrium,0.042284695909646765,0.128927340945981,0.03371618781680492
double_well,2,trajectory_length,200000,2,200000,32,0.02,0.18,1,equilibrium,0.02058693598063751,0.04735899059086146,0.02839033764353071
double_well,2,trajectory_length,200000,4,200000,32,0.02,0.18,1,equilibrium,0.04592630383588801,0.08143340761438689,0.04164536949865118
double_well,2,trajectory_length,200000,8,200000,32,0.02,0.18,1,equilibrium,0.05948560052341625,0.07838980990605987,0.040966119054706825
double_well,2,trajectory_length,200000,16,200000,32,0.02,0.18,1,equilibrium,0.05297378611240588,0.062383103189113664,0.03569003745973164
multi_well,2,trajectory_length,200000,2,200000,32,0.02,0.18,1,equilibrium,0.019868621274452797,0.05924207362904066,0.035706058549281446
multi_well,2,trajectory_length,200000,4,200000,32,0.02,0.18,1,equilibrium,0.05726884775310504,0.1371171829037543,0.06588737629756929
multi_well,2,trajectory_length,200000,8,200000,32,0.02,0.18,1,equilibrium,0.1092575052791823,0.2007923365450528,0.08693956154771945
multi_well,2,trajectory_length,200000,16,200000,32,0.02,0.18,1,equilibrium,0.15496813007839472,0.2653918989322084,0.09971006286724554
ornstein_uhlenbeck,3,trajectory_length,200000,2,200000,32,0.02,0.18,1,equilibrium,0.021477601122384452,0.049510611715566255,0.021260712251638683
ornstein_uhlenbeck,3,trajectory_length,200000,4,200000,32,0.02,0.18,1,equilibrium,0.042380194266907215,0.10571075696166832,0.03615987952018883
ornstein_uhlenbeck,3,trajectory_length,200000,8,200000,32,0.02,0.18,1,equilibrium,0.05087607157057838,0.14937524569835187,0.04340963475077678
ornstein_uhlenbeck,3,trajectory_length,200000,16,200000,32,0.02,0.18,1,equilibrium,0.04752160704214001,0.1431428240432121,0.0386358471399466
double_well,3,trajectory_length,200000,2,200000,32,0.02,0.18,1,equilibrium,0.02016664863996611,0.047476168822603415,0.02809238011017821
double_well,3,trajectory_length,200000,4,200000,32,0.02,0.18,1,equilibrium,0.045338982163277156,0.08163828995026229,0.04082921407588214
double_well,3,trajectory_length,200000,8,200000,32,0.02,0.18,1,equilibrium,0.05880123489893893,0.07934430287043648,0.04013884871177494
double_well,3,trajectory_length,200000,16,200000,32,0.02,0.18,1,equilibrium,0.05336758939519081,0.060271585189546284,0.03517803568550303
multi_well,3,trajectory_length,200000,2,200000,32,0.02,0.18,1,equilibrium,0.024586779851221263,0.05719269300115326,0.03681118042522958
multi_well,3,trajectory_length,200000,4,200000,32,0.02,0.18,1,equilibrium,0.07053372967317134,0.1404494892812822,0.07154221341911897
multi_well,3,trajectory_length,200000,8,200000,32,0.02,0.18,1,equilibrium,0.13412120403141245,0.2167952110188054,0.10153889321584057
multi_well,3,trajectory_length,200000,16,200000,32,0.02,0.18,1,equilibrium,0.18771258299788587,0.3541250112208886,0.12409934878671416
ornstein_uhlenbeck,4,trajectory_length,200000,2,200000,32,0.02,0.18,1,equilibrium,0.021690490256720395,0.047129236737155744,0.02114981558401365
ornstein_uhlenbeck,4,trajectory_length,200000,4,200000,32,0.02,0.18,1,equilibrium,0.0420519547663799,0.10266448612519818,0.03595141633527373
ornstein_uhlenbeck,4,trajectory_length,200000,8,200000,32,0.02,0.18,1,equilibrium,0.04943251318721263,0.14831706510416698,0.042922646985118044
ornstein_uhlenbeck,4,trajectory_length,200000,16,200000,32,0.02,0.18,1,equilibrium,0.042644050107300366,0.13393300282891968,0.03636182074966472
double_well,4,trajectory_length,200000,2,200000,32,0.02,0.18,1,equilibrium,0.02167673629836163,0.04938464952786348,0.028906173900607905
double_well,4,trajectory_length,200000,4,200000,32,0.02,0.18,1,equilibrium,0.047587823806174503,0.07578561436638603,0.040276626071846754
double_well,4,trajectory_length,200000,8,200000,32,0.02,0.18,1,equilibrium,0.06112795732421817,0.0733450624044456,0.04090418821517559
double_well,4,trajectory_length,200000,16,200000,32,0.02,0.18,1,equilibrium,0.05674397012769553,0.0535507001353846,0.03743412935985474
multi_well,4,trajectory_length,200000,2,200000,32,0.02,0.18,1,equilibrium,0.022048779825998774,0.058706261389445125,0.03716480301876437
multi_well,4,trajectory_length,200000,4,200000,32,0.02,0.18,1,equilibrium,0.061494528354080716,0.14427349133167255,0.06799310322237716
multi_well,4,trajectory_length,200000,8,200000,32,0.02,0.18,1,equilibrium,0.1174873233636736,0.2173647871953775,0.09293129996649503
multi_well,4,trajectory_length,200000,16,200000,32,0.02,0.18,1,equilibrium,0.16598381314309624,0.31108805420726227,0.10950674918677614
ornstein_uhlenbeck,5,trajectory_length,200000,2,200000,32,0.02,0.18,1,equilibrium,0.02318060991877877,0.05196502200392217,0.023191169958490906
ornstein_uhlenbeck,5,trajectory_length,200000,4,200000,32,0.02,0.18,1,equilibrium,0.04443934499801216,0.11285465045663601,0.03675975015292914
ornstein_uhlenbeck,5,trajectory_length,200000,8,200000,32,0.02,0.18,1,equilibrium,0.05341240244563215,0.15600296711840023,0.04374760501214269
ornstein_uhlenbeck,5,trajectory_length,200000,16,200000,32,0.02,0.18,1,equilibrium,0.0533629978933258,0.15473015393392603,0.041483872447952395
double_well,5,trajectory_length,200000,2,200000,32,0.02,0.18,1,equilibrium,0.02118024887844879,0.053650739006516845,0.028431897358649448
double_well,5,trajectory_length,200000,4,200000,32,0.02,0.18,1,equilibrium,0.04637693641626377,0.08055234802117778,0.04031587888122758
double_well,5,trajectory_length,200000,8,200000,32,0.02,0.18,1,equilibrium,0.061287163256231576,0.0787624029040983,0.04218047625769087
double_well,5,trajectory_length,200000,16,200000,32,0.02,0.18,1,equilibrium,0.057316832530860465,0.06997066951561334,0.038151912416695494
multi_well,5,trajectory_length,200000,2,200000,32,0.02,0.18,1,equilibrium,0.02440231032039264,0.06244756471997115,0.03816236614971079
multi_well,5,trajectory_length,200000,4,200000,32,0.02,0.18,1,equilibrium,0.0686782368743922,0.1490201800007448,0.07101289938959868
multi_well,5,trajectory_length,200000,8,200000,32,0.02,0.18,1,equilibrium,0.13159289498013835,0.22356230215566475,0.10134319423381674
multi_well,5,trajectory_length,200000,16,200000,32,0.02,0.18,1,equilibrium,0.1839214612895327,0.3507365004288823,0.12136411149933653
ornstein_uhlenbeck,6,trajectory_length,200000,2,200000,32,0.02,0.18,1,equilibrium,0.02240570595590902,0.05340420254378675,0.022686183666553016
ornstein_uhlenbeck,6,trajectory_length,200000,4,200000,32,0.02,0.18,1,equilibrium,0.0440044855002559,0.11612158109191495,0.03715505619817857
ornstein_uhlenbeck,6,trajectory_length,200000,8,200000,32,0.02,0.18,1,equilibrium,0.0533172143725025,0.1563803027096417,0.043068570113221995
ornstein_uhlenbeck,6,trajectory_length,200000,16,200000,32,0.02,0.18,1,equilibrium,0.05098857496807749,0.15679262549881362,0.03933436668487197
double_well,6,trajectory_length,200000,2,200000,32,0.02,0.18,1,equilibrium,0.021886060028738642,0.053973853703501495,0.027988064655312686
double_well,6,trajectory_length,200000,4,200000,32,0.02,0.18,1,equilibrium,0.048071491075933226,0.0860826824316363,0.04268999930176326
double_well,6,trajectory_length,200000,8,200000,32,0.02,0.18,1,equilibrium,0.06287883408850692,0.09185126361860252,0.043212615459782236
double_well,6,trajectory_length,200000,16,200000,32,0.02,0.18,1,equilibrium,0.05460815362432368,0.08244367755120327,0.036835325547118415
multi_well,6,trajectory_length,200000,2,200000,32,0.02,0.18,1,equilibrium,0.025422427035913783,0.06052264688517828,0.03638047556678789
multi_well,6,trajectory_length,200000,4,200000,32,0.02,0.18,1,equilibrium,0.06859269474562349,0.14092037705463356,0.06805813311651797
multi_well,6,trajectory_length,200000,8,200000,32,0.02,0.18,1,equilibrium,0.1236895332418777,0.22644986178788645,0.09389993083849704
multi_well,6,trajectory_length,200000,16,200000,32,0.02,0.18,1,equilibrium,0.16253030443124422,0.32435668730327133,0.10647762880897436
ornstein_uhlenbeck,7,trajectory_length,200000,2,200000,32,0.02,0.18,1,equilibrium,0.02263832593588816,0.05542020946304793,0.022778908781354707
ornstein_uhlenbeck,7,trajectory_length,200000,4,200000,32,0.02,0.18,1,equilibrium,0.04693696909784338,0.12009314246435443,0.03973420936429672
ornstein_uhlenbeck,7,trajectory_length,200000,8,200000,32,0.02,0.18,1,equilibrium,0.05806319217448176,0.17104982331610302,0.04848526994182538
ornstein_uhlenbeck,7,trajectory_length,200000,16,200000,32,0.02,0.18,1,equilibrium,0.0577114292065571,0.1748018576960593,0.04540281516791372
double_well,7,trajectory_length,200000,2,200000,32,0.02,0.18,1,equilibrium,0.02100944360615445,0.04874457402712479,0.027967030826947185
double_well,7,trajectory_length,200000,4,200000,32,0.02,0.18,1,equilibrium,0.04566070953405914,0.07137992534868554,0.03926469158576746
double_well,7,trajectory_length,200000,8,200000,32,0.02,0.18,1,equilibrium,0.05815725041892337,0.07371258050098856,0.039406536690719765
double_well,7,trajectory_length,200000,16,200000,32,0.02,0.18,1,equilibrium,0.05147583958689575,0.05141421393758214,0.0333888136577653
multi_well,7,trajectory_length,200000,2,200000,32,0.02,0.18,1,equilibrium,0.022551527254095483,0.05448510725676747,0.034728572985236614
multi_well,7,trajectory_length,200000,4,200000,32,0.02,0.18,1,equilibrium,0.060858746497435584,0.11862663012396601,0.06554623982072912
multi_well,7,trajectory_length,200000,8,200000,32,0.02,0.18,1,equilibrium,0.10643172190895851,0.1964598759397777,0.08403405633527151
multi_well,7,trajectory_length,200000,16,200000,32,0.02,0.18,1,equilibrium,0.1362623453235953,0.2615631582828867,0.08948999329820936
ornstein_uhlenbeck,8,trajectory_length,200000,2,200000,32,0.02,0.18,1,equilibrium,0.021899548747011513,0.046129755446809195,0.021594264102870048
ornstein_uhlenbeck,8,trajectory_length,200000,4,200000,32,0.02,0.18,1,equilibrium,0.0438897475330804,0.10646100509104539,0.03673316312574561
ornstein_uhlenbeck,8,trajectory_length,200000,8,200000,32,0.02,0.18,1,equilibrium,0.054104366203452686,0.14604144214756254,0.04395509024509044
ornstein_uhlenbeck,8,trajectory_length,200000,16,200000,32,0.02,0.18,1,equilibrium,0.05236345513686532,0.15029627608559137,0.04049453523330024
double_well,8,trajectory_length,200000,2,200000,32,0.02,0.18,1,equilibrium,0.021184256027687816,0.04660354975711012,0.028216947762775536
double_well,8,trajectory_length,200000,4,200000,32,0.02,0.18,1,equilibrium,0.04587580802480981,0.07140780245608369,0.03918410878497519
double_well,8,trajectory_length,200000,8,200000,32,0.02,0.18,1,equilibrium,0.05877570306386997,0.07447609506405345,0.038962357675009836
double_well,8,trajectory_length,200000,16,200000,32,0.02,0.18,1,equilibrium,0.05168173733672062,0.056234435086148116,0.03412265568289665
multi_well,8,trajectory_length,200000,2,200000,32,0.02,0.18,1,equilibrium,0.023675450452804947,0.05695391905366598,0.034981303340653844
multi_well,8,trajectory_length,200000,4,200000,32,0.02,0.18,1,equilibrium,0.06755124427340034,0.1442763944158938,0.0682684296476585
multi_well,8,trajectory_length,200000,8,200000,32,0.02,0.18,1,equilibrium,0.12521153699534265,0.21549407777290713,0.09577773124967055
multi_well,8,trajectory_length,200000,16,200000,32,0.02,0.18,1,equilibrium,0.17901916147973218,0.3269757972126377,0.11540378615714884
ornstein_uhlenbeck,9,trajectory_length,200000,2,200000,32,0.02,0.18,1,equilibrium,0.025896042438969043,0.056402244245040256,0.02598183416081073
ornstein_uhlenbeck,9,trajectory_length,200000,4,200000,32,0.02,0.18,1,equilibrium,0.04922933990344541,0.12118515163436772,0.041104465058306075
ornstein_uhlenbeck,9,trajectory_length,200000,8,200000,32,0.02,0.18,1,equilibrium,0.05710872171493614,0.16866311111719196,0.046936329148395996
ornstein_uhlenbeck,9,trajectory_length,200000,16,200000,32,0.02,0.18,1,equilibrium,0.05327921978815799,0.1690495173999298,0.04247126209393232
double_well,9,trajectory_length,200000,2,200000,32,0.02,0.18,1,equilibrium,0.021883310704385234,0.04805761663012176,0.02840112682958646
double_well,9,trajectory_length,200000,4,200000,32,0.02,0.18,1,equilibrium,0.048634679657951305,0.08673599326875397,0.041242277485252415
double_well,9,trajectory_length,200000,8,200000,32,0.02,0.18,1,equilibrium,0.06319814144058299,0.08966638231618251,0.04221271774230869
double_well,9,trajectory_length,200000,16,200000,32,0.02,0.18,1,equilibrium,0.057554076736432605,0.06097055575731716,0.03795692182363948
multi_well,9,trajectory_length,200000,2,200000,32,0.02,0.18,1,equilibrium,0.019764408241053966,0.057067240911462536,0.03606543560981094
multi_well,9,trajectory_length,200000,4,200000,32,0.02,0.18,1,equilibrium,0.05730450291726047,0.1409138502304763,0.06853831550282534
multi_well,9,trajectory_length,200000,8,200000,32,0.02,0.18,1,equilibrium,0.1122268861827516,0.2073191897728272,0.09257214027003548
multi_well,9,trajectory_length,200000,16,200000,32,0.02,0.18,1,equilibrium,0.17323183769741396,0.31094058174643224,0.1134125415373952
ornstein_uhlenbeck,0,sampling_step,0.01,2,100000,32,0.01,0.18,1,equilibrium,0.025747829342843566,0.05759318067025593,0.029767995412176666
ornstein_uhlenbeck,0,sampling_step,0.01,4,100000,32,0.01,0.18,1,equilibrium,0.05581422139853779,0.11743669707431748,0.04706342910655437
ornstein_uhlenbeck,0,sampling_step,0.01,8,100000,32,0.01,0.18,1,equilibrium,0.07852947890192646,0.1840153649411551,0.057942225571457534
ornstein_uhlenbeck,0,sampling_step,0.01,16,100000,32,0.01,0.18,1,equilibrium,0.08599562357637201,0.22493384849653236,0.06315852534149959
double_well,0,sampling_step,0.01,2,100000,32,0.01,0.18,1,equilibrium,0.02206529225691213,0.07146485080976406,0.0376757539251395
double_well,0,sampling_step,0.01,4,100000,32,0.01,0.18,1,equilibrium,0.05744656407352874,0.12052491230106532,0.06266428025229087
double_well,0,sampling_step,0.01,8,100000,32,0.01,0.18,1,equilibrium,0.09371585204355214,0.13192256810667585,0.07110478116710565
double_well,0,sampling_step,0.01,16,100000,32,0.01,0.18,1,equilibrium,0.10924579125395892,0.12958082844254812,0.06683805690839502
multi_well,0,sampling_step,0.01,2,100000,32,0.01,0.18,1,equilibrium,0.019370121105804744,0.05596812918380356,0.04286500788806628
multi_well,0,sampling_step,0.01,4,100000,32,0.01,0.18,1,equilibrium,0.05599937920018429,0.13366292500505705,0.0792907004275008
multi_well,0,sampling_step,0.01,8,100000,32,0.01,0.18,1,equilibrium,0.1130878118871255,0.20542848327550722,0.10889231378864862
multi_well,0,sampling_step,0.01,16,100000,32,0.01,0.18,1,equilibrium,0.17972532177351674,0.32624955595037713,0.12606861557008478
ornstein_uhlenbeck,1,sampling_step,0.01,2,100000,32,0.01,0.18,1,equilibrium,0.02518706863749423,0.048920636134665574,0.027420207211835326
ornstein_uhlenbeck,1,sampling_step,0.01,4,100000,32,0.01,0.18,1,equilibrium,0.056520124781515094,0.1162326923689081,0.04567049090012987
ornstein_uhlenbeck,1,sampling_step,0.01,8,100000,32,0.01,0.18,1,equilibrium,0.08328519415104316,0.1847669593310129,0.061211743248683934
ornstein_uhlenbeck,1,sampling_step,0.01,16,100000,32,0.01,0.18,1,equilibrium,0.08784672472721995,0.22028050997596932,0.06244043981140081
double_well,1,sampling_step,0.01,2,100000,32,0.01,0.18,1,equilibrium,0.022006527103708734,0.057231922280753134,0.03838781912317184
double_well,1,sampling_step,0.01,4,100000,32,0.01,0.18,1,equilibrium,0.05784523983532604,0.11219803949547624,0.06353607955359955
double_well,1,sampling_step,0.01,8,100000,32,0.01,0.18,1,equilibrium,0.09598219551554188,0.14430054900670808,0.07237072689835565
double_well,1,sampling_step,0.01,16,100000,32,0.01,0.18,1,equilibrium,0.11394171323694216,0.13936760764118808,0.06901529968894134
multi_well,1,sampling_step,0.01,2,100000,32,0.01,0.18,1,equilibrium,0.021442784959481542,0.06082148181141889,0.04256231349615161
multi_well,1,sampling_step,0.01,4,100000,32,0.01,0.18,1,equilibrium,0.05948484935367791,0.14626765400134822,0.07771862852471195
multi_well,1,sampling_step,0.01,8,100000,32,0.01,0.18,1,equilibrium,0.11429472397611318,0.23137376593722325,0.10605722590810085
multi_well,1,sampling_step,0.01,16,100000,32,0.01,0.18,1,equilibrium,0.1688947464953232,0.2595280144391354,0.11540243403644708
ornstein_uhlenbeck,2,sampling_step,0.01,2,100000,32,0.01,0.18,1,equilibrium,0.025424631943703944,0.050751174979162816,0.027234750058602798
ornstein_uhlenbeck,2,sampling_step,0.01,4,100000,32,0.01,0.18,1,equilibrium,0.057067817882029276,0.1173664401000839,0.0468750280718348
ornstein_uhlenbeck,2,sampling_step,0.01,8,100000,32,0.01,0.18,1,equilibrium,0.08302922792420656,0.18537490300996962,0.06234106484076022
ornstein_uhlenbeck,2,sampling_step,0.01,16,100000,32,0.01,0.18,1,equilibrium,0.09133325093109082,0.2322396181655667,0.06866834176359228
double_well,2,sampling_step,0.01,2,100000,32,0.01,0.18,1,equilibrium,0.023733786018779665,0.06415510485024334,0.0389365974936589
double_well,2,sampling_step,0.01,4,100000,32,0.01,0.18,1,equilibrium,0.061187597056537056,0.12959700828618664,0.06591925748840924
double_well,2,sampling_step,0.01,8,100000,32,0.01,0.18,1,equilibrium,0.10257264126209713,0.16517588771262187,0.0776800221579981
double_well,2,sampling_step,0.01,16,100000,32,0.01,0.18,1,equilibrium,0.1246206880917175,0.1613766024471329,0.07869985997880069
multi_well,2,sampling_step,0.01,2,100000,32,0.01,0.18,1,equilibrium,0.0233326135083871,0.05520720450495553,0.035139528910604324
multi_well,2,sampling_step,0.01,4,100000,32,0.01,0.18,1,equilibrium,0.06591491609583422,0.13585589799599918,0.0679743461896967
multi_well,2,sampling_step,0.01,8,100000,32,0.01,0.18,1,equilibrium,0.12418502443260337,0.23040725522926936,0.0943907095814813
multi_well,2,sampling_step,0.01,16,100000,32,0.01,0.18,1,equilibrium,0.174453044346839,0.28712502485155383,0.11110015291995695
ornstein_uhlenbeck,3,sampling_step,0.01,2,100000,32,0.01,0.18,1,equilibrium,0.025325766331101056,0.0599359606829476,0.028185394798260932
ornstein_uhlenbeck,3,sampling_step,0.01,4,100000,32,0.01,0.18,1,equilibrium,0.05980829481078567,0.1174195535935092,0.0492003130256702
ornstein_uhlenbeck,3,sampling_step,0.01,8,100000,32,0.01,0.18,1,equilibrium,0.08711617762429896,0.19714772360313293,0.06576630923377233
ornstein_uhlenbeck,3,sampling_step,0.01,16,100000,32,0.01,0.18,1,equilibrium,0.09161454007704312,0.23289487065181286,0.06826685253038589
double_well,3,sampling_step,0.01,2,100000,32,0.01,0.18,1,equilibrium,0.0224830957350836,0.05835912282673594,0.037309348155425914
double_well,3,sampling_step,0.01,4,100000,32,0.01,0.18,1,equilibrium,0.05801289725108734,0.10698796396999533,0.061136593795804335
double_well,3,sampling_step,0.01,8,100000,32,0.01,0.18,1,equilibrium,0.09585608222374972,0.14574550826015387,0.07059533748325862
double_well,3,sampling_step,0.01,16,100000,32,0.01,0.18,1,equilibrium,0.11458286210529094,0.13781111695137976,0.07007771005401403
multi_well,3,sampling_step,0.01,2,100000,32,0.01,0.18,1,equilibrium,0.02324665400863847,0.07071431765819403,0.045438857608494095
multi_well,3,sampling_step,0.01,4,100000,32,0.01,0.18,1,equilibrium,0.067511554944037,0.13399728624465812,0.08434462375879949
multi_well,3,sampling_step,0.01,8,100000,32,0.01,0.18,1,equilibrium,0.13437515472614814,0.2154807131928645,0.11503713851915891
multi_well,3,sampling_step,0.01,16,100000,32,0.01,0.18,1,equilibrium,0.20510687894056037,0.2997300457263725,0.13402663046989807
ornstein_uhlenbeck,4,sampling_step,0.01,2,100000,32,0.01,0.18,1,equilibrium,0.023708517446682634,0.053504522197070525,0.02667222908645934
ornstein_uhlenbeck,4,sampling_step,0.01,4,100000,32,0.01,0.18,1,equilibrium,0.05521337346809946,0.10604111349886247,0.045244988425152524
ornstein_uhlenbeck,4,sampling_step,0.01,8,100000,32,0.01,0.18,1,equilibrium,0.08183043700751315,0.18637549338708687,0.06110955329039331
ornstein_uhlenbeck,4,sampling_step,0.01,16,100000,32,0.01,0.18,1,equilibrium,0.09209986811074664,0.2481883490085478,0.06974870202281948
double_well,4,sampling_step,0.01,2,100000,32,0.01,0.18,1,equilibrium,0.022475952709568633,0.05377154369703874,0.03817445892363592
double_well,4,sampling_step,0.01,4,100000,32,0.01,0.18,1,equilibrium,0.05792839480848865,0.1063674175121303,0.06144421859735106
double_well,4,sampling_step,0.01,8,100000,32,0.01,0.18,1,equilibrium,0.09695228952486168,0.1457340465830978,0.07269662706149968
double_well,4,sampling_step,0.01,16,100000,32,0.01,0.18,1,equilibrium,0.11647550744202873,0.14469423664189474,0.07194833584705561
multi_well,4,sampling_step,0.01,2,100000,32,0.01,0.18,1,equilibrium,0.022364897300086034,0.05629688858113191,0.04053347361298393
multi_well,4,sampling_step,0.01,4,100000,32,0.01,0.18,1,equilibrium,0.062286754442152745,0.1354281377971187,0.07989417400089158
multi_well,4,sampling_step,0.01,8,100000,32,0.01,0.18,1,equilibrium,0.11986159641999314,0.22043385746621785,0.10862684012135915
multi_well,4,sampling_step,0.01,16,100000,32,0.01,0.18,1,equilibrium,0.1753817307793718,0.27639970811992387,0.12104956150627949
ornstein_uhlenbeck,5,sampling_step,0.01,2,100000,32,0.01,0.18,1,equilibrium,0.024255338610969998,0.05070532895684704,0.026436979391207392
ornstein_uhlenbeck,5,sampling_step,0.01,4,100000,32,0.01,0.18,1,equilibrium,0.05718446359947704,0.11789330692551547,0.046672698666597186
ornstein_uhlenbeck,5,sampling_step,0.01,8,100000,32,0.01,0.18,1,equilibrium,0.0820936347456479,0.18342900707535276,0.05959868276180425
ornstein_uhlenbeck,5,sampling_step,0.01,16,100000,32,0.01,0.18,1,equilibrium,0.0884147716423444,0.23144338511239648,0.06408151393571268
double_well,5,sampling_step,0.01,2,100000,32,0.01,0.18,1,equilibrium,0.02259281807462353,0.06732535535508932,0.03989613864306795
double_well,5,sampling_step,0.01,4,100000,32,0.01,0.18,1,equilibrium,0.05893433630578574,0.11736790673235642,0.06564067364319595
double_well,5,sampling_step,0.01,8,100000,32,0.01,0.18,1,equilibrium,0.09817904041251954,0.13400679864964976,0.07307752712958906
double_well,5,sampling_step,0.01,16,100000,32,0.01,0.18,1,equilibrium,0.10999610075948964,0.11266008577008396,0.06721837010258323
multi_well,5,sampling_step,0.01,2,100000,32,0.01,0.18,1,equilibrium,0.021626316523857755,0.06067579667408396,0.041326472310966894
multi_well,5,sampling_step,0.01,4,100000,32,0.01,0.18,1,equilibrium,0.06278986780589371,0.145623567348229,0.07920194491067499
multi_well,5,sampling_step,0.01,8,100000,32,0.01,0.18,1,equilibrium,0.11915351852547149,0.25669825400217067,0.10659319403842331
multi_well,5,sampling_step,0.01,16,100000,32,0.01,0.18,1,equilibrium,0.16683972360236698,0.3104591682875382,0.11206194601003619
ornstein_uhlenbeck,6,sampling_step,0.01,2,100000,32,0.01,0.18,1,equilibrium,0.02457935827462243,0.0499556118760528,0.02695394097741133
ornstein_uhlenbeck,6,sampling_step,0.01,4,100000,32,0.01,0.18,1,equilibrium,0.05503044319749653,0.11388271474622524,0.04498698553342298
ornstein_uhlenbeck,6,sampling_step,0.01,8,100000,32,0.01,0.18,1,equilibrium,0.0815811583006904,0.18075843125156438,0.06020830655096156
ornstein_uhlenbeck,6,sampling_step,0.01,16,100000,32,0.01,0.18,1,equilibrium,0.08113295401161848,0.19972119706775787,0.05927205541698879
double_well,6,sampling_step,0.01,2,100000,32,0.01,0.18,1,equilibrium,0.023086697147054913,0.060991006334862874,0.04048006762112017
double_well,6,sampling_step,0.01,4,100000,32,0.01,0.18,1,equilibrium,0.06049147235456661,0.11515406839469611,0.06655786953516837
double_well,6,sampling_step,0.01,8,100000,32,0.01,0.18,1,equilibrium,0.10244378427698325,0.13443741055754554,0.07671907087595244
double_well,6,sampling_step,0.01,16,100000,32,0.01,0.18,1,equilibrium,0.12158430284322858,0.12046708621522934,0.07425607834442036
multi_well,6,sampling_step,0.01,2,100000,32,0.01,0.18,1,equilibrium,0.02431638907687772,0.06894042282513668,0.04615606088679463
multi_well,6,sampling_step,0.01,4,100000,32,0.01,0.18,1,equilibrium,0.06699828856995273,0.15217038599380805,0.08356809105110927
multi_well,6,sampling_step,0.01,8,100000,32,0.01,0.18,1,equilibrium,0.12852995168195136,0.2527089013717167,0.11216509791246469
multi_well,6,sampling_step,0.01,16,100000,32,0.01,0.18,1,equilibrium,0.18320730966339505,0.3216012755228995,0.12238448893094563
ornstein_uhlenbeck,7,sampling_step,0.01,2,100000,32,0.01,0.18,1,equilibrium,0.024214176246742977,0.05150670013893477,0.026778415401632324
ornstein_uhlenbeck,7,sampling_step,0.01,4,100000,32,0.01,0.18,1,equilibrium,0.05800634179259724,0.1168325530479829,0.047902615612188115
ornstein_uhlenbeck,7,sampling_step,0.01,8,100000,32,0.01,0.18,1,equilibrium,0.08425113338614328,0.193356215818423,0.06360420390702473
ornstein_uhlenbeck,7,sampling_step,0.01,16,100000,32,0.01,0.18,1,equilibrium,0.09044049861119063,0.23520746779906698,0.06860525815428012
double_well,7,sampling_step,0.01,2,100000,32,0.01,0.18,1,equilibrium,0.022317604530514623,0.06818540705395659,0.04037912733246597
double_well,7,sampling_step,0.01,4,100000,32,0.01,0.18,1,equilibrium,0.05774901875265517,0.12405132742171987,0.06459706852090445
double_well,7,sampling_step,0.01,8,100000,32,0.01,0.18,1,equilibrium,0.09660436630180891,0.13873085608939045,0.07236745909298828
double_well,7,sampling_step,0.01,16,100000,32,0.01,0.18,1,equilibrium,0.11431970240596519,0.1139230477762912,0.06952022147299447
multi_well,7,sampling_step,0.01,2,100000,32,0.01,0.18,1,equilibrium,0.020657504784525563,0.062053482596028386,0.042194481151313704
multi_well,7,sampling_step,0.01,4,100000,32,0.01,0.18,1,equilibrium,0.05992025156415494,0.13817587973654244,0.08138860312677001
multi_well,7,sampling_step,0.01,8,100000,32,0.01,0.18,1,equilibrium,0.11657320552957215,0.2248568501985035,0.10814175957307676
multi_well,7,sampling_step,0.01,16,100000,32,0.01,0.18,1,equilibrium,0.1764859256831622,0.276362475688139,0.12239741999066646
ornstein_uhlenbeck,8,sampling_step,0.01,2,100000,32,0.01,0.18,1,equilibrium,0.02303142178706466,0.05546689080919737,0.026376560477973373
ornstein_uhlenbeck,8,sampling_step,0.01,4,100000,32,0.01,0.18,1,equilibrium,0.05512645005582571,0.12137016088055941,0.04655241462692149
ornstein_uhlenbeck,8,sampling_step,0.01,8,100000,32,0.01,0.18,1,equilibrium,0.08078966504046109,0.19590822787514822,0.06412804356453805
ornstein_uhlenbeck,8,sampling_step,0.01,16,100000,32,0.01,0.18,1,equilibrium,0.09096005594994243,0.2533719052151035,0.0705626425285162
double_well,8,sampling_step,0.01,2,100000,32,0.01,0.18,1,equilibrium,0.023552331445470795,0.05529477121760662,0.03758827353998068
double_well,8,sampling_step,0.01,4,100000,32,0.01,0.18,1,equilibrium,0.06120671784423804,0.10645760430927731,0.06311014793393273
double_well,8,sampling_step,0.01,8,100000,32,0.01,0.18,1,equilibrium,0.10114194550932967,0.13918599510661517,0.07485590061504763
double_well,8,sampling_step,0.01,16,100000,32,0.01,0.18,1,equilibrium,0.11491303326603927,0.13993763775417045,0.07168946622734976
multi_well,8,sampling_step,0.01,2,100000,32,0.01,0.18,1,equilibrium,0.022156116391088124,0.06067712108442358,0.0391288706889948
multi_well,8,sampling_step,0.01,4,100000,32,0.01,0.18,1,equilibrium,0.06411379626137315,0.1202058633949441,0.07689950304815038
multi_well,8,sampling_step,0.01,8,100000,32,0.01,0.18,1,equilibrium,0.12775788792643122,0.21514937196329798,0.10946570130649877
multi_well,8,sampling_step,0.01,16,100000,32,0.01,0.18,1,equilibrium,0.19170182184003676,0.3163917265737014,0.1284613311384323
ornstein_uhlenbeck,9,sampling_step,0.01,2,100000,32,0.01,0.18,1,equilibrium,0.022084076189386022,0.06650992609688883,0.026254928590773698
ornstein_uhlenbeck,9,sampling_step,0.01,4,100000,32,0.01,0.18,1,equilibrium,0.053400482424536835,0.10653960467978318,0.045079751920715457
ornstein_uhlenbeck,9,sampling_step,0.01,8,100000,32,0.01,0.18,1,equilibrium,0.07743745832213647,0.16832454909937522,0.05684449864556759
ornstein_uhlenbeck,9,sampling_step,0.01,16,100000,32,0.01,0.18,1,equilibrium,0.08058940624460748,0.1972265032708631,0.05720941419991668
double_well,9,sampling_step,0.01,2,100000,32,0.01,0.18,1,equilibrium,0.022576550634201262,0.06254800350541279,0.03851238377692759
double_well,9,sampling_step,0.01,4,100000,32,0.01,0.18,1,equilibrium,0.05905637038396649,0.1160923018097465,0.06522515990339126
double_well,9,sampling_step,0.01,8,100000,32,0.01,0.18,1,equilibrium,0.0955727333270904,0.13628802697616105,0.07201797321395736
double_well,9,sampling_step,0.01,16,100000,32,0.01,0.18,1,equilibrium,0.10909116606969185,0.12241364532172833,0.06790087741301255
multi_well,9,sampling_step,0.01,2,100000,32,0.01,0.18,1,equilibrium,0.026788972748275422,0.05647772153131991,0.03510671674850669
multi_well,9,sampling_step,0.01,4,100000,32,0.01,0.18,1,equilibrium,0.07521148535559594,0.13620990827324364,0.06866985259424713
multi_well,9,sampling_step,0.01,8,100000,32,0.01,0.18,1,equilibrium,0.1394128383724566,0.23678391097167573,0.09891842385483572
multi_well,9,sampling_step,0.01,16,100000,32,0.01,0.18,1,equilibrium,0.189611165357968,0.3008824994567391,0.11874996814723454
ornstein_uhlenbeck,0,sampling_step,0.05,2,100000,32,0.05,0.18,1,equilibrium,0.01898695430500419,0.05231713738893373,0.021711181257553943
ornstein_uhlenbeck,0,sampling_step,0.05,4,100000,32,0.05,0.18,1,equilibrium,0.03340393806941868,0.08761872530252596,0.029947616661644964
ornstein_uhlenbeck,0,sampling_step,0.05,8,100000,32,0.05,0.18,1,equilibrium,0.03478711233452795,0.08992787237686495,0.027731828603023208
ornstein_uhlenbeck,0,sampling_step,0.05,16,100000,32,0.05,0.18,1,equilibrium,0.03265621236475158,0.04923806634472404,0.02218959526913949
double_well,0,sampling_step,0.05,2,100000,32,0.05,0.18,1,equilibrium,0.01662108634857103,0.029280751456168264,0.018821261816406303
double_well,0,sampling_step,0.05,4,100000,32,0.05,0.18,1,equilibrium,0.02452843863255716,0.028424302169952176,0.021595224188497592
double_well,0,sampling_step,0.05,8,100000,32,0.05,0.18,1,equilibrium,0.02960822154834409,0.02340182010699371,0.02191799030994112
double_well,0,sampling_step,0.05,16,100000,32,0.05,0.18,1,equilibrium,0.03170770849308493,0.017367273570508268,0.022189157298394147
multi_well,0,sampling_step,0.05,2,100000,32,0.05,0.18,1,equilibrium,0.022280449261088298,0.05821015213298253,0.034962533642711506
multi_well,0,sampling_step,0.05,4,100000,32,0.05,0.18,1,equilibrium,0.058148214496531424,0.1373660853848847,0.05824742375641158
multi_well,0,sampling_step,0.05,8,100000,32,0.05,0.18,1,equilibrium,0.10028892388671659,0.279307897802306,0.07834255396626678
multi_well,0,sampling_step,0.05,16,100000,32,0.05,0.18,1,equilibrium,0.12827434422806275,0.41730395186296293,0.09875738982215004
ornstein_uhlenbeck,1,sampling_step,0.05,2,100000,32,0.05,0.18,1,equilibrium,0.02088199670672206,0.057476130124513136,0.02431781278499581
ornstein_uhlenbeck,1,sampling_step,0.05,4,100000,32,0.05,0.18,1,equilibrium,0.03459496352909339,0.09079248562589215,0.03039139469042264
ornstein_uhlenbeck,1,sampling_step,0.05,8,100000,32,0.05,0.18,1,equilibrium,0.03932998358969325,0.09922216302926937,0.030893624720960862
ornstein_uhlenbeck,1,sampling_step,0.05,16,100000,32,0.05,0.18,1,equilibrium,0.03526281454129563,0.07025352301142138,0.025493089511012517
double_well,1,sampling_step,0.05,2,100000,32,0.05,0.18,1,equilibrium,0.01988221651232487,0.03808532951482502,0.021834236781789307
double_well,1,sampling_step,0.05,4,100000,32,0.05,0.18,1,equilibrium,0.030774352182274298,0.041997806986410174,0.02417924094579645
double_well,1,sampling_step,0.05,8,100000,32,0.05,0.18,1,equilibrium,0.032530102125031775,0.03761724149823378,0.024446350594035972
double_well,1,sampling_step,0.05,16,100000,32,0.05,0.18,1,equilibrium,0.035232839218204456,0.030358477189530483,0.025217374134639203
multi_well,1,sampling_step,0.05,2,100000,32,0.05,0.18,1,equilibrium,0.034533962258940114,0.06481865409346621,0.03674288131827425
multi_well,1,sampling_step,0.05,4,100000,32,0.05,0.18,1,equilibrium,0.08189324766425574,0.1498894653470647,0.06502521831000832
multi_well,1,sampling_step,0.05,8,100000,32,0.05,0.18,1,equilibrium,0.11525229716768688,0.272471484343833,0.07926340006773151
multi_well,1,sampling_step,0.05,16,100000,32,0.05,0.18,1,equilibrium,0.12168950720710037,0.36157246788166386,0.0872857315393158
ornstein_uhlenbeck,2,sampling_step,0.05,2,100000,32,0.05,0.18,1,equilibrium,0.023046336088359373,0.05209331203344192,0.022428984267614485
ornstein_uhlenbeck,2,sampling_step,0.05,4,100000,32,0.05,0.18,1,equilibrium,0.032058787014359595,0.07733113938317171,0.026999867828575635
ornstein_uhlenbeck,2,sampling_step,0.05,8,100000,32,0.05,0.18,1,equilibrium,0.03749108473552644,0.08584724071367816,0.028542474664696352
ornstein_uhlenbeck,2,sampling_step,0.05,16,100000,32,0.05,0.18,1,equilibrium,0.03438738308495992,0.06417294801020633,0.02468175844964523
double_well,2,sampling_step,0.05,2,100000,32,0.05,0.18,1,equilibrium,0.015728582967054854,0.03431208445785544,0.020626946164022796
double_well,2,sampling_step,0.05,4,100000,32,0.05,0.18,1,equilibrium,0.028148457728323674,0.0450558868410989,0.023903984780280555
double_well,2,sampling_step,0.05,8,100000,32,0.05,0.18,1,equilibrium,0.03277040273369637,0.02820738241650475,0.02406574081070126
double_well,2,sampling_step,0.05,16,100000,32,0.05,0.18,1,equilibrium,0.03305671830852504,0.025576056355931104,0.023854315385578688
multi_well,2,sampling_step,0.05,2,100000,32,0.05,0.18,1,equilibrium,0.03234641573098331,0.06552122830909202,0.03634421711152841
multi_well,2,sampling_step,0.05,4,100000,32,0.05,0.18,1,equilibrium,0.07471650283606793,0.13469012116450452,0.05922853357098394
multi_well,2,sampling_step,0.05,8,100000,32,0.05,0.18,1,equilibrium,0.10365191959131603,0.22735644434561786,0.07012870160287608
multi_well,2,sampling_step,0.05,16,100000,32,0.05,0.18,1,equilibrium,0.10769912134479181,0.3064238521056064,0.07700737394485485
ornstein_uhlenbeck,3,sampling_step,0.05,2,100000,32,0.05,0.18,1,equilibrium,0.02404929748285475,0.05711476290457462,0.0249002383816339
ornstein_uhlenbeck,3,sampling_step,0.05,4,100000,32,0.05,0.18,1,equilibrium,0.03751789089672689,0.09605349314581885,0.03126434478883562
ornstein_uhlenbeck,3,sampling_step,0.05,8,100000,32,0.05,0.18,1,equilibrium,0.039568568838809645,0.0979689517964448,0.029021146760436118
ornstein_uhlenbeck,3,sampling_step,0.05,16,100000,32,0.05,0.18,1,equilibrium,0.03389149312768302,0.062107322616257815,0.023658219147051997
double_well,3,sampling_step,0.05,2,100000,32,0.05,0.18,1,equilibrium,0.015769247188336857,0.0335395164195052,0.01934780428389291
double_well,3,sampling_step,0.05,4,100000,32,0.05,0.18,1,equilibrium,0.02621250682853165,0.04259984482664986,0.022736198649042173
double_well,3,sampling_step,0.05,8,100000,32,0.05,0.18,1,equilibrium,0.03421550776945492,0.038585416544264894,0.02505259326086443
double_well,3,sampling_step,0.05,16,100000,32,0.05,0.18,1,equilibrium,0.03858845079345413,0.027669988256338485,0.02491258039989381
multi_well,3,sampling_step,0.05,2,100000,32,0.05,0.18,1,equilibrium,0.023511077715590904,0.055683788471704854,0.03195298750618826
multi_well,3,sampling_step,0.05,4,100000,32,0.05,0.18,1,equilibrium,0.05884295650329088,0.11373347567099434,0.051226320150094075
multi_well,3,sampling_step,0.05,8,100000,32,0.05,0.18,1,equilibrium,0.08275200625838086,0.12112446515326536,0.054063439864972695
multi_well,3,sampling_step,0.05,16,100000,32,0.05,0.18,1,equilibrium,0.09406248236615827,0.23989452485263374,0.06488467678310027
ornstein_uhlenbeck,4,sampling_step,0.05,2,100000,32,0.05,0.18,1,equilibrium,0.019676879659792465,0.04997221794415507,0.02333938944400108
ornstein_uhlenbeck,4,sampling_step,0.05,4,100000,32,0.05,0.18,1,equilibrium,0.035407908324706784,0.09700002985000922,0.03165095471329781
ornstein_uhlenbeck,4,sampling_step,0.05,8,100000,32,0.05,0.18,1,equilibrium,0.03696141267262982,0.08671491778090987,0.028645752551470498
ornstein_uhlenbeck,4,sampling_step,0.05,16,100000,32,0.05,0.18,1,equilibrium,0.03184146986068156,0.05764369394453771,0.0230299446492863
double_well,4,sampling_step,0.05,2,100000,32,0.05,0.18,1,equilibrium,0.014116478482677598,0.03468984703774164,0.019327613858490255
double_well,4,sampling_step,0.05,4,100000,32,0.05,0.18,1,equilibrium,0.02296702026493263,0.029012571535823983,0.019863487641587855
double_well,4,sampling_step,0.05,8,100000,32,0.05,0.18,1,equilibrium,0.02809131383107355,0.025796727036785413,0.022114193967228617
double_well,4,sampling_step,0.05,16,100000,32,0.05,0.18,1,equilibrium,0.03083523988180971,0.019740297592058018,0.022887720551989878
multi_well,4,sampling_step,0.05,2,100000,32,0.05,0.18,1,equilibrium,0.03206561652419444,0.06618789062897612,0.035918429406786634
multi_well,4,sampling_step,0.05,4,100000,32,0.05,0.18,1,equilibrium,0.07896991901502898,0.1485940837765447,0.0648338769248587
multi_well,4,sampling_step,0.05,8,100000,32,0.05,0.18,1,equilibrium,0.12245918466471373,0.2788721702941082,0.08593001555721748
multi_well,4,sampling_step,0.05,16,100000,32,0.05,0.18,1,equilibrium,0.13967203289907407,0.3974517022160107,0.10036747002855372
ornstein_uhlenbeck,5,sampling_step,0.05,2,100000,32,0.05,0.18,1,equilibrium,0.019590922140842893,0.05050055574306744,0.021744106307336423
ornstein_uhlenbeck,5,sampling_step,0.05,4,100000,32,0.05,0.18,1,equilibrium,0.03331283649890436,0.08858404658903352,0.029139215487806205
ornstein_uhlenbeck,5,sampling_step,0.05,8,100000,32,0.05,0.18,1,equilibrium,0.03595363121212504,0.08230421605999114,0.027298614956973673
ornstein_uhlenbeck,5,sampling_step,0.05,16,100000,32,0.05,0.18,1,equilibrium,0.033299396489854305,0.0714121573193122,0.023690035968626417
double_well,5,sampling_step,0.05,2,100000,32,0.05,0.18,1,equilibrium,0.01635349737159296,0.03066160184014527,0.01870366736108452
double_well,5,sampling_step,0.05,4,100000,32,0.05,0.18,1,equilibrium,0.025627411874194636,0.027904982057647992,0.021435032077239544
double_well,5,sampling_step,0.05,8,100000,32,0.05,0.18,1,equilibrium,0.029399869796634302,0.029993373345915064,0.023081021140112585
double_well,5,sampling_step,0.05,16,100000,32,0.05,0.18,1,equilibrium,0.03441884480150129,0.027343830087679252,0.023468916898478166
multi_well,5,sampling_step,0.05,2,100000,32,0.05,0.18,1,equilibrium,0.03462972201038233,0.07004447165961003,0.0362088825639022
multi_well,5,sampling_step,0.05,4,100000,32,0.05,0.18,1,equilibrium,0.07900550824985778,0.1322112846609772,0.058514346461219904
multi_well,5,sampling_step,0.05,8,100000,32,0.05,0.18,1,equilibrium,0.10382874659579025,0.15966384044714937,0.06630439552638223
multi_well,5,sampling_step,0.05,16,100000,32,0.05,0.18,1,equilibrium,0.09938037777907677,0.1457869409294444,0.06434352497838546
ornstein_uhlenbeck,6,sampling_step,0.05,2,100000,32,0.05,0.18,1,equilibrium,0.01778308585481545,0.04827346514151465,0.022562150602361677
ornstein_uhlenbeck,6,sampling_step,0.05,4,100000,32,0.05,0.18,1,equilibrium,0.03219523163712039,0.08672759300877902,0.029958108375957884
ornstein_uhlenbeck,6,sampling_step,0.05,8,100000,32,0.05,0.18,1,equilibrium,0.034509235829580556,0.0899197101512709,0.02803509554600247
ornstein_uhlenbeck,6,sampling_step,0.05,16,100000,32,0.05,0.18,1,equilibrium,0.0313447294361881,0.05447240562175723,0.0224111569138269
double_well,6,sampling_step,0.05,2,100000,32,0.05,0.18,1,equilibrium,0.01734755052317176,0.032551229972755225,0.020669443160133256
double_well,6,sampling_step,0.05,4,100000,32,0.05,0.18,1,equilibrium,0.02698799853663158,0.039831301555788595,0.023402747824557597
double_well,6,sampling_step,0.05,8,100000,32,0.05,0.18,1,equilibrium,0.030305588195186986,0.023353859835628515,0.02263866598488455
double_well,6,sampling_step,0.05,16,100000,32,0.05,0.18,1,equilibrium,0.03542633414291681,0.030665717443089963,0.02416444424168035
multi_well,6,sampling_step,0.05,2,100000,32,0.05,0.18,1,equilibrium,0.027359018450583028,0.0643872019559747,0.03470393788173195
multi_well,6,sampling_step,0.05,4,100000,32,0.05,0.18,1,equilibrium,0.07070537435210048,0.1514711933151036,0.06049421856230884
multi_well,6,sampling_step,0.05,8,100000,32,0.05,0.18,1,equilibrium,0.12120105886300886,0.2703261727136486,0.08556308730264249
multi_well,6,sampling_step,0.05,16,100000,32,0.05,0.18,1,equilibrium,0.15361809316817288,0.3685701804278154,0.11102287530468287
ornstein_uhlenbeck,7,sampling_step,0.05,2,100000,32,0.05,0.18,1,equilibrium,0.021418045414474722,0.05119199986674838,0.024074429853912498
ornstein_uhlenbeck,7,sampling_step,0.05,4,100000,32,0.05,0.18,1,equilibrium,0.032692820537850976,0.0820017868578431,0.028500757457505594
ornstein_uhlenbeck,7,sampling_step,0.05,8,100000,32,0.05,0.18,1,equilibrium,0.036562048494990854,0.0884078238013499,0.028198871235357987
ornstein_uhlenbeck,7,sampling_step,0.05,16,100000,32,0.05,0.18,1,equilibrium,0.028860135584399628,0.056980689901422577,0.021075582609602937
double_well,7,sampling_step,0.05,2,100000,32,0.05,0.18,1,equilibrium,0.019064630485914988,0.032476237782603,0.02172719160565968
double_well,7,sampling_step,0.05,4,100000,32,0.05,0.18,1,equilibrium,0.03166888393708714,0.03805554576337536,0.024904152347776033
double_well,7,sampling_step,0.05,8,100000,32,0.05,0.18,1,equilibrium,0.03262664810479391,0.03428691448737686,0.02424284878627289
double_well,7,sampling_step,0.05,16,100000,32,0.05,0.18,1,equilibrium,0.03539501215869181,0.03255757195023497,0.02486926741558049
multi_well,7,sampling_step,0.05,2,100000,32,0.05,0.18,1,equilibrium,0.03338697633902464,0.07136755758867697,0.037384383627819186
multi_well,7,sampling_step,0.05,4,100000,32,0.05,0.18,1,equilibrium,0.08305037112597756,0.14797707207686284,0.06712767052561668
multi_well,7,sampling_step,0.05,8,100000,32,0.05,0.18,1,equilibrium,0.13276010708767877,0.2688341291671501,0.09071402277145595
multi_well,7,sampling_step,0.05,16,100000,32,0.05,0.18,1,equilibrium,0.16115110285081843,0.4053293142234099,0.11181835294553977
ornstein_uhlenbeck,8,sampling_step,0.05,2,100000,32,0.05,0.18,1,equilibrium,0.01985483497340618,0.044566392320179005,0.02199881732736077
ornstein_uhlenbeck,8,sampling_step,0.05,4,100000,32,0.05,0.18,1,equilibrium,0.031154002872288034,0.07982357901104298,0.027825691148761728
ornstein_uhlenbeck,8,sampling_step,0.05,8,100000,32,0.05,0.18,1,equilibrium,0.034835143315180256,0.08632342410422075,0.0270190804178212
ornstein_uhlenbeck,8,sampling_step,0.05,16,100000,32,0.05,0.18,1,equilibrium,0.03199217430554138,0.044798198088483884,0.021828863092586494
double_well,8,sampling_step,0.05,2,100000,32,0.05,0.18,1,equilibrium,0.015626524048681815,0.02996027583800226,0.01921782609688156
double_well,8,sampling_step,0.05,4,100000,32,0.05,0.18,1,equilibrium,0.024177129054171832,0.04481167309972031,0.021982904547457542
double_well,8,sampling_step,0.05,8,100000,32,0.05,0.18,1,equilibrium,0.026977308058168392,0.028298549446219873,0.022299261791185875
double_well,8,sampling_step,0.05,16,100000,32,0.05,0.18,1,equilibrium,0.03320220420624943,0.024926733215132335,0.023327235259007574
multi_well,8,sampling_step,0.05,2,100000,32,0.05,0.18,1,equilibrium,0.029465423384938717,0.05891810039825485,0.03623400568543181
multi_well,8,sampling_step,0.05,4,100000,32,0.05,0.18,1,equilibrium,0.07757818362499658,0.16147691142804177,0.06523440019131055
multi_well,8,sampling_step,0.05,8,100000,32,0.05,0.18,1,equilibrium,0.1265338704031012,0.28839610835003804,0.09083310418533584
multi_well,8,sampling_step,0.05,16,100000,32,0.05,0.18,1,equilibrium,0.1536932076600705,0.41105324280685773,0.114886236857453
ornstein_uhlenbeck,9,sampling_step,0.05,2,100000,32,0.05,0.18,1,equilibrium,0.020074800500364143,0.05395207101407151,0.023161913984276878
ornstein_uhlenbeck,9,sampling_step,0.05,4,100000,32,0.05,0.18,1,equilibrium,0.03584753742126173,0.0983793350616417,0.03179838352063223
ornstein_uhlenbeck,9,sampling_step,0.05,8,100000,32,0.05,0.18,1,equilibrium,0.03835485118863839,0.10979726754568753,0.030089257268404685
ornstein_uhlenbeck,9,sampling_step,0.05,16,100000,32,0.05,0.18,1,equilibrium,0.03576958725283564,0.08518586815703665,0.025865859134515397
double_well,9,sampling_step,0.05,2,100000,32,0.05,0.18,1,equilibrium,0.017012690227670862,0.039355337152597314,0.02038912845020945
double_well,9,sampling_step,0.05,4,100000,32,0.05,0.18,1,equilibrium,0.0236055733147008,0.03456214778527994,0.021712095424869276
double_well,9,sampling_step,0.05,8,100000,32,0.05,0.18,1,equilibrium,0.02665694159203513,0.03275980171112958,0.023135711402122845
double_well,9,sampling_step,0.05,16,100000,32,0.05,0.18,1,equilibrium,0.03499816221148847,0.023959669946702303,0.025260238287893852
multi_well,9,sampling_step,0.05,2,100000,32,0.05,0.18,1,equilibrium,0.028898113919819363,0.06338951345952781,0.03357220211985531
multi_well,9,sampling_step,0.05,4,100000,32,0.05,0.18,1,equilibrium,0.06955023060120134,0.13337737851341153,0.05434545162198819
multi_well,9,sampling_step,0.05,8,100000,32,0.05,0.18,1,equilibrium,0.09116339662070999,0.15651071556634663,0.059093990414834846
multi_well,9,sampling_step,0.05,16,100000,32,0.05,0.18,1,equilibrium,0.0825911925188846,0.10148427942986908,0.052739867417095056
ornstein_uhlenbeck,0,discretization,16,2,100000,16,0.02,0.18,1,equilibrium,0.035659506525896424,0.05345244217963352,0.03407868842457455
ornstein_uhlenbeck,0,discretization,16,4,100000,16,0.02,0.18,1,equilibrium,0.060075491028268195,0.12235084294280485,0.05937674539821921
ornstein_uhlenbeck,0,discretization,16,8,100000,16,0.02,0.18,1,equilibrium,0.06886009408081628,0.18164054753825098,0.07362986489130827
ornstein_uhlenbeck,0,discretization,16,16,100000,16,0.02,0.18,1,equilibrium,0.06508265704493552,0.1959492099946113,0.07221571750232192
double_well,0,discretization,16,2,100000,16,0.02,0.18,1,equilibrium,0.04295340034875279,0.05355345843744752,0.04495306043821701
double_well,0,discretization,16,4,100000,16,0.02,0.18,1,equilibrium,0.09246335257233351,0.11700725805077855,0.08070081270148237
double_well,0,discretization,16,8,100000,16,0.02,0.18,1,equilibrium,0.10945858722036092,0.1425085799718096,0.08994570367170249
double_well,0,discretization,16,16,100000,16,0.02,0.18,1,equilibrium,0.09080250507023564,0.11672492534881615,0.08188425528715212
multi_well,0,discretization,16,2,100000,16,0.02,0.18,1,equilibrium,0.04429655749142883,0.06791471814265304,0.05117088812327167
multi_well,0,discretization,16,4,100000,16,0.02,0.18,1,equilibrium,0.10532115870396802,0.140246631708681,0.10010340993582645
multi_well,0,discretization,16,8,100000,16,0.02,0.18,1,equilibrium,0.15579985691393225,0.20290114856758557,0.1315265295227195
multi_well,0,discretization,16,16,100000,16,0.02,0.18,1,equilibrium,0.16545918678123311,0.21964885604139384,0.13689447063954305
ornstein_uhlenbeck,1,discretization,16,2,100000,16,0.02,0.18,1,equilibrium,0.03133432790388645,0.045388124609268,0.030501298209262114
ornstein_uhlenbeck,1,discretization,16,4,100000,16,0.02,0.18,1,equilibrium,0.05460257980331951,0.10747864317444178,0.0542224003684851
ornstein_uhlenbeck,1,discretization,16,8,100000,16,0.02,0.18,1,equilibrium,0.06037331687204869,0.14857286803676834,0.0623852868958303
ornstein_uhlenbeck,1,discretization,16,16,100000,16,0.02,0.18,1,equilibrium,0.05472359396382999,0.1554515922088579,0.059177001196366104
double_well,1,discretization,16,2,100000,16,0.02,0.18,1,equilibrium,0.04240339148483853,0.058654663457798795,0.04636072564577826
double_well,1,discretization,16,4,100000,16,0.02,0.18,1,equilibrium,0.09033750615389538,0.12532600375222358,0.0805134624073961
double_well,1,discretization,16,8,100000,16,0.02,0.18,1,equilibrium,0.11251129354842926,0.16160994428995618,0.09303462966507557
double_well,1,discretization,16,16,100000,16,0.02,0.18,1,equilibrium,0.0961256337715176,0.14492558736313418,0.08672889513035739
multi_well,1,discretization,16,2,100000,16,0.02,0.18,1,equilibrium,0.040758148439799316,0.05837120015470221,0.04427960721064639
multi_well,1,discretization,16,4,100000,16,0.02,0.18,1,equilibrium,0.09642005634165607,0.1400796446004725,0.08903489332226158
multi_well,1,discretization,16,8,100000,16,0.02,0.18,1,equilibrium,0.13854136368275946,0.19682532612241305,0.11866918958555947
multi_well,1,discretization,16,16,100000,16,0.02,0.18,1,equilibrium,0.14751533941214473,0.2667933593614111,0.12995664924386094
ornstein_uhlenbeck,2,discretization,16,2,100000,16,0.02,0.18,1,equilibrium,0.03375422527792674,0.04763000927861527,0.03154717418210069
ornstein_uhlenbeck,2,discretization,16,4,100000,16,0.02,0.18,1,equilibrium,0.05709049774621074,0.10675118208265677,0.05592582747668924
ornstein_uhlenbeck,2,discretization,16,8,100000,16,0.02,0.18,1,equilibrium,0.06663507485994724,0.1551307633902102,0.06878189471175657
ornstein_uhlenbeck,2,discretization,16,16,100000,16,0.02,0.18,1,equilibrium,0.06495633007571129,0.18374966933178666,0.07083363553969156
double_well,2,discretization,16,2,100000,16,0.02,0.18,1,equilibrium,0.04238532182889074,0.05568535913133277,0.045033673121036615
double_well,2,discretization,16,4,100000,16,0.02,0.18,1,equilibrium,0.08925645925987397,0.1254184017738127,0.07813133452687962
double_well,2,discretization,16,8,100000,16,0.02,0.18,1,equilibrium,0.11159233141623413,0.17509762959286462,0.09254653539664807
double_well,2,discretization,16,16,100000,16,0.02,0.18,1,equilibrium,0.09476149763968349,0.1601480714911644,0.08609909209309678
multi_well,2,discretization,16,2,100000,16,0.02,0.18,1,equilibrium,0.045345990113027236,0.062006922540855935,0.05123300819221884
multi_well,2,discretization,16,4,100000,16,0.02,0.18,1,equilibrium,0.10578608293584414,0.14367533565297463,0.09891814393318904
multi_well,2,discretization,16,8,100000,16,0.02,0.18,1,equilibrium,0.15187270949637324,0.202131982626516,0.12724760474309937
multi_well,2,discretization,16,16,100000,16,0.02,0.18,1,equilibrium,0.16306262944539374,0.21106378285627328,0.13496389427413977
ornstein_uhlenbeck,3,discretization,16,2,100000,16,0.02,0.18,1,equilibrium,0.03207168195180013,0.04748729281414665,0.030878916773820826
ornstein_uhlenbeck,3,discretization,16,4,100000,16,0.02,0.18,1,equilibrium,0.057707693277096614,0.10975870438097168,0.05604458692911263
ornstein_uhlenbeck,3,discretization,16,8,100000,16,0.02,0.18,1,equilibrium,0.0657062552606072,0.16064608740058794,0.06789047730608883
ornstein_uhlenbeck,3,discretization,16,16,100000,16,0.02,0.18,1,equilibrium,0.06398261861785731,0.17482429315415254,0.06949638309138408
double_well,3,discretization,16,2,100000,16,0.02,0.18,1,equilibrium,0.04300752502643104,0.0547347682769882,0.0476374627510131
double_well,3,discretization,16,4,100000,16,0.02,0.18,1,equilibrium,0.09272172382886074,0.125789658207064,0.08186622261768947
double_well,3,discretization,16,8,100000,16,0.02,0.18,1,equilibrium,0.1144370360251448,0.17070388800796144,0.09387727450077486
double_well,3,discretization,16,16,100000,16,0.02,0.18,1,equilibrium,0.10448646284245958,0.17436739388227948,0.09341808263719535
multi_well,3,discretization,16,2,100000,16,0.02,0.18,1,equilibrium,0.04376814713416062,0.06782702242908611,0.05312041618558769
multi_well,3,discretization,16,4,100000,16,0.02,0.18,1,equilibrium,0.10368365225589958,0.127759220322178,0.10139441137771908
multi_well,3,discretization,16,8,100000,16,0.02,0.18,1,equilibrium,0.1596992714028258,0.19871177309472243,0.13582619528951614
multi_well,3,discretization,16,16,100000,16,0.02,0.18,1,equilibrium,0.17785694321875833,0.28848513698347844,0.15243307205910567
ornstein_uhlenbeck,4,discretization,16,2,100000,16,0.02,0.18,1,equilibrium,0.03282167658912699,0.049865713062028694,0.03166470914205296
ornstein_uhlenbeck,4,discretization,16,4,100000,16,0.02,0.18,1,equilibrium,0.05684032628830017,0.10666300879066304,0.055852576094667906
ornstein_uhlenbeck,4,discretization,16,8,100000,16,0.02,0.18,1,equilibrium,0.06472292783590251,0.15381076630369983,0.06904872392754977
ornstein_uhlenbeck,4,discretization,16,16,100000,16,0.02,0.18,1,equilibrium,0.06039213424444807,0.1683834288867525,0.06700737690937728
double_well,4,discretization,16,2,100000,16,0.02,0.18,1,equilibrium,0.042672586164929055,0.057056301363737294,0.047028242040618735
double_well,4,discretization,16,4,100000,16,0.02,0.18,1,equilibrium,0.09058044543930337,0.12487748821552769,0.08004401947342132
double_well,4,discretization,16,8,100000,16,0.02,0.18,1,equilibrium,0.11110433046236479,0.1607112732167259,0.09235238054256358
double_well,4,discretization,16,16,100000,16,0.02,0.18,1,equilibrium,0.0963653724724506,0.15256903148958095,0.08699697838708093
multi_well,4,discretization,16,2,100000,16,0.02,0.18,1,equilibrium,0.0404136263280155,0.06383719983623626,0.05174827845935145
multi_well,4,discretization,16,4,100000,16,0.02,0.18,1,equilibrium,0.0938014132741704,0.12053485522224205,0.09509760563051416
multi_well,4,discretization,16,8,100000,16,0.02,0.18,1,equilibrium,0.13678657749060322,0.17999231512277664,0.12059778839996067
multi_well,4,discretization,16,16,100000,16,0.02,0.18,1,equilibrium,0.14187066998795797,0.19498138346540778,0.12107642375697858
ornstein_uhlenbeck,5,discretization,16,2,100000,16,0.02,0.18,1,equilibrium,0.030199203875412445,0.04462089577643136,0.029037296830384113
ornstein_uhlenbeck,5,discretization,16,4,100000,16,0.02,0.18,1,equilibrium,0.05432383848833289,0.10745205787813517,0.05347550855928612
ornstein_uhlenbeck,5,discretization,16,8,100000,16,0.02,0.18,1,equilibrium,0.06275545906500904,0.16501833407288952,0.06659699022595707
ornstein_uhlenbeck,5,discretization,16,16,100000,16,0.02,0.18,1,equilibrium,0.06034483102902239,0.17229336922137123,0.06440507455571147
double_well,5,discretization,16,2,100000,16,0.02,0.18,1,equilibrium,0.04416478421661469,0.05789270881960129,0.04633687594191468
double_well,5,discretization,16,4,100000,16,0.02,0.18,1,equilibrium,0.09216708185194282,0.11839990510466764,0.08149347119131213
double_well,5,discretization,16,8,100000,16,0.02,0.18,1,equilibrium,0.11417021596739574,0.1577409762766287,0.09524421354726706
double_well,5,discretization,16,16,100000,16,0.02,0.18,1,equilibrium,0.09584347053467145,0.14950745771190985,0.08802187927591812
multi_well,5,discretization,16,2,100000,16,0.02,0.18,1,equilibrium,0.040306830308831594,0.059302589994210564,0.049720918713845784
multi_well,5,discretization,16,4,100000,16,0.02,0.18,1,equilibrium,0.09925756377953951,0.1370439057865731,0.10144076807680232
multi_well,5,discretization,16,8,100000,16,0.02,0.18,1,equilibrium,0.15079830763450874,0.20287368738959877,0.13334746293048627
multi_well,5,discretization,16,16,100000,16,0.02,0.18,1,equilibrium,0.16171694531805292,0.21989789437101664,0.134990090626208
ornstein_uhlenbeck,6,discretization,16,2,100000,16,0.02,0.18,1,equilibrium,0.03275441917935658,0.04993298692393011,0.031722510158046384
ornstein_uhlenbeck,6,discretization,16,4,100000,16,0.02,0.18,1,equilibrium,0.05441389773068722,0.11272033146602511,0.055372891059236554
ornstein_uhlenbeck,6,discretization,16,8,100000,16,0.02,0.18,1,equilibrium,0.06327533580822822,0.16292532012193273,0.06852276180050046
ornstein_uhlenbeck,6,discretization,16,16,100000,16,0.02,0.18,1,equilibrium,0.05853404491841649,0.16777159902720068,0.06494763248604737
double_well,6,discretization,16,2,100000,16,0.02,0.18,1,equilibrium,0.04325911763197117,0.05446145423091653,0.047369149012516126
double_well,6,discretization,16,4,100000,16,0.02,0.18,1,equilibrium,0.09105469536016988,0.12278747835953063,0.07981691695642916
double_well,6,discretization,16,8,100000,16,0.02,0.18,1,equilibrium,0.11264531124513442,0.16567372630206262,0.09294308862890256
double_well,6,discretization,16,16,100000,16,0.02,0.18,1,equilibrium,0.09785284489755397,0.15587279102051074,0.08919991100089968
multi_well,6,discretization,16,2,100000,16,0.02,0.18,1,equilibrium,0.04154233915507677,0.057382641914163535,0.050635174377208825
multi_well,6,discretization,16,4,100000,16,0.02,0.18,1,equilibrium,0.104653493762114,0.13874991120370006,0.10147009721908863
multi_well,6,discretization,16,8,100000,16,0.02,0.18,1,equilibrium,0.17009033363124076,0.21074524532887856,0.14235548852792185
multi_well,6,discretization,16,16,100000,16,0.02,0.18,1,equilibrium,0.20297219254619098,0.32243555040172034,0.16841352950677607
ornstein_uhlenbeck,7,discretization,16,2,100000,16,0.02,0.18,1,equilibrium,0.031808232996239263,0.051918964963109104,0.03165241263630728
ornstein_uhlenbeck,7,discretization,16,4,100000,16,0.02,0.18,1,equilibrium,0.05596121544856454,0.10525141372896385,0.05445166623237965
ornstein_uhlenbeck,7,discretization,16,8,100000,16,0.02,0.18,1,equilibrium,0.06637102166646992,0.1617107841954178,0.0700290278849586
ornstein_uhlenbeck,7,discretization,16,16,100000,16,0.02,0.18,1,equilibrium,0.061860501741795054,0.17080025066131865,0.06736337333499443
double_well,7,discretization,16,2,100000,16,0.02,0.18,1,equilibrium,0.043916383423800213,0.056824851396250375,0.045808574038389796
double_well,7,discretization,16,4,100000,16,0.02,0.18,1,equilibrium,0.09404330713280958,0.13488802690119528,0.08107146799025564
double_well,7,discretization,16,8,100000,16,0.02,0.18,1,equilibrium,0.1145844053928067,0.1881067013353297,0.09534420913218693
double_well,7,discretization,16,16,100000,16,0.02,0.18,1,equilibrium,0.10009987540709642,0.1815903084113508,0.09170768863746634
multi_well,7,discretization,16,2,100000,16,0.02,0.18,1,equilibrium,0.03931294583642588,0.05974950575897464,0.04527887921982165
multi_well,7,discretization,16,4,100000,16,0.02,0.18,1,equilibrium,0.10017179899732914,0.12749073223714613,0.09533324673784706
multi_well,7,discretization,16,8,100000,16,0.02,0.18,1,equilibrium,0.1617343560842449,0.19340017566890083,0.13635308981206135
multi_well,7,discretization,16,16,100000,16,0.02,0.18,1,equilibrium,0.18852703684175423,0.26828707195147483,0.15790934513812152
ornstein_uhlenbeck,8,discretization,16,2,100000,16,0.02,0.18,1,equilibrium,0.03551145643727938,0.051580877371378786,0.03391793519157883
ornstein_uhlenbeck,8,discretization,16,4,100000,16,0.02,0.18,1,equilibrium,0.06112060356731369,0.1163073936324911,0.060535659517229626
ornstein_uhlenbeck,8,discretization,16,8,100000,16,0.02,0.18,1,equilibrium,0.0665096587653983,0.16920290963597973,0.07168135837632805
ornstein_uhlenbeck,8,discretization,16,16,100000,16,0.02,0.18,1,equilibrium,0.061832845720337495,0.1934154083283101,0.0723037759800115
double_well,8,discretization,16,2,100000,16,0.02,0.18,1,equilibrium,0.04264892755506517,0.057407723399588995,0.04638717522363134
double_well,8,discretization,16,4,100000,16,0.02,0.18,1,equilibrium,0.08833281066024798,0.12014936412477395,0.07788152247617484
double_well,8,discretization,16,8,100000,16,0.02,0.18,1,equilibrium,0.1112277292281603,0.16175812583765653,0.093286673693331
double_well,8,discretization,16,16,100000,16,0.02,0.18,1,equilibrium,0.09649276947222568,0.15617442418887714,0.08770419870430868
multi_well,8,discretization,16,2,100000,16,0.02,0.18,1,equilibrium,0.040725914852579884,0.056890011882385405,0.047977617392144366
multi_well,8,discretization,16,4,100000,16,0.02,0.18,1,equilibrium,0.10390803448011823,0.1288318017116593,0.09834861645653598
multi_well,8,discretization,16,8,100000,16,0.02,0.18,1,equilibrium,0.1632931136000697,0.21465900812034722,0.13618046282994853
multi_well,8,discretization,16,16,100000,16,0.02,0.18,1,equilibrium,0.19102339663859985,0.2591077747454509,0.15464373344150537
ornstein_uhlenbeck,9,discretization,16,2,100000,16,0.02,0.18,1,equilibrium,0.035528646131671844,0.049816112570973514,0.033849078514843124
ornstein_uhlenbeck,9,discretization,16,4,100000,16,0.02,0.18,1,equilibrium,0.05962200101954092,0.1128291764277295,0.057864358223188854
ornstein_uhlenbeck,9,discretization,16,8,100000,16,0.02,0.18,1,equilibrium,0.06486409237814265,0.1685303717833399,0.06893852899249407
ornstein_uhlenbeck,9,discretization,16,16,100000,16,0.02,0.18,1,equilibrium,0.060374491015530746,0.1829290667309449,0.0651200995118659
double_well,9,discretization,16,2,100000,16,0.02,0.18,1,equilibrium,0.04202821498797674,0.05558899611546331,0.04541795434539339
double_well,9,discretization,16,4,100000,16,0.02,0.18,1,equilibrium,0.08833338760174958,0.11949817222491088,0.07826447729393245
double_well,9,discretization,16,8,100000,16,0.02,0.18,1,equilibrium,0.10748529499599938,0.15376047221304057,0.08914891680594533
double_well,9,discretization,16,16,100000,16,0.02,0.18,1,equilibrium,0.0946582224625215,0.14237917194623081,0.08506261049281205
multi_well,9,discretization,16,2,100000,16,0.02,0.18,1,equilibrium,0.04352580804547985,0.06304277382692558,0.05157756227864185
multi_well,9,discretization,16,4,100000,16,0.02,0.18,1,equilibrium,0.10296771699793347,0.14036003163789956,0.10199713569344203
multi_well,9,discretization,16,8,100000,16,0.02,0.18,1,equilibrium,0.1539044483148002,0.2136000054781223,0.13261323204183326
multi_well,9,discretization,16,16,100000,16,0.02,0.18,1,equilibrium,0.17229283231518536,0.25203633828933236,0.14640547983099622
ornstein_uhlenbeck,0,discretization,64,2,100000,64,0.02,0.18,1,equilibrium,0.02064456546646134,0.050317607526271346,0.025756452229399027
ornstein_uhlenbeck,0,discretization,64,4,100000,64,0.02,0.18,1,equilibrium,0.04747959344359519,0.11907451031607841,0.03427013533163706
ornstein_uhlenbeck,0,discretization,64,8,100000,64,0.02,0.18,1,equilibrium,0.06327068578375211,0.15621265604429152,0.03841486152902523
ornstein_uhlenbeck,0,discretization,64,16,100000,64,0.02,0.18,1,equilibrium,0.07136045626368205,0.1529088681004335,0.03787731117688822
double_well,0,discretization,64,2,100000,64,0.02,0.18,1,equilibrium,0.01463078044633423,0.05649475428422268,0.024308005615173628
double_well,0,discretization,64,4,100000,64,0.02,0.18,1,equilibrium,0.03607393440044144,0.08046866926208746,0.03013419017143236
double_well,0,discretization,64,8,100000,64,0.02,0.18,1,equilibrium,0.057540341542749646,0.06978739985593835,0.03293892598415359
double_well,0,discretization,64,16,100000,64,0.02,0.18,1,equilibrium,0.07334215431495097,0.04084874087807243,0.037205804999131
multi_well,0,discretization,64,2,100000,64,0.02,0.18,1,equilibrium,0.01907826304118622,0.07060089564038874,0.03311993811321961
multi_well,0,discretization,64,4,100000,64,0.02,0.18,1,equilibrium,0.05638539387583534,0.154434537854221,0.052496424670424965
multi_well,0,discretization,64,8,100000,64,0.02,0.18,1,equilibrium,0.11304403888366661,0.24952639261810472,0.06774323691923052
multi_well,0,discretization,64,16,100000,64,0.02,0.18,1,equilibrium,0.1713613802114559,0.2916797225719845,0.07556001177771877
ornstein_uhlenbeck,1,discretization,64,2,100000,64,0.02,0.18,1,equilibrium,0.023532808863385817,0.05734996770663858,0.026187255026411515
ornstein_uhlenbeck,1,discretization,64,4,100000,64,0.02,0.18,1,equilibrium,0.05057619341024243,0.11861776935863677,0.03558091371856882
ornstein_uhlenbeck,1,discretization,64,8,100000,64,0.02,0.18,1,equilibrium,0.07055294079089415,0.16852292871758456,0.04197411531354358
ornstein_uhlenbeck,1,discretization,64,16,100000,64,0.02,0.18,1,equilibrium,0.07313247347028276,0.15290497404498415,0.03969613145955931
double_well,1,discretization,64,2,100000,64,0.02,0.18,1,equilibrium,0.01472672736157181,0.03425517824816543,0.02381168371472521
double_well,1,discretization,64,4,100000,64,0.02,0.18,1,equilibrium,0.0313196873681708,0.055905844768678215,0.027065909729490297
double_well,1,discretization,64,8,100000,64,0.02,0.18,1,equilibrium,0.04724254156205974,0.06106638743848253,0.030649750497896734
double_well,1,discretization,64,16,100000,64,0.02,0.18,1,equilibrium,0.062472061188592526,0.04181127123248443,0.03584551036224926
multi_well,1,discretization,64,2,100000,64,0.02,0.18,1,equilibrium,0.023075216281161548,0.0758492804841524,0.03395262070880678
multi_well,1,discretization,64,4,100000,64,0.02,0.18,1,equilibrium,0.06741986510746209,0.1553838584406646,0.0554747287233184
multi_well,1,discretization,64,8,100000,64,0.02,0.18,1,equilibrium,0.12992516003315502,0.235747298286835,0.073813205794778
multi_well,1,discretization,64,16,100000,64,0.02,0.18,1,equilibrium,0.18721148559845852,0.31353689939947216,0.08193979581990085
ornstein_uhlenbeck,2,discretization,64,2,100000,64,0.02,0.18,1,equilibrium,0.022433424269092186,0.05462557466119522,0.02618716309799544
ornstein_uhlenbeck,2,discretization,64,4,100000,64,0.02,0.18,1,equilibrium,0.04456791323349534,0.11254670964640606,0.03449644727831463
ornstein_uhlenbeck,2,discretization,64,8,100000,64,0.02,0.18,1,equilibrium,0.06021316768634125,0.13757845253203016,0.03700061994344498
ornstein_uhlenbeck,2,discretization,64,16,100000,64,0.02,0.18,1,equilibrium,0.06730386540469427,0.11239560814014526,0.035810814933589445
double_well,2,discretization,64,2,100000,64,0.02,0.18,1,equilibrium,0.01540091855635281,0.06305400434925024,0.02524910855009565
double_well,2,discretization,64,4,100000,64,0.02,0.18,1,equilibrium,0.03639053045692941,0.0657565566197385,0.028692472938611973
double_well,2,discretization,64,8,100000,64,0.02,0.18,1,equilibrium,0.0554895648308118,0.05397652689612353,0.03253497382445856
double_well,2,discretization,64,16,100000,64,0.02,0.18,1,equilibrium,0.06987883105976626,0.040288436876540226,0.03739050831174126
multi_well,2,discretization,64,2,100000,64,0.02,0.18,1,equilibrium,0.023052106726952334,0.07252696015258797,0.034623454788003376
multi_well,2,discretization,64,4,100000,64,0.02,0.18,1,equilibrium,0.06422277696425588,0.15727618525653564,0.060663276494449844
multi_well,2,discretization,64,8,100000,64,0.02,0.18,1,equilibrium,0.13034551150068985,0.25678288587817744,0.08468414163785448
multi_well,2,discretization,64,16,100000,64,0.02,0.18,1,equilibrium,0.21156820769425982,0.3735026103896208,0.09996163582573453
ornstein_uhlenbeck,3,discretization,64,2,100000,64,0.02,0.18,1,equilibrium,0.023228401417559677,0.0677304454206864,0.027812661853953535
ornstein_uhlenbeck,3,discretization,64,4,100000,64,0.02,0.18,1,equilibrium,0.05079360482319159,0.12842972643619344,0.03600392538727731
ornstein_uhlenbeck,3,discretization,64,8,100000,64,0.02,0.18,1,equilibrium,0.06964654489599495,0.17667752459429348,0.0411150083676887
ornstein_uhlenbeck,3,discretization,64,16,100000,64,0.02,0.18,1,equilibrium,0.07760667001494237,0.16491671895792756,0.041251583609194
double_well,3,discretization,64,2,100000,64,0.02,0.18,1,equilibrium,0.014959717396771627,0.043967378109031174,0.025419531146291884
double_well,3,discretization,64,4,100000,64,0.02,0.18,1,equilibrium,0.03348996756918534,0.06367901320891456,0.028171430663427983
double_well,3,discretization,64,8,100000,64,0.02,0.18,1,equilibrium,0.051770555842643354,0.05274094748466046,0.0318384927310911
double_well,3,discretization,64,16,100000,64,0.02,0.18,1,equilibrium,0.07179107034473069,0.05362854701870229,0.03715129876068109
multi_well,3,discretization,64,2,100000,64,0.02,0.18,1,equilibrium,0.02227516218838406,0.06709276003101383,0.03316942388188168
multi_well,3,discretization,64,4,100000,64,0.02,0.18,1,equilibrium,0.06392994219931271,0.15062416117152233,0.05437078181758316
multi_well,3,discretization,64,8,100000,64,0.02,0.18,1,equilibrium,0.12749434060360254,0.251856269302782,0.07628544906703556
multi_well,3,discretization,64,16,100000,64,0.02,0.18,1,equilibrium,0.1992943055244118,0.37270082787543046,0.09278619337115343
ornstein_uhlenbeck,4,discretization,64,2,100000,64,0.02,0.18,1,equilibrium,0.024087035093262515,0.06719637088843522,0.0284385128236717
ornstein_uhlenbeck,4,discretization,64,4,100000,64,0.02,0.18,1,equilibrium,0.050461323237318334,0.1285377189750883,0.03639572902538262
ornstein_uhlenbeck,4,discretization,64,8,100000,64,0.02,0.18,1,equilibrium,0.07161896689215143,0.17773396807539604,0.04240713379202703
ornstein_uhlenbeck,4,discretization,64,16,100000,64,0.02,0.18,1,equilibrium,0.07609190668765367,0.1556988353434022,0.0399769463672254
double_well,4,discretization,64,2,100000,64,0.02,0.18,1,equilibrium,0.01565578105093704,0.056502440209645344,0.02564234923195861
double_well,4,discretization,64,4,100000,64,0.02,0.18,1,equilibrium,0.038025347333617884,0.08480601111633795,0.030168399934292118
double_well,4,discretization,64,8,100000,64,0.02,0.18,1,equilibrium,0.060593343768915384,0.10418766699933871,0.033584697025523885
double_well,4,discretization,64,16,100000,64,0.02,0.18,1,equilibrium,0.07447739257953642,0.07368525943521687,0.03822950986311825
multi_well,4,discretization,64,2,100000,64,0.02,0.18,1,equilibrium,0.020629981386637214,0.06872177253085576,0.03582204644805748
multi_well,4,discretization,64,4,100000,64,0.02,0.18,1,equilibrium,0.05863097667815262,0.13691498839393323,0.05780405082610163
multi_well,4,discretization,64,8,100000,64,0.02,0.18,1,equilibrium,0.11433266608964376,0.20649091764458266,0.07288420459406413
multi_well,4,discretization,64,16,100000,64,0.02,0.18,1,equilibrium,0.16973809123575628,0.192135799163076,0.07676305797006866
ornstein_uhlenbeck,5,discretization,64,2,100000,64,0.02,0.18,1,equilibrium,0.023242742036933717,0.058664481699408744,0.027368596333156723
ornstein_uhlenbeck,5,discretization,64,4,100000,64,0.02,0.18,1,equilibrium,0.04928968636992158,0.11625467114446858,0.03500790866996548
ornstein_uhlenbeck,5,discretization,64,8,100000,64,0.02,0.18,1,equilibrium,0.06255326554787789,0.1379814441390339,0.037204244609788654
ornstein_uhlenbeck,5,discretization,64,16,100000,64,0.02,0.18,1,equilibrium,0.07106817186352092,0.12067498455673215,0.03711322203716911
double_well,5,discretization,64,2,100000,64,0.02,0.18,1,equilibrium,0.014854199224377501,0.03758341443244079,0.024479745266528
double_well,5,discretization,64,4,100000,64,0.02,0.18,1,equilibrium,0.037728657472186004,0.051990859502528075,0.02998730777116905
double_well,5,discretization,64,8,100000,64,0.02,0.18,1,equilibrium,0.05977469095807319,0.04996998976116182,0.03346300379212268
double_well,5,discretization,64,16,100000,64,0.02,0.18,1,equilibrium,0.07595179820350577,0.04028384459269632,0.0392016711152645
multi_well,5,discretization,64,2,100000,64,0.02,0.18,1,equilibrium,0.024231301996947605,0.06766919904204882,0.032961397224517595
multi_well,5,discretization,64,4,100000,64,0.02,0.18,1,equilibrium,0.07334421084326231,0.14574275544649096,0.05822749584946983
multi_well,5,discretization,64,8,100000,64,0.02,0.18,1,equilibrium,0.1499324635958281,0.25460324139257956,0.08378080052586111
multi_well,5,discretization,64,16,100000,64,0.02,0.18,1,equilibrium,0.22831253917618352,0.36955027492199527,0.10134992691219809
ornstein_uhlenbeck,6,discretization,64,2,100000,64,0.02,0.18,1,equilibrium,0.023623611441954302,0.05987268470227547,0.02645394880935432
ornstein_uhlenbeck,6,discretization,64,4,100000,64,0.02,0.18,1,equilibrium,0.05190064998604815,0.12333220492610203,0.036091373349146666
ornstein_uhlenbeck,6,discretization,64,8,100000,64,0.02,0.18,1,equilibrium,0.07068695699499797,0.1599908251991249,0.04059556995443484
ornstein_uhlenbeck,6,discretization,64,16,100000,64,0.02,0.18,1,equilibrium,0.07651565291051007,0.1505627664532531,0.03885420472796951
double_well,6,discretization,64,2,100000,64,0.02,0.18,1,equilibrium,0.016112743438508687,0.05209928482480364,0.025131618625233942
double_well,6,discretization,64,4,100000,64,0.02,0.18,1,equilibrium,0.03509276688742198,0.08109152912675649,0.028923020937967163
double_well,6,discretization,64,8,100000,64,0.02,0.18,1,equilibrium,0.052294504234320104,0.051204197247344735,0.03132786490968042
double_well,6,discretization,64,16,100000,64,0.02,0.18,1,equilibrium,0.06748172685213033,0.04567321961819645,0.03685365895517164
multi_well,6,discretization,64,2,100000,64,0.02,0.18,1,equilibrium,0.020038761341319156,0.06859805615513903,0.03633919645908639
multi_well,6,discretization,64,4,100000,64,0.02,0.18,1,equilibrium,0.055722701038439654,0.15625668729019537,0.06009899636577024
multi_well,6,discretization,64,8,100000,64,0.02,0.18,1,equilibrium,0.11087362900374406,0.22212592575609819,0.07711812133724026
multi_well,6,discretization,64,16,100000,64,0.02,0.18,1,equilibrium,0.1773175910357538,0.20495602156413847,0.08388171951304275
ornstein_uhlenbeck,7,discretization,64,2,100000,64,0.02,0.18,1,equilibrium,0.022618045886861685,0.055534476264147425,0.026287411042895618
ornstein_uhlenbeck,7,discretization,64,4,100000,64,0.02,0.18,1,equilibrium,0.04791619359391833,0.1087626515474957,0.033170220588885614
ornstein_uhlenbeck,7,discretization,64,8,100000,64,0.02,0.18,1,equilibrium,0.06110696358283815,0.13818964199363715,0.03619159757193661
ornstein_uhlenbeck,7,discretization,64,16,100000,64,0.02,0.18,1,equilibrium,0.06836290223701577,0.12325523337239697,0.03612304733589208
double_well,7,discretization,64,2,100000,64,0.02,0.18,1,equilibrium,0.015172201104673724,0.06222915559360437,0.02676591331383929
double_well,7,discretization,64,4,100000,64,0.02,0.18,1,equilibrium,0.03404446620365143,0.07852597764602143,0.029957011103024036
double_well,7,discretization,64,8,100000,64,0.02,0.18,1,equilibrium,0.05210832549705316,0.057694152268025656,0.03110018407419177
double_well,7,discretization,64,16,100000,64,0.02,0.18,1,equilibrium,0.06513231480238331,0.03316830745954098,0.03677041737852432
multi_well,7,discretization,64,2,100000,64,0.02,0.18,1,equilibrium,0.021673701699418083,0.06459204670657642,0.03288174339704249
multi_well,7,discretization,64,4,100000,64,0.02,0.18,1,equilibrium,0.06328125063117643,0.14175858849710665,0.05525099094362476
multi_well,7,discretization,64,8,100000,64,0.02,0.18,1,equilibrium,0.13369775804502204,0.2606491839460999,0.08129360371212993
multi_well,7,discretization,64,16,100000,64,0.02,0.18,1,equilibrium,0.20835950835720196,0.3521483916606813,0.09545690278262085
ornstein_uhlenbeck,8,discretization,64,2,100000,64,0.02,0.18,1,equilibrium,0.0217434579150953,0.05671880749962155,0.025734710625798442
ornstein_uhlenbeck,8,discretization,64,4,100000,64,0.02,0.18,1,equilibrium,0.04935218486928854,0.11784920678705801,0.03514701937873558
ornstein_uhlenbeck,8,discretization,64,8,100000,64,0.02,0.18,1,equilibrium,0.06267779157466188,0.15011447645500042,0.03735010361910458
ornstein_uhlenbeck,8,discretization,64,16,100000,64,0.02,0.18,1,equilibrium,0.07092502857063482,0.13974704098812324,0.03755254977062233
double_well,8,discretization,64,2,100000,64,0.02,0.18,1,equilibrium,0.014529659565516051,0.0504963039825056,0.02466717431151045
double_well,8,discretization,64,4,100000,64,0.02,0.18,1,equilibrium,0.0335462919236157,0.07362186822881367,0.029068432663812285
double_well,8,discretization,64,8,100000,64,0.02,0.18,1,equilibrium,0.05344423849633756,0.06628459554584315,0.0316217623058085
double_well,8,discretization,64,16,100000,64,0.02,0.18,1,equilibrium,0.06858251751774011,0.03654043000256363,0.036506759798312007
multi_well,8,discretization,64,2,100000,64,0.02,0.18,1,equilibrium,0.023280638904823306,0.07983643461542522,0.03381633309733494
multi_well,8,discretization,64,4,100000,64,0.02,0.18,1,equilibrium,0.06137180164126353,0.15656298514065842,0.053762321487533994
multi_well,8,discretization,64,8,100000,64,0.02,0.18,1,equilibrium,0.11306278472833683,0.22673995888693121,0.06622714145793789
multi_well,8,discretization,64,16,100000,64,0.02,0.18,1,equilibrium,0.15527805519998272,0.2287641044238135,0.07008715406696979
ornstein_uhlenbeck,9,discretization,64,2,100000,64,0.02,0.18,1,equilibrium,0.02335072300785586,0.05573134514750433,0.0266235667123453
ornstein_uhlenbeck,9,discretization,64,4,100000,64,0.02,0.18,1,equilibrium,0.047435122779705595,0.11109523938189214,0.03359849865807341
ornstein_uhlenbeck,9,discretization,64,8,100000,64,0.02,0.18,1,equilibrium,0.06634707424559116,0.15812489751306752,0.038883958562367434
ornstein_uhlenbeck,9,discretization,64,16,100000,64,0.02,0.18,1,equilibrium,0.07808858450680498,0.17049199905281806,0.04070303496204526
double_well,9,discretization,64,2,100000,64,0.02,0.18,1,equilibrium,0.01676746552540491,0.04541675068850404,0.025069364174817504
double_well,9,discretization,64,4,100000,64,0.02,0.18,1,equilibrium,0.038585088616637564,0.07477338911129577,0.03079147596617474
double_well,9,discretization,64,8,100000,64,0.02,0.18,1,equilibrium,0.05891691169230149,0.07720877574099494,0.03414867109255868
double_well,9,discretization,64,16,100000,64,0.02,0.18,1,equilibrium,0.07070906682092067,0.05410825360591823,0.038161978314246586
multi_well,9,discretization,64,2,100000,64,0.02,0.18,1,equilibrium,0.019619776351423576,0.06323296001500955,0.03370574187216373
multi_well,9,discretization,64,4,100000,64,0.02,0.18,1,equilibrium,0.058387163778921836,0.14627346503600502,0.059656557185566145
multi_well,9,discretization,64,8,100000,64,0.02,0.18,1,equilibrium,0.12277002889078378,0.2499741652291717,0.0809399483661757
multi_well,9,discretization,64,16,100000,64,0.02,0.18,1,equilibrium,0.19104731437308659,0.3173258359335165,0.08969721785206929
ornstein_uhlenbeck,0,diffusion_noise,0.05,2,100000,32,0.02,0.05,1,equilibrium,0.022855619304738957,0.052733409746380966,0.024490677048211312
ornstein_uhlenbeck,0,diffusion_noise,0.05,4,100000,32,0.02,0.05,1,equilibrium,0.04564225135035625,0.11445299591781077,0.03931788784903832
ornstein_uhlenbeck,0,diffusion_noise,0.05,8,100000,32,0.02,0.05,1,equilibrium,0.05553371916171238,0.14985025162531818,0.04493098576750254
ornstein_uhlenbeck,0,diffusion_noise,0.05,16,100000,32,0.02,0.05,1,equilibrium,0.04765770270456959,0.12259459706997375,0.036784969606061174
double_well,0,diffusion_noise,0.05,2,100000,32,0.02,0.05,1,equilibrium,0.028400705609992603,0.04880306924761402,0.02932642919369342
double_well,0,diffusion_noise,0.05,4,100000,32,0.02,0.05,1,equilibrium,0.06528213434545647,0.12006363168389467,0.05017716593389247
double_well,0,diffusion_noise,0.05,8,100000,32,0.02,0.05,1,equilibrium,0.0966178638418757,0.20037486033768004,0.06447400346186118
double_well,0,diffusion_noise,0.05,16,100000,32,0.02,0.05,1,equilibrium,0.09793011424949857,0.23025370565896605,0.06520593483633504
multi_well,0,diffusion_noise,0.05,2,100000,32,0.02,0.05,1,equilibrium,0.019103809093225788,0.051137418879107166,0.0229951533494377
multi_well,0,diffusion_noise,0.05,4,100000,32,0.02,0.05,1,equilibrium,0.03612625451615603,0.10790969970638375,0.03212992407342193
multi_well,0,diffusion_noise,0.05,8,100000,32,0.02,0.05,1,equilibrium,0.04093072847441455,0.1233833659215885,0.03298886459942591
multi_well,0,diffusion_noise,0.05,16,100000,32,0.02,0.05,1,equilibrium,0.03440316991359531,0.07988648819791533,0.024984448163182654
ornstein_uhlenbeck,1,diffusion_noise,0.05,2,100000,32,0.02,0.05,1,equilibrium,0.02296634199032109,0.05121166226640217,0.025696558514700266
ornstein_uhlenbeck,1,diffusion_noise,0.05,4,100000,32,0.02,0.05,1,equilibrium,0.04548638336303343,0.11340595221692351,0.03966613838610454
ornstein_uhlenbeck,1,diffusion_noise,0.05,8,100000,32,0.02,0.05,1,equilibrium,0.05306784098102314,0.14103790185654463,0.0429132566521083
ornstein_uhlenbeck,1,diffusion_noise,0.05,16,100000,32,0.02,0.05,1,equilibrium,0.04965233261077256,0.13401562880741366,0.038659694368489164
double_well,1,diffusion_noise,0.05,2,100000,32,0.02,0.05,1,equilibrium,0.02258579472111577,0.05094474264415283,0.029681568949347727
double_well,1,diffusion_noise,0.05,4,100000,32,0.02,0.05,1,equilibrium,0.055080289983516426,0.11722980986908726,0.04990878578263864
double_well,1,diffusion_noise,0.05,8,100000,32,0.02,0.05,1,equilibrium,0.08891090847244787,0.2142894323466245,0.06599557490376975
double_well,1,diffusion_noise,0.05,16,100000,32,0.02,0.05,1,equilibrium,0.09750296554443112,0.28118079342757074,0.07084560821181243
multi_well,1,diffusion_noise,0.05,2,100000,32,0.02,0.05,1,equilibrium,0.02123102112987127,0.05255838382614253,0.0236489033391087
multi_well,1,diffusion_noise,0.05,4,100000,32,0.02,0.05,1,equilibrium,0.03536251111258963,0.09121798928755814,0.030149109491083816
multi_well,1,diffusion_noise,0.05,8,100000,32,0.02,0.05,1,equilibrium,0.03647703465472906,0.08150309088547464,0.02779214121702291
multi_well,1,diffusion_noise,0.05,16,100000,32,0.02,0.05,1,equilibrium,0.033309644748582126,0.0514923566662249,0.023581303225583296
ornstein_uhlenbeck,2,diffusion_noise,0.05,2,100000,32,0.02,0.05,1,equilibrium,0.024275308697865518,0.05329159776558123,0.0243427543506075
ornstein_uhlenbeck,2,diffusion_noise,0.05,4,100000,32,0.02,0.05,1,equilibrium,0.046886259788951404,0.10630233910188436,0.038570276252474056
ornstein_uhlenbeck,2,diffusion_noise,0.05,8,100000,32,0.02,0.05,1,equilibrium,0.05571105254213998,0.14853297134227172,0.04476553565595453
ornstein_uhlenbeck,2,diffusion_noise,0.05,16,100000,32,0.02,0.05,1,equilibrium,0.0561550514068629,0.1520983388018938,0.0423241251445309
double_well,2,diffusion_noise,0.05,2,100000,32,0.02,0.05,1,equilibrium,0.024228362024241085,0.05524754808144805,0.029578888886461197
double_well,2,diffusion_noise,0.05,4,100000,32,0.02,0.05,1,equilibrium,0.060591693383625855,0.13890012970634769,0.05108864063626949
double_well,2,diffusion_noise,0.05,8,100000,32,0.02,0.05,1,equilibrium,0.0965661263659113,0.25263139633189763,0.068684879186273
double_well,2,diffusion_noise,0.05,16,100000,32,0.02,0.05,1,equilibrium,0.10443924856477277,0.31888460480924774,0.07531942516728761
multi_well,2,diffusion_noise,0.05,2,100000,32,0.02,0.05,1,equilibrium,0.0214731736007154,0.052066849296083406,0.023303281063257
multi_well,2,diffusion_noise,0.05,4,100000,32,0.02,0.05,1,equilibrium,0.037306711110934,0.09901445923810898,0.031072753591831048
multi_well,2,diffusion_noise,0.05,8,100000,32,0.02,0.05,1,equilibrium,0.04012685915896117,0.08942383313535476,0.02863770900542712
multi_well,2,diffusion_noise,0.05,16,100000,32,0.02,0.05,1,equilibrium,0.03268360494305062,0.04388468848273877,0.02173705492194475
ornstein_uhlenbeck,3,diffusion_noise,0.05,2,100000,32,0.02,0.05,1,equilibrium,0.023716848651265058,0.05202067322834336,0.02369106242705025
ornstein_uhlenbeck,3,diffusion_noise,0.05,4,100000,32,0.02,0.05,1,equilibrium,0.04522112879219348,0.10726144109556213,0.038156971330928414
ornstein_uhlenbeck,3,diffusion_noise,0.05,8,100000,32,0.02,0.05,1,equilibrium,0.05618594953548398,0.15318204138311697,0.04572247973493797
ornstein_uhlenbeck,3,diffusion_noise,0.05,16,100000,32,0.02,0.05,1,equilibrium,0.05605008702463441,0.16107022781243205,0.0435412944302032
double_well,3,diffusion_noise,0.05,2,100000,32,0.02,0.05,1,equilibrium,0.023059522668582952,0.053574206556467274,0.0297354328368732
double_well,3,diffusion_noise,0.05,4,100000,32,0.02,0.05,1,equilibrium,0.05877121414562954,0.1286511697422712,0.05148927988413841
double_well,3,diffusion_noise,0.05,8,100000,32,0.02,0.05,1,equilibrium,0.08871071377833344,0.20535733518490473,0.06401905365236787
double_well,3,diffusion_noise,0.05,16,100000,32,0.02,0.05,1,equilibrium,0.09355543250743989,0.23833821581449688,0.0654843065443451
multi_well,3,diffusion_noise,0.05,2,100000,32,0.02,0.05,1,equilibrium,0.02031322721768348,0.05534456113880959,0.02272283673402421
multi_well,3,diffusion_noise,0.05,4,100000,32,0.02,0.05,1,equilibrium,0.03404550132354677,0.0960059195325556,0.029652493315571193
multi_well,3,diffusion_noise,0.05,8,100000,32,0.02,0.05,1,equilibrium,0.037179246286664455,0.10024170166483251,0.02921867924207199
multi_well,3,diffusion_noise,0.05,16,100000,32,0.02,0.05,1,equilibrium,0.033183335085489714,0.06429931872131107,0.023166141356344715
ornstein_uhlenbeck,4,diffusion_noise,0.05,2,100000,32,0.02,0.05,1,equilibrium,0.02458490318634239,0.05338538521564107,0.025775235989388936
ornstein_uhlenbeck,4,diffusion_noise,0.05,4,100000,32,0.02,0.05,1,equilibrium,0.048875331821030994,0.11447015674867445,0.041234919952533484
ornstein_uhlenbeck,4,diffusion_noise,0.05,8,100000,32,0.02,0.05,1,equilibrium,0.05625726230397669,0.15285191245760604,0.0461336810726857
ornstein_uhlenbeck,4,diffusion_noise,0.05,16,100000,32,0.02,0.05,1,equilibrium,0.05786011357375977,0.1391167046991205,0.04197495667814802
double_well,4,diffusion_noise,0.05,2,100000,32,0.02,0.05,1,equilibrium,0.025328799081590095,0.057619999979628966,0.032404339737974
double_well,4,diffusion_noise,0.05,4,100000,32,0.02,0.05,1,equilibrium,0.06409975271398222,0.1280612678884644,0.05631687700182854
double_well,4,diffusion_noise,0.05,8,100000,32,0.02,0.05,1,equilibrium,0.09545728187530003,0.2316523777401423,0.06883404123884675
double_well,4,diffusion_noise,0.05,16,100000,32,0.02,0.05,1,equilibrium,0.0992466832700313,0.2915553332154444,0.07111951804399974
multi_well,4,diffusion_noise,0.05,2,100000,32,0.02,0.05,1,equilibrium,0.021533944119214762,0.05847391354596154,0.023800541348570667
multi_well,4,diffusion_noise,0.05,4,100000,32,0.02,0.05,1,equilibrium,0.038383565018178585,0.10008171831083207,0.03183205380090854
multi_well,4,diffusion_noise,0.05,8,100000,32,0.02,0.05,1,equilibrium,0.04070653572033714,0.09723936155464852,0.030605408210796395
multi_well,4,diffusion_noise,0.05,16,100000,32,0.02,0.05,1,equilibrium,0.033037224222399984,0.0598943396266098,0.023920155449399568
ornstein_uhlenbeck,5,diffusion_noise,0.05,2,100000,32,0.02,0.05,1,equilibrium,0.02527910069350891,0.05479928612041807,0.025271688576482963
ornstein_uhlenbeck,5,diffusion_noise,0.05,4,100000,32,0.02,0.05,1,equilibrium,0.050447152140138694,0.11711004826907323,0.04256617109168581
ornstein_uhlenbeck,5,diffusion_noise,0.05,8,100000,32,0.02,0.05,1,equilibrium,0.060341988588916616,0.16465555891257982,0.0493040440858718
ornstein_uhlenbeck,5,diffusion_noise,0.05,16,100000,32,0.02,0.05,1,equilibrium,0.06418139340211718,0.17113111217825544,0.04807063821269123
double_well,5,diffusion_noise,0.05,2,100000,32,0.02,0.05,1,equilibrium,0.02140801813466916,0.043355667643916185,0.02214969227856915
double_well,5,diffusion_noise,0.05,4,100000,32,0.02,0.05,1,equilibrium,0.040476977748504575,0.11000690085633946,0.0339592520420764
double_well,5,diffusion_noise,0.05,8,100000,32,0.02,0.05,1,equilibrium,0.0496820532294548,0.1640949515300808,0.040450758831710336
double_well,5,diffusion_noise,0.05,16,100000,32,0.02,0.05,1,equilibrium,0.05135454907446621,0.19194708383603343,0.041733754174612586
multi_well,5,diffusion_noise,0.05,2,100000,32,0.02,0.05,1,equilibrium,0.022815157592839305,0.0614388510510131,0.02474596178848924
multi_well,5,diffusion_noise,0.05,4,100000,32,0.02,0.05,1,equilibrium,0.037204248345569096,0.10891274592627048,0.03197212377021029
multi_well,5,diffusion_noise,0.05,8,100000,32,0.02,0.05,1,equilibrium,0.038268137406447314,0.11798896090190167,0.03096838743418841
multi_well,5,diffusion_noise,0.05,16,100000,32,0.02,0.05,1,equilibrium,0.0330041018761891,0.08064262162564996,0.0249303777302112
ornstein_uhlenbeck,6,diffusion_noise,0.05,2,100000,32,0.02,0.05,1,equilibrium,0.023954475506708553,0.05313511359009493,0.026809681455084302
ornstein_uhlenbeck,6,diffusion_noise,0.05,4,100000,32,0.02,0.05,1,equilibrium,0.04270994842719534,0.10782387040078045,0.03846135028698001
ornstein_uhlenbeck,6,diffusion_noise,0.05,8,100000,32,0.02,0.05,1,equilibrium,0.05329194096115754,0.14906766247514935,0.04428886861379618
ornstein_uhlenbeck,6,diffusion_noise,0.05,16,100000,32,0.02,0.05,1,equilibrium,0.05435229689756317,0.15616842883447937,0.041596454602647895
double_well,6,diffusion_noise,0.05,2,100000,32,0.02,0.05,1,equilibrium,0.025637441604853678,0.055091063905961524,0.032402451941112305
double_well,6,diffusion_noise,0.05,4,100000,32,0.02,0.05,1,equilibrium,0.059263542251004234,0.12213039899146216,0.05376348748084958
double_well,6,diffusion_noise,0.05,8,100000,32,0.02,0.05,1,equilibrium,0.0941421707662856,0.2094447485681475,0.06747149251598251
double_well,6,diffusion_noise,0.05,16,100000,32,0.02,0.05,1,equilibrium,0.10064912889883036,0.23586071550068943,0.06904076803437023
multi_well,6,diffusion_noise,0.05,2,100000,32,0.02,0.05,1,equilibrium,0.02111850908348188,0.056258684436726214,0.023324194762778857
multi_well,6,diffusion_noise,0.05,4,100000,32,0.02,0.05,1,equilibrium,0.03873538188271425,0.10468172492347722,0.032966064129300074
multi_well,6,diffusion_noise,0.05,8,100000,32,0.02,0.05,1,equilibrium,0.04187814000300848,0.12675633653134655,0.033660332659996
multi_well,6,diffusion_noise,0.05,16,100000,32,0.02,0.05,1,equilibrium,0.034847795814999485,0.09316652271851653,0.026642208824948384
ornstein_uhlenbeck,7,diffusion_noise,0.05,2,100000,32,0.02,0.05,1,equilibrium,0.02192338693711099,0.04885798133784036,0.023256596363095926
ornstein_uhlenbeck,7,diffusion_noise,0.05,4,100000,32,0.02,0.05,1,equilibrium,0.04388403801589038,0.1118053949778447,0.03844833510487389
ornstein_uhlenbeck,7,diffusion_noise,0.05,8,100000,32,0.02,0.05,1,equilibrium,0.0602132813739259,0.17514055790102673,0.04935027300214874
ornstein_uhlenbeck,7,diffusion_noise,0.05,16,100000,32,0.02,0.05,1,equilibrium,0.06342657339601719,0.18856681496130523,0.048916390065467094
double_well,7,diffusion_noise,0.05,2,100000,32,0.02,0.05,1,equilibrium,0.026208662457846983,0.05988514917088794,0.032489472224629154
double_well,7,diffusion_noise,0.05,4,100000,32,0.02,0.05,1,equilibrium,0.06397697541841972,0.14422283456555318,0.0546311053659926
double_well,7,diffusion_noise,0.05,8,100000,32,0.02,0.05,1,equilibrium,0.09940751863192876,0.24141763894459417,0.07029110418298766
double_well,7,diffusion_noise,0.05,16,100000,32,0.02,0.05,1,equilibrium,0.10085528799491122,0.27095472560141476,0.07204035859227657
multi_well,7,diffusion_noise,0.05,2,100000,32,0.02,0.05,1,equilibrium,0.01945643293984263,0.052079049160995705,0.023321553115393134
multi_well,7,diffusion_noise,0.05,4,100000,32,0.02,0.05,1,equilibrium,0.03481919322776775,0.09255609905283291,0.029873838047992252
multi_well,7,diffusion_noise,0.05,8,100000,32,0.02,0.05,1,equilibrium,0.04027981227835914,0.10583077618302655,0.03067697369662026
multi_well,7,diffusion_noise,0.05,16,100000,32,0.02,0.05,1,equilibrium,0.03445668585200864,0.08368977231696138,0.025258852078423363
ornstein_uhlenbeck,8,diffusion_noise,0.05,2,100000,32,0.02,0.05,1,equilibrium,0.02426829970642581,0.055628672626041875,0.025625016540697074
ornstein_uhlenbeck,8,diffusion_noise,0.05,4,100000,32,0.02,0.05,1,equilibrium,0.04602192870707554,0.11021880298069131,0.04053394515958987
ornstein_uhlenbeck,8,diffusion_noise,0.05,8,100000,32,0.02,0.05,1,equilibrium,0.05932115243282228,0.16117451272140548,0.04774850674669888
ornstein_uhlenbeck,8,diffusion_noise,0.05,16,100000,32,0.02,0.05,1,equilibrium,0.0583842370429427,0.18192966179790926,0.044720242755839426
double_well,8,diffusion_noise,0.05,2,100000,32,0.02,0.05,1,equilibrium,0.031330822008949634,0.05794079155171972,0.031814959355270275
double_well,8,diffusion_noise,0.05,4,100000,32,0.02,0.05,1,equilibrium,0.07290667808081065,0.14439810960745736,0.056917038809334845
double_well,8,diffusion_noise,0.05,8,100000,32,0.02,0.05,1,equilibrium,0.10577094901207165,0.24901651778618022,0.07268956548528838
double_well,8,diffusion_noise,0.05,16,100000,32,0.02,0.05,1,equilibrium,0.10626893401564763,0.2969179320914779,0.07542272820182438
multi_well,8,diffusion_noise,0.05,2,100000,32,0.02,0.05,1,equilibrium,0.021287547698354357,0.05160676952784882,0.022716951385052576
multi_well,8,diffusion_noise,0.05,4,100000,32,0.02,0.05,1,equilibrium,0.03768603326953791,0.10652350083937395,0.03252420707057954
multi_well,8,diffusion_noise,0.05,8,100000,32,0.02,0.05,1,equilibrium,0.04312812181495129,0.12306284369274617,0.033145180523928716
multi_well,8,diffusion_noise,0.05,16,100000,32,0.02,0.05,1,equilibrium,0.03952182314200218,0.1086920861993364,0.028412898766981245
ornstein_uhlenbeck,9,diffusion_noise,0.05,2,100000,32,0.02,0.05,1,equilibrium,0.02641215060293565,0.06094505948385731,0.02643863882618664
ornstein_uhlenbeck,9,diffusion_noise,0.05,4,100000,32,0.02,0.05,1,equilibrium,0.05026790196359111,0.11690113892598897,0.040923115852735156
ornstein_uhlenbeck,9,diffusion_noise,0.05,8,100000,32,0.02,0.05,1,equilibrium,0.0631299351479084,0.1618647787095973,0.04873729715054395
ornstein_uhlenbeck,9,diffusion_noise,0.05,16,100000,32,0.02,0.05,1,equilibrium,0.058442910649652444,0.15887452143644276,0.04474621221412418
double_well,9,diffusion_noise,0.05,2,100000,32,0.02,0.05,1,equilibrium,0.02613380185477876,0.0560093896597621,0.032163747193379125
double_well,9,diffusion_noise,0.05,4,100000,32,0.02,0.05,1,equilibrium,0.06249753525877849,0.11780503333323733,0.05109543130144591
double_well,9,diffusion_noise,0.05,8,100000,32,0.02,0.05,1,equilibrium,0.09638096027825177,0.21737903068050834,0.06633413897969896
double_well,9,diffusion_noise,0.05,16,100000,32,0.02,0.05,1,equilibrium,0.10761524287069445,0.2941166292864397,0.07341887083475368
multi_well,9,diffusion_noise,0.05,2,100000,32,0.02,0.05,1,equilibrium,0.02232801445667014,0.04885464484256208,0.022975593828846955
multi_well,9,diffusion_noise,0.05,4,100000,32,0.02,0.05,1,equilibrium,0.03623073624089005,0.08600361019481367,0.030029307629794052
multi_well,9,diffusion_noise,0.05,8,100000,32,0.02,0.05,1,equilibrium,0.041342634348712645,0.10177415341108936,0.031252667345464336
multi_well,9,diffusion_noise,0.05,16,100000,32,0.02,0.05,1,equilibrium,0.03749640913796148,0.07364575147049032,0.02582363732946095
ornstein_uhlenbeck,0,diffusion_noise,0.5,2,100000,32,0.02,0.5,1,equilibrium,0.02174143253142929,0.04867989908604897,0.023373488595783247
ornstein_uhlenbeck,0,diffusion_noise,0.5,4,100000,32,0.02,0.5,1,equilibrium,0.04291507958734346,0.10902930520207621,0.03712033341996463
ornstein_uhlenbeck,0,diffusion_noise,0.5,8,100000,32,0.02,0.5,1,equilibrium,0.052184164895336255,0.1587097096304284,0.0434059521612253
ornstein_uhlenbeck,0,diffusion_noise,0.5,16,100000,32,0.02,0.5,1,equilibrium,0.0494853774831663,0.15554822732472284,0.03905864109991333
double_well,0,diffusion_noise,0.5,2,100000,32,0.02,0.5,1,equilibrium,0.016470306106163866,0.04714623191301648,0.021130734472603403
double_well,0,diffusion_noise,0.5,4,100000,32,0.02,0.5,1,equilibrium,0.029162040289288847,0.0694192637737992,0.0267131768284098
double_well,0,diffusion_noise,0.5,8,100000,32,0.02,0.5,1,equilibrium,0.03154076445903165,0.05654812573912485,0.02440517833356164
double_well,0,diffusion_noise,0.5,16,100000,32,0.02,0.5,1,equilibrium,0.03216936798918563,0.02857733013663652,0.02190864026549811
multi_well,0,diffusion_noise,0.5,2,100000,32,0.02,0.5,1,equilibrium,0.02029040172032917,0.061757534288223837,0.04481082017707731
multi_well,0,diffusion_noise,0.5,4,100000,32,0.02,0.5,1,equilibrium,0.059739639503054734,0.13376706064461508,0.08078208467414186
multi_well,0,diffusion_noise,0.5,8,100000,32,0.02,0.5,1,equilibrium,0.12130246535682071,0.2159067934928623,0.10809060339280416
multi_well,0,diffusion_noise,0.5,16,100000,32,0.02,0.5,1,equilibrium,0.19370523000920004,0.2834741918642971,0.12951177168198894
ornstein_uhlenbeck,1,diffusion_noise,0.5,2,100000,32,0.02,0.5,1,equilibrium,0.023840643220703138,0.049443574463294726,0.024113244437208865
ornstein_uhlenbeck,1,diffusion_noise,0.5,4,100000,32,0.02,0.5,1,equilibrium,0.04693277751130524,0.11150895031796182,0.03914763051739449
ornstein_uhlenbeck,1,diffusion_noise,0.5,8,100000,32,0.02,0.5,1,equilibrium,0.05874482029052162,0.16994927184671604,0.046713966643642385
ornstein_uhlenbeck,1,diffusion_noise,0.5,16,100000,32,0.02,0.5,1,equilibrium,0.05433963687461063,0.17711464553556416,0.042447229271226336
double_well,1,diffusion_noise,0.5,2,100000,32,0.02,0.5,1,equilibrium,0.01571440176485106,0.05147827625549706,0.021740306492356812
double_well,1,diffusion_noise,0.5,4,100000,32,0.02,0.5,1,equilibrium,0.02647063690334711,0.07199239728999546,0.0253894432715606
double_well,1,diffusion_noise,0.5,8,100000,32,0.02,0.5,1,equilibrium,0.026319610370400738,0.047404742670267785,0.022253703090451705
double_well,1,diffusion_noise,0.5,16,100000,32,0.02,0.5,1,equilibrium,0.032031544397768216,0.026483693397148955,0.02272324569461461
multi_well,1,diffusion_noise,0.5,2,100000,32,0.02,0.5,1,equilibrium,0.019930156393551904,0.05875326224985722,0.0403539049322994
multi_well,1,diffusion_noise,0.5,4,100000,32,0.02,0.5,1,equilibrium,0.057667809964016645,0.13049679963373956,0.0738868328805105
multi_well,1,diffusion_noise,0.5,8,100000,32,0.02,0.5,1,equilibrium,0.11147493650452577,0.1789898126262005,0.09279968057619467
multi_well,1,diffusion_noise,0.5,16,100000,32,0.02,0.5,1,equilibrium,0.16783480750083574,0.25700181096937347,0.10613581059562592
ornstein_uhlenbeck,2,diffusion_noise,0.5,2,100000,32,0.02,0.5,1,equilibrium,0.024857825625393255,0.05330524937984893,0.02617405848558345
ornstein_uhlenbeck,2,diffusion_noise,0.5,4,100000,32,0.02,0.5,1,equilibrium,0.04719568907698943,0.10973463636097136,0.03982618598205502
ornstein_uhlenbeck,2,diffusion_noise,0.5,8,100000,32,0.02,0.5,1,equilibrium,0.056953329186329324,0.14913028093804337,0.04477238093150471
ornstein_uhlenbeck,2,diffusion_noise,0.5,16,100000,32,0.02,0.5,1,equilibrium,0.05145211456588891,0.16080429542871552,0.03995839936612956
double_well,2,diffusion_noise,0.5,2,100000,32,0.02,0.5,1,equilibrium,0.01713303080464513,0.05393750250033824,0.022110316032098894
double_well,2,diffusion_noise,0.5,4,100000,32,0.02,0.5,1,equilibrium,0.033430108614364136,0.0869088111926909,0.02863285430927954
double_well,2,diffusion_noise,0.5,8,100000,32,0.02,0.5,1,equilibrium,0.03519208585280808,0.06974665204663758,0.02641060080885966
double_well,2,diffusion_noise,0.5,16,100000,32,0.02,0.5,1,equilibrium,0.03793588389563883,0.04097618033082326,0.02519476226247168
multi_well,2,diffusion_noise,0.5,2,100000,32,0.02,0.5,1,equilibrium,0.02035065653937493,0.06318555426725925,0.04236271202532362
multi_well,2,diffusion_noise,0.5,4,100000,32,0.02,0.5,1,equilibrium,0.05982883438858744,0.15976728166404175,0.07944309087002188
multi_well,2,diffusion_noise,0.5,8,100000,32,0.02,0.5,1,equilibrium,0.1210368583738197,0.23131848920511,0.10556407068326434
multi_well,2,diffusion_noise,0.5,16,100000,32,0.02,0.5,1,equilibrium,0.19325027351793406,0.29308250939473934,0.12878923948274132
ornstein_uhlenbeck,3,diffusion_noise,0.5,2,100000,32,0.02,0.5,1,equilibrium,0.022581367611088983,0.04476759094344218,0.023287951552972447
ornstein_uhlenbeck,3,diffusion_noise,0.5,4,100000,32,0.02,0.5,1,equilibrium,0.045286082956720805,0.1040064314156448,0.03715945646693491
ornstein_uhlenbeck,3,diffusion_noise,0.5,8,100000,32,0.02,0.5,1,equilibrium,0.05553098346783147,0.1481338179808766,0.04370273556782649
ornstein_uhlenbeck,3,diffusion_noise,0.5,16,100000,32,0.02,0.5,1,equilibrium,0.05545791576808148,0.14561403691894237,0.04059134268988218
double_well,3,diffusion_noise,0.5,2,100000,32,0.02,0.5,1,equilibrium,0.0159478800082708,0.053771849330193855,0.022064902188917414
double_well,3,diffusion_noise,0.5,4,100000,32,0.02,0.5,1,equilibrium,0.028820501039228258,0.07534110107042713,0.025275774119194475
double_well,3,diffusion_noise,0.5,8,100000,32,0.02,0.5,1,equilibrium,0.032861691354078466,0.0708002382998883,0.025462347707804794
double_well,3,diffusion_noise,0.5,16,100000,32,0.02,0.5,1,equilibrium,0.02746621991364317,0.04056196176938082,0.02136024325445425
multi_well,3,diffusion_noise,0.5,2,100000,32,0.02,0.5,1,equilibrium,0.02083336078011372,0.06860656954188749,0.04882851997349304
multi_well,3,diffusion_noise,0.5,4,100000,32,0.02,0.5,1,equilibrium,0.05999716083524205,0.13341562845677774,0.08674969183906134
multi_well,3,diffusion_noise,0.5,8,100000,32,0.02,0.5,1,equilibrium,0.11981998705352229,0.1990477120087858,0.11126900790349879
multi_well,3,diffusion_noise,0.5,16,100000,32,0.02,0.5,1,equilibrium,0.1869507410266893,0.2975933587037813,0.12601904676391623
ornstein_uhlenbeck,4,diffusion_noise,0.5,2,100000,32,0.02,0.5,1,equilibrium,0.022752899372557964,0.04886389024550852,0.024581546543499543
ornstein_uhlenbeck,4,diffusion_noise,0.5,4,100000,32,0.02,0.5,1,equilibrium,0.04756836190286468,0.10745566797517947,0.03960029061922544
ornstein_uhlenbeck,4,diffusion_noise,0.5,8,100000,32,0.02,0.5,1,equilibrium,0.057882907976322936,0.14154553269445974,0.04373429080541725
ornstein_uhlenbeck,4,diffusion_noise,0.5,16,100000,32,0.02,0.5,1,equilibrium,0.06165394949791435,0.1593973973131603,0.04446787867337319
double_well,4,diffusion_noise,0.5,2,100000,32,0.02,0.5,1,equilibrium,0.015897577037864125,0.04618304168701759,0.021303446220968796
double_well,4,diffusion_noise,0.5,4,100000,32,0.02,0.5,1,equilibrium,0.029299566551752136,0.07306895680094999,0.026033282337702354
double_well,4,diffusion_noise,0.5,8,100000,32,0.02,0.5,1,equilibrium,0.030073345679605776,0.05047535069794484,0.023060869267257027
double_well,4,diffusion_noise,0.5,16,100000,32,0.02,0.5,1,equilibrium,0.03292866141671457,0.022047232992842475,0.022679689200753365
multi_well,4,diffusion_noise,0.5,2,100000,32,0.02,0.5,1,equilibrium,0.0209098213921928,0.0649798246440002,0.047334617097599625
multi_well,4,diffusion_noise,0.5,4,100000,32,0.02,0.5,1,equilibrium,0.05985837147632081,0.12771420290480368,0.08630568074375573
multi_well,4,diffusion_noise,0.5,8,100000,32,0.02,0.5,1,equilibrium,0.12170357729898859,0.19543985194262947,0.11273217766914688
multi_well,4,diffusion_noise,0.5,16,100000,32,0.02,0.5,1,equilibrium,0.1916117852969069,0.3070001972702739,0.1290292739985179
ornstein_uhlenbeck,5,diffusion_noise,0.5,2,100000,32,0.02,0.5,1,equilibrium,0.023584165321158913,0.049472915246198124,0.024256888368648914
ornstein_uhlenbeck,5,diffusion_noise,0.5,4,100000,32,0.02,0.5,1,equilibrium,0.04510797203957906,0.10559308410356305,0.03823789390721808
ornstein_uhlenbeck,5,diffusion_noise,0.5,8,100000,32,0.02,0.5,1,equilibrium,0.05919925780711662,0.1540004622847454,0.04619932945176473
ornstein_uhlenbeck,5,diffusion_noise,0.5,16,100000,32,0.02,0.5,1,equilibrium,0.05863570639759115,0.15260437604848623,0.043169138777131
double_well,5,diffusion_noise,0.5,2,100000,32,0.02,0.5,1,equilibrium,0.01587593127303051,0.042787297496483356,0.021875702970336933
double_well,5,diffusion_noise,0.5,4,100000,32,0.02,0.5,1,equilibrium,0.027565549099456438,0.06901055700548203,0.024648402861768465
double_well,5,diffusion_noise,0.5,8,100000,32,0.02,0.5,1,equilibrium,0.029261023246970698,0.046760532033514574,0.02245690836877862
double_well,5,diffusion_noise,0.5,16,100000,32,0.02,0.5,1,equilibrium,0.03436444897777892,0.032371660266945185,0.02405282634911777
multi_well,5,diffusion_noise,0.5,2,100000,32,0.02,0.5,1,equilibrium,0.018862422887945207,0.06699140019412186,0.04794643010868077
multi_well,5,diffusion_noise,0.5,4,100000,32,0.02,0.5,1,equilibrium,0.05541623538154766,0.13493135034412257,0.08488385808473742
multi_well,5,diffusion_noise,0.5,8,100000,32,0.02,0.5,1,equilibrium,0.11334244831205266,0.1978068382080055,0.10887360337494063
multi_well,5,diffusion_noise,0.5,16,100000,32,0.02,0.5,1,equilibrium,0.1856423950664789,0.292675102955868,0.1267055935849051
ornstein_uhlenbeck,6,diffusion_noise,0.5,2,100000,32,0.02,0.5,1,equilibrium,0.021985020306616115,0.047950862133064764,0.023718971212160364
ornstein_uhlenbeck,6,diffusion_noise,0.5,4,100000,32,0.02,0.5,1,equilibrium,0.04611553700697871,0.11673879828103806,0.041063581005837756
ornstein_uhlenbeck,6,diffusion_noise,0.5,8,100000,32,0.02,0.5,1,equilibrium,0.054909424903637045,0.16635516827620017,0.04877888471958413
ornstein_uhlenbeck,6,diffusion_noise,0.5,16,100000,32,0.02,0.5,1,equilibrium,0.05573333392941689,0.1683214026550401,0.0465502587242472
double_well,6,diffusion_noise,0.5,2,100000,32,0.02,0.5,1,equilibrium,0.015769832493807458,0.0411460418091939,0.019657381387017666
double_well,6,diffusion_noise,0.5,4,100000,32,0.02,0.5,1,equilibrium,0.027225765451968906,0.06028820756280351,0.024659676980860235
double_well,6,diffusion_noise,0.5,8,100000,32,0.02,0.5,1,equilibrium,0.025362353841739523,0.037829699700055314,0.02147634485930571
double_well,6,diffusion_noise,0.5,16,100000,32,0.02,0.5,1,equilibrium,0.026445040818638313,0.018142513873833394,0.02092822396038062
multi_well,6,diffusion_noise,0.5,2,100000,32,0.02,0.5,1,equilibrium,0.017360805411568717,0.05549399028229607,0.041435306861342766
multi_well,6,diffusion_noise,0.5,4,100000,32,0.02,0.5,1,equilibrium,0.05166717269631922,0.13670981117704406,0.07657320559671314
multi_well,6,diffusion_noise,0.5,8,100000,32,0.02,0.5,1,equilibrium,0.10683116102453163,0.2247104618649437,0.10319742377438712
multi_well,6,diffusion_noise,0.5,16,100000,32,0.02,0.5,1,equilibrium,0.17592351427804762,0.2569481747856221,0.11883435020915795
ornstein_uhlenbeck,7,diffusion_noise,0.5,2,100000,32,0.02,0.5,1,equilibrium,0.024998609960977206,0.05585259985112001,0.026618297014789166
ornstein_uhlenbeck,7,diffusion_noise,0.5,4,100000,32,0.02,0.5,1,equilibrium,0.04943374248906267,0.11689989510232524,0.041403886756857126
ornstein_uhlenbeck,7,diffusion_noise,0.5,8,100000,32,0.02,0.5,1,equilibrium,0.06296137198599382,0.15958453590502958,0.04998239020425272
ornstein_uhlenbeck,7,diffusion_noise,0.5,16,100000,32,0.02,0.5,1,equilibrium,0.059186523891103154,0.15993823980110558,0.04593931583882841
double_well,7,diffusion_noise,0.5,2,100000,32,0.02,0.5,1,equilibrium,0.016624840452979073,0.04698895818521176,0.02159170447182213
double_well,7,diffusion_noise,0.5,4,100000,32,0.02,0.5,1,equilibrium,0.030304734892853794,0.06656697571970988,0.025613731727172902
double_well,7,diffusion_noise,0.5,8,100000,32,0.02,0.5,1,equilibrium,0.03319229313782039,0.054185980235348596,0.024304612652290922
double_well,7,diffusion_noise,0.5,16,100000,32,0.02,0.5,1,equilibrium,0.031657509371809195,0.020417838703460714,0.02261285642245022
multi_well,7,diffusion_noise,0.5,2,100000,32,0.02,0.5,1,equilibrium,0.021468227959214478,0.06213295368058647,0.045281471882367634
multi_well,7,diffusion_noise,0.5,4,100000,32,0.02,0.5,1,equilibrium,0.060399875874311185,0.1315738890103172,0.08049628474717688
multi_well,7,diffusion_noise,0.5,8,100000,32,0.02,0.5,1,equilibrium,0.11870717728224096,0.19323309080258377,0.10768520864321011
multi_well,7,diffusion_noise,0.5,16,100000,32,0.02,0.5,1,equilibrium,0.17386532582270317,0.26848265341172817,0.11333122437225282
ornstein_uhlenbeck,8,diffusion_noise,0.5,2,100000,32,0.02,0.5,1,equilibrium,0.023657281051313418,0.04717078444315459,0.024637561209799465
ornstein_uhlenbeck,8,diffusion_noise,0.5,4,100000,32,0.02,0.5,1,equilibrium,0.04408246525030032,0.10144913648862941,0.036866735428407335
ornstein_uhlenbeck,8,diffusion_noise,0.5,8,100000,32,0.02,0.5,1,equilibrium,0.056637531848570205,0.14798468672457027,0.044023299733706195
ornstein_uhlenbeck,8,diffusion_noise,0.5,16,100000,32,0.02,0.5,1,equilibrium,0.05636269692002588,0.15456283770567486,0.04208696272432985
double_well,8,diffusion_noise,0.5,2,100000,32,0.02,0.5,1,equilibrium,0.01771503839929224,0.05541513692824218,0.022726399187789386
double_well,8,diffusion_noise,0.5,4,100000,32,0.02,0.5,1,equilibrium,0.02967990706447689,0.07170476137596155,0.027158729091601864
double_well,8,diffusion_noise,0.5,8,100000,32,0.02,0.5,1,equilibrium,0.03000136177551063,0.04793310162663211,0.023147929594286538
double_well,8,diffusion_noise,0.5,16,100000,32,0.02,0.5,1,equilibrium,0.032916150825220085,0.019400706231143733,0.022778255998184636
multi_well,8,diffusion_noise,0.5,2,100000,32,0.02,0.5,1,equilibrium,0.018495815028808954,0.05775791694093446,0.04235781958793106
multi_well,8,diffusion_noise,0.5,4,100000,32,0.02,0.5,1,equilibrium,0.05470310832032209,0.1315676143794245,0.08039681851115353
multi_well,8,diffusion_noise,0.5,8,100000,32,0.02,0.5,1,equilibrium,0.11230293305072817,0.19271811162644814,0.10593508869045952
multi_well,8,diffusion_noise,0.5,16,100000,32,0.02,0.5,1,equilibrium,0.17984238695435845,0.25644012858302223,0.12142363890316772
ornstein_uhlenbeck,9,diffusion_noise,0.5,2,100000,32,0.02,0.5,1,equilibrium,0.02252463556099236,0.05064556550952193,0.024144353783049535
ornstein_uhlenbeck,9,diffusion_noise,0.5,4,100000,32,0.02,0.5,1,equilibrium,0.04369612526095229,0.10440250219785252,0.03644946002170945
ornstein_uhlenbeck,9,diffusion_noise,0.5,8,100000,32,0.02,0.5,1,equilibrium,0.05588588649000591,0.15300551017986813,0.043749236188125665
ornstein_uhlenbeck,9,diffusion_noise,0.5,16,100000,32,0.02,0.5,1,equilibrium,0.0601186637103312,0.17941879351812406,0.04570287119360283
double_well,9,diffusion_noise,0.5,2,100000,32,0.02,0.5,1,equilibrium,0.015211711723188331,0.04973973299072931,0.021286158506157588
double_well,9,diffusion_noise,0.5,4,100000,32,0.02,0.5,1,equilibrium,0.029392659033230545,0.0628584502827107,0.025343802120480128
double_well,9,diffusion_noise,0.5,8,100000,32,0.02,0.5,1,equilibrium,0.03265329128882956,0.048853354995381376,0.024275637487000457
double_well,9,diffusion_noise,0.5,16,100000,32,0.02,0.5,1,equilibrium,0.03404141789851032,0.027357865963984734,0.023049964450792583
multi_well,9,diffusion_noise,0.5,2,100000,32,0.02,0.5,1,equilibrium,0.01859731504141554,0.0646033864744533,0.044961735063158925
multi_well,9,diffusion_noise,0.5,4,100000,32,0.02,0.5,1,equilibrium,0.05569632983509447,0.14365425033716261,0.08609753155338556
multi_well,9,diffusion_noise,0.5,8,100000,32,0.02,0.5,1,equilibrium,0.1139690660614449,0.21088273376820965,0.11115168860035575
multi_well,9,diffusion_noise,0.5,16,100000,32,0.02,0.5,1,equilibrium,0.18478964900603811,0.26994275285557906,0.12679912786568456
ornstein_uhlenbeck,0,observation_interval,2,2,50000,32,0.02,0.18,2,equilibrium,0.025877815789118,0.053192944571425094,0.030202173288006815
ornstein_uhlenbeck,0,observation_interval,2,4,50000,32,0.02,0.18,2,equilibrium,0.04332457832836729,0.09324736465388533,0.036326980293926864
ornstein_uhlenbeck,0,observation_interval,2,8,50000,32,0.02,0.18,2,equilibrium,0.053435691345327836,0.1132495564350618,0.03897622172316771
ornstein_uhlenbeck,0,observation_interval,2,16,50000,32,0.02,0.18,2,equilibrium,0.05135154368620586,0.0834453549076796,0.03429249761504695
double_well,0,observation_interval,2,2,50000,32,0.02,0.18,2,equilibrium,0.021992411237184394,0.048940150225692314,0.027417531983960228
double_well,0,observation_interval,2,4,50000,32,0.02,0.18,2,equilibrium,0.038282576889092146,0.055281038180109876,0.03293086972446892
double_well,0,observation_interval,2,8,50000,32,0.02,0.18,2,equilibrium,0.041067661651452585,0.03559471245718446,0.030959254635241237
double_well,0,observation_interval,2,16,50000,32,0.02,0.18,2,equilibrium,0.04519173649111098,0.024687431630330645,0.0316100713022901
multi_well,0,observation_interval,2,2,50000,32,0.02,0.18,2,equilibrium,0.03628569103228764,0.0746697894045244,0.03944923247498923
multi_well,0,observation_interval,2,4,50000,32,0.02,0.18,2,equilibrium,0.08407916916460574,0.14511538042536393,0.06574393363601917
multi_well,0,observation_interval,2,8,50000,32,0.02,0.18,2,equilibrium,0.12173054731613224,0.21388825962453384,0.08040924151261439
multi_well,0,observation_interval,2,16,50000,32,0.02,0.18,2,equilibrium,0.134619570155971,0.26328295494375076,0.08422893700711472
ornstein_uhlenbeck,1,observation_interval,2,2,50000,32,0.02,0.18,2,equilibrium,0.025479595594921516,0.06119912453928844,0.028587837701320257
ornstein_uhlenbeck,1,observation_interval,2,4,50000,32,0.02,0.18,2,equilibrium,0.050424679556731286,0.11499391172521006,0.04044660037617206
ornstein_uhlenbeck,1,observation_interval,2,8,50000,32,0.02,0.18,2,equilibrium,0.05953884481043179,0.12903888938018654,0.042816056173898144
ornstein_uhlenbeck,1,observation_interval,2,16,50000,32,0.02,0.18,2,equilibrium,0.05307575210228534,0.09095342130266078,0.035363032367191974
double_well,1,observation_interval,2,2,50000,32,0.02,0.18,2,equilibrium,0.019674870416611888,0.04606459482670783,0.0260391984038043
double_well,1,observation_interval,2,4,50000,32,0.02,0.18,2,equilibrium,0.03175198137191966,0.043232715836618696,0.028982125795752836
double_well,1,observation_interval,2,8,50000,32,0.02,0.18,2,equilibrium,0.03703268003803612,0.043295444068076644,0.029721814602396122
double_well,1,observation_interval,2,16,50000,32,0.02,0.18,2,equilibrium,0.04931242773985464,0.031058745492774265,0.033560597933087584
multi_well,1,observation_interval,2,2,50000,32,0.02,0.18,2,equilibrium,0.028280726425664704,0.07038901093146022,0.038288689691851216
multi_well,1,observation_interval,2,4,50000,32,0.02,0.18,2,equilibrium,0.06614827479662783,0.13183305912966864,0.056749520441629585
multi_well,1,observation_interval,2,8,50000,32,0.02,0.18,2,equilibrium,0.09135151649978707,0.16237933973786278,0.05917949201480289
multi_well,1,observation_interval,2,16,50000,32,0.02,0.18,2,equilibrium,0.09371415033107869,0.1181573872445708,0.05857687638277774
ornstein_uhlenbeck,2,observation_interval,2,2,50000,32,0.02,0.18,2,equilibrium,0.026845253389426525,0.06284175453802476,0.03014993620150494
ornstein_uhlenbeck,2,observation_interval,2,4,50000,32,0.02,0.18,2,equilibrium,0.04726285077517853,0.12105291810088131,0.04155686354814955
ornstein_uhlenbeck,2,observation_interval,2,8,50000,32,0.02,0.18,2,equilibrium,0.05355802888353589,0.12752551602645712,0.04101144546805513
ornstein_uhlenbeck,2,observation_interval,2,16,50000,32,0.02,0.18,2,equilibrium,0.04806132951853269,0.10016527407974785,0.03420020907622732
double_well,2,observation_interval,2,2,50000,32,0.02,0.18,2,equilibrium,0.018040076865311817,0.04884114435766035,0.024888757881386614
double_well,2,observation_interval,2,4,50000,32,0.02,0.18,2,equilibrium,0.034081421716778026,0.06302685704744349,0.03185933550868558
double_well,2,observation_interval,2,8,50000,32,0.02,0.18,2,equilibrium,0.043758370464991383,0.0570097478398891,0.03353121828800406
double_well,2,observation_interval,2,16,50000,32,0.02,0.18,2,equilibrium,0.04708697765378678,0.033215399745683674,0.03411630528605514
multi_well,2,observation_interval,2,2,50000,32,0.02,0.18,2,equilibrium,0.03229340215187456,0.06667151589696807,0.03822498048302125
multi_well,2,observation_interval,2,4,50000,32,0.02,0.18,2,equilibrium,0.07757975942987952,0.1262185617006309,0.06182632494099647
multi_well,2,observation_interval,2,8,50000,32,0.02,0.18,2,equilibrium,0.11792937535776048,0.21659873058320217,0.07828241170952821
multi_well,2,observation_interval,2,16,50000,32,0.02,0.18,2,equilibrium,0.13038019674259738,0.297380036558654,0.08636264920987366
ornstein_uhlenbeck,3,observation_interval,2,2,50000,32,0.02,0.18,2,equilibrium,0.02219115571725911,0.05279841520597761,0.028978265461971634
ornstein_uhlenbeck,3,observation_interval,2,4,50000,32,0.02,0.18,2,equilibrium,0.04146352912341202,0.1083347715661217,0.03840633841962604
ornstein_uhlenbeck,3,observation_interval,2,8,50000,32,0.02,0.18,2,equilibrium,0.049270817461532085,0.12379192738274974,0.0388356058599126
ornstein_uhlenbeck,3,observation_interval,2,16,50000,32,0.02,0.18,2,equilibrium,0.05250122625162558,0.09296718781866836,0.036313150419542334
double_well,3,observation_interval,2,2,50000,32,0.02,0.18,2,equilibrium,0.020603076300096446,0.03965626703500236,0.026042992944637612
double_well,3,observation_interval,2,4,50000,32,0.02,0.18,2,equilibrium,0.039672645049964504,0.04397687294781627,0.03222832577590869
double_well,3,observation_interval,2,8,50000,32,0.02,0.18,2,equilibrium,0.05106503260532248,0.04972981347638519,0.035142988040618536
double_well,3,observation_interval,2,16,50000,32,0.02,0.18,2,equilibrium,0.055748267667073886,0.044113515164567935,0.03665721074735438
multi_well,3,observation_interval,2,2,50000,32,0.02,0.18,2,equilibrium,0.022456884499098856,0.06810043783336833,0.04219855014069573
multi_well,3,observation_interval,2,4,50000,32,0.02,0.18,2,equilibrium,0.058859984732707045,0.13860753062387698,0.07380335300710053
multi_well,3,observation_interval,2,8,50000,32,0.02,0.18,2,equilibrium,0.09838030334297415,0.1840598156258017,0.08232436684868918
multi_well,3,observation_interval,2,16,50000,32,0.02,0.18,2,equilibrium,0.1343100378821963,0.209336483390634,0.08220250455806523
ornstein_uhlenbeck,4,observation_interval,2,2,50000,32,0.02,0.18,2,equilibrium,0.019811548096379507,0.040946750494267214,0.026064418776987276
ornstein_uhlenbeck,4,observation_interval,2,4,50000,32,0.02,0.18,2,equilibrium,0.03810265788477896,0.08458131200982477,0.03320298022950851
ornstein_uhlenbeck,4,observation_interval,2,8,50000,32,0.02,0.18,2,equilibrium,0.04476328525871442,0.09612630741451356,0.033091854832996176
ornstein_uhlenbeck,4,observation_interval,2,16,50000,32,0.02,0.18,2,equilibrium,0.04655230403477088,0.07953709066376524,0.03261659312513548
double_well,4,observation_interval,2,2,50000,32,0.02,0.18,2,equilibrium,0.019889532702112654,0.04332221686927762,0.026251451629197984
double_well,4,observation_interval,2,4,50000,32,0.02,0.18,2,equilibrium,0.03610895883478787,0.048598409198000125,0.030988082435760917
double_well,4,observation_interval,2,8,50000,32,0.02,0.18,2,equilibrium,0.04137896569230174,0.03234771985487969,0.0319676345382987
double_well,4,observation_interval,2,16,50000,32,0.02,0.18,2,equilibrium,0.04974907380355599,0.03424263859071551,0.034608116670268196
multi_well,4,observation_interval,2,2,50000,32,0.02,0.18,2,equilibrium,0.024924636298320937,0.0612436427137637,0.03439403226273112
multi_well,4,observation_interval,2,4,50000,32,0.02,0.18,2,equilibrium,0.06810711903387581,0.12640033024833797,0.06167830774543368
multi_well,4,observation_interval,2,8,50000,32,0.02,0.18,2,equilibrium,0.113457983071385,0.17285864175244037,0.07492806229910667
multi_well,4,observation_interval,2,16,50000,32,0.02,0.18,2,equilibrium,0.14093146716034619,0.33827123645303137,0.09249606578593199
ornstein_uhlenbeck,5,observation_interval,2,2,50000,32,0.02,0.18,2,equilibrium,0.023470108157526093,0.0561910087133618,0.029161337033503078
ornstein_uhlenbeck,5,observation_interval,2,4,50000,32,0.02,0.18,2,equilibrium,0.041452508573051904,0.10304596577018332,0.038738324465591285
ornstein_uhlenbeck,5,observation_interval,2,8,50000,32,0.02,0.18,2,equilibrium,0.0478233439429128,0.10300448207156401,0.03715989316586854
ornstein_uhlenbeck,5,observation_interval,2,16,50000,32,0.02,0.18,2,equilibrium,0.04806175072192541,0.09202994728869054,0.033942736941504924
double_well,5,observation_interval,2,2,50000,32,0.02,0.18,2,equilibrium,0.020070223655963948,0.04130551830340151,0.027019753268496337
double_well,5,observation_interval,2,4,50000,32,0.02,0.18,2,equilibrium,0.036620837341512294,0.04792412496592802,0.030942880616454137
double_well,5,observation_interval,2,8,50000,32,0.02,0.18,2,equilibrium,0.03720248280660474,0.03723638002037455,0.032374443544041426
double_well,5,observation_interval,2,16,50000,32,0.02,0.18,2,equilibrium,0.0467618697468977,0.046722930602700885,0.034966664071278276
multi_well,5,observation_interval,2,2,50000,32,0.02,0.18,2,equilibrium,0.032970063489734344,0.06654318062581449,0.03877392717533355
multi_well,5,observation_interval,2,4,50000,32,0.02,0.18,2,equilibrium,0.07376177159020864,0.13641548455156532,0.05810168932688635
multi_well,5,observation_interval,2,8,50000,32,0.02,0.18,2,equilibrium,0.1032990070846984,0.18086064383805123,0.06795316474428366
multi_well,5,observation_interval,2,16,50000,32,0.02,0.18,2,equilibrium,0.11722164873998815,0.16648621666753513,0.07200391583181424
ornstein_uhlenbeck,6,observation_interval,2,2,50000,32,0.02,0.18,2,equilibrium,0.023707664599443075,0.05028183733845393,0.027643295344886583
ornstein_uhlenbeck,6,observation_interval,2,4,50000,32,0.02,0.18,2,equilibrium,0.046298658399827455,0.10991886257309008,0.03979999871298452
ornstein_uhlenbeck,6,observation_interval,2,8,50000,32,0.02,0.18,2,equilibrium,0.04903238693119494,0.10512673805179043,0.03694440683470251
ornstein_uhlenbeck,6,observation_interval,2,16,50000,32,0.02,0.18,2,equilibrium,0.04597935084019629,0.07310188630103082,0.03246302090027362
double_well,6,observation_interval,2,2,50000,32,0.02,0.18,2,equilibrium,0.02380019550993351,0.044213357323707625,0.027463567635608182
double_well,6,observation_interval,2,4,50000,32,0.02,0.18,2,equilibrium,0.04426642254395046,0.05973841311360145,0.03387259927073596
double_well,6,observation_interval,2,8,50000,32,0.02,0.18,2,equilibrium,0.04861863983140548,0.06195410424508102,0.03491879334423995
double_well,6,observation_interval,2,16,50000,32,0.02,0.18,2,equilibrium,0.05592586811175977,0.04231868919515183,0.036707768490321216
multi_well,6,observation_interval,2,2,50000,32,0.02,0.18,2,equilibrium,0.029060582747134717,0.06227708528372866,0.04082299430594171
multi_well,6,observation_interval,2,4,50000,32,0.02,0.18,2,equilibrium,0.07077458167708024,0.13102166133334808,0.06835945723724526
multi_well,6,observation_interval,2,8,50000,32,0.02,0.18,2,equilibrium,0.10839391351554845,0.16444816063223378,0.07499461014683809
multi_well,6,observation_interval,2,16,50000,32,0.02,0.18,2,equilibrium,0.11819839816165362,0.17655378760340096,0.07243554682360383
ornstein_uhlenbeck,7,observation_interval,2,2,50000,32,0.02,0.18,2,equilibrium,0.02460051907488235,0.054873912049700824,0.027637212470551096
ornstein_uhlenbeck,7,observation_interval,2,4,50000,32,0.02,0.18,2,equilibrium,0.04627709954483907,0.1030890754120728,0.03809773911948538
ornstein_uhlenbeck,7,observation_interval,2,8,50000,32,0.02,0.18,2,equilibrium,0.05661766200810492,0.11961060102603782,0.039941402650089115
ornstein_uhlenbeck,7,observation_interval,2,16,50000,32,0.02,0.18,2,equilibrium,0.05065488665288828,0.0842119040142188,0.033477780514266246
double_well,7,observation_interval,2,2,50000,32,0.02,0.18,2,equilibrium,0.021144350100237477,0.03904664295468435,0.026232118517218295
double_well,7,observation_interval,2,4,50000,32,0.02,0.18,2,equilibrium,0.03551621059011456,0.04608898470370221,0.031096804043206625
double_well,7,observation_interval,2,8,50000,32,0.02,0.18,2,equilibrium,0.047246932903521124,0.0432260926415832,0.03410510882095627
double_well,7,observation_interval,2,16,50000,32,0.02,0.18,2,equilibrium,0.055854433427756804,0.04659570105866094,0.036596714620783524
multi_well,7,observation_interval,2,2,50000,32,0.02,0.18,2,equilibrium,0.038029031687493706,0.07517465441601368,0.04044805543990053
multi_well,7,observation_interval,2,4,50000,32,0.02,0.18,2,equilibrium,0.08376167751212392,0.14421429629610455,0.06282765609357162
multi_well,7,observation_interval,2,8,50000,32,0.02,0.18,2,equilibrium,0.10965422719945594,0.15911064012589335,0.07020808779470597
multi_well,7,observation_interval,2,16,50000,32,0.02,0.18,2,equilibrium,0.10696015404735976,0.16567724801724532,0.07162193714044089
ornstein_uhlenbeck,8,observation_interval,2,2,50000,32,0.02,0.18,2,equilibrium,0.020513825438674575,0.05069313385099228,0.02735925211564346
ornstein_uhlenbeck,8,observation_interval,2,4,50000,32,0.02,0.18,2,equilibrium,0.039557555467566,0.09837758396010887,0.0357221011638743
ornstein_uhlenbeck,8,observation_interval,2,8,50000,32,0.02,0.18,2,equilibrium,0.0473602677691385,0.09962702929063325,0.034042089108241885
ornstein_uhlenbeck,8,observation_interval,2,16,50000,32,0.02,0.18,2,equilibrium,0.0458625750866863,0.04649223838489175,0.029954114833369506
double_well,8,observation_interval,2,2,50000,32,0.02,0.18,2,equilibrium,0.0234385719571824,0.03595878461737767,0.028034448836136136
double_well,8,observation_interval,2,4,50000,32,0.02,0.18,2,equilibrium,0.041485863349171134,0.05663493579133194,0.033693399980556996
double_well,8,observation_interval,2,8,50000,32,0.02,0.18,2,equilibrium,0.04912795815549876,0.05317009451033761,0.03527071114524759
double_well,8,observation_interval,2,16,50000,32,0.02,0.18,2,equilibrium,0.053043167614285736,0.0503334867012928,0.036290782323838595
multi_well,8,observation_interval,2,2,50000,32,0.02,0.18,2,equilibrium,0.03620331053017004,0.0780899086111353,0.039363016068319184
multi_well,8,observation_interval,2,4,50000,32,0.02,0.18,2,equilibrium,0.08460500438447524,0.14009819589676042,0.06212842778706932
multi_well,8,observation_interval,2,8,50000,32,0.02,0.18,2,equilibrium,0.1140971672605895,0.1656136565359147,0.0724895811209429
multi_well,8,observation_interval,2,16,50000,32,0.02,0.18,2,equilibrium,0.12044022559298867,0.1785597926238341,0.0752367515974857
ornstein_uhlenbeck,9,observation_interval,2,2,50000,32,0.02,0.18,2,equilibrium,0.02211743431095281,0.05324848218540035,0.02836248256816046
ornstein_uhlenbeck,9,observation_interval,2,4,50000,32,0.02,0.18,2,equilibrium,0.04563581398098474,0.10507406014170201,0.03680663614376966
ornstein_uhlenbeck,9,observation_interval,2,8,50000,32,0.02,0.18,2,equilibrium,0.054114575774451765,0.12435721646861542,0.0398082155162624
ornstein_uhlenbeck,9,observation_interval,2,16,50000,32,0.02,0.18,2,equilibrium,0.05152679637769164,0.10172104472973964,0.03498816467205099
double_well,9,observation_interval,2,2,50000,32,0.02,0.18,2,equilibrium,0.02335059076668923,0.05161094895383078,0.030199124073601452
double_well,9,observation_interval,2,4,50000,32,0.02,0.18,2,equilibrium,0.03695878726958058,0.05129197068207325,0.03144879860079034
double_well,9,observation_interval,2,8,50000,32,0.02,0.18,2,equilibrium,0.039506481147569994,0.03683501146275728,0.030329293139081656
double_well,9,observation_interval,2,16,50000,32,0.02,0.18,2,equilibrium,0.04818250798262559,0.030888196103265805,0.034062340699872844
multi_well,9,observation_interval,2,2,50000,32,0.02,0.18,2,equilibrium,0.030712377305950736,0.06925321384525074,0.03974058884826782
multi_well,9,observation_interval,2,4,50000,32,0.02,0.18,2,equilibrium,0.07695818752445044,0.12981488974141064,0.06495095293944411
multi_well,9,observation_interval,2,8,50000,32,0.02,0.18,2,equilibrium,0.12651045050856125,0.2459982439387176,0.08611921987862796
multi_well,9,observation_interval,2,16,50000,32,0.02,0.18,2,equilibrium,0.16215456265323014,0.40387352025490697,0.10818964117261372
ornstein_uhlenbeck,0,observation_interval,4,2,50000,32,0.02,0.18,4,equilibrium,0.026078308543119585,0.05585210199798085,0.02792296384008965
ornstein_uhlenbeck,0,observation_interval,4,4,50000,32,0.02,0.18,4,equilibrium,0.037973453074536645,0.08368459718005733,0.031247188693415105
ornstein_uhlenbeck,0,observation_interval,4,8,50000,32,0.02,0.18,4,equilibrium,0.03817514729736439,0.06769108021366835,0.0292701340452826
ornstein_uhlenbeck,0,observation_interval,4,16,50000,32,0.02,0.18,4,equilibrium,0.038471526635262106,0.03900148401054397,0.027082409802184224
double_well,0,observation_interval,4,2,50000,32,0.02,0.18,4,equilibrium,0.012320797448324457,0.02258206103865809,0.02167703840268655
double_well,0,observation_interval,4,4,50000,32,0.02,0.18,4,equilibrium,0.022457442863571254,0.035669484386883554,0.026453440483584972
double_well,0,observation_interval,4,8,50000,32,0.02,0.18,4,equilibrium,0.03213494774576403,0.026355492050285742,0.02745778940782472
double_well,0,observation_interval,4,16,50000,32,0.02,0.18,4,equilibrium,0.039501352053228765,0.019007896667045096,0.028005032127976295
multi_well,0,observation_interval,4,2,50000,32,0.02,0.18,4,equilibrium,0.03124198602113617,0.057489393397088195,0.03715053103856748
multi_well,0,observation_interval,4,4,50000,32,0.02,0.18,4,equilibrium,0.07446646481185645,0.1460899414323934,0.05887494972621476
multi_well,0,observation_interval,4,8,50000,32,0.02,0.18,4,equilibrium,0.11257752635228593,0.3047237240964371,0.08194530307536185
multi_well,0,observation_interval,4,16,50000,32,0.02,0.18,4,equilibrium,0.14146911787924135,0.4865811377422715,0.10889999885322629
ornstein_uhlenbeck,1,observation_interval,4,2,50000,32,0.02,0.18,4,equilibrium,0.02411315410318691,0.05240903181565881,0.027497665013050798
ornstein_uhlenbeck,1,observation_interval,4,4,50000,32,0.02,0.18,4,equilibrium,0.037334352749053556,0.07391418453203458,0.030604180409725023
ornstein_uhlenbeck,1,observation_interval,4,8,50000,32,0.02,0.18,4,equilibrium,0.04093933019365356,0.06970682681766044,0.03002875471465198
ornstein_uhlenbeck,1,observation_interval,4,16,50000,32,0.02,0.18,4,equilibrium,0.037328574461929845,0.029556743132974378,0.02606332838175611
double_well,1,observation_interval,4,2,50000,32,0.02,0.18,4,equilibrium,0.01366077251177296,0.027944697722633527,0.02280649455856074
double_well,1,observation_interval,4,4,50000,32,0.02,0.18,4,equilibrium,0.025044310631556484,0.04723386063173851,0.026307404791801933
double_well,1,observation_interval,4,8,50000,32,0.02,0.18,4,equilibrium,0.037334670958268076,0.028418090792738562,0.028114236913781024
double_well,1,observation_interval,4,16,50000,32,0.02,0.18,4,equilibrium,0.043667005820503,0.02154348185325041,0.03000002679924149
multi_well,1,observation_interval,4,2,50000,32,0.02,0.18,4,equilibrium,0.0333570622544526,0.06479743414471639,0.03541517961803147
multi_well,1,observation_interval,4,4,50000,32,0.02,0.18,4,equilibrium,0.07147921483394726,0.14267156973553247,0.05361668260281296
multi_well,1,observation_interval,4,8,50000,32,0.02,0.18,4,equilibrium,0.09358348560949903,0.23195141888316176,0.06535168210356573
multi_well,1,observation_interval,4,16,50000,32,0.02,0.18,4,equilibrium,0.1031688584785651,0.2611945834293014,0.07387612984244013
ornstein_uhlenbeck,2,observation_interval,4,2,50000,32,0.02,0.18,4,equilibrium,0.02757553399662246,0.05896772701661829,0.02813229782020667
ornstein_uhlenbeck,2,observation_interval,4,4,50000,32,0.02,0.18,4,equilibrium,0.04187867822590917,0.09563214895067046,0.03279834691895287
ornstein_uhlenbeck,2,observation_interval,4,8,50000,32,0.02,0.18,4,equilibrium,0.040209023051036595,0.0762885292229718,0.02955060954647869
ornstein_uhlenbeck,2,observation_interval,4,16,50000,32,0.02,0.18,4,equilibrium,0.040112029579886715,0.03850482031474914,0.027179955426409975
double_well,2,observation_interval,4,2,50000,32,0.02,0.18,4,equilibrium,0.011761670558639694,0.023271645906135285,0.022115110818128312
double_well,2,observation_interval,4,4,50000,32,0.02,0.18,4,equilibrium,0.021572406570690837,0.020855283992665438,0.024893622767778005
double_well,2,observation_interval,4,8,50000,32,0.02,0.18,4,equilibrium,0.032879214131528556,0.025081235333989635,0.02640429864925884
double_well,2,observation_interval,4,16,50000,32,0.02,0.18,4,equilibrium,0.04043181066813162,0.01975679399044375,0.02880081446797607
multi_well,2,observation_interval,4,2,50000,32,0.02,0.18,4,equilibrium,0.03317480200607393,0.06304424184446361,0.03683413861883189
multi_well,2,observation_interval,4,4,50000,32,0.02,0.18,4,equilibrium,0.0707274458872513,0.1157010818394077,0.05351037717756725
multi_well,2,observation_interval,4,8,50000,32,0.02,0.18,4,equilibrium,0.09165028328810186,0.1561581841883436,0.06064369365748867
multi_well,2,observation_interval,4,16,50000,32,0.02,0.18,4,equilibrium,0.09828423785313692,0.14609425998457967,0.06666481483157571
ornstein_uhlenbeck,3,observation_interval,4,2,50000,32,0.02,0.18,4,equilibrium,0.025440556614547468,0.04963321724305786,0.02800033065275382
ornstein_uhlenbeck,3,observation_interval,4,4,50000,32,0.02,0.18,4,equilibrium,0.039984202318657125,0.0834611947994881,0.03232977959331536
ornstein_uhlenbeck,3,observation_interval,4,8,50000,32,0.02,0.18,4,equilibrium,0.04544420010724026,0.09901188754534651,0.03316702850293043
ornstein_uhlenbeck,3,observation_interval,4,16,50000,32,0.02,0.18,4,equilibrium,0.042906588826169816,0.06920179757651555,0.02933233594919908
double_well,3,observation_interval,4,2,50000,32,0.02,0.18,4,equilibrium,0.018672241436272517,0.02808347206132128,0.02357091951976944
double_well,3,observation_interval,4,4,50000,32,0.02,0.18,4,equilibrium,0.02601979980038359,0.02239264987649843,0.025854051688824507
double_well,3,observation_interval,4,8,50000,32,0.02,0.18,4,equilibrium,0.03576100737477973,0.026183042792106023,0.027409740903326766
double_well,3,observation_interval,4,16,50000,32,0.02,0.18,4,equilibrium,0.04193821531198462,0.02484976732947991,0.02860348463188119
multi_well,3,observation_interval,4,2,50000,32,0.02,0.18,4,equilibrium,0.031156860148683484,0.058179222067128666,0.03487197434746573
multi_well,3,observation_interval,4,4,50000,32,0.02,0.18,4,equilibrium,0.0708280542496265,0.11169226123857184,0.05236492140289145
multi_well,3,observation_interval,4,8,50000,32,0.02,0.18,4,equilibrium,0.10830310726115794,0.23622275504544699,0.07226968107934569
multi_well,3,observation_interval,4,16,50000,32,0.02,0.18,4,equilibrium,0.13952997431246716,0.4202934735200741,0.10219179429201532
ornstein_uhlenbeck,4,observation_interval,4,2,50000,32,0.02,0.18,4,equilibrium,0.02666721278196761,0.06236323020426909,0.029431039299130334
ornstein_uhlenbeck,4,observation_interval,4,4,50000,32,0.02,0.18,4,equilibrium,0.03797668121686254,0.07571148418080736,0.029831435672128807
ornstein_uhlenbeck,4,observation_interval,4,8,50000,32,0.02,0.18,4,equilibrium,0.03933745178696018,0.059269436177095014,0.028519798040655447
ornstein_uhlenbeck,4,observation_interval,4,16,50000,32,0.02,0.18,4,equilibrium,0.035004111844351364,0.024106282008789573,0.025509961021403914
double_well,4,observation_interval,4,2,50000,32,0.02,0.18,4,equilibrium,0.01657964070060757,0.033564837881141174,0.023573920441764144
double_well,4,observation_interval,4,4,50000,32,0.02,0.18,4,equilibrium,0.03028158859824563,0.027047804671924414,0.02686577032832156
double_well,4,observation_interval,4,8,50000,32,0.02,0.18,4,equilibrium,0.03804626536194894,0.02243371427414459,0.02831880437336633
double_well,4,observation_interval,4,16,50000,32,0.02,0.18,4,equilibrium,0.04549225639587083,0.020042779756010307,0.02968758371518828
multi_well,4,observation_interval,4,2,50000,32,0.02,0.18,4,equilibrium,0.03217628070777348,0.06511641736088031,0.03762593100281165
multi_well,4,observation_interval,4,4,50000,32,0.02,0.18,4,equilibrium,0.07405729439454459,0.1638110458184272,0.05839982382625364
multi_well,4,observation_interval,4,8,50000,32,0.02,0.18,4,equilibrium,0.1011130365970784,0.3111423575431141,0.07644812247786549
multi_well,4,observation_interval,4,16,50000,32,0.02,0.18,4,equilibrium,0.13238007096928464,0.45472244315256083,0.10201323367194313
ornstein_uhlenbeck,5,observation_interval,4,2,50000,32,0.02,0.18,4,equilibrium,0.02185030560476451,0.0393892493216203,0.026076665332128924
ornstein_uhlenbeck,5,observation_interval,4,4,50000,32,0.02,0.18,4,equilibrium,0.03508641081453491,0.07022324402995239,0.02945037503947716
ornstein_uhlenbeck,5,observation_interval,4,8,50000,32,0.02,0.18,4,equilibrium,0.03889597166813492,0.05813939736279003,0.02924156914294475
ornstein_uhlenbeck,5,observation_interval,4,16,50000,32,0.02,0.18,4,equilibrium,0.03707165107116012,0.040192834014450646,0.026917885421762554
double_well,5,observation_interval,4,2,50000,32,0.02,0.18,4,equilibrium,0.01379022845109459,0.036536036777197634,0.02338122541509345
double_well,5,observation_interval,4,4,50000,32,0.02,0.18,4,equilibrium,0.02287292904707073,0.029640020864064087,0.025561000626216027
double_well,5,observation_interval,4,8,50000,32,0.02,0.18,4,equilibrium,0.03235509620183429,0.023609021100974223,0.026288682376192845
double_well,5,observation_interval,4,16,50000,32,0.02,0.18,4,equilibrium,0.04338047441988254,0.02799636023037709,0.030019463451821063
multi_well,5,observation_interval,4,2,50000,32,0.02,0.18,4,equilibrium,0.036443840516634685,0.07400727440905924,0.03816046140419486
multi_well,5,observation_interval,4,4,50000,32,0.02,0.18,4,equilibrium,0.07441646919646608,0.1330889599229627,0.054494063539933135
multi_well,5,observation_interval,4,8,50000,32,0.02,0.18,4,equilibrium,0.09028800192874631,0.17372492553287242,0.05998221865245465
multi_well,5,observation_interval,4,16,50000,32,0.02,0.18,4,equilibrium,0.10602986187133111,0.20034884822596652,0.07042379223614538
ornstein_uhlenbeck,6,observation_interval,4,2,50000,32,0.02,0.18,4,equilibrium,0.0212429890109982,0.049040338875390166,0.025656268160513345
ornstein_uhlenbeck,6,observation_interval,4,4,50000,32,0.02,0.18,4,equilibrium,0.03797349998357524,0.07512738542956121,0.03104859693666004
ornstein_uhlenbeck,6,observation_interval,4,8,50000,32,0.02,0.18,4,equilibrium,0.03986918671094235,0.07562634527961418,0.029517893297001732
ornstein_uhlenbeck,6,observation_interval,4,16,50000,32,0.02,0.18,4,equilibrium,0.0406939269691442,0.047617580927441075,0.02801357627162608
double_well,6,observation_interval,4,2,50000,32,0.02,0.18,4,equilibrium,0.018451199611106864,0.03663594724101049,0.024373672810789122
double_well,6,observation_interval,4,4,50000,32,0.02,0.18,4,equilibrium,0.03068657944425015,0.03212689156841658,0.02820054149452544
double_well,6,observation_interval,4,8,50000,32,0.02,0.18,4,equilibrium,0.036013526549746336,0.027294562844782516,0.026786544902565892
double_well,6,observation_interval,4,16,50000,32,0.02,0.18,4,equilibrium,0.044562877246532816,0.02175219741619113,0.030090827492686403
multi_well,6,observation_interval,4,2,50000,32,0.02,0.18,4,equilibrium,0.038715463332669384,0.07085984498115894,0.04036867064374089
multi_well,6,observation_interval,4,4,50000,32,0.02,0.18,4,equilibrium,0.09131919748832834,0.1784236270666742,0.07130762821507304
multi_well,6,observation_interval,4,8,50000,32,0.02,0.18,4,equilibrium,0.13469057999723638,0.32282780023791685,0.10120513384418384
multi_well,6,observation_interval,4,16,50000,32,0.02,0.18,4,equilibrium,0.16848634361288833,0.47270038881147874,0.1280337614616345
ornstein_uhlenbeck,7,observation_interval,4,2,50000,32,0.02,0.18,4,equilibrium,0.023264541992507458,0.05757029213105219,0.027083147290904736
ornstein_uhlenbeck,7,observation_interval,4,4,50000,32,0.02,0.18,4,equilibrium,0.03635424308478892,0.07449817822555976,0.030055698078179486
ornstein_uhlenbeck,7,observation_interval,4,8,50000,32,0.02,0.18,4,equilibrium,0.0421925125795696,0.07100307242892168,0.029435257602701517
ornstein_uhlenbeck,7,observation_interval,4,16,50000,32,0.02,0.18,4,equilibrium,0.037830044537210075,0.04777580958078849,0.02640074580660682
double_well,7,observation_interval,4,2,50000,32,0.02,0.18,4,equilibrium,0.014977820968707855,0.0451294341987174,0.023978049946287397
double_well,7,observation_interval,4,4,50000,32,0.02,0.18,4,equilibrium,0.025336958640157,0.026577496391198024,0.02699556227239418
double_well,7,observation_interval,4,8,50000,32,0.02,0.18,4,equilibrium,0.030641317284947234,0.01953663288149876,0.025383980613137295
double_well,7,observation_interval,4,16,50000,32,0.02,0.18,4,equilibrium,0.04058608722356967,0.02014816685148251,0.028935504586174086
multi_well,7,observation_interval,4,2,50000,32,0.02,0.18,4,equilibrium,0.03862265583824209,0.07165553614175818,0.040436300437076904
multi_well,7,observation_interval,4,4,50000,32,0.02,0.18,4,equilibrium,0.07656525080238721,0.1116658631490633,0.05443669391852644
multi_well,7,observation_interval,4,8,50000,32,0.02,0.18,4,equilibrium,0.09425188095901779,0.14411345595970354,0.058393550858963285
multi_well,7,observation_interval,4,16,50000,32,0.02,0.18,4,equilibrium,0.10049262951643388,0.13970781362456755,0.0633997262203824
ornstein_uhlenbeck,8,observation_interval,4,2,50000,32,0.02,0.18,4,equilibrium,0.02274744361914472,0.05570781788497542,0.027117841871135105
ornstein_uhlenbeck,8,observation_interval,4,4,50000,32,0.02,0.18,4,equilibrium,0.03834727074999962,0.08608182536568293,0.03179818125482805
ornstein_uhlenbeck,8,observation_interval,4,8,50000,32,0.02,0.18,4,equilibrium,0.04149914553604174,0.07674709674298097,0.030668475174021128
ornstein_uhlenbeck,8,observation_interval,4,16,50000,32,0.02,0.18,4,equilibrium,0.036068940616252314,0.03228931602603721,0.025741773070023795
double_well,8,observation_interval,4,2,50000,32,0.02,0.18,4,equilibrium,0.015223135785093588,0.023166049279024603,0.022262214464097086
double_well,8,observation_interval,4,4,50000,32,0.02,0.18,4,equilibrium,0.024163653414580745,0.030995725081558678,0.026406456532531857
double_well,8,observation_interval,4,8,50000,32,0.02,0.18,4,equilibrium,0.03485682599027151,0.029136327540714213,0.027970491314190833
double_well,8,observation_interval,4,16,50000,32,0.02,0.18,4,equilibrium,0.05238046231766616,0.02722230377446605,0.032820841536072544
multi_well,8,observation_interval,4,2,50000,32,0.02,0.18,4,equilibrium,0.03155251802690803,0.07033542934164438,0.03573890342639782
multi_well,8,observation_interval,4,4,50000,32,0.02,0.18,4,equilibrium,0.06905942360358502,0.12706948669750473,0.052753538221198805
multi_well,8,observation_interval,4,8,50000,32,0.02,0.18,4,equilibrium,0.09796473268199404,0.16099600999291455,0.061795808336289906
multi_well,8,observation_interval,4,16,50000,32,0.02,0.18,4,equilibrium,0.12796817585205306,0.2978820247229025,0.08467206004806332
ornstein_uhlenbeck,9,observation_interval,4,2,50000,32,0.02,0.18,4,equilibrium,0.02317757307541745,0.04980884144883713,0.026324027879508757
ornstein_uhlenbeck,9,observation_interval,4,4,50000,32,0.02,0.18,4,equilibrium,0.03872460669291357,0.08311416661791127,0.030774993390950137
ornstein_uhlenbeck,9,observation_interval,4,8,50000,32,0.02,0.18,4,equilibrium,0.04452036336862886,0.1028287981890543,0.03243447788051858
ornstein_uhlenbeck,9,observation_interval,4,16,50000,32,0.02,0.18,4,equilibrium,0.04108521406770625,0.05344234317220006,0.029268201563125682
double_well,9,observation_interval,4,2,50000,32,0.02,0.18,4,equilibrium,0.014465075813646804,0.037114603337026486,0.024179336220313208
double_well,9,observation_interval,4,4,50000,32,0.02,0.18,4,equilibrium,0.024406366448879245,0.02739876175593592,0.02568243334828015
double_well,9,observation_interval,4,8,50000,32,0.02,0.18,4,equilibrium,0.03653725569298524,0.020956229800059928,0.026414386554363508
double_well,9,observation_interval,4,16,50000,32,0.02,0.18,4,equilibrium,0.041853512952926455,0.019305936334179638,0.02990591125978281
multi_well,9,observation_interval,4,2,50000,32,0.02,0.18,4,equilibrium,0.03619812862491465,0.07485529318906708,0.036573639925860754
multi_well,9,observation_interval,4,4,50000,32,0.02,0.18,4,equilibrium,0.07025970260988848,0.11514750917463329,0.04931988343484119
multi_well,9,observation_interval,4,8,50000,32,0.02,0.18,4,equilibrium,0.07918403991879784,0.10036974181917269,0.052317054130047384
multi_well,9,observation_interval,4,16,50000,32,0.02,0.18,4,equilibrium,0.08723262933014322,0.10545786391965539,0.06616136989492508
ornstein_uhlenbeck,0,initial_distribution,non_equilibrium,2,100000,32,0.02,0.18,1,non_equilibrium,0.024641384101106355,0.05363482379892448,0.025043359249664224
ornstein_uhlenbeck,0,initial_distribution,non_equilibrium,4,100000,32,0.02,0.18,1,non_equilibrium,0.04779342578176431,0.1147267744070738,0.040475514658772554
ornstein_uhlenbeck,0,initial_distribution,non_equilibrium,8,100000,32,0.02,0.18,1,non_equilibrium,0.06006759249241651,0.18023100484490956,0.05012392091767942
ornstein_uhlenbeck,0,initial_distribution,non_equilibrium,16,100000,32,0.02,0.18,1,non_equilibrium,0.059843568107381145,0.18798780632527576,0.049175180646769706
double_well,0,initial_distribution,non_equilibrium,2,100000,32,0.02,0.18,1,non_equilibrium,0.02150844886281203,0.05055674787543141,0.03202710923937904
double_well,0,initial_distribution,non_equilibrium,4,100000,32,0.02,0.18,1,non_equilibrium,0.04716751165321434,0.07978976099826346,0.04158549867109301
double_well,0,initial_distribution,non_equilibrium,8,100000,32,0.02,0.18,1,non_equilibrium,0.06523506409640177,0.07878970950515779,0.04343821598550043
double_well,0,initial_distribution,non_equilibrium,16,100000,32,0.02,0.18,1,non_equilibrium,0.06272642576452186,0.05567497389798476,0.04042047392764982
multi_well,0,initial_distribution,non_equilibrium,2,100000,32,0.02,0.18,1,non_equilibrium,0.026576690217127025,0.06416653481788603,0.035871642193141935
multi_well,0,initial_distribution,non_equilibrium,4,100000,32,0.02,0.18,1,non_equilibrium,0.06978083542853886,0.14311062977139544,0.06568924143872906
multi_well,0,initial_distribution,non_equilibrium,8,100000,32,0.02,0.18,1,non_equilibrium,0.12403410068376897,0.20932964661417763,0.08762477419043477
multi_well,0,initial_distribution,non_equilibrium,16,100000,32,0.02,0.18,1,non_equilibrium,0.15686745938010094,0.31280525693387407,0.09966899546556883
ornstein_uhlenbeck,1,initial_distribution,non_equilibrium,2,100000,32,0.02,0.18,1,non_equilibrium,0.021698909250400304,0.04667749253058451,0.02321334490389288
ornstein_uhlenbeck,1,initial_distribution,non_equilibrium,4,100000,32,0.02,0.18,1,non_equilibrium,0.04550175960326587,0.11005163003294238,0.039140252686418645
ornstein_uhlenbeck,1,initial_distribution,non_equilibrium,8,100000,32,0.02,0.18,1,non_equilibrium,0.058167200642546296,0.15711490837988262,0.04694771015537916
ornstein_uhlenbeck,1,initial_distribution,non_equilibrium,16,100000,32,0.02,0.18,1,non_equilibrium,0.05597858367685957,0.1452236353025942,0.042645192722245304
double_well,1,initial_distribution,non_equilibrium,2,100000,32,0.02,0.18,1,non_equilibrium,0.022268122751284418,0.052210904398055535,0.029664516344928817
double_well,1,initial_distribution,non_equilibrium,4,100000,32,0.02,0.18,1,non_equilibrium,0.04805976043928735,0.08537826938968157,0.04109012162351453
double_well,1,initial_distribution,non_equilibrium,8,100000,32,0.02,0.18,1,non_equilibrium,0.06273414009999008,0.08045093743330667,0.0424052147729391
double_well,1,initial_distribution,non_equilibrium,16,100000,32,0.02,0.18,1,non_equilibrium,0.05596493455462202,0.05298364384841839,0.03838414272867413
multi_well,1,initial_distribution,non_equilibrium,2,100000,32,0.02,0.18,1,non_equilibrium,0.020255677060591573,0.059144268933137845,0.04203991923091567
multi_well,1,initial_distribution,non_equilibrium,4,100000,32,0.02,0.18,1,non_equilibrium,0.05792412530640939,0.13596789265146014,0.08305672680884768
multi_well,1,initial_distribution,non_equilibrium,8,100000,32,0.02,0.18,1,non_equilibrium,0.11568775592729466,0.23034369790551312,0.11349213366186849
multi_well,1,initial_distribution,non_equilibrium,16,100000,32,0.02,0.18,1,non_equilibrium,0.17109229139202722,0.35212095936032894,0.12070719502295936
ornstein_uhlenbeck,2,initial_distribution,non_equilibrium,2,100000,32,0.02,0.18,1,non_equilibrium,0.023712158270879483,0.05120728152451037,0.02407140598366393
ornstein_uhlenbeck,2,initial_distribution,non_equilibrium,4,100000,32,0.02,0.18,1,non_equilibrium,0.047845021080329564,0.11308201976504628,0.04007155588807881
ornstein_uhlenbeck,2,initial_distribution,non_equilibrium,8,100000,32,0.02,0.18,1,non_equilibrium,0.055400591122805806,0.15455523202749383,0.045298903502883375
ornstein_uhlenbeck,2,initial_distribution,non_equilibrium,16,100000,32,0.02,0.18,1,non_equilibrium,0.056940421270137945,0.15865554923352887,0.042932398168465176
double_well,2,initial_distribution,non_equilibrium,2,100000,32,0.02,0.18,1,non_equilibrium,0.022705326381809034,0.05726156869681198,0.02977771016538975
double_well,2,initial_distribution,non_equilibrium,4,100000,32,0.02,0.18,1,non_equilibrium,0.05065804058269133,0.09543194451586656,0.0439547605824065
double_well,2,initial_distribution,non_equilibrium,8,100000,32,0.02,0.18,1,non_equilibrium,0.06668364699508138,0.09516594317582491,0.046340069710737085
double_well,2,initial_distribution,non_equilibrium,16,100000,32,0.02,0.18,1,non_equilibrium,0.060598138260187465,0.08837893091808702,0.04207879915860415
multi_well,2,initial_distribution,non_equilibrium,2,100000,32,0.02,0.18,1,non_equilibrium,0.023204791505604908,0.07129868825102748,0.03850964764613065
multi_well,2,initial_distribution,non_equilibrium,4,100000,32,0.02,0.18,1,non_equilibrium,0.0648096986570883,0.14474907812716953,0.07376348012003017
multi_well,2,initial_distribution,non_equilibrium,8,100000,32,0.02,0.18,1,non_equilibrium,0.11847691908918755,0.21914219955340863,0.09735707388956523
multi_well,2,initial_distribution,non_equilibrium,16,100000,32,0.02,0.18,1,non_equilibrium,0.16659839233075216,0.2973676331685274,0.10985958075719052
ornstein_uhlenbeck,3,initial_distribution,non_equilibrium,2,100000,32,0.02,0.18,1,non_equilibrium,0.022009862907782056,0.045581925016169866,0.023468163601451146
ornstein_uhlenbeck,3,initial_distribution,non_equilibrium,4,100000,32,0.02,0.18,1,non_equilibrium,0.04697276745139056,0.10710351615950275,0.03992680857562766
ornstein_uhlenbeck,3,initial_distribution,non_equilibrium,8,100000,32,0.02,0.18,1,non_equilibrium,0.05549807507704062,0.14939049895805478,0.04554921250016277
ornstein_uhlenbeck,3,initial_distribution,non_equilibrium,16,100000,32,0.02,0.18,1,non_equilibrium,0.055470984326948566,0.15995105781785993,0.04350552884878825
double_well,3,initial_distribution,non_equilibrium,2,100000,32,0.02,0.18,1,non_equilibrium,0.02200988903705038,0.054835656465892835,0.029766686109879575
double_well,3,initial_distribution,non_equilibrium,4,100000,32,0.02,0.18,1,non_equilibrium,0.04856185283227195,0.08724534768844827,0.04358992965687657
double_well,3,initial_distribution,non_equilibrium,8,100000,32,0.02,0.18,1,non_equilibrium,0.06433541086707359,0.08864394143273024,0.04406556460285427
double_well,3,initial_distribution,non_equilibrium,16,100000,32,0.02,0.18,1,non_equilibrium,0.06124063898518181,0.06315579960318732,0.041149162856787894
multi_well,3,initial_distribution,non_equilibrium,2,100000,32,0.02,0.18,1,non_equilibrium,0.022126936268447348,0.06222199480648183,0.034768791055873806
multi_well,3,initial_distribution,non_equilibrium,4,100000,32,0.02,0.18,1,non_equilibrium,0.06085502410884676,0.13331082167992125,0.06351366201555231
multi_well,3,initial_distribution,non_equilibrium,8,100000,32,0.02,0.18,1,non_equilibrium,0.11183312178484717,0.20835430822521,0.08478632491164638
multi_well,3,initial_distribution,non_equilibrium,16,100000,32,0.02,0.18,1,non_equilibrium,0.15540761029475356,0.2445020104597675,0.09804796855552769
ornstein_uhlenbeck,4,initial_distribution,non_equilibrium,2,100000,32,0.02,0.18,1,non_equilibrium,0.026281761905742936,0.05669890655484211,0.026267588156377145
ornstein_uhlenbeck,4,initial_distribution,non_equilibrium,4,100000,32,0.02,0.18,1,non_equilibrium,0.048332906055526564,0.11760985959753201,0.04007811560153737
ornstein_uhlenbeck,4,initial_distribution,non_equilibrium,8,100000,32,0.02,0.18,1,non_equilibrium,0.06031428076786072,0.1591856182384383,0.0469784440167777
ornstein_uhlenbeck,4,initial_distribution,non_equilibrium,16,100000,32,0.02,0.18,1,non_equilibrium,0.059543218610551826,0.1698110017087482,0.04524189917284206
double_well,4,initial_distribution,non_equilibrium,2,100000,32,0.02,0.18,1,non_equilibrium,0.022886176695632768,0.052801056551408876,0.031081009160708734
double_well,4,initial_distribution,non_equilibrium,4,100000,32,0.02,0.18,1,non_equilibrium,0.05275564588236743,0.08999092662804259,0.04625546605516919
double_well,4,initial_distribution,non_equilibrium,8,100000,32,0.02,0.18,1,non_equilibrium,0.0703521848173751,0.09057722048814648,0.04706833316264248
double_well,4,initial_distribution,non_equilibrium,16,100000,32,0.02,0.18,1,non_equilibrium,0.0694042047051189,0.06431230073673216,0.04452151861493353
multi_well,4,initial_distribution,non_equilibrium,2,100000,32,0.02,0.18,1,non_equilibrium,0.016663776836173788,0.057022054180816406,0.03977500380144111
multi_well,4,initial_distribution,non_equilibrium,4,100000,32,0.02,0.18,1,non_equilibrium,0.04973489169538621,0.1362221806092585,0.07754078633862217
multi_well,4,initial_distribution,non_equilibrium,8,100000,32,0.02,0.18,1,non_equilibrium,0.09970972524053044,0.21247987611128766,0.11217956259955668
multi_well,4,initial_distribution,non_equilibrium,16,100000,32,0.02,0.18,1,non_equilibrium,0.15204023376006917,0.2575165277445298,0.11866541718771656
ornstein_uhlenbeck,5,initial_distribution,non_equilibrium,2,100000,32,0.02,0.18,1,non_equilibrium,0.02395304459786253,0.05241904057677915,0.025271378486518337
ornstein_uhlenbeck,5,initial_distribution,non_equilibrium,4,100000,32,0.02,0.18,1,non_equilibrium,0.04563504631317165,0.10635961166826813,0.03922731792929916
ornstein_uhlenbeck,5,initial_distribution,non_equilibrium,8,100000,32,0.02,0.18,1,non_equilibrium,0.055975459548946734,0.14400977312950108,0.04506069807387854
ornstein_uhlenbeck,5,initial_distribution,non_equilibrium,16,100000,32,0.02,0.18,1,non_equilibrium,0.05435786461531741,0.15146839110498103,0.04130230939109392
double_well,5,initial_distribution,non_equilibrium,2,100000,32,0.02,0.18,1,non_equilibrium,0.022974994016153355,0.05575153715445169,0.030359809039989423
double_well,5,initial_distribution,non_equilibrium,4,100000,32,0.02,0.18,1,non_equilibrium,0.05288912965674159,0.0889270083977563,0.045490109921571084
double_well,5,initial_distribution,non_equilibrium,8,100000,32,0.02,0.18,1,non_equilibrium,0.06999974042084364,0.07958855187014785,0.04583672210255639
double_well,5,initial_distribution,non_equilibrium,16,100000,32,0.02,0.18,1,non_equilibrium,0.06546171609424817,0.04694233124470226,0.04116837833388832
multi_well,5,initial_distribution,non_equilibrium,2,100000,32,0.02,0.18,1,non_equilibrium,0.021814307019119267,0.06293524071311152,0.04116151297123485
multi_well,5,initial_distribution,non_equilibrium,4,100000,32,0.02,0.18,1,non_equilibrium,0.06384713703771212,0.15222197955007144,0.08231278933596281
multi_well,5,initial_distribution,non_equilibrium,8,100000,32,0.02,0.18,1,non_equilibrium,0.1265014044877965,0.21503671084844111,0.10957853466102437
multi_well,5,initial_distribution,non_equilibrium,16,100000,32,0.02,0.18,1,non_equilibrium,0.194994585840019,0.2945402993176226,0.12643709135775966
ornstein_uhlenbeck,6,initial_distribution,non_equilibrium,2,100000,32,0.02,0.18,1,non_equilibrium,0.025628958887451748,0.057877113871480645,0.026815694906331906
ornstein_uhlenbeck,6,initial_distribution,non_equilibrium,4,100000,32,0.02,0.18,1,non_equilibrium,0.04671118392067577,0.11358561237365827,0.039951992219008
ornstein_uhlenbeck,6,initial_distribution,non_equilibrium,8,100000,32,0.02,0.18,1,non_equilibrium,0.056680269970035696,0.15087967058663743,0.046391848359496966
ornstein_uhlenbeck,6,initial_distribution,non_equilibrium,16,100000,32,0.02,0.18,1,non_equilibrium,0.05864024280192481,0.1492783425747119,0.043565380331154493
double_well,6,initial_distribution,non_equilibrium,2,100000,32,0.02,0.18,1,non_equilibrium,0.021830335342169646,0.04734267762355193,0.027626049376745652
double_well,6,initial_distribution,non_equilibrium,4,100000,32,0.02,0.18,1,non_equilibrium,0.04738467654096806,0.08476136873352746,0.04058152780643752
double_well,6,initial_distribution,non_equilibrium,8,100000,32,0.02,0.18,1,non_equilibrium,0.0609136605361551,0.0833140877347675,0.041552827125327485
double_well,6,initial_distribution,non_equilibrium,16,100000,32,0.02,0.18,1,non_equilibrium,0.06079815344871013,0.05179595823273908,0.03882186412061229
multi_well,6,initial_distribution,non_equilibrium,2,100000,32,0.02,0.18,1,non_equilibrium,0.030785924660415492,0.06465524223312735,0.04069750765924655
multi_well,6,initial_distribution,non_equilibrium,4,100000,32,0.02,0.18,1,non_equilibrium,0.07909081120189705,0.1371910653402756,0.07283597287049451
multi_well,6,initial_distribution,non_equilibrium,8,100000,32,0.02,0.18,1,non_equilibrium,0.13535299879523793,0.23012296302045288,0.09538139258966784
multi_well,6,initial_distribution,non_equilibrium,16,100000,32,0.02,0.18,1,non_equilibrium,0.17022671950770016,0.3216473675449054,0.10660477703614701
ornstein_uhlenbeck,7,initial_distribution,non_equilibrium,2,100000,32,0.02,0.18,1,non_equilibrium,0.025661087250353345,0.05249392069981473,0.02612144670167928
ornstein_uhlenbeck,7,initial_distribution,non_equilibrium,4,100000,32,0.02,0.18,1,non_equilibrium,0.05076499644860015,0.10927807901053443,0.040739000902493265
ornstein_uhlenbeck,7,initial_distribution,non_equilibrium,8,100000,32,0.02,0.18,1,non_equilibrium,0.059723112924428216,0.14870749939372802,0.046031222094763166
ornstein_uhlenbeck,7,initial_distribution,non_equilibrium,16,100000,32,0.02,0.18,1,non_equilibrium,0.05905401978328663,0.13535527008836146,0.04247940141127045
double_well,7,initial_distribution,non_equilibrium,2,100000,32,0.02,0.18,1,non_equilibrium,0.023878527097523645,0.051916859833277096,0.029290780658378937
double_well,7,initial_distribution,non_equilibrium,4,100000,32,0.02,0.18,1,non_equilibrium,0.05355648340058099,0.09295485364014994,0.04418266484432081
double_well,7,initial_distribution,non_equilibrium,8,100000,32,0.02,0.18,1,non_equilibrium,0.06954163989433595,0.0937811490675404,0.04636987229691684
double_well,7,initial_distribution,non_equilibrium,16,100000,32,0.02,0.18,1,non_equilibrium,0.06506765035790883,0.0790661719185819,0.04267941284169229
multi_well,7,initial_distribution,non_equilibrium,2,100000,32,0.02,0.18,1,non_equilibrium,0.02476810863120786,0.058474401376616636,0.036022726264625174
multi_well,7,initial_distribution,non_equilibrium,4,100000,32,0.02,0.18,1,non_equilibrium,0.07581873784102962,0.1461165819625161,0.075275894050994
multi_well,7,initial_distribution,non_equilibrium,8,100000,32,0.02,0.18,1,non_equilibrium,0.15087252531900538,0.24485332498100965,0.11399727226029002
multi_well,7,initial_distribution,non_equilibrium,16,100000,32,0.02,0.18,1,non_equilibrium,0.21280871467286652,0.3612557527579308,0.13801551118321834
ornstein_uhlenbeck,8,initial_distribution,non_equilibrium,2,100000,32,0.02,0.18,1,non_equilibrium,0.022880276264383596,0.05443079441290788,0.024864784900838197
ornstein_uhlenbeck,8,initial_distribution,non_equilibrium,4,100000,32,0.02,0.18,1,non_equilibrium,0.04547638603087011,0.11642704040552876,0.03912797021164857
ornstein_uhlenbeck,8,initial_distribution,non_equilibrium,8,100000,32,0.02,0.18,1,non_equilibrium,0.05882609209791628,0.15842981872020767,0.048463767497469515
ornstein_uhlenbeck,8,initial_distribution,non_equilibrium,16,100000,32,0.02,0.18,1,non_equilibrium,0.06265319613038384,0.17484962233352663,0.0496070354320661
double_well,8,initial_distribution,non_equilibrium,2,100000,32,0.02,0.18,1,non_equilibrium,0.020979086321076368,0.046570419048529654,0.027257003764415352
double_well,8,initial_distribution,non_equilibrium,4,100000,32,0.02,0.18,1,non_equilibrium,0.048662004014154894,0.07752874064444065,0.04188920522081876
double_well,8,initial_distribution,non_equilibrium,8,100000,32,0.02,0.18,1,non_equilibrium,0.06532317151181057,0.08553541810425982,0.04456527239538434
double_well,8,initial_distribution,non_equilibrium,16,100000,32,0.02,0.18,1,non_equilibrium,0.056310413904454,0.0642872719420031,0.040220521909493254
multi_well,8,initial_distribution,non_equilibrium,2,100000,32,0.02,0.18,1,non_equilibrium,0.021236336205632145,0.06033634011632227,0.0393959155701944
multi_well,8,initial_distribution,non_equilibrium,4,100000,32,0.02,0.18,1,non_equilibrium,0.06218695123322274,0.14168174091420516,0.07473745995343338
multi_well,8,initial_distribution,non_equilibrium,8,100000,32,0.02,0.18,1,non_equilibrium,0.12501345233572475,0.22757287298498752,0.10469046696354467
multi_well,8,initial_distribution,non_equilibrium,16,100000,32,0.02,0.18,1,non_equilibrium,0.1933226421578031,0.2876711729702943,0.12566366415066813
ornstein_uhlenbeck,9,initial_distribution,non_equilibrium,2,100000,32,0.02,0.18,1,non_equilibrium,0.024672534273660215,0.05491881415354993,0.024549997094392397
ornstein_uhlenbeck,9,initial_distribution,non_equilibrium,4,100000,32,0.02,0.18,1,non_equilibrium,0.048364951242722096,0.1202911369692371,0.04113084438621925
ornstein_uhlenbeck,9,initial_distribution,non_equilibrium,8,100000,32,0.02,0.18,1,non_equilibrium,0.057901644372807745,0.17806856633325296,0.049312401155885824
ornstein_uhlenbeck,9,initial_distribution,non_equilibrium,16,100000,32,0.02,0.18,1,non_equilibrium,0.05922572436330315,0.17559206030023536,0.04589054634803274
double_well,9,initial_distribution,non_equilibrium,2,100000,32,0.02,0.18,1,non_equilibrium,0.022282534861169656,0.0479137786435615,0.030478767653625453
double_well,9,initial_distribution,non_equilibrium,4,100000,32,0.02,0.18,1,non_equilibrium,0.05108461799474874,0.0858999168902917,0.04429339686131335
double_well,9,initial_distribution,non_equilibrium,8,100000,32,0.02,0.18,1,non_equilibrium,0.06487323823057586,0.09144763549827661,0.04359719136899469
double_well,9,initial_distribution,non_equilibrium,16,100000,32,0.02,0.18,1,non_equilibrium,0.05936977875539629,0.06822114917596381,0.03868431265363747
multi_well,9,initial_distribution,non_equilibrium,2,100000,32,0.02,0.18,1,non_equilibrium,0.020876085051485305,0.05919225333851186,0.039509407456769535
multi_well,9,initial_distribution,non_equilibrium,4,100000,32,0.02,0.18,1,non_equilibrium,0.05998995940953651,0.14915942717761976,0.07417661885654644
multi_well,9,initial_distribution,non_equilibrium,8,100000,32,0.02,0.18,1,non_equilibrium,0.11388154734851454,0.2211976751526799,0.09960802368170918
multi_well,9,initial_distribution,non_equilibrium,16,100000,32,0.02,0.18,1,non_equilibrium,0.15956067175496286,0.22361531349114955,0.10463700742380404
