states,replicate,chain,lag,direct_singular_values,mae,max_error,one_step_power_prediction
8,0,reversible,2,"[0.54834826791662, 0.5425936888688261, 0.4991037185424426, 0.4503167353157259, 0.42518292132095714, 0.3951418703884397, 0.35909563892167967]",1.2688263138573217e-16,1.6653345369377348e-16,"[0.5483482679166198, 0.542593688868826, 0.4991037185424425, 0.4503167353157261, 0.425182921320957, 0.39514187038843956, 0.3590956389216798]"
8,0,reversible,4,"[0.3006858229271572, 0.2944079112002803, 0.2491045218628939, 0.2027851621054136, 0.18078051658302324, 0.15613709773407444, 0.12894967789256934]",1.0705722023171153e-16,2.498001805406602e-16,"[0.30068582292715706, 0.2944079112002803, 0.24910452186289364, 0.20278516210541367, 0.18078051658302308, 0.15613709773407436, 0.12894967789256942]"
8,0,reversible,8,"[0.09041196410938175, 0.08667601817731214, 0.062053062812541006, 0.04112182197011887, 0.03268159517602476, 0.024378793288819922, 0.016628019428597405]",5.798932762551041e-17,1.457167719820518e-16,"[0.09041196410938165, 0.08667601817731213, 0.06205306281254086, 0.041121821970118905, 0.03268159517602468, 0.024378793288819887, 0.01662801942859741]"
8,0,reversible,16,"[0.008174323254116128, 0.007512732127073762, 0.003850582604417173, 0.0016910042421421556, 0.001068086663249572, 0.0005943255622190112, 0.00027649103011783717]",1.429598007434458e-17,3.165870343657673e-17,"[0.008174323254116118, 0.007512732127073744, 0.0038505826044171413, 0.0016910042421421538, 0.0010680866632495599, 0.0005943255622190096, 0.0002764910301178129]"
8,0,metastable_reversible,2,"[0.9890420834240536, 0.36917167474883783, 0.262929519988166, 0.19408374301260303, 0.10882142527580038, 0.07476446532442094, 0.01781088208728142]",8.624053851998984e-17,2.220446049250313e-16,"[0.9890420834240534, 0.36917167474883766, 0.2629295199881661, 0.19408374301260298, 0.10882142527580035, 0.07476446532442092, 0.01781088208728141]"
8,0,metastable_reversible,4,"[0.9782042427837928, 0.13628772543686166, 0.06913193248120734, 0.03766849930178214, 0.011842102599056591, 0.005589725275246549, 0.0003172275207270826]",1.115256820425982e-16,5.551115123125783e-16,"[0.9782042427837923, 0.1362877254368616, 0.06913193248120743, 0.037668499301782114, 0.0118421025990566, 0.005589725275246539, 0.0003172275207270418]"
8,0,metastable_reversible,8,"[0.9568835406002132, 0.01857434410475344, 0.004779224088586249, 0.0014189158396483528, 0.00014023539396657334, 3.124502865277753e-05, 1.0063329992570654e-07]",1.3654929090785202e-16,7.771561172376096e-16,"[0.9568835406002124, 0.018574344104753372, 0.004779224088586223, 0.0014189158396483597, 0.00014023539396658307, 3.124502865273e-05, 1.0063329990662574e-07]"
8,0,metastable_reversible,16,"[0.9156261102715999, 0.0003450062589217829, 2.284098288886608e-05, 2.0133221599628277e-06, 1.9665965716136235e-08, 9.762517764943148e-10, 1.0152491644869824e-14]",2.465599526190814e-16,1.5543122344752192e-15,"[0.9156261102715983, 0.0003450062589217863, 2.2840982888922817e-05, 2.0133221600050095e-06, 1.966596572096276e-08, 9.762518155099187e-10, 1.0127061050096879e-14]"
8,0,directed_cycle_normal,2,"[0.81611222920257, 0.8161122292025699, 0.5266000000000002, 0.5266000000000001, 0.49000000000000005, 0.4554877707974305, 0.4554877707974304]",2.7755575615628914e-16,4.440892098500626e-16,"[0.8161122292025695, 0.8161122292025695, 0.5266, 0.5265999999999996, 0.4900000000000001, 0.4554877707974304, 0.4554877707974301]"
8,0,directed_cycle_normal,4,"[0.6660391706539875, 0.6660391706539874, 0.2773075600000001, 0.27730755999999995, 0.24009999999999992, 0.20746910934601256, 0.20746910934601237]",1.942890293094024e-16,3.885780586188048e-16,"[0.6660391706539873, 0.6660391706539873, 0.2773075599999999, 0.27730755999999956, 0.2401000000000001, 0.20746910934601248, 0.2074691093460122]"
8,0,directed_cycle_normal,8,"[0.4436081768454517, 0.4436081768454515, 0.0768994828331536, 0.07689948283315357, 0.057648010000000034, 0.04304343133282775, 0.04304343133282772]",1.5463820700136108e-16,3.885780586188048e-16,"[0.4436081768454513, 0.4436081768454513, 0.07689948283315355, 0.07689948283315337, 0.05764801000000004, 0.04304343133282768, 0.04304343133282757]"
8,0,directed_cycle_normal,16,"[0.19678821456414547, 0.19678821456414544, 0.005913530460006532, 0.005913530460006505, 0.0033232930569600952, 0.0018527369809038495, 0.0018527369809038209]",1.0368070489454239e-16,3.0531133177191805e-16,"[0.19678821456414516, 0.19678821456414516, 0.005913530460006478, 0.00591353046000645, 0.003323293056960105, 0.0018527369809038519, 0.001852736980903842]"
8,0,directed_nonnormal,2,"[0.5007248335255027, 0.4928018309670503, 0.3875957753650184, 0.3645716951325708, 0.22768435617644328, 0.20619822370902932, 0.10974208569129543]",0.01884214960295874,0.059616567545153654,"[0.5603414010706563, 0.5110919523296235, 0.4085780387087911, 0.3594702573939465, 0.22321766978108915, 0.19374195715276127, 0.09876038141233026]"
8,0,directed_nonnormal,4,"[0.2388907964482666, 0.2248005818817632, 0.12981791021856, 0.12786715487612527, 0.051611475904882534, 0.040924831831666744, 0.0171405932045681]",0.02321958852453378,0.07509168930555954,"[0.31398248575382615, 0.2612149837361061, 0.16693601371512243, 0.12921886595087018, 0.049826128102499354, 0.03753594596138238, 0.009753612936708948]"
8,0,directed_nonnormal,8,"[0.05304755375557062, 0.04959059402355963, 0.01412654658613081, 0.013821876690425495, 0.0025119011188471495, 0.002337607063123341, 0.00034534824042185716]",0.011714997028802066,0.04553744760458102,"[0.09858500136015164, 0.06823326772825417, 0.027867632675095542, 0.016697515317628954, 0.002482643041686676, 0.0014089472392158182, 9.513296531913616e-05]"
8,0,directed_nonnormal,16,"[0.002630427703970055, 0.0025544876125206564, 0.00019418688379247876, 0.00018846455616137222, 5.838274414857554e-06, 5.450234454479697e-06, 1.386495746810934e-07]",0.0014095066391130587,0.007088574789211046,"[0.009719002493181101, 0.0046557788248756116, 0.0007766049509140528, 0.0002788070177824535, 6.16351647243527e-06, 1.9851323228938764e-06, 9.050281090411963e-09]"
8,1,reversible,2,"[0.5413371332619106, 0.5178491055127581, 0.4845598561300577, 0.4218925330299724, 0.41890669149225584, 0.3767489397647016, 0.35249773477944274]",1.5067312477055697e-16,4.440892098500626e-16,"[0.5413371332619101, 0.5178491055127578, 0.48455985613005764, 0.4218925330299724, 0.41890669149225573, 0.3767489397647017, 0.35249773477944274]"
8,1,reversible,4,"[0.29304589184822344, 0.2681676960803636, 0.23479825417278227, 0.17799330942644634, 0.175482816176988, 0.1419397636138268, 0.1242546530246384]",1.3481279584734043e-16,3.3306690738754696e-16,"[0.2930458918482231, 0.26816769608036334, 0.23479825417278216, 0.1779933094264464, 0.1754828161769879, 0.14193976361382685, 0.12425465302463837]"
8,1,reversible,8,"[0.08587589472912067, 0.07191391322105031, 0.055130220162586493, 0.031681618200578694, 0.030794218773406563, 0.020146896494749048, 0.015439218798273282]",7.508874474585322e-17,2.0816681711721685e-16,"[0.08587589472912047, 0.07191391322105013, 0.05513022016258641, 0.03168161820057869, 0.03079421877340653, 0.02014689649474904, 0.015439218798273273]"
8,1,reversible,16,"[0.007374669295527032, 0.005171610914764735, 0.0030393411751752637, 0.0010037249318072376, 0.0009482839098644039, 0.0004058974383701052, 0.00023836947710096862]",1.929492651962596e-17,5.2909066017292616e-17,"[0.007374669295526979, 0.0051716109147647285, 0.003039341175175249, 0.001003724931807239, 0.0009482839098644233, 0.00040589743837013116, 0.00023836947710095482]"
8,1,metastable_reversible,2,"[0.9901554795720464, 0.22307726363793232, 0.0983862783053661, 0.07677991279678005, 0.04742833680462051, 0.03207090003192111, 0.006435424348158561]",9.218816186619604e-17,3.3306690738754696e-16,"[0.9901554795720467, 0.22307726363793226, 0.09838627830536624, 0.07677991279678001, 0.04742833680462049, 0.03207090003192112, 0.006435424348158513]"
8,1,metastable_reversible,4,"[0.9804078737265498, 0.049763465552187594, 0.009679859758781008, 0.005895155009081175, 0.0022494471320525736, 0.0010285426288575387, 4.141468654081168e-05]",5.769407614103891e-17,1.1102230246251565e-16,"[0.9804078737265499, 0.04976346555218754, 0.009679859758780978, 0.005895155009081143, 0.0022494471320525186, 0.0010285426288574777, 4.1414686540871415e-05]"
8,1,metastable_reversible,8,"[0.9611995988650146, 0.002476402503763711, 9.369968494965755e-05, 3.475285258110822e-05, 5.060012399847329e-06, 1.0578999393887265e-06, 1.7151762299673349e-09]",2.3308817192401406e-17,5.197224757762936e-17,"[0.9611995988650146, 0.0024764025037637555, 9.369968494966735e-05, 3.4752852581094484e-05, 5.060012399899301e-06, 1.0578999393770514e-06, 1.715176261278636e-09]"
8,1,metastable_reversible,16,"[0.9239046688582646, 6.132569360612932e-06, 8.77963099700444e-09, 1.2077607632732799e-09, 2.5603745749236292e-11, 1.119188357216103e-12, 1.8981856843877373e-17]",8.41456086020611e-17,4.440892098500626e-16,"[0.923904668858265, 6.132569360647397e-06, 8.779630959666918e-09, 1.2077607625232858e-09, 2.5603725487134685e-11, 1.119152281733969e-12, 2.94182960725376e-18]"
8,1,directed_cycle_normal,2,"[0.81611222920257, 0.8161122292025699, 0.5266000000000002, 0.5266000000000001, 0.49000000000000005, 0.4554877707974305, 0.4554877707974304]",2.7755575615628914e-16,4.440892098500626e-16,"[0.8161122292025695, 0.8161122292025695, 0.5266, 0.5265999999999996, 0.4900000000000001, 0.4554877707974304, 0.4554877707974301]"
8,1,directed_cycle_normal,4,"[0.6660391706539875, 0.6660391706539874, 0.2773075600000001, 0.27730755999999995, 0.24009999999999992, 0.20746910934601256, 0.20746910934601237]",1.942890293094024e-16,3.885780586188048e-16,"[0.6660391706539873, 0.6660391706539873, 0.2773075599999999, 0.27730755999999956, 0.2401000000000001, 0.20746910934601248, 0.2074691093460122]"
8,1,directed_cycle_normal,8,"[0.4436081768454517, 0.4436081768454515, 0.0768994828331536, 0.07689948283315357, 0.057648010000000034, 0.04304343133282775, 0.04304343133282772]",1.5463820700136108e-16,3.885780586188048e-16,"[0.4436081768454513, 0.4436081768454513, 0.07689948283315355, 0.07689948283315337, 0.05764801000000004, 0.04304343133282768, 0.04304343133282757]"
8,1,directed_cycle_normal,16,"[0.19678821456414547, 0.19678821456414544, 0.005913530460006532, 0.005913530460006505, 0.0033232930569600952, 0.0018527369809038495, 0.0018527369809038209]",1.0368070489454239e-16,3.0531133177191805e-16,"[0.19678821456414516, 0.19678821456414516, 0.005913530460006478, 0.00591353046000645, 0.003323293056960105, 0.0018527369809038519, 0.001852736980903842]"
8,1,directed_nonnormal,2,"[0.4731060945295298, 0.3872490764608166, 0.3461776581633529, 0.3213219576446887, 0.239088719768684, 0.169161884755253, 0.10076472266402621]",0.015617723224699178,0.032313865439509426,"[0.5054199599690392, 0.4040810279354666, 0.3751672762182054, 0.32026592356322436, 0.23064710232760505, 0.17428474365747865, 0.08419660548491281]"
8,1,directed_nonnormal,4,"[0.18180671342929666, 0.15098941358391182, 0.11190839898478885, 0.10444799223763963, 0.042294692433114504, 0.025547679348820396, 0.019895756501366785]",0.020741725241348076,0.07364262250580855,"[0.2554493359351052, 0.1632814771373833, 0.14075048514498723, 0.10257026179580507, 0.05319808581212071, 0.03037517187175304, 0.00708906837518205]"
8,1,directed_nonnormal,8,"[0.029888271834105425, 0.023428821372420756, 0.010646755188708659, 0.009890004807200259, 0.0012612301482535252, 0.000966807484785617, 0.0005292179815673297]",0.007212090596047551,0.03536609139558081,"[0.06525436322968624, 0.026660840776165828, 0.019810699068549265, 0.010520658604859989, 0.0028300363340737584, 0.0009226510662385371, 5.025489042800627e-05]"
8,1,directed_nonnormal,16,"[0.0007391433665949247, 0.0006449504939418788, 0.00010672318466674694, 9.59883691195757e-05, 1.1734661811213503e-06, 7.675690525084755e-07, 5.14692008569439e-07]",0.0005561009305726483,0.0035189885539169026,"[0.004258131920511827, 0.0007108004308920665, 0.00039246379758461875, 0.00011068425748001452, 8.009105652177637e-06, 8.512849900311094e-07, 2.525554011930916e-09]"
8,2,reversible,2,"[0.5729628521731983, 0.4819884479565193, 0.46608507734392957, 0.4362299133636145, 0.39987196571675093, 0.357572606095219, 0.34992236099374535]",2.5376526277146434e-16,4.996003610813204e-16,"[0.572962852173198, 0.48198844795651924, 0.4660850773439295, 0.436229913363614, 0.3998719657167507, 0.3575726060952186, 0.34992236099374513]"
8,2,reversible,4,"[0.3282864299704462, 0.23231286396353418, 0.21723529932269678, 0.19029653731322638, 0.15989758896617837, 0.12785816862972665, 0.122445658723437]",1.4670804253975283e-16,2.7755575615628914e-16,"[0.32828642997044594, 0.23231286396353423, 0.21723529932269678, 0.19029653731322618, 0.15989758896617828, 0.12785816862972638, 0.12244565872343686]"
8,2,reversible,8,"[0.10777198010274075, 0.05396926676293954, 0.047191175271821664, 0.03621277211340417, 0.02556723895719696, 0.016347711285347653, 0.014992939340216416]",8.425799740458777e-17,2.498001805406602e-16,"[0.1077719801027405, 0.05396926676293957, 0.04719117527182166, 0.03621277211340409, 0.025567238957196894, 0.01634771128534754, 0.014992939340216371]"
8,2,reversible,16,"[0.011614799695265568, 0.0029126817549293056, 0.0022270070235358122, 0.0013113648641373394, 0.0006536837078943812, 0.0002672476642690941, 0.00022478823005938692]",2.6349984942013777e-17,7.28583859910259e-17,"[0.011614799695265495, 0.0029126817549293333, 0.002227007023535792, 0.0013113648641373367, 0.0006536837078944066, 0.0002672476642690794, 0.0002247882300594077]"
8,2,metastable_reversible,2,"[0.9883310346174131, 0.45142930623362654, 0.2690251409887723, 0.21842812143911705, 0.1254160374870518, 0.09959927120841157, 0.028411955240656626]",1.7248107703997968e-16,8.881784197001252e-16,"[0.9883310346174122, 0.45142930623362654, 0.26902514098877234, 0.2184281214391172, 0.1254160374870517, 0.09959927120841153, 0.028411955240656626]"
8,2,metastable_reversible,4,"[0.9767982339879256, 0.20378841852657342, 0.07237452648402881, 0.04771084423542169, 0.015729182458953564, 0.009920014825246723, 0.0008072392005970438]",1.7032816129747275e-16,9.992007221626409e-16,"[0.9767982339879246, 0.20378841852657334, 0.07237452648402884, 0.047710844235421726, 0.015729182458953557, 0.009920014825246714, 0.0008072392005970756]"
8,2,metastable_reversible,8,"[0.9541347899219303, 0.04152971952556186, 0.005238072083787426, 0.0022763246576566684, 0.0002474071808270502, 9.840669413309072e-05, 6.516351269809541e-07]",3.1575589841186234e-16,2.1094237467877974e-15,"[0.9541347899219282, 0.04152971952556182, 0.005238072083787392, 0.0022763246576566745, 0.0002474071808270523, 9.840669413311459e-05, 6.516351269806057e-07]"
8,2,metastable_reversible,16,"[0.9103731973393662, 0.0017247176038719162, 2.7437399154957325e-05, 5.1816539470784876e-06, 6.121031311300852e-08, 9.683877437679648e-09, 4.2460954384004287e-13]",5.773675695486359e-16,3.885780586188048e-15,"[0.9103731973393623, 0.0017247176038718308, 2.7437399154952785e-05, 5.181653947055775e-06, 6.121031312478975e-08, 9.683877450208369e-09, 4.2462833871503005e-13]"
8,2,directed_cycle_normal,2,"[0.81611222920257, 0.8161122292025699, 0.5266000000000002, 0.5266000000000001, 0.49000000000000005, 0.4554877707974305, 0.4554877707974304]",2.7755575615628914e-16,4.440892098500626e-16,"[0.8161122292025695, 0.8161122292025695, 0.5266, 0.5265999999999996, 0.4900000000000001, 0.4554877707974304, 0.4554877707974301]"
8,2,directed_cycle_normal,4,"[0.6660391706539875, 0.6660391706539874, 0.2773075600000001, 0.27730755999999995, 0.24009999999999992, 0.20746910934601256, 0.20746910934601237]",1.942890293094024e-16,3.885780586188048e-16,"[0.6660391706539873, 0.6660391706539873, 0.2773075599999999, 0.27730755999999956, 0.2401000000000001, 0.20746910934601248, 0.2074691093460122]"
8,2,directed_cycle_normal,8,"[0.4436081768454517, 0.4436081768454515, 0.0768994828331536, 0.07689948283315357, 0.057648010000000034, 0.04304343133282775, 0.04304343133282772]",1.5463820700136108e-16,3.885780586188048e-16,"[0.4436081768454513, 0.4436081768454513, 0.07689948283315355, 0.07689948283315337, 0.05764801000000004, 0.04304343133282768, 0.04304343133282757]"
8,2,directed_cycle_normal,16,"[0.19678821456414547, 0.19678821456414544, 0.005913530460006532, 0.005913530460006505, 0.0033232930569600952, 0.0018527369809038495, 0.0018527369809038209]",1.0368070489454239e-16,3.0531133177191805e-16,"[0.19678821456414516, 0.19678821456414516, 0.005913530460006478, 0.00591353046000645, 0.003323293056960105, 0.0018527369809038519, 0.001852736980903842]"
8,2,directed_nonnormal,2,"[0.5797236157153113, 0.5428803712507876, 0.4338288063949052, 0.340855047175665, 0.2646747243863036, 0.16578592525795136, 0.10402942318542242]",0.025815543332456257,0.06280171154649528,"[0.6174654228827166, 0.5429294290636076, 0.46247124865077427, 0.4036567587221603, 0.23678252000858954, 0.15178397542418598, 0.09444979285229774]"
8,2,directed_nonnormal,4,"[0.3133280984954859, 0.29724240817203357, 0.14193091947360825, 0.11353716217438385, 0.04913892944994045, 0.03596428960175117, 0.017015189323984332]",0.03138617413194863,0.07194873635499804,"[0.3812635484557319, 0.294772364943335, 0.2138796558286063, 0.1629387788620803, 0.056065961781618115, 0.02303837519556989, 0.008920763369841952]"
8,2,directed_nonnormal,8,"[0.09365042785692741, 0.08683215410829839, 0.015603932213258889, 0.013614034269611636, 0.0018774308356262952, 0.001216154890763412, 0.0005163618920677459]",0.013890539452660815,0.05171146552412882,"[0.14536189338105623, 0.08689074713428666, 0.045744507177363086, 0.02654904565706591, 0.003143392070497863, 0.00053076673165185, 7.958001910071395e-05]"
8,2,directed_nonnormal,16,"[0.008198240795931433, 0.007865500799571275, 0.00023219852670440115, 0.0001849115165913299, 2.1119515630024975e-06, 1.703526499110513e-06, 4.164215486883699e-07]",0.0022338915280295316,0.01293183925139413,"[0.021130080047325563, 0.007550001937554543, 0.002092559936899823, 0.0007048518253009702, 9.880913708868842e-06, 2.8171332342838695e-07, 6.332979440069998e-09]"
8,3,reversible,2,"[0.5970449931106511, 0.5628456144728277, 0.47080727771110714, 0.4363299931589065, 0.427044404487051, 0.3839563428547833, 0.3321745447611596]",2.220446049250313e-16,4.440892098500626e-16,"[0.5970449931106514, 0.5628456144728278, 0.4708072777111076, 0.4363299931589064, 0.42704440448705105, 0.38395634285478353, 0.3321745447611599]"
8,3,reversible,4,"[0.3564627237984976, 0.31679518573129495, 0.2216594927457438, 0.1903838629300514, 0.18236692340370014, 0.14742247321842, 0.11033992818728373]",1.149873846933198e-16,2.7755575615628914e-16,"[0.35646272379849786, 0.316795185731295, 0.22165949274574398, 0.19038386293005133, 0.18236692340370006, 0.14742247321842009, 0.11033992818728379]"
8,3,reversible,8,"[0.12706567345784375, 0.10035918970252565, 0.049132930724300465, 0.03624601526416859, 0.033257694751730994, 0.02173338560983574, 0.01217489975237494]",8.574490324113933e-17,3.885780586188048e-16,"[0.12706567345784414, 0.10035918970252572, 0.04913293072430052, 0.03624601526416857, 0.03325769475173101, 0.021733385609835787, 0.012174899752374943]"
8,3,reversible,16,"[0.016145685371295404, 0.010071966957747541, 0.002414044881558927, 0.0013137736225303535, 0.0011060742601992678, 0.0004723400500658027, 0.00014822818398039126]",2.5486495354641395e-17,7.632783294297951e-17,"[0.01614568537129548, 0.010071966957747543, 0.002414044881558914, 0.001313773622530341, 0.0011060742601993162, 0.0004723400500658173, 0.00014822818398037944]"
8,3,metastable_reversible,2,"[0.9886491011257647, 0.49705113298909, 0.1879601412310447, 0.11216353776611034, 0.07335371585075302, 0.011646612748104369, 0.008207144127251473]",1.3828224279929404e-16,4.440892098500626e-16,"[0.9886491011257651, 0.49705113298909037, 0.18796014123104476, 0.11216353776611032, 0.07335371585075302, 0.011646612748104348, 0.008207144127251518]"
8,3,metastable_reversible,4,"[0.9774270451567824, 0.24705982880573815, 0.035329014691594274, 0.012580659204209777, 0.005380767629112996, 0.00013564358850432707, 6.735721472548457e-05]",1.8930944361720112e-16,8.881784197001252e-16,"[0.9774270451567832, 0.2470598288057384, 0.035329014691594295, 0.012580659204209655, 0.005380767629113015, 0.0001356435885043067, 6.73572147254791e-05]"
8,3,metastable_reversible,8,"[0.9553636286039185, 0.0610385590095206, 0.0012481392790788396, 0.0001582729860125357, 2.895266027848855e-05, 1.8399183125227945e-08, 4.536994403976315e-09]",3.0370601113111377e-16,1.7763568394002505e-15,"[0.9553636286039203, 0.06103855900952076, 0.0012481392790788858, 0.00015827298601246514, 2.8952660278510497e-05, 1.8399183102325683e-08, 4.536994375574297e-09]"
8,3,metastable_reversible,16,"[0.9127196628592459, 0.0037257056859587474, 1.5578516599764984e-06, 2.5050338153498184e-08, 8.382565028940296e-10, 3.3598969942829945e-16, 5.0112940282448895e-17]",5.091087073559511e-16,3.4416913763379853e-15,"[0.9127196628592493, 0.003725705685958748, 1.5578516599795604e-06, 2.5050338101301985e-08, 8.382565372028396e-10, 3.38529938832907e-16, 2.058431796399281e-17]"
8,3,directed_cycle_normal,2,"[0.81611222920257, 0.8161122292025699, 0.5266000000000002, 0.5266000000000001, 0.49000000000000005, 0.4554877707974305, 0.4554877707974304]",2.7755575615628914e-16,4.440892098500626e-16,"[0.8161122292025695, 0.8161122292025695, 0.5266, 0.5265999999999996, 0.4900000000000001, 0.4554877707974304, 0.4554877707974301]"
8,3,directed_cycle_normal,4,"[0.6660391706539875, 0.6660391706539874, 0.2773075600000001, 0.27730755999999995, 0.24009999999999992, 0.20746910934601256, 0.20746910934601237]",1.942890293094024e-16,3.885780586188048e-16,"[0.6660391706539873, 0.6660391706539873, 0.2773075599999999, 0.27730755999999956, 0.2401000000000001, 0.20746910934601248, 0.2074691093460122]"
8,3,directed_cycle_normal,8,"[0.4436081768454517, 0.4436081768454515, 0.0768994828331536, 0.07689948283315357, 0.057648010000000034, 0.04304343133282775, 0.04304343133282772]",1.5463820700136108e-16,3.885780586188048e-16,"[0.4436081768454513, 0.4436081768454513, 0.07689948283315355, 0.07689948283315337, 0.05764801000000004, 0.04304343133282768, 0.04304343133282757]"
8,3,directed_cycle_normal,16,"[0.19678821456414547, 0.19678821456414544, 0.005913530460006532, 0.005913530460006505, 0.0033232930569600952, 0.0018527369809038495, 0.0018527369809038209]",1.0368070489454239e-16,3.0531133177191805e-16,"[0.19678821456414516, 0.19678821456414516, 0.005913530460006478, 0.00591353046000645, 0.003323293056960105, 0.0018527369809038519, 0.001852736980903842]"
8,3,directed_nonnormal,2,"[0.5309994846287809, 0.41027198127537384, 0.32405907448684673, 0.29323880604725944, 0.269604960751872, 0.179841990056903, 0.08166352514367241]",0.024054344701496637,0.06184037625553218,"[0.5928398608843131, 0.4421696294607973, 0.3416531086668945, 0.3070099894887305, 0.25446086869482354, 0.16027327857361623, 0.07309915783600565]"
8,3,directed_nonnormal,4,"[0.2154514978298866, 0.18781384108912663, 0.10568268543320969, 0.08826872791674747, 0.04793437516666849, 0.0370115430114968, 0.010033334634353405]",0.027652590769217132,0.13600760282344504,"[0.35145910065333164, 0.1955139812174988, 0.11672684666175283, 0.0942551336458704, 0.06475033369692422, 0.025687523824735995, 0.005343486876333265]"
8,3,directed_nonnormal,8,"[0.04403964596257725, 0.03456556963378527, 0.009955511102505603, 0.008789051643828054, 0.0015324329577407197, 0.001321149644404977, 0.00016742031263389264]",0.012909852267426216,0.07948385346947145,"[0.12352349943204871, 0.03822571685151647, 0.01362515673159636, 0.008884030218600892, 0.00419260571386304, 0.0006598488802463794, 2.855285199754584e-05]"
8,3,directed_nonnormal,16,"[0.0016112965398339461, 0.0013626149975084646, 9.739438341709177e-05, 8.036761149244844e-05, 2.0809392344124365e-06, 1.6602307142118857e-06, 3.4330336681548694e-08]",0.001978828040456918,0.013646758372105392,"[0.015258054911939338, 0.0014612054288123102, 0.00018564489596056556, 7.892599292501381e-05, 1.7577942671917015e-05, 4.354005447624007e-07, 8.152653571937574e-10]"
8,4,reversible,2,"[0.497053091574825, 0.4764214840191956, 0.4503249519165486, 0.39146339739418773, 0.3709402664909444, 0.3500553692620296, 0.32594259591866737]",1.030921380009074e-16,3.3306690738754696e-16,"[0.4970530915748247, 0.4764214840191956, 0.45032495191654864, 0.39146339739418773, 0.3709402664909442, 0.3500553692620297, 0.3259425959186674]"
8,4,reversible,4,"[0.24706177584409117, 0.22697743043505264, 0.2027925623186418, 0.15324359149939973, 0.13759668130437278, 0.12253876154917592, 0.10623857583419974]",5.15460690004537e-17,1.1102230246251565e-16,"[0.24706177584409106, 0.22697743043505264, 0.20279256231864184, 0.15324359149939976, 0.1375966813043727, 0.12253876154917596, 0.1062385758341997]"
8,4,reversible,8,"[0.06103952108323595, 0.051518753926899225, 0.04112482333176027, 0.02348359833563491, 0.018932846705977138, 0.015015748082005802, 0.011286634995278997]",2.7507757976203656e-17,6.245004513516506e-17,"[0.0610395210832359, 0.05151875392689916, 0.04112482333176024, 0.023483598335634903, 0.018932846705977106, 0.015015748082005807, 0.011286634995279]"
8,4,reversible,16,"[0.003725823134070792, 0.0026541820061804144, 0.001691251094068484, 0.0005514793907894145, 0.00035845268439202877, 0.00022547269046229422, 0.00012738812951664828]",1.47335330939548e-17,3.31494814237443e-17,"[0.0037258231340707992, 0.002654182006180388, 0.0016912510940684914, 0.0005514793907894345, 0.00035845268439202823, 0.00022547269046226107, 0.00012738812951665658]"
8,4,metastable_reversible,2,"[0.9893803937473795, 0.3486161892375724, 0.1559638079132941, 0.13853700268054017, 0.10052802446468433, 0.08687829230549002, 0.01779501592912014]",1.610814656264178e-16,5.551115123125783e-16,"[0.9893803937473801, 0.3486161892375726, 0.15596380791329392, 0.13853700268054028, 0.10052802446468437, 0.08687829230549009, 0.017795015929120157]"
8,4,metastable_reversible,4,"[0.9788735635317198, 0.12153324739852689, 0.024324709378814823, 0.01919250111170808, 0.010105883702772116, 0.007547837673918206, 0.00031666259191768777]",1.9490857340796555e-16,9.992007221626409e-16,"[0.9788735635317208, 0.12153324739852704, 0.024324709378814844, 0.019192501111708025, 0.010105883702772177, 0.007547837673918178, 0.00031666259191764006]"
8,4,metastable_reversible,8,"[0.9581934533812878, 0.014770330223231497, 0.0005916914863637941, 0.00036835209892289035, 0.00010212888541394333, 5.696985355176189e-05, 1.0027519714433554e-07]",3.31028809986158e-16,2.1094237467877974e-15,"[0.9581934533812899, 0.014770330223231579, 0.0005916914863638028, 0.0003683520989229138, 0.0001021288854139563, 5.6969853551818576e-05, 1.0027519711999785e-07]"
8,4,metastable_reversible,16,"[0.918134694102758, 0.00021816265490331733, 3.5009881503526424e-07, 1.356832687965047e-07, 1.0430309187190125e-08, 3.2455641741714254e-09, 1.0059010511448824e-14]",6.194045513645999e-16,4.218847493575595e-15,"[0.9181346941027623, 0.00021816265490330822, 3.500988150354062e-07, 1.356832687809161e-07, 1.0430309235897015e-08, 3.2455642137156552e-09, 1.0055115157454427e-14]"
8,4,directed_cycle_normal,2,"[0.81611222920257, 0.8161122292025699, 0.5266000000000002, 0.5266000000000001, 0.49000000000000005, 0.4554877707974305, 0.4554877707974304]",2.7755575615628914e-16,4.440892098500626e-16,"[0.8161122292025695, 0.8161122292025695, 0.5266, 0.5265999999999996, 0.4900000000000001, 0.4554877707974304, 0.4554877707974301]"
8,4,directed_cycle_normal,4,"[0.6660391706539875, 0.6660391706539874, 0.2773075600000001, 0.27730755999999995, 0.24009999999999992, 0.20746910934601256, 0.20746910934601237]",1.942890293094024e-16,3.885780586188048e-16,"[0.6660391706539873, 0.6660391706539873, 0.2773075599999999, 0.27730755999999956, 0.2401000000000001, 0.20746910934601248, 0.2074691093460122]"
8,4,directed_cycle_normal,8,"[0.4436081768454517, 0.4436081768454515, 0.0768994828331536, 0.07689948283315357, 0.057648010000000034, 0.04304343133282775, 0.04304343133282772]",1.5463820700136108e-16,3.885780586188048e-16,"[0.4436081768454513, 0.4436081768454513, 0.07689948283315355, 0.07689948283315337, 0.05764801000000004, 0.04304343133282768, 0.04304343133282757]"
8,4,directed_cycle_normal,16,"[0.19678821456414547, 0.19678821456414544, 0.005913530460006532, 0.005913530460006505, 0.0033232930569600952, 0.0018527369809038495, 0.0018527369809038209]",1.0368070489454239e-16,3.0531133177191805e-16,"[0.19678821456414516, 0.19678821456414516, 0.005913530460006478, 0.00591353046000645, 0.003323293056960105, 0.0018527369809038519, 0.001852736980903842]"
8,4,directed_nonnormal,2,"[0.44929687235928045, 0.3951086677004285, 0.32738595534025156, 0.2787891973082318, 0.17693541850466182, 0.14122759230125528, 0.10218941502100935]",0.020126672212673658,0.03911326509341012,"[0.47015544314146773, 0.4241207185074355, 0.3664992204336617, 0.2673507010975496, 0.1884908981528591, 0.12365600856359188, 0.09085215581144103]"
8,4,directed_nonnormal,4,"[0.18053270731883916, 0.16418204703661363, 0.0944704500317116, 0.07478847639829828, 0.02665699501014519, 0.023959803985583894, 0.012798105502101134]",0.017351126898517626,0.040513433396710735,"[0.2210461407155499, 0.17987838386726335, 0.1343216785784817, 0.07147639737735131, 0.0355288186864715, 0.015290808453879107, 0.00825411421558636]"
8,4,directed_nonnormal,8,"[0.029993611102291616, 0.02593382456860957, 0.007114094994234094, 0.00618670098925835, 0.0007287132878175325, 0.0006011951478751144, 0.0001953702671496074]",0.005474921063708916,0.018867785222947075,"[0.04886139632523869, 0.032356232982698546, 0.018042313336140953, 0.005108875382045033, 0.0012622969572561667, 0.00023380882317322079, 6.813040148394482e-05]"
8,4,directed_nonnormal,16,"[0.0008091351866017641, 0.0007139059610561556, 4.8518140640387e-05, 3.859606140799041e-05, 4.6542855930737483e-07, 4.0836624783044353e-07, 4.176354665622631e-08]",0.00031462026945267186,0.0015783008642502852,"[0.0023874360508520493, 0.001046925812830669, 0.00032552507051948973, 2.6100607669265788e-05, 1.5933936082981765e-06, 5.4666565793646425e-08, 4.64175160636351e-09]"
8,5,reversible,2,"[0.5635492634102774, 0.527192634522937, 0.49328514711611154, 0.44445798584494706, 0.4157726474861652, 0.40895323644733217, 0.3483122730916591]",1.7446361815538174e-16,3.3306690738754696e-16,"[0.5635492634102778, 0.527192634522937, 0.49328514711611177, 0.44445798584494717, 0.4157726474861654, 0.4089532364473324, 0.34831227309165924]"
8,5,reversible,4,"[0.3175877722902663, 0.2779320738952351, 0.24333023636536394, 0.1975429011813473, 0.17286689439765507, 0.16724274960074761, 0.12132143958627858]",1.149873846933198e-16,3.3306690738754696e-16,"[0.31758777229026663, 0.277932073895235, 0.24333023636536405, 0.19754290118134726, 0.17286689439765515, 0.16724274960074775, 0.12132143958627858]"
8,5,reversible,8,"[0.10086199310829401, 0.07724623769970639, 0.05920960392962389, 0.03902319780714355, 0.029882963178690013, 0.027970137294018343, 0.014718891703287055]",6.666294500539445e-17,2.636779683484747e-16,"[0.10086199310829427, 0.07724623769970637, 0.05920960392962393, 0.03902319780714352, 0.029882963178690058, 0.02797013729401841, 0.014718891703287046]"
8,5,reversible,16,"[0.010173141653777551, 0.005966981238759532, 0.003505777197502936, 0.0015228099670954454, 0.0008929914883389393, 0.0007823285802462546, 0.00021664577297309147]",1.2096598524445414e-17,4.85722573273506e-17,"[0.0101731416537776, 0.005966981238759538, 0.003505777197502938, 0.0015228099670954512, 0.0008929914883389459, 0.0007823285802462395, 0.00021664577297309223]"
8,5,metastable_reversible,2,"[0.9886727348769616, 0.2533168158876739, 0.1921425571460895, 0.08486784374371172, 0.05670371602134511, 0.02579648470987935, 2.490822525243051e-06]",8.324016631375498e-17,1.1102230246251565e-16,"[0.9886727348769617, 0.25331681588767396, 0.19214255714608938, 0.0848678437437116, 0.05670371602134522, 0.025796484709879327, 2.4908225253018455e-06]"
8,5,metastable_reversible,4,"[0.9774737766890911, 0.06416940921146969, 0.03691876226663823, 0.0072025509017070895, 0.003215311410629341, 0.0006654586233870064, 6.204197619193384e-12]",3.303828917020531e-17,1.1102230246251565e-16,"[0.977473776689091, 0.0641694092114697, 0.03691876226663822, 0.0072025509017070504, 0.0032153114106293623, 0.0006654586233870378, 6.204196852551063e-12]"
8,5,metastable_reversible,8,"[0.955454984114835, 0.004117713078549097, 0.0013629950073005457, 5.18767394917041e-05, 1.0338227467323194e-05, 4.4283517943366525e-07, 9.262542982458382e-19]",2.730576120357526e-17,1.1102230246251565e-16,"[0.9554549841148349, 0.004117713078549052, 0.00136299500730055, 5.187673949168104e-05, 1.033822746732338e-05, 4.4283517944017147e-07, 3.849205858520452e-23]"
8,5,metastable_reversible,16,"[0.9128942266698794, 1.6955560997307937e-05, 1.8577553899173374e-06, 2.6911961135299228e-09, 1.0687895173038257e-10, 1.960958159089995e-13, 3.087418005990903e-17]",3.282798666520569e-17,1.1102230246251565e-16,"[0.9128942266698793, 1.6955560997253913e-05, 1.8577553899262264e-06, 2.6911961002877393e-09, 1.068789471661196e-10, 1.9610299614980886e-13, 1.4816385741268168e-45]"
8,5,directed_cycle_normal,2,"[0.81611222920257, 0.8161122292025699, 0.5266000000000002, 0.5266000000000001, 0.49000000000000005, 0.4554877707974305, 0.4554877707974304]",2.7755575615628914e-16,4.440892098500626e-16,"[0.8161122292025695, 0.8161122292025695, 0.5266, 0.5265999999999996, 0.4900000000000001, 0.4554877707974304, 0.4554877707974301]"
8,5,directed_cycle_normal,4,"[0.6660391706539875, 0.6660391706539874, 0.2773075600000001, 0.27730755999999995, 0.24009999999999992, 0.20746910934601256, 0.20746910934601237]",1.942890293094024e-16,3.885780586188048e-16,"[0.6660391706539873, 0.6660391706539873, 0.2773075599999999, 0.27730755999999956, 0.2401000000000001, 0.20746910934601248, 0.2074691093460122]"
8,5,directed_cycle_normal,8,"[0.4436081768454517, 0.4436081768454515, 0.0768994828331536, 0.07689948283315357, 0.057648010000000034, 0.04304343133282775, 0.04304343133282772]",1.5463820700136108e-16,3.885780586188048e-16,"[0.4436081768454513, 0.4436081768454513, 0.07689948283315355, 0.07689948283315337, 0.05764801000000004, 0.04304343133282768, 0.04304343133282757]"
8,5,directed_cycle_normal,16,"[0.19678821456414547, 0.19678821456414544, 0.005913530460006532, 0.005913530460006505, 0.0033232930569600952, 0.0018527369809038495, 0.0018527369809038209]",1.0368070489454239e-16,3.0531133177191805e-16,"[0.19678821456414516, 0.19678821456414516, 0.005913530460006478, 0.00591353046000645, 0.003323293056960105, 0.0018527369809038519, 0.001852736980903842]"
8,5,directed_nonnormal,2,"[0.5072677364700034, 0.453042361416556, 0.38158079931642913, 0.3300629838702739, 0.23970957121624858, 0.1587426658597172, 0.08712327612536332]",0.027326083010407294,0.05262845537144123,"[0.5356969445018602, 0.4938622572307612, 0.43420925468787036, 0.311006583464065, 0.2649985479447172, 0.1557196107921254, 0.06508668647228476]"
8,5,directed_nonnormal,4,"[0.22609899911363537, 0.2137459274427742, 0.1222141814874539, 0.10779908317005689, 0.03857954565275793, 0.024975160611687145, 0.015008825332753778]",0.030223928464827084,0.06632349536914194,"[0.28697121634862915, 0.24389992911706257, 0.18853767685659584, 0.09672509495799042, 0.07022423041280859, 0.02424859718525102, 0.004236276755941496]"
8,5,directed_nonnormal,8,"[0.04567938097000467, 0.04191720134532814, 0.012994219935285859, 0.01186614074469076, 0.0010981121089718225, 0.0007758291910716587, 0.0003370586901186039]",0.01194942604756086,0.03667309804260705,"[0.08235247901261172, 0.05948717542330814, 0.035546455594482156, 0.009355743994632263, 0.004931442537071231, 0.0005879944654525637, 1.7946040752930202e-05]"
8,5,directed_nonnormal,16,"[0.0019277090233654453, 0.0018529711759203659, 0.0001563360834553888, 0.0001392757189234908, 6.49957448119288e-07, 5.959500227895001e-07, 2.385841006284286e-07]",0.0011032989254008182,0.0048542217761572085,"[0.006781930799522654, 0.0035387240398434363, 0.0012635505053304919, 8.752994569309767e-05, 2.431912549643554e-05, 3.4573749140284615e-07, 3.220603787058317e-10]"
8,6,reversible,2,"[0.5993126945323893, 0.5660829497635275, 0.486780619165113, 0.4351799891187348, 0.40262752944042013, 0.39361084803266905, 0.3494571120640298]",1.7446361815538174e-16,2.7755575615628914e-16,"[0.5993126945323891, 0.5660829497635274, 0.4867806191651127, 0.4351799891187349, 0.40262752944041996, 0.39361084803266877, 0.34945711206402974]"
8,6,reversible,4,"[0.3591757058276731, 0.3204499060129762, 0.23695537119477064, 0.18938162292938218, 0.1621089274632963, 0.15492949968899677, 0.12212027317213177]",1.3283025473193837e-16,3.885780586188048e-16,"[0.3591757058276727, 0.3204499060129763, 0.2369553711947705, 0.18938162292938224, 0.16210892746329625, 0.15492949968899666, 0.12212027317213184]"
8,6,reversible,8,"[0.12900718765680708, 0.10268814226372537, 0.056147847938051526, 0.03586539910336667, 0.026279304363300254, 0.024003149873882877, 0.014913361119636056]",6.170659221688928e-17,1.942890293094024e-16,"[0.12900718765680688, 0.10268814226372534, 0.05614784793805148, 0.03586539910336672, 0.026279304363300247, 0.024003149873882818, 0.014913361119636103]"
8,6,reversible,16,"[0.016642854467118638, 0.010544854561575103, 0.0031525808280745533, 0.001286326852843782, 0.0006906018378189674, 0.0005761512038680869, 0.00022240833988467146]",1.136088990740168e-17,5.204170427930421e-17,"[0.016642854467118585, 0.010544854561575095, 0.003152580828074551, 0.001286326852843778, 0.0006906018378189714, 0.0005761512038680807, 0.0002224083398846738]"
8,6,metastable_reversible,2,"[0.9888904420792406, 0.34057324831217806, 0.24584163415507432, 0.10151005122764581, 0.0693698885359373, 0.030194941775873004, 0.02414383653236711]",7.88060093372321e-17,2.220446049250313e-16,"[0.9888904420792404, 0.34057324831217817, 0.2458416341550743, 0.10151005122764577, 0.06936988853593737, 0.030194941775872956, 0.024143836532367142]"
8,6,metastable_reversible,4,"[0.9779043064356755, 0.11599013746590833, 0.06043810908403751, 0.010304290500239286, 0.004812181435488346, 0.0009117345088483386, 0.0005829248425017052]",6.65545247881459e-17,2.3592239273284576e-16,"[0.9779043064356755, 0.11599013746590857, 0.060438109084037385, 0.010304290500239269, 0.004812181435488376, 0.0009117345088483579, 0.0005829248425016663]"
8,6,metastable_reversible,8,"[0.95629683254544, 0.01345371198936032, 0.003652765029653974, 0.00010617840271329423, 2.3157090168027316e-05, 8.312598146420835e-07, 3.398013720536835e-07]",1.0802624861175296e-16,5.551115123125783e-16,"[0.9562968325454394, 0.013453711989360368, 0.0036527650296540024, 0.00010617840271332124, 2.3157090168058965e-05, 8.312598146249563e-07, 3.398013720055924e-07]"
8,6,metastable_reversible,16,"[0.9145036319364411, 0.0001810023662926485, 1.3342692361848585e-05, 1.1273853226744235e-08, 5.36250819359352e-10, 6.910329338495266e-13, 1.1545267936921488e-13]",1.421807733694608e-16,8.881784197001252e-16,"[0.9145036319364402, 0.00018100236629265892, 1.3342692361863205e-05, 1.1273853202752224e-08, 5.362508250516131e-10, 6.909928794103166e-13, 1.1546497241688298e-13]"
8,6,directed_cycle_normal,2,"[0.81611222920257, 0.8161122292025699, 0.5266000000000002, 0.5266000000000001, 0.49000000000000005, 0.4554877707974305, 0.4554877707974304]",2.7755575615628914e-16,4.440892098500626e-16,"[0.8161122292025695, 0.8161122292025695, 0.5266, 0.5265999999999996, 0.4900000000000001, 0.4554877707974304, 0.4554877707974301]"
8,6,directed_cycle_normal,4,"[0.6660391706539875, 0.6660391706539874, 0.2773075600000001, 0.27730755999999995, 0.24009999999999992, 0.20746910934601256, 0.20746910934601237]",1.942890293094024e-16,3.885780586188048e-16,"[0.6660391706539873, 0.6660391706539873, 0.2773075599999999, 0.27730755999999956, 0.2401000000000001, 0.20746910934601248, 0.2074691093460122]"
8,6,directed_cycle_normal,8,"[0.4436081768454517, 0.4436081768454515, 0.0768994828331536, 0.07689948283315357, 0.057648010000000034, 0.04304343133282775, 0.04304343133282772]",1.5463820700136108e-16,3.885780586188048e-16,"[0.4436081768454513, 0.4436081768454513, 0.07689948283315355, 0.07689948283315337, 0.05764801000000004, 0.04304343133282768, 0.04304343133282757]"
8,6,directed_cycle_normal,16,"[0.19678821456414547, 0.19678821456414544, 0.005913530460006532, 0.005913530460006505, 0.0033232930569600952, 0.0018527369809038495, 0.0018527369809038209]",1.0368070489454239e-16,3.0531133177191805e-16,"[0.19678821456414516, 0.19678821456414516, 0.005913530460006478, 0.00591353046000645, 0.003323293056960105, 0.0018527369809038519, 0.001852736980903842]"
8,6,directed_nonnormal,2,"[0.48769091824263183, 0.42238956640983494, 0.3318036926969335, 0.3243382240786776, 0.2986023447444082, 0.16065462563837668, 0.07916224709798014]",0.015376230309158518,0.03753646550552753,"[0.5252273837481594, 0.43876596072618396, 0.3363881928752628, 0.326416859261432, 0.29807599516100186, 0.18753905483783373, 0.059515408899694186]"
8,6,directed_nonnormal,4,"[0.20573223021287412, 0.1774241980031764, 0.1052085780775051, 0.09983986563526999, 0.06143877291807964, 0.01884467601964846, 0.015965480382841707]",0.02229137526390995,0.07013157442606205,"[0.27586380463893617, 0.19251556829197122, 0.11315701630588497, 0.10654796601009749, 0.08884929889122162, 0.03517089708946801, 0.003542083896497798]"
8,6,directed_nonnormal,8,"[0.0352990030148453, 0.028560479718454445, 0.010936096522701503, 0.010006815026595688, 0.0022019212588954193, 0.0005908433091761622, 0.00034995064263864116]",0.008456213927709838,0.04080183569502385,"[0.07610083870986915, 0.03706224403478063, 0.012804510339250319, 0.01135246906088889, 0.007894197913461635, 0.001236992002077949, 1.2546358329829023e-05]"
8,6,directed_nonnormal,16,"[0.0010070411475802624, 0.0009537992276318594, 0.00011425960369209615, 9.997737734678686e-05, 3.837316845267528e-06, 2.685298810803485e-07, 2.231593951601809e-07]",0.0007632385618517668,0.004784296504765258,"[0.00579133765234552, 0.0013736099328936326, 0.0001639554850279683, 0.00012887855377843947, 6.231836069690204e-05, 1.5301492132048127e-06, 1.5741110734047013e-10]"
8,7,reversible,2,"[0.5284967979921921, 0.4881432130876679, 0.4378037376064475, 0.38883525312999034, 0.36417089280644044, 0.3337545195646235, 0.30595734814234316]",2.458350983098561e-16,4.440892098500626e-16,"[0.5284967979921918, 0.48814321308766834, 0.4378037376064474, 0.3888352531299907, 0.3641708928064403, 0.33375451956462376, 0.3059573481423429]"
8,7,reversible,4,"[0.2793088654879997, 0.23828379648355227, 0.19167211266217515, 0.15119285407666383, 0.13262043916743987, 0.11139207932981265, 0.09360989888229501]",1.7446361815538174e-16,4.996003610813204e-16,"[0.2793088654879996, 0.23828379648355277, 0.19167211266217504, 0.1511928540766639, 0.13262043916743985, 0.11139207932981283, 0.0936098988822948]"
8,7,reversible,8,"[0.0780134423401936, 0.056779167666614984, 0.036738198772381596, 0.022859279123847366, 0.017588180884964673, 0.012408195337419282, 0.008762813168753512]",8.673617379884035e-17,2.0816681711721685e-16,"[0.07801344234019345, 0.05677916766661519, 0.036738198772381526, 0.02285927912384739, 0.01758818088496461, 0.012408195337419317, 0.008762813168753457]"
8,7,reversible,16,"[0.0060860971857667106, 0.003223873880913578, 0.0013496952490390274, 0.0005225466420619654, 0.00030934410684223913, 0.0001539633115315589, 7.678689463048933e-05]",1.0818788821158927e-17,2.2551405187698492e-17,"[0.006086097185766688, 0.0032238738809136, 0.0013496952490390155, 0.0005225466420619652, 0.0003093441068422345, 0.00015396331153155448, 7.6786894630479e-05]"
8,7,metastable_reversible,2,"[0.9884695917736256, 0.275392257442547, 0.2138128060078695, 0.11130498524524375, 0.1006718430491545, 0.032876646239314605, 0.008351299233115317]",1.8982831179974775e-16,7.771561172376096e-16,"[0.9884695917736248, 0.2753922574425471, 0.21381280600786978, 0.11130498524524375, 0.1006718430491546, 0.03287664623931464, 0.008351299233115285]"
8,7,metastable_reversible,4,"[0.9770721338611178, 0.07584089545930219, 0.04571591601295896, 0.012388799740443957, 0.010134819982913618, 0.0010808738679450626, 6.974419888097679e-05]",1.9748936179354264e-16,1.2212453270876722e-15,"[0.9770721338611166, 0.07584089545930214, 0.04571591601295895, 0.012388799740443929, 0.010134819982913617, 0.0010808738679450416, 6.974419888103194e-05]"
8,7,metastable_reversible,8,"[0.9546699547679184, 0.005751841424068815, 0.0020899449769039512, 0.00015348235900886144, 0.00010271457608605032, 1.1682883184058172e-06, 4.864253306795512e-09]",4.159928627645161e-16,2.7755575615628914e-15,"[0.9546699547679156, 0.005751841424068796, 0.0020899449769039165, 0.00015348235900882357, 0.00010271457608606517, 1.1682883184064753e-06, 4.8642532775569375e-09]"
8,7,metastable_reversible,16,"[0.9113947225365792, 3.3083679767619596e-05, 4.367870006503476e-06, 2.3556834559938052e-08, 1.0550284139107698e-08, 1.3649623010649256e-12, 2.568265659194103e-17]",7.485634296993513e-16,5.10702591327572e-15,"[0.911394722536574, 3.3083679767633765e-05, 4.367870006485912e-06, 2.355683452691341e-08, 1.055028414054007e-08, 1.3648975949250296e-12, 2.3660959948223406e-17]"
8,7,directed_cycle_normal,2,"[0.81611222920257, 0.8161122292025699, 0.5266000000000002, 0.5266000000000001, 0.49000000000000005, 0.4554877707974305, 0.4554877707974304]",2.7755575615628914e-16,4.440892098500626e-16,"[0.8161122292025695, 0.8161122292025695, 0.5266, 0.5265999999999996, 0.4900000000000001, 0.4554877707974304, 0.4554877707974301]"
8,7,directed_cycle_normal,4,"[0.6660391706539875, 0.6660391706539874, 0.2773075600000001, 0.27730755999999995, 0.24009999999999992, 0.20746910934601256, 0.20746910934601237]",1.942890293094024e-16,3.885780586188048e-16,"[0.6660391706539873, 0.6660391706539873, 0.2773075599999999, 0.27730755999999956, 0.2401000000000001, 0.20746910934601248, 0.2074691093460122]"
8,7,directed_cycle_normal,8,"[0.4436081768454517, 0.4436081768454515, 0.0768994828331536, 0.07689948283315357, 0.057648010000000034, 0.04304343133282775, 0.04304343133282772]",1.5463820700136108e-16,3.885780586188048e-16,"[0.4436081768454513, 0.4436081768454513, 0.07689948283315355, 0.07689948283315337, 0.05764801000000004, 0.04304343133282768, 0.04304343133282757]"
8,7,directed_cycle_normal,16,"[0.19678821456414547, 0.19678821456414544, 0.005913530460006532, 0.005913530460006505, 0.0033232930569600952, 0.0018527369809038495, 0.0018527369809038209]",1.0368070489454239e-16,3.0531133177191805e-16,"[0.19678821456414516, 0.19678821456414516, 0.005913530460006478, 0.00591353046000645, 0.003323293056960105, 0.0018527369809038519, 0.001852736980903842]"
8,7,directed_nonnormal,2,"[0.5861775289536749, 0.43267188060220046, 0.40519548191756627, 0.3495555182472035, 0.28335458926032564, 0.22195368936201143, 0.07847558722067924]",0.03480941225801073,0.11105367661355575,"[0.6296761355043902, 0.5437255572157562, 0.40640999414183326, 0.3702745255161775, 0.2536423967198759, 0.19247265103071137, 0.07048873494386595]"
8,7,directed_nonnormal,4,"[0.2677390763791352, 0.21940303033482939, 0.13192296259587769, 0.12070230240499268, 0.06877373383991008, 0.06214711933117028, 0.00786244526977162]",0.04100984327733725,0.128752959244608,"[0.3964920356237432, 0.29563748156958464, 0.16516908333836497, 0.1371032242462304, 0.0643344654138029, 0.037045721394789996, 0.0049686617539865885]"
8,7,directed_nonnormal,8,"[0.06757501582696487, 0.04873998003368673, 0.015681659901339174, 0.014600511837478462, 0.004814998376175694, 0.003623832931123409, 7.509088482953553e-05]",0.021009476155815384,0.08963091848609475,"[0.15720593431305963, 0.0874015205088065, 0.02728082609083575, 0.01879729409871214, 0.0041389234400798025, 0.0013723854736604013, 2.4687599625529083e-05]"
8,7,directed_nonnormal,16,"[0.0036587708303239506, 0.0029229981389534776, 0.00023056467547233125, 0.0002106692442928022, 1.7416105010111054e-05, 1.650861345884542e-05, 6.53652623760994e-09]",0.0037774609907813062,0.021054934952918065,"[0.024713705783242015, 0.007639025787251322, 0.0007442434721984246, 0.0003533382654334782, 1.7130687242842028e-05, 1.8834418883140844e-06, 6.094775752704236e-10]"
8,8,reversible,2,"[0.5623876976384936, 0.49623496463031075, 0.46320957657540585, 0.43483535692017894, 0.41832575314286347, 0.38128412952352286, 0.344055852961713]",2.299747693866396e-16,8.326672684688674e-16,"[0.5623876976384935, 0.4962349646303106, 0.46320957657540573, 0.4348353569201791, 0.41832575314286363, 0.38128412952352203, 0.3440558529617129]"
8,8,reversible,4,"[0.3162799224551257, 0.24624914012164584, 0.2145631118311668, 0.18908178762789934, 0.17499643574254398, 0.14537758742651055, 0.11837442995721192]",2.2402714604043337e-16,6.106226635438361e-16,"[0.31627992245512554, 0.24624914012164562, 0.21456311183116666, 0.18908178762789957, 0.1749964357425441, 0.14537758742650994, 0.11837442995721183]"
8,8,reversible,8,"[0.10003298934822029, 0.060638639010649906, 0.046037328958673775, 0.03575192241256203, 0.030623752522594302, 0.02113464292595273, 0.01401250566769486]",6.839766848137125e-17,1.8735013540549517e-16,"[0.10003298934822023, 0.06063863901064986, 0.04603732895867374, 0.035751922412562115, 0.03062375252259436, 0.021134642925952542, 0.014012505667694849]"
8,8,reversible,16,"[0.010006598957941154, 0.0036770445410638894, 0.002119435657649181, 0.001278199956193864, 0.0009378142185651204, 0.0004466731316075214, 0.00019635031508716743]",1.520980761972522e-17,4.163336342344337e-17,"[0.010006598957941143, 0.0036770445410639068, 0.0021194356576491394, 0.0012781999561938611, 0.0009378142185651045, 0.0004466731316075158, 0.00019635031508718028]"
8,8,metastable_reversible,2,"[0.9902083592157305, 0.220635072095088, 0.1492179910521468, 0.11983411266600064, 0.08640378119583693, 0.06026770685143423, 0.014350148613361308]",1.4819494837630438e-16,3.3306690738754696e-16,"[0.9902083592157301, 0.22063507209508776, 0.14921799105214684, 0.1198341126660006, 0.08640378119583682, 0.060267706851434275, 0.01435014861336154]"
8,8,metastable_reversible,4,"[0.9805125946607086, 0.048679835038404694, 0.022266008853638452, 0.014360214558447743, 0.0074656134049381, 0.0036321964891304166, 0.0002059267652255068]",6.942766054523248e-17,1.249000902703301e-16,"[0.9805125946607085, 0.04867983503840457, 0.022266008853638573, 0.014360214558447725, 0.007465613404938045, 0.003632196489130418, 0.00020592676522556214]"
8,8,metastable_reversible,8,"[0.9614049482882748, 0.00236972633936632, 0.0004957751502703165, 0.0002062157621646357, 5.573538351197466e-05, 1.3192851335659341e-05, 4.240583262757151e-08]",2.9398823314699345e-17,1.1102230246251565e-16,"[0.9614049482882749, 0.0023697263393662816, 0.0004957751502703113, 0.000206215762164654, 5.573538351199063e-05, 1.3192851335651333e-05, 4.240583263626379e-08]"
8,8,metastable_reversible,16,"[0.9242994745931804, 5.615602923470321e-06, 2.4579299974260147e-07, 4.252494057169562e-08, 3.1064329914561955e-09, 1.740513589514302e-10, 1.846266984994927e-15]",6.549496916313887e-17,2.220446049250313e-16,"[0.9242994745931806, 5.615602923486316e-06, 2.457929996255498e-07, 4.252494056514915e-08, 3.1064329752286775e-09, 1.7405132636459719e-10, 1.798254641574815e-15]"
8,8,directed_cycle_normal,2,"[0.81611222920257, 0.8161122292025699, 0.5266000000000002, 0.5266000000000001, 0.49000000000000005, 0.4554877707974305, 0.4554877707974304]",2.7755575615628914e-16,4.440892098500626e-16,"[0.8161122292025695, 0.8161122292025695, 0.5266, 0.5265999999999996, 0.4900000000000001, 0.4554877707974304, 0.4554877707974301]"
8,8,directed_cycle_normal,4,"[0.6660391706539875, 0.6660391706539874, 0.2773075600000001, 0.27730755999999995, 0.24009999999999992, 0.20746910934601256, 0.20746910934601237]",1.942890293094024e-16,3.885780586188048e-16,"[0.6660391706539873, 0.6660391706539873, 0.2773075599999999, 0.27730755999999956, 0.2401000000000001, 0.20746910934601248, 0.2074691093460122]"
8,8,directed_cycle_normal,8,"[0.4436081768454517, 0.4436081768454515, 0.0768994828331536, 0.07689948283315357, 0.057648010000000034, 0.04304343133282775, 0.04304343133282772]",1.5463820700136108e-16,3.885780586188048e-16,"[0.4436081768454513, 0.4436081768454513, 0.07689948283315355, 0.07689948283315337, 0.05764801000000004, 0.04304343133282768, 0.04304343133282757]"
8,8,directed_cycle_normal,16,"[0.19678821456414547, 0.19678821456414544, 0.005913530460006532, 0.005913530460006505, 0.0033232930569600952, 0.0018527369809038495, 0.0018527369809038209]",1.0368070489454239e-16,3.0531133177191805e-16,"[0.19678821456414516, 0.19678821456414516, 0.005913530460006478, 0.00591353046000645, 0.003323293056960105, 0.0018527369809038519, 0.001852736980903842]"
8,8,directed_nonnormal,2,"[0.4877934864296467, 0.36870801076467435, 0.3230166444906709, 0.28934777253586264, 0.26482705726703515, 0.20681926352073987, 0.0974434036204921]",0.013221767621208264,0.026702219802731464,"[0.5144957062323782, 0.36802264038712823, 0.34734031123199915, 0.302465739536279, 0.25161750655363624, 0.20023142526624743, 0.08951764316194777]"
8,8,directed_nonnormal,4,"[0.18992987556737168, 0.15399037428860288, 0.08939848983463128, 0.0834011167552321, 0.05715712500162441, 0.04660574890159295, 0.013856068791836006]",0.021595272231432736,0.07477595616418192,"[0.2647058317315536, 0.13544066383751352, 0.12064529180674202, 0.09148552359322815, 0.06331136960426918, 0.04009262366415284, 0.008013408437269814]"
8,8,directed_nonnormal,8,"[0.03292121722641016, 0.023860992333226055, 0.007090990144839959, 0.007053933563478966, 0.0025993021397400238, 0.002371494747466583, 0.0002674829133785566]",0.0076887306639886925,0.03714796012628341,"[0.07006917735269357, 0.01834417342074634, 0.014555286435133935, 0.008369601027127103, 0.004008329521168379, 0.0016074184722753878, 6.421471478250703e-05]"
8,8,directed_nonnormal,16,"[0.0007878295001079949, 0.0007623057643122659, 5.044027184993736e-05, 4.950960258324201e-05, 6.194269996433845e-06, 5.318460368157849e-06, 8.494754984853576e-08]",0.0006774716880747452,0.00412186011477523,"[0.004909689614883225, 0.0003365086984904165, 0.00021185636320879395, 7.005022135328708e-05, 1.606670555026993e-05, 2.5837941450121418e-06, 4.123529594598727e-09]"
8,9,reversible,2,"[0.6108163420416969, 0.5729615992867689, 0.5075549874490635, 0.42038501956824764, 0.4174992248305327, 0.4080604017576015, 0.3455712825870166]",1.9032394707859825e-16,4.440892098500626e-16,"[0.6108163420416969, 0.5729615992867686, 0.5075549874490636, 0.42038501956824753, 0.41749922483053226, 0.4080604017576013, 0.3455712825870167]"
8,9,reversible,4,"[0.3730966037051995, 0.3282849942572522, 0.25761206528441916, 0.1767235646773959, 0.17430560273409573, 0.16651329148257518, 0.11941951134883563]",2.636779683484747e-16,6.106226635438361e-16,"[0.37309660370519915, 0.3282849942572516, 0.25761206528441905, 0.17672356467739586, 0.17430560273409532, 0.16651329148257496, 0.11941951134883576]"
8,9,reversible,8,"[0.13920107569635465, 0.10777103745448405, 0.06636397618010383, 0.031231218312285716, 0.030382443144496406, 0.027726676240361053, 0.014261019690794654]",1.2415663735205433e-16,3.191891195797325e-16,"[0.13920107569635443, 0.10777103745448373, 0.06636397618010378, 0.031231218312285723, 0.03038244314449626, 0.027726676240360976, 0.014261019690794711]"
8,9,reversible,16,"[0.01937693947502226, 0.0116145965140158, 0.00440417733443342, 0.0009753889972696434, 0.0009230928514285509, 0.0007687685753377956, 0.0002033766826212227]",2.7182497324458005e-17,6.591949208711867e-17,"[0.019376939475022198, 0.011614596514015734, 0.0044041773344333825, 0.000975388997269651, 0.0009230928514285478, 0.0007687685753377978, 0.0002033766826212345]"
8,9,metastable_reversible,2,"[0.989676788871977, 0.25096724841766554, 0.16133452540943355, 0.12464161274813758, 0.06660452308105785, 0.03902583257285103, 0.022673968613241665]",1.7743742982848485e-16,5.551115123125783e-16,"[0.9896767888719764, 0.25096724841766593, 0.16133452540943352, 0.12464161274813748, 0.0666045230810578, 0.03902583257285105, 0.022673968613241762]"
8,9,metastable_reversible,4,"[0.9794601464319478, 0.06298455977833424, 0.02602882908908715, 0.015535531628456726, 0.004436162494855184, 0.0015230156080041836, 0.0005141088526742843]",2.1798659107944272e-16,1.2212453270876722e-15,"[0.9794601464319466, 0.06298455977833443, 0.02602882908908715, 0.015535531628456669, 0.004436162494855161, 0.0015230156080042016, 0.0005141088526742725]"
8,9,metastable_reversible,8,"[0.959342178448493, 0.003967054770470549, 0.0006774999437489134, 0.00024135274297877672, 1.9679537680761916e-05, 2.3195765422300703e-06, 2.6430791239635685e-07]",4.1938296040734335e-16,2.886579864025407e-15,"[0.9593421784484901, 0.003967054770470583, 0.0006774999437489095, 0.0002413527429787775, 1.967953768075956e-05, 2.319576542224408e-06, 2.643079123980569e-07]"
8,9,metastable_reversible,16,"[0.9203374153503002, 1.5737523551832244e-05, 4.590061737833543e-07, 5.8251146532130334e-08, 3.872842308501694e-10, 5.380467750295247e-12, 6.990768819577617e-14]",8.22295525746776e-16,5.551115123125783e-15,"[0.9203374153502947, 1.5737523551913417e-05, 4.5900617377977553e-07, 5.825114654337983e-08, 3.8728420332843543e-10, 5.380435335237741e-12, 6.985867255621892e-14]"
8,9,directed_cycle_normal,2,"[0.81611222920257, 0.8161122292025699, 0.5266000000000002, 0.5266000000000001, 0.49000000000000005, 0.4554877707974305, 0.4554877707974304]",2.7755575615628914e-16,4.440892098500626e-16,"[0.8161122292025695, 0.8161122292025695, 0.5266, 0.5265999999999996, 0.4900000000000001, 0.4554877707974304, 0.4554877707974301]"
8,9,directed_cycle_normal,4,"[0.6660391706539875, 0.6660391706539874, 0.2773075600000001, 0.27730755999999995, 0.24009999999999992, 0.20746910934601256, 0.20746910934601237]",1.942890293094024e-16,3.885780586188048e-16,"[0.6660391706539873, 0.6660391706539873, 0.2773075599999999, 0.27730755999999956, 0.2401000000000001, 0.20746910934601248, 0.2074691093460122]"
8,9,directed_cycle_normal,8,"[0.4436081768454517, 0.4436081768454515, 0.0768994828331536, 0.07689948283315357, 0.057648010000000034, 0.04304343133282775, 0.04304343133282772]",1.5463820700136108e-16,3.885780586188048e-16,"[0.4436081768454513, 0.4436081768454513, 0.07689948283315355, 0.07689948283315337, 0.05764801000000004, 0.04304343133282768, 0.04304343133282757]"
8,9,directed_cycle_normal,16,"[0.19678821456414547, 0.19678821456414544, 0.005913530460006532, 0.005913530460006505, 0.0033232930569600952, 0.0018527369809038495, 0.0018527369809038209]",1.0368070489454239e-16,3.0531133177191805e-16,"[0.19678821456414516, 0.19678821456414516, 0.005913530460006478, 0.00591353046000645, 0.003323293056960105, 0.0018527369809038519, 0.001852736980903842]"
8,9,directed_nonnormal,2,"[0.5651280303232847, 0.40283772123525446, 0.38051077025499946, 0.3425528878058781, 0.3071669986861437, 0.22935809168862809, 0.11270795451252398]",0.031135693619605803,0.08228180876600827,"[0.5987963071159761, 0.48511953000126273, 0.40676878107009706, 0.3238855204382563, 0.2794696455311582, 0.20547367214448972, 0.10721533561582626]"
8,9,directed_nonnormal,4,"[0.24951700000394442, 0.18165683762083554, 0.1333068020963811, 0.12284899566624621, 0.07096499967513574, 0.06557307703438289, 0.016072518396346745]",0.03541352329232909,0.10904001741178596,"[0.3585570174157304, 0.23534095838864608, 0.16546084125325253, 0.10490183034956015, 0.07810328277331122, 0.042219429944541254, 0.011495128191214263]"
8,9,directed_nonnormal,8,"[0.05369938981667764, 0.034209364706061486, 0.016302977231051105, 0.015038590063515303, 0.005154471065138471, 0.004251710915993748, 0.00031226462193393245]",0.016391894962343508,0.07486374492138671,"[0.12856313473806436, 0.05538536669528644, 0.02737728998823404, 0.0110043940106879, 0.006100122779967813, 0.001782480264842027, 0.00013213797213244892]"
8,9,directed_nonnormal,16,"[0.0018591580329745867, 0.0017847800939569248, 0.0002584642202368835, 0.00022706867024553749, 2.1839283782946922e-05, 2.0691978358094093e-05, 1.0794908497927051e-07]",0.0023688687922194507,0.014669321580703108,"[0.016528479613677694, 0.0030675388439713445, 0.0007495160070998596, 0.00012109668754246368, 3.7211497930682234e-05, 3.1772358945513022e-06, 1.746044367927585e-08]"
8,10,reversible,2,"[0.6335804512911116, 0.5537279447428446, 0.4856216525701031, 0.4490791109504566, 0.40613630814968255, 0.36747100789726894, 0.34012110096530646]",1.1102230246251565e-16,2.7755575615628914e-16,"[0.6335804512911115, 0.5537279447428446, 0.48562165257010337, 0.44907911095045655, 0.40613630814968266, 0.36747100789726883, 0.34012110096530634]"
8,10,reversible,4,"[0.40142418825824916, 0.306614636789135, 0.23582838944491802, 0.20167204789205265, 0.16494670079745394, 0.13503494164503474, 0.11568236332185225]",2.101493582326189e-16,6.106226635438361e-16,"[0.40142418825824855, 0.30661463678913475, 0.23582838944491819, 0.20167204789205245, 0.16494670079745397, 0.13503494164503463, 0.11568236332185211]"
8,10,reversible,8,"[0.16114137891879424, 0.09401253549333315, 0.0556150292681839, 0.04067161490097436, 0.02720741410396482, 0.018234435465077952, 0.013382409183728987]",1.1350047885676824e-16,4.440892098500626e-16,"[0.1611413789187938, 0.09401253549333302, 0.05561502926818399, 0.0406716149009743, 0.0272074141039648, 0.018234435465077907, 0.013382409183728997]"
8,10,reversible,16,"[0.02596654399985044, 0.008838356829885229, 0.0030930314805009585, 0.001654180258653144, 0.0007402433822246339, 0.000332494636730108, 0.00017908887556074981]",3.3769025522307444e-17,1.6306400674181987e-16,"[0.025966543999850277, 0.008838356829885203, 0.0030930314805009624, 0.0016541802586531548, 0.0007402433822246228, 0.00033249463673009087, 0.00017908887556075418]"
8,10,metastable_reversible,2,"[0.989807285063329, 0.1172388540761193, 0.09498361355205966, 0.06638587259463694, 0.05780639636858716, 0.02661063588058596, 0.023218372612927116]",1.3233461945308787e-16,3.3306690738754696e-16,"[0.9898072850633287, 0.11723885407611945, 0.09498361355205963, 0.06638587259463692, 0.05780639636858704, 0.026610635880586018, 0.023218372612926894]"
8,10,metastable_reversible,4,"[0.9797184615644385, 0.013744948905081607, 0.009021886843407084, 0.004407084080151392, 0.003341579461122261, 0.0007081259419691293, 0.0005390928267926988]",1.573177352276467e-16,8.881784197001252e-16,"[0.9797184615644376, 0.01374494890508163, 0.009021886843407005, 0.004407084080151365, 0.003341579461122193, 0.000708125941969132, 0.0005390928267927135]"
8,10,metastable_reversible,8,"[0.9598482639301897, 0.0001889236204033315, 8.13944422152085e-05, 1.942239008951675e-05, 1.1166153294991434e-05, 5.01442349670412e-07, 2.906210758493019e-07]",2.09921264360394e-16,1.3322676295501878e-15,"[0.9598482639301884, 0.00018892362040330468, 8.139444221524043e-05, 1.94223900895236e-05, 1.1166153294993686e-05, 5.014423496896705e-07, 2.906210758993587e-07]"
8,10,metastable_reversible,16,"[0.9213086897697987, 3.569213431602065e-08, 6.625055261453623e-09, 3.7722926344919045e-10, 1.2468295160996175e-10, 2.5142750483298977e-13, 8.453182309869155e-14]",3.1559881949731905e-16,1.9984014443252818e-15,"[0.9213086897697967, 3.569213434629196e-08, 6.6250552235301145e-09, 3.772292367896246e-10, 1.2468297940729833e-10, 2.5144443006229776e-13, 8.44606097569008e-14]"
8,10,directed_cycle_normal,2,"[0.81611222920257, 0.8161122292025699, 0.5266000000000002, 0.5266000000000001, 0.49000000000000005, 0.4554877707974305, 0.4554877707974304]",2.7755575615628914e-16,4.440892098500626e-16,"[0.8161122292025695, 0.8161122292025695, 0.5266, 0.5265999999999996, 0.4900000000000001, 0.4554877707974304, 0.4554877707974301]"
8,10,directed_cycle_normal,4,"[0.6660391706539875, 0.6660391706539874, 0.2773075600000001, 0.27730755999999995, 0.24009999999999992, 0.20746910934601256, 0.20746910934601237]",1.942890293094024e-16,3.885780586188048e-16,"[0.6660391706539873, 0.6660391706539873, 0.2773075599999999, 0.27730755999999956, 0.2401000000000001, 0.20746910934601248, 0.2074691093460122]"
8,10,directed_cycle_normal,8,"[0.4436081768454517, 0.4436081768454515, 0.0768994828331536, 0.07689948283315357, 0.057648010000000034, 0.04304343133282775, 0.04304343133282772]",1.5463820700136108e-16,3.885780586188048e-16,"[0.4436081768454513, 0.4436081768454513, 0.07689948283315355, 0.07689948283315337, 0.05764801000000004, 0.04304343133282768, 0.04304343133282757]"
8,10,directed_cycle_normal,16,"[0.19678821456414547, 0.19678821456414544, 0.005913530460006532, 0.005913530460006505, 0.0033232930569600952, 0.0018527369809038495, 0.0018527369809038209]",1.0368070489454239e-16,3.0531133177191805e-16,"[0.19678821456414516, 0.19678821456414516, 0.005913530460006478, 0.00591353046000645, 0.003323293056960105, 0.0018527369809038519, 0.001852736980903842]"
8,10,directed_nonnormal,2,"[0.4660375221256011, 0.40185110977206046, 0.28959756938138775, 0.2457922766093364, 0.20392073908328884, 0.1983415692617262, 0.11586602107695826]",0.022845160400925112,0.06113552718424392,"[0.49968982319867983, 0.41580335353945347, 0.3507330965656317, 0.2274210543093038, 0.20163430551404246, 0.17959537203473744, 0.10409382339146582]"
8,10,directed_nonnormal,4,"[0.17940515888430694, 0.16767116343808633, 0.07967235550449872, 0.0625256195374596, 0.04323106456449602, 0.03440195689186946, 0.01751147903088557]",0.020150106374212006,0.07028476052402094,"[0.24968991940832788, 0.17289242881465575, 0.12301370502651672, 0.0517203359431553, 0.040656393160130214, 0.03225449765629575, 0.010835524068253678]"
8,10,directed_nonnormal,8,"[0.030354667768281218, 0.027078132708496117, 0.005665162603262886, 0.0045743960367480895, 0.0015264005605824837, 0.0013290035550531313, 0.00035248183972288837]",0.00668870359494927,0.03199038808585605,"[0.06234505585413727, 0.029891791941430802, 0.015132371624350863, 0.0026749931500728427, 0.001652942304791083, 0.001040352619059988, 0.00011740858183370472]"
8,10,directed_nonnormal,16,"[0.000818111843717146, 0.000789939671960038, 2.946898508981371e-05, 2.3001233050836986e-05, 2.1207938294139107e-06, 1.8501135769909102e-06, 1.3496580317713287e-07]",0.0004841770593286135,0.0030687941457383503,"[0.0038869059894554962, 0.0008935192254697874, 0.0002289886709774592, 7.155588352936629e-06, 2.732218262968057e-06, 1.0823335719849762e-06, 1.3784775088201738e-08]"
8,11,reversible,2,"[0.5524782565148302, 0.506449371852748, 0.4830498728996101, 0.4473218898238707, 0.4279093542140097, 0.38868876663531393, 0.3434088977540895]",1.5067312477055697e-16,3.3306690738754696e-16,"[0.5524782565148302, 0.5064493718527481, 0.4830498728996099, 0.44732188982387056, 0.42790935421400955, 0.3886887666353136, 0.34340889775408945]"
8,11,reversible,4,"[0.3052322239216665, 0.2564909662500429, 0.2333371797083295, 0.20009687311559907, 0.18310641542385087, 0.15107895730848145, 0.11792967105667874]",1.2886517250113425e-16,2.7755575615628914e-16,"[0.30523222392166643, 0.25649096625004303, 0.23333717970832923, 0.200096873115599, 0.1831064154238507, 0.15107895730848128, 0.11792967105667868]"
8,11,reversible,8,"[0.09316671052016637, 0.06578761576788072, 0.054446239434237265, 0.04003875863064017, 0.03352795936937188, 0.022824851341417964, 0.013907407315536465]",5.650242178895886e-17,1.3183898417423734e-16,"[0.09316671052016633, 0.06578761576788072, 0.05444623943423713, 0.04003875863064013, 0.03352795936937179, 0.022824851341417905, 0.013907407315536434]"
8,11,reversible,16,"[0.008680035949148499, 0.004328010388422322, 0.0029643929885303046, 0.0016031021926826547, 0.0011241240594742088, 0.0005209738387578325, 0.0001934159782402164]",1.9035492428352643e-17,3.686287386450715e-17,"[0.008680035949148472, 0.004328010388422308, 0.0029643929885302786, 0.0016031021926826595, 0.0011241240594742456, 0.0005209738387578267, 0.00019341597824023635]"
8,11,metastable_reversible,2,"[0.9888186680787812, 0.2645277333361405, 0.12627411111434095, 0.08909612549641126, 0.0672626894263162, 0.04555328101221064, 0.02281288626588936]",3.0729387288732013e-17,5.551115123125783e-17,"[0.9888186680787812, 0.26452773333614055, 0.12627411111434092, 0.08909612549641129, 0.06726268942631619, 0.04555328101221059, 0.022812886265889325]"
8,11,metastable_reversible,4,"[0.9777623583410953, 0.0699749217039563, 0.01594515113771693, 0.00793811957847229, 0.004524269388861032, 0.0020751014109774203, 0.000520427779780384]",8.103636809205942e-17,4.440892098500626e-16,"[0.9777623583410948, 0.06997492170395628, 0.015945151137716915, 0.007938119578472269, 0.004524269388861069, 0.002075101410977426, 0.0005204277797804018]"
8,11,metastable_reversible,8,"[0.9560192293887404, 0.004896489667474872, 0.0002542478448046561, 6.3013742442124e-05, 2.0469013502996095e-05, 4.306045865819608e-06, 2.708450739338916e-07]",1.6380401102595326e-16,9.992007221626409e-16,"[0.9560192293887394, 0.004896489667474811, 0.0002542478448046351, 6.301374244212473e-05, 2.046901350298531e-05, 4.306045865840504e-06, 2.708450739671584e-07]"
8,11,metastable_reversible,16,"[0.9139727669610413, 2.397561106369107e-05, 6.464196661539307e-08, 3.970731719201401e-09, 4.189804530821662e-10, 1.8542040444127384e-11, 7.334219976416454e-14]",3.362687046526749e-16,2.220446049250313e-15,"[0.9139727669610391, 2.397561106368759e-05, 6.46419665878018e-08, 3.970731736562433e-09, 4.1898051378539493e-10, 1.8542030998722094e-11, 7.33570540922755e-14]"
8,11,directed_cycle_normal,2,"[0.81611222920257, 0.8161122292025699, 0.5266000000000002, 0.5266000000000001, 0.49000000000000005, 0.4554877707974305, 0.4554877707974304]",2.7755575615628914e-16,4.440892098500626e-16,"[0.8161122292025695, 0.8161122292025695, 0.5266, 0.5265999999999996, 0.4900000000000001, 0.4554877707974304, 0.4554877707974301]"
8,11,directed_cycle_normal,4,"[0.6660391706539875, 0.6660391706539874, 0.2773075600000001, 0.27730755999999995, 0.24009999999999992, 0.20746910934601256, 0.20746910934601237]",1.942890293094024e-16,3.885780586188048e-16,"[0.6660391706539873, 0.6660391706539873, 0.2773075599999999, 0.27730755999999956, 0.2401000000000001, 0.20746910934601248, 0.2074691093460122]"
8,11,directed_cycle_normal,8,"[0.4436081768454517, 0.4436081768454515, 0.0768994828331536, 0.07689948283315357, 0.057648010000000034, 0.04304343133282775, 0.04304343133282772]",1.5463820700136108e-16,3.885780586188048e-16,"[0.4436081768454513, 0.4436081768454513, 0.07689948283315355, 0.07689948283315337, 0.05764801000000004, 0.04304343133282768, 0.04304343133282757]"
8,11,directed_cycle_normal,16,"[0.19678821456414547, 0.19678821456414544, 0.005913530460006532, 0.005913530460006505, 0.0033232930569600952, 0.0018527369809038495, 0.0018527369809038209]",1.0368070489454239e-16,3.0531133177191805e-16,"[0.19678821456414516, 0.19678821456414516, 0.005913530460006478, 0.00591353046000645, 0.003323293056960105, 0.0018527369809038519, 0.001852736980903842]"
8,11,directed_nonnormal,2,"[0.47680124480179836, 0.45738775071268517, 0.3338994340165524, 0.3291100027975367, 0.20663497232420383, 0.16532272284492314, 0.06262895452509226]",0.038133196693227824,0.0990796834001485,"[0.496304805104114, 0.4621585694926848, 0.4329791174167009, 0.284024252464877, 0.2608292172060041, 0.13007733418283934, 0.05357602403150505]"
8,11,directed_nonnormal,4,"[0.21751325955228035, 0.21268785140131125, 0.0984957550049146, 0.08764481238793577, 0.035851362014499684, 0.028489234853898447, 0.006444983822838966]",0.02471176049664231,0.08897516111403066,"[0.2463184595694326, 0.2135905433555248, 0.18747091611894526, 0.08066977598823219, 0.06803188054829688, 0.016920112868114068, 0.0028703903510244066]"
8,11,directed_nonnormal,8,"[0.04654613710507516, 0.04495579764430324, 0.006236496976266684, 0.0059363517764159145, 0.001364455449511849, 0.001245911029372204, 5.247890505985957e-05]",0.006934231325370668,0.028908847414209928,"[0.06067278352465821, 0.045620920210908314, 0.03514534439047661, 0.006507612757991563, 0.004628336770937735, 0.0002862902194697193, 8.239140767254016e-06]"
8,11,directed_nonnormal,16,"[0.0020857198392221616, 0.002078455724564983, 3.63621718217847e-05, 3.460435249827415e-05, 1.6416799276719366e-06, 1.5451667615842933e-06, 3.4520777308216968e-09]",0.00040372908567853276,0.0015954668214078751,"[0.0036811866606300367, 0.002081268360890063, 0.0012351952323252059, 4.234902380797456e-05, 2.142150126521434e-05, 8.196208976402002e-08, 6.788344058262709e-11]"
8,12,reversible,2,"[0.5767999748439309, 0.4864831120578406, 0.47515444596927126, 0.4223841654141126, 0.38078880995621006, 0.3782748463927318, 0.3500249845598652]",1.2688263138573217e-16,2.7755575615628914e-16,"[0.5767999748439308, 0.4864831120578408, 0.4751544459692711, 0.4223841654141125, 0.38078880995621, 0.3782748463927315, 0.3500249845598652]"
8,12,reversible,4,"[0.332698210979959, 0.23666581831748146, 0.225771747524365, 0.17840838319257646, 0.14500011778786656, 0.14309185941344482, 0.12251748981613382]",1.030921380009074e-16,1.942890293094024e-16,"[0.3326982109799591, 0.23666581831748165, 0.225771747524365, 0.17840838319257635, 0.14500011778786662, 0.14309185941344463, 0.12251748981613388]"
8,12,reversible,8,"[0.1106880995892653, 0.056010709559883166, 0.050972881980205643, 0.03182955119338918, 0.021025034158495173, 0.020475280230397037, 0.01501053531084647]",3.642919299551295e-17,6.938893903907228e-17,"[0.11068809958926537, 0.056010709559883236, 0.0509728819802056, 0.031829551193389156, 0.02102503415849519, 0.020475280230397002, 0.015010535310846469]"
8,12,reversible,16,"[0.01225185539068312, 0.0031371995854015977, 0.0025982346973679677, 0.001013120329172611, 0.00044205206136590234, 0.0004192371005133051, 0.00022531617031817483]",1.1484798727114308e-17,3.0140820395097023e-17,"[0.012251855390683129, 0.003137199585401595, 0.002598234697367969, 0.0010131203291725809, 0.0004420520613658896, 0.00041923710051328626, 0.0002253161703181687]"
8,12,metastable_reversible,2,"[0.9894537132811112, 0.3129889178858204, 0.23824937758267245, 0.15253493292891535, 0.0806061344391531, 0.07502279110513177, 0.025628460306719964]",8.17798210103352e-17,1.6653345369377348e-16,"[0.9894537132811111, 0.31298891788582023, 0.2382493775826724, 0.15253493292891535, 0.080606134439153, 0.07502279110513183, 0.02562846030672005]"
8,12,metastable_reversible,4,"[0.9790186507257792, 0.09796206271933683, 0.056762765918530814, 0.023266905763628793, 0.006497348909222911, 0.005628419185204208, 0.0006568179776930981]",5.29245546197567e-17,1.0321604682062002e-16,"[0.9790186507257792, 0.09796206271933673, 0.0567627659185308, 0.023266905763628703, 0.006497348909222808, 0.005628419185204247, 0.0006568179776931251]"
8,12,metastable_reversible,8,"[0.9584775184689257, 0.009596565732227245, 0.003222011594721934, 0.0005413489038135175, 4.2215542848190934e-05, 3.167910252438822e-05, 4.3140985588267967e-07]",1.0458585791500784e-16,5.551115123125783e-16,"[0.9584775184689251, 0.009596565732227263, 0.003222011594721922, 0.0005413489038135785, 4.221554284817882e-05, 3.167910252437524e-05, 4.3140985582088665e-07]"
8,12,metastable_reversible,16,"[0.9186791534103497, 9.209407385292862e-05, 1.038135871653736e-05, 2.9305863567240586e-07, 1.7821520611248413e-09, 1.0035655503587568e-09, 1.86126684518592e-13]",1.3917584041504946e-16,8.881784197001252e-16,"[0.9186791534103488, 9.209407385295858e-05, 1.0381358716522502e-05, 2.930586356601631e-07, 1.7821520579664215e-09, 1.0035655367498776e-09, 1.861144636993982e-13]"
8,12,directed_cycle_normal,2,"[0.81611222920257, 0.8161122292025699, 0.5266000000000002, 0.5266000000000001, 0.49000000000000005, 0.4554877707974305, 0.4554877707974304]",2.7755575615628914e-16,4.440892098500626e-16,"[0.8161122292025695, 0.8161122292025695, 0.5266, 0.5265999999999996, 0.4900000000000001, 0.4554877707974304, 0.4554877707974301]"
8,12,directed_cycle_normal,4,"[0.6660391706539875, 0.6660391706539874, 0.2773075600000001, 0.27730755999999995, 0.24009999999999992, 0.20746910934601256, 0.20746910934601237]",1.942890293094024e-16,3.885780586188048e-16,"[0.6660391706539873, 0.6660391706539873, 0.2773075599999999, 0.27730755999999956, 0.2401000000000001, 0.20746910934601248, 0.2074691093460122]"
8,12,directed_cycle_normal,8,"[0.4436081768454517, 0.4436081768454515, 0.0768994828331536, 0.07689948283315357, 0.057648010000000034, 0.04304343133282775, 0.04304343133282772]",1.5463820700136108e-16,3.885780586188048e-16,"[0.4436081768454513, 0.4436081768454513, 0.07689948283315355, 0.07689948283315337, 0.05764801000000004, 0.04304343133282768, 0.04304343133282757]"
8,12,directed_cycle_normal,16,"[0.19678821456414547, 0.19678821456414544, 0.005913530460006532, 0.005913530460006505, 0.0033232930569600952, 0.0018527369809038495, 0.0018527369809038209]",1.0368070489454239e-16,3.0531133177191805e-16,"[0.19678821456414516, 0.19678821456414516, 0.005913530460006478, 0.00591353046000645, 0.003323293056960105, 0.0018527369809038519, 0.001852736980903842]"
8,12,directed_nonnormal,2,"[0.5232929078296816, 0.4803955051018363, 0.3550926275690778, 0.31479572250563853, 0.26484468988793797, 0.22510754572925082, 0.12847994794867165]",0.015662007947037135,0.032549142809340736,"[0.5296206884012028, 0.495554191843053, 0.3876417703784185, 0.3405896140211249, 0.2595681986672625, 0.22055647132955383, 0.10850295957734914]"
8,12,directed_nonnormal,4,"[0.257654414959967, 0.22843235571968434, 0.1123605114558092, 0.10212972990359646, 0.06278292908777407, 0.040248899704512876, 0.027145959072203664]",0.01716064153792662,0.037905630686305355,"[0.28049807358256396, 0.24557395705322138, 0.15026614214211456, 0.11600128517905886, 0.06737564975936744, 0.0486451570453443, 0.01177289223704386]"
8,12,directed_nonnormal,8,"[0.05966349960504018, 0.05188414133175953, 0.011711694827258062, 0.011080526930697266, 0.0027731784978522636, 0.001886988728720669, 0.0010210643161850156]",0.0062586017416385075,0.019015669678489278,"[0.07867916928352946, 0.06030656838277742, 0.02257991347427418, 0.01345629816319334, 0.00453947818049695, 0.0023663513039662103, 0.00013860099162504757]"
8,12,directed_nonnormal,16,"[0.003155300580978074, 0.0029943694064252257, 0.00013362734477297887, 0.00012487970124225637, 5.051463804917742e-06, 4.638499446057721e-06, 1.2471521393365472e-06]",0.0005896836782707571,0.00303511109816821,"[0.006190411679146284, 0.003636882190106609, 0.0005098524925057085, 0.00018107196025676046, 2.0606862151207904e-05, 5.599618493782584e-06, 1.9210234879446506e-08]"
8,13,reversible,2,"[0.5826783987853671, 0.5503626972009145, 0.47244109516669336, 0.44254451426761116, 0.3853321021685237, 0.3679418958068377, 0.34843382050043886]",1.3481279584734043e-16,4.440892098500626e-16,"[0.5826783987853675, 0.5503626972009145, 0.4724410951666936, 0.4425445142676111, 0.3853321021685238, 0.3679418958068378, 0.3484338205004389]"
8,13,reversible,4,"[0.3395141164110794, 0.30289909847026547, 0.22320058840230478, 0.19584564710835586, 0.14848082896161358, 0.13538123868992985, 0.12140612726853206]",9.317943242389707e-17,3.885780586188048e-16,"[0.3395141164110798, 0.3028990984702655, 0.22320058840230483, 0.19584564710835584, 0.14848082896161366, 0.13538123868992985, 0.1214061272685321]"
8,13,reversible,8,"[0.115269835242396, 0.0917478638540996, 0.049818502663135075, 0.038355517491290646, 0.022046556569127934, 0.018328079789219756, 0.014739447738343021]",4.7828804409074827e-17,2.636779683484747e-16,"[0.11526983524239626, 0.0917478638540996, 0.049818502663135096, 0.038355517491290646, 0.022046556569127972, 0.01832807978921976, 0.014739447738343013]"
8,13,reversible,16,"[0.013287134916809124, 0.008417670521790425, 0.0024818832075967764, 0.001471145722024731, 0.00048605065655576773, 0.00033591850875998525, 0.0002172513196313342]",2.4708193080821442e-17,5.377642775528102e-17,"[0.013287134916809178, 0.008417670521790396, 0.0024818832075967985, 0.0014711457220247027, 0.0004860506565557597, 0.00033591850876000585, 0.00021725131963134495]"
8,13,metastable_reversible,2,"[0.9891325232870083, 0.21607063241273697, 0.16867847714891804, 0.07894402566645325, 0.04151970781545261, 0.024265647686348625, 0.0025290135185344923]",1.0947344221610779e-16,2.7755575615628914e-16,"[0.9891325232870081, 0.21607063241273725, 0.16867847714891812, 0.07894402566645335, 0.04151970781545261, 0.02426564768634864, 0.00252901351853442]"
8,13,metastable_reversible,4,"[0.9783831486241241, 0.04668651819124022, 0.028452428653278135, 0.006232159188425562, 0.0017238861370805422, 0.0005888216576379879, 6.395909376911896e-06]",1.04541169364246e-16,5.551115123125783e-16,"[0.9783831486241236, 0.046686518191240214, 0.02845242865327809, 0.006232159188425645, 0.0017238861370805565, 0.000588821657637997, 6.395909376929846e-06]"
8,13,metastable_reversible,8,"[0.9572335855116552, 0.0021796309808209875, 0.0008095406962698665, 3.8839808149914426e-05, 2.9717834136417286e-06, 3.4671094450992654e-07, 4.090769090493084e-11]",2.088468196454955e-16,1.3322676295501878e-15,"[0.9572335855116538, 0.0021796309808210035, 0.0008095406962698802, 3.883980814987819e-05, 2.9717834136185233e-06, 3.467109445035586e-07, 4.090765675789913e-11]"
8,13,metastable_reversible,16,"[0.9162961372314994, 4.750791212533577e-06, 6.553561389265897e-07, 1.5085306895561638e-09, 8.831488897426987e-12, 1.2021946218901085e-13, 5.24873838980342e-17]",4.1213856873389337e-16,2.7755575615628914e-15,"[0.9162961372314966, 4.75079121255473e-06, 6.553561389171223e-07, 1.5085306971193443e-09, 8.831496657458162e-12, 1.2020847903854968e-13, 1.6734363814220906e-21]"
8,13,directed_cycle_normal,2,"[0.81611222920257, 0.8161122292025699, 0.5266000000000002, 0.5266000000000001, 0.49000000000000005, 0.4554877707974305, 0.4554877707974304]",2.7755575615628914e-16,4.440892098500626e-16,"[0.8161122292025695, 0.8161122292025695, 0.5266, 0.5265999999999996, 0.4900000000000001, 0.4554877707974304, 0.4554877707974301]"
8,13,directed_cycle_normal,4,"[0.6660391706539875, 0.6660391706539874, 0.2773075600000001, 0.27730755999999995, 0.24009999999999992, 0.20746910934601256, 0.20746910934601237]",1.942890293094024e-16,3.885780586188048e-16,"[0.6660391706539873, 0.6660391706539873, 0.2773075599999999, 0.27730755999999956, 0.2401000000000001, 0.20746910934601248, 0.2074691093460122]"
8,13,directed_cycle_normal,8,"[0.4436081768454517, 0.4436081768454515, 0.0768994828331536, 0.07689948283315357, 0.057648010000000034, 0.04304343133282775, 0.04304343133282772]",1.5463820700136108e-16,3.885780586188048e-16,"[0.4436081768454513, 0.4436081768454513, 0.07689948283315355, 0.07689948283315337, 0.05764801000000004, 0.04304343133282768, 0.04304343133282757]"
8,13,directed_cycle_normal,16,"[0.19678821456414547, 0.19678821456414544, 0.005913530460006532, 0.005913530460006505, 0.0033232930569600952, 0.0018527369809038495, 0.0018527369809038209]",1.0368070489454239e-16,3.0531133177191805e-16,"[0.19678821456414516, 0.19678821456414516, 0.005913530460006478, 0.00591353046000645, 0.003323293056960105, 0.0018527369809038519, 0.001852736980903842]"
8,13,directed_nonnormal,2,"[0.4837378363482219, 0.4053124600761645, 0.36752989755458665, 0.27971037959027056, 0.27104196898150285, 0.18488173119360746, 0.10150368545901835]",0.030958480161947955,0.04702524324264645,"[0.5307630795908683, 0.4332435178601891, 0.3994434057845542, 0.3247238335240035, 0.24401033948048445, 0.16121243281769704, 0.08737851539268303]"
8,13,directed_nonnormal,4,"[0.19670004581420375, 0.1632430626341443, 0.10670969259590525, 0.08863590984982028, 0.05152694306244476, 0.04286398079752223, 0.015669227821712588]",0.03029202027097302,0.08500940084257874,"[0.2817094466567825, 0.187699945767872, 0.15955503442476401, 0.10544556805852474, 0.05954104577338126, 0.025989448495000476, 0.007635004952229346]"
8,13,directed_nonnormal,8,"[0.03049534470606052, 0.023936017872357086, 0.011120389088835992, 0.009275891695935474, 0.0023291240983812664, 0.0016415780018449511, 0.0003837419156676792]",0.011264000380634367,0.04886486762961004,"[0.07936021233567056, 0.03523126964126209, 0.025457809010287626, 0.011118767823184975, 0.0035451361317878826, 0.0006754514330742826, 5.829330062056664e-05]"
8,13,directed_nonnormal,16,"[0.0007333271689772353, 0.0006934105248933745, 0.00011297140964005052, 9.442997844355448e-05, 3.7406276294736536e-06, 3.167056586221869e-06, 1.8990746601579937e-07]",0.0009555140445603324,0.005564716132985483,"[0.006298043301962718, 0.0012412423605353156, 0.0006481000396042819, 0.00012362699790589352, 1.2567990192907952e-05, 4.5623463844210206e-07, 3.3981088972397546e-09]"
8,14,reversible,2,"[0.5600738486392833, 0.5193945437180763, 0.49493787885263696, 0.44848291878361574, 0.4184741696198921, 0.36487743745917545, 0.35313930757455964]",1.8239378261699e-16,4.440892098500626e-16,"[0.5600738486392838, 0.519394543718076, 0.49493787885263724, 0.4484829187836156, 0.418474169619892, 0.3648774374591755, 0.3531393075745597]"
8,14,reversible,4,"[0.3136827159296187, 0.2697706920441085, 0.24496350392314736, 0.2011369284406712, 0.17512063063905808, 0.1331355443667745, 0.12470737055423939]",2.042017348864127e-16,6.661338147750939e-16,"[0.3136827159296194, 0.26977069204410836, 0.24496350392314784, 0.2011369284406712, 0.17512063063905814, 0.13313554436677452, 0.12470737055423949]"
8,14,reversible,8,"[0.09839684627298181, 0.07277622628595719, 0.06000711825430585, 0.040456063982547676, 0.03066723527542139, 0.01772507317383737, 0.01555192827055236]",1.184568316452734e-16,4.718447854656915e-16,"[0.09839684627298229, 0.07277622628595715, 0.06000711825430607, 0.04045606398254768, 0.030667235275421426, 0.01772507317383739, 0.015551928270552398]"
8,14,reversible,16,"[0.009681939356468825, 0.005296379112424854, 0.0036008542411862564, 0.0016366931129599938, 0.0009404793194380933, 0.0003141782190178768, 0.00024186247293242263]",2.6040212892732203e-17,8.153200337090993e-17,"[0.009681939356468907, 0.005296379112424841, 0.003600854241186272, 0.0016366931129599917, 0.0009404793194380522, 0.0003141782190178899, 0.00024186247293240688]"
8,14,metastable_reversible,2,"[0.9907787744820903, 0.17726378412815783, 0.08989010864990778, 0.089837165631306, 0.06571587668094882, 0.01481311484810885, 0.008710731952544806]",8.227545628918571e-17,2.220446049250313e-16,"[0.9907787744820905, 0.17726378412815788, 0.08989010864990779, 0.08983716563130588, 0.06571587668094869, 0.014813114848108858, 0.00871073195254478]"
8,14,metastable_reversible,4,"[0.9816425799642328, 0.03142244916343414, 0.008080231633092265, 0.008070716328666624, 0.00431857644794574, 0.000219428371503274, 7.587685114911445e-05]",8.152813122029391e-17,3.3306690738754696e-16,"[0.9816425799642331, 0.03142244916343415, 0.008080231633092226, 0.008070716328666686, 0.004318576447945657, 0.0002194283715032631, 7.58768511490846e-05]"
8,14,metastable_reversible,8,"[0.9636221547988357, 0.000987370311428635, 6.529014324442758e-05, 6.513646205780849e-05, 1.8650102536680704e-05, 4.814881027601594e-08, 5.757296509708582e-09]",4.3319515799200334e-17,1.1102230246251565e-16,"[0.9636221547988358, 0.0009873703114286038, 6.529014324442428e-05, 6.513646205780706e-05, 1.865010253675093e-05, 4.814881022057405e-08, 5.757296540300341e-09]"
8,14,metastable_reversible,16,"[0.9285676572191509, 9.749001318842398e-07, 4.262802804385337e-09, 4.242758715559398e-09, 3.478262815974957e-10, 2.305951937801265e-15, 3.384307706580985e-17]",9.203135186268183e-17,5.551115123125783e-16,"[0.9285676572191515, 9.74900131890618e-07, 4.2628028048774406e-09, 4.242758689408139e-09, 3.478263246313234e-10, 2.318307925656856e-15, 3.314646345295428e-17]"
8,14,directed_cycle_normal,2,"[0.81611222920257, 0.8161122292025699, 0.5266000000000002, 0.5266000000000001, 0.49000000000000005, 0.4554877707974305, 0.4554877707974304]",2.7755575615628914e-16,4.440892098500626e-16,"[0.8161122292025695, 0.8161122292025695, 0.5266, 0.5265999999999996, 0.4900000000000001, 0.4554877707974304, 0.4554877707974301]"
8,14,directed_cycle_normal,4,"[0.6660391706539875, 0.6660391706539874, 0.2773075600000001, 0.27730755999999995, 0.24009999999999992, 0.20746910934601256, 0.20746910934601237]",1.942890293094024e-16,3.885780586188048e-16,"[0.6660391706539873, 0.6660391706539873, 0.2773075599999999, 0.27730755999999956, 0.2401000000000001, 0.20746910934601248, 0.2074691093460122]"
8,14,directed_cycle_normal,8,"[0.4436081768454517, 0.4436081768454515, 0.0768994828331536, 0.07689948283315357, 0.057648010000000034, 0.04304343133282775, 0.04304343133282772]",1.5463820700136108e-16,3.885780586188048e-16,"[0.4436081768454513, 0.4436081768454513, 0.07689948283315355, 0.07689948283315337, 0.05764801000000004, 0.04304343133282768, 0.04304343133282757]"
8,14,directed_cycle_normal,16,"[0.19678821456414547, 0.19678821456414544, 0.005913530460006532, 0.005913530460006505, 0.0033232930569600952, 0.0018527369809038495, 0.0018527369809038209]",1.0368070489454239e-16,3.0531133177191805e-16,"[0.19678821456414516, 0.19678821456414516, 0.005913530460006478, 0.00591353046000645, 0.003323293056960105, 0.0018527369809038519, 0.001852736980903842]"
8,14,directed_nonnormal,2,"[0.5825554496580544, 0.48901568476663687, 0.3539014054031616, 0.33390798344435346, 0.261844931729732, 0.20600582571883327, 0.12813512458979945]",0.018407521686347746,0.047477233014946885,"[0.6300326826730013, 0.5212687243300507, 0.3585912586794565, 0.3236401596357359, 0.27484964203476525, 0.20421587886275883, 0.10876507960974607]"
8,14,directed_nonnormal,4,"[0.30067195226170446, 0.24684031322909655, 0.11752126014234252, 0.10519987897584522, 0.05594344629160239, 0.039683239062473626, 0.02657816664149333]",0.024148777866717368,0.09626922897443424,"[0.3969411812361387, 0.2717210829646784, 0.1285876908013169, 0.10474295292904462, 0.0755423257266386, 0.04170412517968899, 0.011829842542514402]"
8,14,directed_nonnormal,8,"[0.08197288099819915, 0.06451583141076518, 0.010546555639730582, 0.00959647362756656, 0.0024630349484427373, 0.002237550060833078, 0.0009936694049734196]",0.013837776469751132,0.07558942036294199,"[0.15756230136114113, 0.07383234692749764, 0.016534794225615084, 0.010971086188296057, 0.0057066429761895646, 0.001739234057003169, 0.0001399451745806836]"
8,14,directed_nonnormal,16,"[0.005396141577494546, 0.005049624338367461, 0.00010310870614659565, 9.610903153407106e-05, 5.578151455095999e-06, 4.441340849320409e-06, 1.2843452820877031e-06]",0.0028650776501014693,0.01942973723272451,"[0.024825878810219054, 0.005451215452822371, 0.0002733994200834339, 0.0001203647321510205, 3.2565774057693685e-05, 3.0249351050397024e-06, 1.958465188841802e-08]"
8,15,reversible,2,"[0.5824669919678854, 0.5375499145846248, 0.4798927596294163, 0.45110108426894574, 0.4329907559434437, 0.3972449838197435, 0.3416115870046347]",2.1411444046342305e-16,5.551115123125783e-16,"[0.582466991967886, 0.5375499145846246, 0.4798927596294166, 0.4511010842689459, 0.4329907559434434, 0.3972449838197435, 0.3416115870046346]"
8,15,reversible,4,"[0.3392677967321165, 0.2889599106699374, 0.23029706074473688, 0.2034921882286185, 0.18748099473247487, 0.15780357716994833, 0.11669847637582512]",2.5376526277146434e-16,8.326672684688674e-16,"[0.3392677967321173, 0.2889599106699372, 0.23029706074473702, 0.20349218822861864, 0.18748099473247454, 0.15780357716994828, 0.11669847637582506]"
8,15,reversible,8,"[0.11510263789946475, 0.08349782997437816, 0.053036736187664996, 0.041409070670071546, 0.03514912338587829, 0.02490196896763182, 0.013618534388438991]",1.231653667943533e-16,5.273559366969494e-16,"[0.11510263789946527, 0.0834978299743781, 0.05303673618766509, 0.04140907067007157, 0.035149123385878146, 0.024901968967631825, 0.013618534388439]"
8,15,reversible,16,"[0.01324861725141528, 0.006971887610430185, 0.0028128953854399718, 0.0017147111337589703, 0.0012354608747956828, 0.0006201080584648941, 0.0001854644788890829]",3.0795213849204345e-17,1.4051260155412137e-16,"[0.01324861725141542, 0.006971887610430153, 0.002812895385439984, 0.0017147111337589812, 0.0012354608747956858, 0.0006201080584648984, 0.0001854644788890956]"
8,15,metastable_reversible,2,"[0.9891779340697644, 0.2971431093051741, 0.23317847421046956, 0.19515140806903336, 0.14232110657579866, 0.04212915939834722, 0.0034289797124888825]",9.956073663909747e-17,2.220446049250313e-16,"[0.9891779340697642, 0.2971431093051742, 0.23317847421046972, 0.19515140806903333, 0.14232110657579852, 0.04212915939834716, 0.0034289797124888587]"
8,15,metastable_reversible,4,"[0.9784729852505271, 0.08829402740754665, 0.05437220083512266, 0.03808407207132636, 0.02025529737695978, 0.001774866071611362, 1.1757901868677e-05]",8.347074078246828e-17,4.440892098500626e-16,"[0.9784729852505266, 0.08829402740754669, 0.054372200835122696, 0.038084072071326365, 0.020255297376959802, 0.0017748660716113427, 1.1757901868660176e-05]"
8,15,metastable_reversible,8,"[0.9574093828650779, 0.007795835275844607, 0.002956336223654873, 0.0014503965455340087, 0.0004102770718290213, 3.1501495721142008e-06, 1.382482954110643e-10]",1.0912864817425688e-16,5.551115123125783e-16,"[0.9574093828650774, 0.007795835275844605, 0.0029563362236549174, 0.0014503965455339811, 0.00041027707182907466, 3.15014957215708e-06, 1.3824825635304246e-10]"
8,15,metastable_reversible,16,"[0.9166327263980896, 6.077504764813523e-05, 8.739923867291113e-06, 2.1036501393103808e-06, 1.68327275615761e-07, 9.923441367408744e-12, 2.8634122127014534e-17]",2.090562749637439e-16,1.3322676295501878e-15,"[0.9166327263980882, 6.0775047648103135e-05, 8.739923867294218e-06, 2.1036501392969053e-06, 1.6832727566863967e-07, 9.923442326961435e-12, 1.9112580384656542e-20]"
8,15,directed_cycle_normal,2,"[0.81611222920257, 0.8161122292025699, 0.5266000000000002, 0.5266000000000001, 0.49000000000000005, 0.4554877707974305, 0.4554877707974304]",2.7755575615628914e-16,4.440892098500626e-16,"[0.8161122292025695, 0.8161122292025695, 0.5266, 0.5265999999999996, 0.4900000000000001, 0.4554877707974304, 0.4554877707974301]"
8,15,directed_cycle_normal,4,"[0.6660391706539875, 0.6660391706539874, 0.2773075600000001, 0.27730755999999995, 0.24009999999999992, 0.20746910934601256, 0.20746910934601237]",1.942890293094024e-16,3.885780586188048e-16,"[0.6660391706539873, 0.6660391706539873, 0.2773075599999999, 0.27730755999999956, 0.2401000000000001, 0.20746910934601248, 0.2074691093460122]"
8,15,directed_cycle_normal,8,"[0.4436081768454517, 0.4436081768454515, 0.0768994828331536, 0.07689948283315357, 0.057648010000000034, 0.04304343133282775, 0.04304343133282772]",1.5463820700136108e-16,3.885780586188048e-16,"[0.4436081768454513, 0.4436081768454513, 0.07689948283315355, 0.07689948283315337, 0.05764801000000004, 0.04304343133282768, 0.04304343133282757]"
8,15,directed_cycle_normal,16,"[0.19678821456414547, 0.19678821456414544, 0.005913530460006532, 0.005913530460006505, 0.0033232930569600952, 0.0018527369809038495, 0.0018527369809038209]",1.0368070489454239e-16,3.0531133177191805e-16,"[0.19678821456414516, 0.19678821456414516, 0.005913530460006478, 0.00591353046000645, 0.003323293056960105, 0.0018527369809038519, 0.001852736980903842]"
8,15,directed_nonnormal,2,"[0.4667553021097762, 0.43334775463485076, 0.31397565791538434, 0.2913817018375492, 0.21995272444224606, 0.1354038543156406, 0.073798093098013]",0.013561017132342246,0.025574132671360605,"[0.49232943478113683, 0.4459671182227149, 0.33901424847150446, 0.27908077949932775, 0.2270907085209971, 0.13126615640890343, 0.06567966431067178]"
8,15,directed_nonnormal,4,"[0.20248914480244198, 0.19078638543879184, 0.08856637612086699, 0.08505645185455511, 0.03176947149735333, 0.018609318067256474, 0.009614206446637538]",0.015430526907395348,0.0398991275494717,"[0.24238827235191368, 0.19888667053587294, 0.11493066066669896, 0.07788608148595239, 0.05157018989656847, 0.0172308038183667, 0.004313818303962532]"
8,15,directed_nonnormal,8,"[0.0394083804904953, 0.03660922836609735, 0.007515232486584894, 0.007264747088620056, 0.0005460058240698766, 0.00036845803648062554, 0.00017267557887043662]",0.004503115108106146,0.01934369408325018,"[0.058752074573745476, 0.03955590771684487, 0.013209056761283903, 0.006066241689236416, 0.0026594844859681326, 0.0002969006002270404, 1.8609028359602174e-05]"
8,15,directed_nonnormal,16,"[0.0014487798574754135, 0.0014085511913904684, 5.508808691687019e-05, 5.2823448221083295e-05, 1.979102025580607e-07, 1.3305120520000366e-07, 4.788176539863956e-08]",0.0003287896701411732,0.002003026409243536,"[0.0034518062667189494, 0.0015646698353035476, 0.00017447918052281998, 3.6799288232229884e-05, 7.072857731105182e-06, 8.814996641517687e-08, 3.46295936488478e-10]"
8,16,reversible,2,"[0.5350176139930604, 0.5129496110569981, 0.4651404465206108, 0.4092126139421872, 0.38773627522955767, 0.3637150981882577, 0.30736369025915045]",1.1102230246251565e-16,3.3306690738754696e-16,"[0.53501761399306, 0.5129496110569981, 0.4651404465206108, 0.4092126139421874, 0.38773627522955756, 0.36371509818825765, 0.30736369025915056]"
8,16,reversible,4,"[0.28624384728282737, 0.2631173034835258, 0.21635563498939328, 0.16745496340939764, 0.15033941912889148, 0.13228867265009397, 0.09447243808972303]",1.4472550142435077e-16,4.440892098500626e-16,"[0.2862438472828269, 0.2631173034835257, 0.21635563498939323, 0.1674549634093977, 0.15033941912889123, 0.1322886726500939, 0.09447243808972304]"
8,16,reversible,8,"[0.08193554010727462, 0.06923071539244183, 0.046809760791663574, 0.02804116477044272, 0.02260194094401253, 0.017500292911523732, 0.00892504155861654]",7.137148015447435e-17,2.636779683484747e-16,"[0.08193554010727436, 0.06923071539244176, 0.04680976079166356, 0.028041164770442724, 0.022601940944012425, 0.0175002929115237, 0.008925041558616554]"
8,16,reversible,16,"[0.0067134327326707835, 0.0047928919537492815, 0.002191153705372757, 0.0007863069216831186, 0.0005108477344366562, 0.00030626025198911126, 7.965636682299692e-05]",1.6752859640209053e-17,3.5683804001929165e-17,"[0.006713432732670764, 0.004792891953749272, 0.002191153705372763, 0.000786306921683118, 0.0005108477344366253, 0.0003062602519891267, 7.96563668230326e-05]"
8,16,metastable_reversible,2,"[0.9894869969237094, 0.26834040217286537, 0.17504301794011082, 0.05428867285428263, 0.03918544637540023, 0.02087609630094517, 0.004773651936364989]",7.446920064729008e-17,2.7755575615628914e-16,"[0.9894869969237093, 0.26834040217286564, 0.1750430179401108, 0.05428867285428259, 0.03918544637540025, 0.020876096300945175, 0.004773651936365032]"
8,16,metastable_reversible,4,"[0.9790845170811009, 0.07200657143829514, 0.030640058129581985, 0.0029472600002793683, 0.0015354992076394398, 0.00043581139676637684, 2.2787752809559106e-05]",6.239099483827075e-17,1.249000902703301e-16,"[0.9790845170811008, 0.07200657143829527, 0.030640058129581947, 0.0029472600002793193, 0.0015354992076393687, 0.00043581139676633683, 2.278775280956162e-05]"
8,16,metastable_reversible,8,"[0.9586064915879322, 0.005184946330298274, 0.000938813162184184, 8.686341509246957e-06, 2.3577578166625203e-06, 1.8993157357666614e-07, 5.192816997639361e-10]",4.858777440846148e-17,2.220446049250313e-16,"[0.9586064915879324, 0.00518494633029832, 0.0009388131621841607, 8.686341509246454e-06, 2.357757816661129e-06, 1.8993157355142549e-07, 5.192816781096836e-10]"
8,16,metastable_reversible,16,"[0.9189264057145248, 2.688366844798957e-05, 8.813701534790594e-07, 7.545253616575205e-11, 5.559017647482358e-12, 3.6053738972614e-14, 5.078603814687696e-17]",4.129099567389828e-17,1.1102230246251565e-16,"[0.9189264057145247, 2.6883668448074016e-05, 8.813701534902232e-07, 7.545252881525796e-11, 5.559021922026654e-12, 3.607400263172055e-14, 2.6965346122040903e-19]"
8,16,directed_cycle_normal,2,"[0.81611222920257, 0.8161122292025699, 0.5266000000000002, 0.5266000000000001, 0.49000000000000005, 0.4554877707974305, 0.4554877707974304]",2.7755575615628914e-16,4.440892098500626e-16,"[0.8161122292025695, 0.8161122292025695, 0.5266, 0.5265999999999996, 0.4900000000000001, 0.4554877707974304, 0.4554877707974301]"
8,16,directed_cycle_normal,4,"[0.6660391706539875, 0.6660391706539874, 0.2773075600000001, 0.27730755999999995, 0.24009999999999992, 0.20746910934601256, 0.20746910934601237]",1.942890293094024e-16,3.885780586188048e-16,"[0.6660391706539873, 0.6660391706539873, 0.2773075599999999, 0.27730755999999956, 0.2401000000000001, 0.20746910934601248, 0.2074691093460122]"
8,16,directed_cycle_normal,8,"[0.4436081768454517, 0.4436081768454515, 0.0768994828331536, 0.07689948283315357, 0.057648010000000034, 0.04304343133282775, 0.04304343133282772]",1.5463820700136108e-16,3.885780586188048e-16,"[0.4436081768454513, 0.4436081768454513, 0.07689948283315355, 0.07689948283315337, 0.05764801000000004, 0.04304343133282768, 0.04304343133282757]"
8,16,directed_cycle_normal,16,"[0.19678821456414547, 0.19678821456414544, 0.005913530460006532, 0.005913530460006505, 0.0033232930569600952, 0.0018527369809038495, 0.0018527369809038209]",1.0368070489454239e-16,3.0531133177191805e-16,"[0.19678821456414516, 0.19678821456414516, 0.005913530460006478, 0.00591353046000645, 0.003323293056960105, 0.0018527369809038519, 0.001852736980903842]"
8,16,directed_nonnormal,2,"[0.5473700019793261, 0.48973337239605036, 0.4071997445405078, 0.350442561616862, 0.27896009987658427, 0.2005566616531282, 0.07494183702053897]",0.025495987234845703,0.06760207363546394,"[0.5687382684453915, 0.5306895837592128, 0.4748018181759717, 0.3421283352658943, 0.2943071253172535, 0.20477776919149754, 0.05427883717131722]"
8,16,directed_nonnormal,4,"[0.2747361190458852, 0.24103591711727454, 0.14380816282490425, 0.1143800016251633, 0.053627609845889185, 0.0359612757740914, 0.012245666120667005]",0.03169774616145,0.08162860371830424,"[0.3234632179942622, 0.28163143431052656, 0.2254367665432085, 0.11705179779181217, 0.08661668401250557, 0.04193393475504623, 0.002946192164670368]"
8,16,directed_nonnormal,8,"[0.07056622751145077, 0.06006560052525673, 0.015028123146208343, 0.011565774164751108, 0.0021117663630780977, 0.0019081416808098214, 0.0002229028102648904]",0.013856635008585813,0.03579361256324875,"[0.1046284533952036, 0.07931626479180444, 0.05082173570945709, 0.013701123366295283, 0.007502449949322238, 0.0017584548840404745, 8.680048271165068e-06]"
8,16,directed_nonnormal,16,"[0.004266551063099348, 0.004089464602754527, 0.00017271380256288826, 0.0001523723881604243, 4.140424254007003e-06, 3.184299891182725e-06, 7.232907101500104e-08]",0.0016257087981238455,0.0066805621967729436,"[0.010947113259872292, 0.006291069860523636, 0.0025828488205219056, 0.0001877207814984426, 5.628675524208524e-05, 3.092163579205799e-06, 7.53432379897557e-11]"
8,17,reversible,2,"[0.5490851377561456, 0.505042408676481, 0.4687223277391612, 0.41883738203662607, 0.4115933900179643, 0.3717363132013819, 0.34158504802502376]",1.7446361815538174e-16,5.551115123125783e-16,"[0.5490851377561462, 0.5050424086764811, 0.4687223277391613, 0.41883738203662624, 0.4115933900179642, 0.37173631320138206, 0.3415850480250237]"
8,17,reversible,4,"[0.3014944885046855, 0.2550678345617417, 0.2197006205212177, 0.1754247525912947, 0.16940911870648015, 0.13818788655255593, 0.11668034503425771]",1.4076041919354663e-16,4.996003610813204e-16,"[0.301494488504686, 0.25506783456174176, 0.21970062052121772, 0.17542475259129478, 0.16940911870647998, 0.13818788655255604, 0.11668034503425775]"
8,17,reversible,8,"[0.09089892659870195, 0.06505960022801607, 0.048268362657408116, 0.030773843821716957, 0.02869944950090625, 0.019095891989862064, 0.013614302917313479]",6.220222749573979e-17,3.0531133177191805e-16,"[0.09089892659870226, 0.06505960022801606, 0.048268362657408116, 0.030773843821716985, 0.02869944950090623, 0.019095891989862095, 0.013614302917313439]"
8,17,reversible,16,"[0.008262614856796214, 0.004232751581829266, 0.0023298348336270873, 0.0009470294635634493, 0.0008236584016550285, 0.0003646530908884904, 0.00018534924392435878]",2.0963823435130433e-17,4.85722573273506e-17,"[0.008262614856796262, 0.004232751581829267, 0.0023298348336270704, 0.0009470294635634287, 0.0008236584016550669, 0.0003646530908884794, 0.0001853492439243692]"
8,17,metastable_reversible,2,"[0.9881863116254787, 0.272230234494595, 0.18456240368209792, 0.1625992880611013, 0.16197799407925087, 0.03296598298690686, 0.024485957065907074]",1.3431716056848992e-16,4.440892098500626e-16,"[0.9881863116254782, 0.2722302344945949, 0.18456240368209784, 0.16259928806110138, 0.16197799407925084, 0.03296598298690678, 0.02448595706590719]"
8,17,metastable_reversible,4,"[0.9765121864839676, 0.07410930057298218, 0.034063280852913616, 0.02643852847797706, 0.026236870565937886, 0.0010867560342930152, 0.0005995620934334735]",1.7210935058084178e-16,9.992007221626409e-16,"[0.9765121864839666, 0.07410930057298212, 0.03406328085291364, 0.02643852847797703, 0.026236870565937823, 0.0010867560342930273, 0.0005995620934334501]"
8,17,metastable_reversible,8,"[0.9535760503516995, 0.005492188431416622, 0.0011603071024644412, 0.0006989957880807927, 0.0006883733770937301, 1.1810386780377827e-06, 3.5947470388358437e-07]",3.20850627645331e-16,2.1094237467877974e-15,"[0.9535760503516973, 0.005492188431416608, 0.001160307102464473, 0.0006989957880808023, 0.0006883733770937745, 1.1810386780723077e-06, 3.5947470388230116e-07]"
8,17,metastable_reversible,16,"[0.9093072838043469, 3.0164133766210475e-05, 1.3463125720436006e-06, 4.885951117638679e-07, 4.738579063023679e-07, 1.3949417158883512e-12, 1.29210893387644e-13]",6.095079673728507e-16,4.107825191113079e-15,"[0.9093072838043428, 3.0164133766186415e-05, 1.346312572029501e-06, 4.88595111754702e-07, 4.738579062914879e-07, 1.3948523591027842e-12, 1.2922206273126813e-13]"
8,17,directed_cycle_normal,2,"[0.81611222920257, 0.8161122292025699, 0.5266000000000002, 0.5266000000000001, 0.49000000000000005, 0.4554877707974305, 0.4554877707974304]",2.7755575615628914e-16,4.440892098500626e-16,"[0.8161122292025695, 0.8161122292025695, 0.5266, 0.5265999999999996, 0.4900000000000001, 0.4554877707974304, 0.4554877707974301]"
8,17,directed_cycle_normal,4,"[0.6660391706539875, 0.6660391706539874, 0.2773075600000001, 0.27730755999999995, 0.24009999999999992, 0.20746910934601256, 0.20746910934601237]",1.942890293094024e-16,3.885780586188048e-16,"[0.6660391706539873, 0.6660391706539873, 0.2773075599999999, 0.27730755999999956, 0.2401000000000001, 0.20746910934601248, 0.2074691093460122]"
8,17,directed_cycle_normal,8,"[0.4436081768454517, 0.4436081768454515, 0.0768994828331536, 0.07689948283315357, 0.057648010000000034, 0.04304343133282775, 0.04304343133282772]",1.5463820700136108e-16,3.885780586188048e-16,"[0.4436081768454513, 0.4436081768454513, 0.07689948283315355, 0.07689948283315337, 0.05764801000000004, 0.04304343133282768, 0.04304343133282757]"
8,17,directed_cycle_normal,16,"[0.19678821456414547, 0.19678821456414544, 0.005913530460006532, 0.005913530460006505, 0.0033232930569600952, 0.0018527369809038495, 0.0018527369809038209]",1.0368070489454239e-16,3.0531133177191805e-16,"[0.19678821456414516, 0.19678821456414516, 0.005913530460006478, 0.00591353046000645, 0.003323293056960105, 0.0018527369809038519, 0.001852736980903842]"
8,17,directed_nonnormal,2,"[0.6385842809610944, 0.5161858547867955, 0.42037333329581805, 0.3611733772683435, 0.29046478440634366, 0.2289904434495118, 0.13328100184663347]",0.028416472916633136,0.06742490192888806,"[0.6940655029295298, 0.508709112368914, 0.4877982352247061, 0.3505425628348686, 0.3065411101540989, 0.20144031208055493, 0.1190058292955934]"
8,17,directed_nonnormal,4,"[0.3217073483225657, 0.27625567793642863, 0.13065805177281103, 0.1239074549530576, 0.0794069398317519, 0.061750115775799905, 0.02790015176878833]",0.0478967024661661,0.1600195740342556,"[0.4817269223568213, 0.2587849610071684, 0.23794711828833773, 0.12288008835883782, 0.09396745221450738, 0.04057819933111136, 0.014162387406331916]"
8,17,directed_nonnormal,8,"[0.0913745683926859, 0.07208483861017699, 0.01563652228285406, 0.014952756157793966, 0.005196624360117533, 0.003923684095037232, 0.0012338750245564655]",0.02769630914724225,0.140686259330689,"[0.2320608277233749, 0.06696965604348169, 0.056618831101724186, 0.01509951611507579, 0.00882988207568573, 0.0016465902609554067, 0.00020057321704702887]"
8,17,directed_nonnormal,16,"[0.007032669040461304, 0.005746264094455206, 0.00024246388331590545, 0.00023268730923313804, 1.8497501330561194e-05, 1.652414045773624e-05, 2.15415515355227e-06]",0.0073034577405787565,0.04681955872319658,"[0.05385222776365789, 0.004484934830582243, 0.0032056920353255697, 0.00022799538690943346, 7.796681747051612e-05, 2.7112594874731944e-06, 4.0229615396594554e-08]"
8,18,reversible,2,"[0.507694379073368, 0.4968218720048783, 0.49260274081287886, 0.4375314483643742, 0.39185052469254333, 0.3757067626331853, 0.35865843231793787]",1.6653345369377348e-16,3.3306690738754696e-16,"[0.5076943790733682, 0.49682187200487854, 0.492602740812879, 0.4375314483643743, 0.391850524692543, 0.3757067626331853, 0.358658432317938]"
8,18,reversible,4,"[0.2577535825426928, 0.24683197250243175, 0.24265746025636015, 0.191433768307827, 0.15354683370182143, 0.14115557148830862, 0.12863587107276073]",1.5860328923216522e-16,3.3306690738754696e-16,"[0.2577535825426929, 0.24683197250243188, 0.24265746025636048, 0.19143376830782713, 0.15354683370182126, 0.14115557148830865, 0.12863587107276092]"
8,18,reversible,8,"[0.06643690931359267, 0.06092602264944117, 0.05888264301806702, 0.036646887648534826, 0.023576630139854837, 0.019924895362191025, 0.01654718732664792]",8.326672684688674e-17,1.5265566588595902e-16,"[0.06643690931359282, 0.060926022649441296, 0.05888264301806717, 0.03664688764853484, 0.023576630139854754, 0.019924895362191018, 0.016547187326647967]"
8,18,reversible,16,"[0.004413862919142547, 0.003711980235880225, 0.003467165648793137, 0.0013429943743242974, 0.0005558574887515051, 0.00039700145519426506, 0.0002738094084231722]",1.031540924107637e-17,3.7947076036992655e-17,"[0.0044138629191425565, 0.0037119802358802335, 0.003467165648793134, 0.0013429943743243353, 0.0005558574887515077, 0.0003970014551942611, 0.0002738094084231791]"
8,18,metastable_reversible,2,"[0.9901726723083096, 0.2437465328237373, 0.14618480272050133, 0.14279248260113755, 0.04005303698942354, 0.032193696265370546, 0.003370242337551154]",4.237681634171914e-17,2.220446049250313e-16,"[0.9901726723083099, 0.2437465328237373, 0.14618480272050133, 0.14279248260113755, 0.040053036989423495, 0.03219369626537055, 0.003370242337551173]"
8,18,metastable_reversible,4,"[0.9804419209861791, 0.059412372263593236, 0.0213699965464319, 0.020389693087396202, 0.001604245772076081, 0.001036434079226939, 1.1358533413802002e-05]",7.951993710706072e-17,4.440892098500626e-16,"[0.9804419209861795, 0.05941237226359324, 0.02136999654643189, 0.020389693087396174, 0.0016042457720761264, 0.0010364340792269337, 1.1358533413822395e-05]"
8,18,metastable_reversible,8,"[0.9612663604270691, 0.003529829977987765, 0.0004566767523945226, 0.0004157395841980878, 2.5736044972018597e-06, 1.0741956005798861e-06, 1.2901621546144025e-10]",1.4602354371800467e-16,7.771561172376096e-16,"[0.9612663604270699, 0.0035298299779877836, 0.00045667675239451094, 0.0004157395841982113, 2.573604497224127e-06, 1.074195600582982e-06, 1.2901628131291982e-10]"
8,18,metastable_reversible,16,"[0.9240330156887042, 1.2459699673471166e-05, 2.085536561676505e-07, 1.7283940182406782e-07, 6.623470383400899e-12, 1.1539423739751624e-12, 1.1199245169409926e-17]",2.1502308001360615e-16,1.3322676295501878e-15,"[0.9240330156887056, 1.2459699673501235e-05, 2.0855365617759745e-07, 1.728394018693016e-07, 6.623440108132252e-12, 1.1538961883118335e-12, 1.6645200843814465e-20]"
8,18,directed_cycle_normal,2,"[0.81611222920257, 0.8161122292025699, 0.5266000000000002, 0.5266000000000001, 0.49000000000000005, 0.4554877707974305, 0.4554877707974304]",2.7755575615628914e-16,4.440892098500626e-16,"[0.8161122292025695, 0.8161122292025695, 0.5266, 0.5265999999999996, 0.4900000000000001, 0.4554877707974304, 0.4554877707974301]"
8,18,directed_cycle_normal,4,"[0.6660391706539875, 0.6660391706539874, 0.2773075600000001, 0.27730755999999995, 0.24009999999999992, 0.20746910934601256, 0.20746910934601237]",1.942890293094024e-16,3.885780586188048e-16,"[0.6660391706539873, 0.6660391706539873, 0.2773075599999999, 0.27730755999999956, 0.2401000000000001, 0.20746910934601248, 0.2074691093460122]"
8,18,directed_cycle_normal,8,"[0.4436081768454517, 0.4436081768454515, 0.0768994828331536, 0.07689948283315357, 0.057648010000000034, 0.04304343133282775, 0.04304343133282772]",1.5463820700136108e-16,3.885780586188048e-16,"[0.4436081768454513, 0.4436081768454513, 0.07689948283315355, 0.07689948283315337, 0.05764801000000004, 0.04304343133282768, 0.04304343133282757]"
8,18,directed_cycle_normal,16,"[0.19678821456414547, 0.19678821456414544, 0.005913530460006532, 0.005913530460006505, 0.0033232930569600952, 0.0018527369809038495, 0.0018527369809038209]",1.0368070489454239e-16,3.0531133177191805e-16,"[0.19678821456414516, 0.19678821456414516, 0.005913530460006478, 0.00591353046000645, 0.003323293056960105, 0.0018527369809038519, 0.001852736980903842]"
8,18,directed_nonnormal,2,"[0.5325663008219806, 0.4286902619424092, 0.3468924141000249, 0.2761163505917092, 0.21552666907733553, 0.1612149712701621, 0.09824734635811694]",0.032689644284585484,0.1017568076407589,"[0.5930350734948249, 0.5304470695831681, 0.33547368310611864, 0.2733649585494028, 0.22901459324925952, 0.13955045925449003, 0.08096797590343041]"
8,18,directed_nonnormal,4,"[0.23501660443119807, 0.16281071287120502, 0.08825566538427489, 0.06317470671351037, 0.05531188495802379, 0.026336161726305735, 0.01793182928880935]",0.04174000621366759,0.1185633807581653,"[0.3516905983950124, 0.2813740936293703, 0.11254259205678452, 0.07472840056271671, 0.05244768392112379, 0.01947433067813908, 0.0065558131218984884]"
8,18,directed_nonnormal,8,"[0.04289019352796032, 0.03014007027485984, 0.004466283384827812, 0.003537995320661836, 0.0022061444811759365, 0.000995901434456305, 0.000691941965923029]",0.020269073451606587,0.08079608347148155,"[0.12368627699944187, 0.07917138056574967, 0.012665835026859818, 0.005584333850661839, 0.0027507595486901066, 0.00037924955536150896, 4.29786856892564e-05]"
8,18,directed_nonnormal,16,"[0.0015042444838921014, 0.001049842748978306, 1.812887520051841e-05, 1.3208363912636255e-05, 3.981775787452209e-06, 9.60122206962323e-07, 6.670919050356467e-07]",0.0027396646781708196,0.013794050634090562,"[0.015298295117982664, 0.006268107500686764, 0.0001604233769276291, 3.118478455564769e-05, 7.5666780947097995e-06, 1.4383022524190224e-07, 1.847167423575893e-09]"
8,19,reversible,2,"[0.5527808084394799, 0.5449954839288536, 0.4840419091137896, 0.4361160100042156, 0.42893134105421826, 0.3920556895576354, 0.37426706192246506]",1.427429603089487e-16,3.3306690738754696e-16,"[0.5527808084394799, 0.5449954839288537, 0.48404190911378936, 0.43611601000421596, 0.4289313410542182, 0.39205568955763553, 0.3742670619224652]"
8,19,reversible,4,"[0.30556662217900493, 0.29702007750284537, 0.23429656977852206, 0.19019717418199714, 0.18398209533857013, 0.15370766371451303, 0.14007583364007434]",1.0705722023171153e-16,2.7755575615628914e-16,"[0.305566622179005, 0.2970200775028454, 0.23429656977852192, 0.1901971741819974, 0.18398209533857007, 0.1537076637145131, 0.14007583364007442]"
8,19,reversible,8,"[0.0933709605898868, 0.08822092643979627, 0.05489488260998183, 0.036174965066816965, 0.033849411405170705, 0.023626045884573826, 0.019621239169961772]",3.717264591378872e-17,9.71445146547012e-17,"[0.09337096058988677, 0.0882209264397963, 0.054894882609981786, 0.03617496506681706, 0.03384941140517069, 0.023626045884573846, 0.019621239169961804]"
8,19,reversible,16,"[0.00871813628147818, 0.007782931861895921, 0.0030134481367636687, 0.0013086280975854205, 0.001145782652476494, 0.0005581900441399938, 0.0003849930265648436]",1.0787811616230769e-17,2.949029909160572e-17,"[0.00871813628147819, 0.00778293186189595, 0.003013448136763681, 0.0013086280975854348, 0.0011457826524764996, 0.0005581900441399888, 0.00038499302656484335]"
8,19,metastable_reversible,2,"[0.9906101882350159, 0.18858920529520512, 0.13530237208533813, 0.10076556536327419, 0.058140705340591924, 0.026873642803690822, 0.022113408567875522]",1.5463820700136108e-16,6.661338147750939e-16,"[0.9906101882350152, 0.18858920529520506, 0.13530237208533824, 0.10076556536327436, 0.058140705340591854, 0.026873642803690815, 0.02211340856787553]"
8,19,metastable_reversible,4,"[0.981308545035013, 0.035565888353877036, 0.01830673189191936, 0.010153699162980317, 0.003380341617501443, 0.000722192677540383, 0.0004890028384897569]",1.1029433814670396e-16,5.551115123125783e-16,"[0.9813085450350124, 0.035565888353877, 0.018306731891919316, 0.010153699162980317, 0.0033803416175015263, 0.0007221926775403632, 0.0004890028384897909]"
8,19,metastable_reversible,8,"[0.9629664605587345, 0.001264932414400462, 0.00033513643256257174, 0.00010309760669232346, 1.1426709451002725e-05, 5.215622634935483e-07, 2.391237760207983e-07]",2.3909229253323825e-16,1.5543122344752192e-15,"[0.9629664605587329, 0.001264932414400444, 0.0003351364325626158, 0.00010309760669230721, 1.1426709451012835e-05, 5.21562263492919e-07, 2.391237760510725e-07]"
8,19,metastable_reversible,16,"[0.9273044041610164, 1.6000540130213917e-06, 1.1231642841585298e-07, 1.0629116493082379e-08, 1.305696474925629e-10, 2.7207279024209415e-13, 5.721759368222091e-14]",4.052754234562383e-16,2.6645352591003757e-15,"[0.9273044041610138, 1.6000540130009363e-06, 1.1231642843079672e-07, 1.0629116505681668e-08, 1.3056968887786605e-10, 2.7202719469985704e-13, 5.718018027292349e-14]"
8,19,directed_cycle_normal,2,"[0.81611222920257, 0.8161122292025699, 0.5266000000000002, 0.5266000000000001, 0.49000000000000005, 0.4554877707974305, 0.4554877707974304]",2.7755575615628914e-16,4.440892098500626e-16,"[0.8161122292025695, 0.8161122292025695, 0.5266, 0.5265999999999996, 0.4900000000000001, 0.4554877707974304, 0.4554877707974301]"
8,19,directed_cycle_normal,4,"[0.6660391706539875, 0.6660391706539874, 0.2773075600000001, 0.27730755999999995, 0.24009999999999992, 0.20746910934601256, 0.20746910934601237]",1.942890293094024e-16,3.885780586188048e-16,"[0.6660391706539873, 0.6660391706539873, 0.2773075599999999, 0.27730755999999956, 0.2401000000000001, 0.20746910934601248, 0.2074691093460122]"
8,19,directed_cycle_normal,8,"[0.4436081768454517, 0.4436081768454515, 0.0768994828331536, 0.07689948283315357, 0.057648010000000034, 0.04304343133282775, 0.04304343133282772]",1.5463820700136108e-16,3.885780586188048e-16,"[0.4436081768454513, 0.4436081768454513, 0.07689948283315355, 0.07689948283315337, 0.05764801000000004, 0.04304343133282768, 0.04304343133282757]"
8,19,directed_cycle_normal,16,"[0.19678821456414547, 0.19678821456414544, 0.005913530460006532, 0.005913530460006505, 0.0033232930569600952, 0.0018527369809038495, 0.0018527369809038209]",1.0368070489454239e-16,3.0531133177191805e-16,"[0.19678821456414516, 0.19678821456414516, 0.005913530460006478, 0.00591353046000645, 0.003323293056960105, 0.0018527369809038519, 0.001852736980903842]"
8,19,directed_nonnormal,2,"[0.5923678043275965, 0.4466449044202024, 0.42408146563467075, 0.3907658426883158, 0.3095531884853287, 0.25770091129213624, 0.10740601614762836]",0.03069338139566996,0.0536397968477037,"[0.6460076011753002, 0.4741420404792697, 0.4473400964918251, 0.4159139657406604, 0.33636847939014364, 0.21579962478069808, 0.0908126106104617]"
8,19,directed_nonnormal,4,"[0.27055193524863985, 0.23188920673902672, 0.1700496376495276, 0.14041039316038467, 0.08068136900202748, 0.060640058472970625, 0.019255735228511716]",0.039147392294235486,0.14677388552762588,"[0.41732582077626573, 0.22481067454984546, 0.2001131619293154, 0.17298442689812324, 0.11314375392723747, 0.04656947805549008, 0.00824693024588734]"
8,19,directed_nonnormal,8,"[0.06716549767458083, 0.05141104471583981, 0.022000532192625887, 0.02000720816058394, 0.005304733342248017, 0.004685185787295091, 0.0005272122892446466]",0.020900020450270673,0.10699534301200306,"[0.17416084068658388, 0.05053983939155654, 0.040045277577348395, 0.029923611949272143, 0.012801509052747266, 0.0021687162863607726, 6.801185848053141e-05]"
8,19,directed_nonnormal,16,"[0.003536015452882944, 0.0032703009924715835, 0.00047151197707047935, 0.0003928893050754177, 2.5197681100280463e-05, 2.152166495458537e-05, 3.4142493013557656e-07]",0.004186070030797423,0.02679598297577471,"[0.030331998428657653, 0.0025542753657243297, 0.0016036242562468825, 0.0008954225520906227, 0.00016387863402757017, 4.70333033072646e-06, 4.625612893975832e-09]"
20,0,reversible,2,"[0.5360363279010573, 0.524788595006013, 0.516227028623226, 0.5083535105952147, 0.5023165990680937, 0.4868116740850225, 0.47210778456144076, 0.459265375359033]",2.0122792321330962e-16,4.440892098500626e-16,"[0.5360363279010576, 0.5247885950060129, 0.5162270286232262, 0.5083535105952146, 0.5023165990680936, 0.48681167408502296, 0.4721077845614407, 0.4592653753590328]"
20,0,reversible,4,"[0.28733494482964994, 0.2754030694483852, 0.2664903450811652, 0.25842329173447876, 0.25232196569933585, 0.23698560602546226, 0.22288576024351173, 0.21092468500367345]",1.5612511283791264e-16,3.608224830031759e-16,"[0.2873349448296502, 0.27540306944838505, 0.26649034508116526, 0.258423291734479, 0.25232196569933585, 0.23698560602546262, 0.22288576024351173, 0.21092468500367328]"
20,0,reversible,8,"[0.08256137052025792, 0.07584685066159202, 0.07101710402147841, 0.0667825977108835, 0.06366637437437683, 0.05616217746325559, 0.04967806211932823, 0.04448922274389884]",9.8879238130678e-17,2.0816681711721685e-16,"[0.08256137052025812, 0.075846850661592, 0.07101710402147855, 0.06678259771088364, 0.06366637437437683, 0.05616217746325578, 0.04967806211932819, 0.0444892227438988]"
20,0,reversible,16,"[0.006816379902183315, 0.005752744755281849, 0.005043429063597491, 0.004459915357013703, 0.0040534072259783074, 0.0031541901774142255, 0.00246790985593184, 0.001979290940356246]",1.2034644114589099e-17,3.122502256758253e-17,"[0.006816379902183346, 0.005752744755281839, 0.005043429063597505, 0.004459915357013721, 0.004053407225978307, 0.003154190177414236, 0.0024679098559318305, 0.0019792909403562424]"
20,0,metastable_reversible,2,"[0.9867169337241702, 0.16090095518598513, 0.11509038617546492, 0.09392061937591017, 0.07669683913502393, 0.06998449086849447, 0.064734847116905, 0.04155494299453967]",1.0755285551056204e-16,6.661338147750939e-16,"[0.9867169337241709, 0.16090095518598516, 0.11509038617546498, 0.09392061937591015, 0.0766968391350239, 0.06998449086849447, 0.06473484711690503, 0.04155494299453964]"
20,0,metastable_reversible,4,"[0.9736103072980288, 0.025889117379762388, 0.013245796990017638, 0.008821082743954595, 0.005882405133303752, 0.004897828962122397, 0.004190600431249067, 0.0017268132872794405]",1.4761412578390143e-16,1.1102230246251565e-15,"[0.9736103072980299, 0.0258891173797624, 0.01324579699001766, 0.00882108274395459, 0.005882405133303733, 0.004897828962122386, 0.004190600431249068, 0.0017268132872794392]"
20,0,metastable_reversible,8,"[0.947917030476962, 0.000670246398703132, 0.00017545113790076467, 7.781150077569523e-05, 3.460269015233168e-05, 2.3988728542190133e-05, 1.756113197436595e-05, 2.981884129118705e-06]",2.869742331341649e-16,2.220446049250313e-15,"[0.9479170304769642, 0.0006702463987031155, 0.00017545113790076093, 7.781150077569343e-05, 3.4602690152318106e-05, 2.3988728542204847e-05, 1.7561131974384868e-05, 2.981884129124823e-06]"
20,0,metastable_reversible,16,"[0.8985466966682619, 4.492302349704912e-07, 3.0783101790573285e-08, 6.054629688622916e-09, 1.1973461659949121e-09, 5.754591200288111e-10, 3.08393353471314e-10, 8.891627623931809e-12]",4.946002071327712e-16,3.885780586188048e-15,"[0.8985466966682658, 4.492302349744957e-07, 3.078310179067183e-08, 6.05462965296574e-09, 1.1973461657773326e-09, 5.754590970715934e-10, 3.0839335622176263e-10, 8.891632959526505e-12]"
20,0,directed_cycle_normal,2,"[0.9666640674410089, 0.9666640674410087, 0.875843989351356, 0.8758439893513554, 0.7519405835488367, 0.7519405835488361, 0.6262546777798677, 0.6262546777798675]",9.575673587391975e-16,3.885780586188048e-15,"[0.9666640674410084, 0.966664067441008, 0.8758439893513555, 0.8758439893513549, 0.7519405835488406, 0.7519405835488356, 0.6262546777798673, 0.6262546777798668]"
20,0,directed_cycle_normal,4,"[0.9344394192815951, 0.9344394192815944, 0.7671026936828982, 0.7671026936828979, 0.565414641187765, 0.5654146411877646, 0.39219492144116563, 0.39219492144116547]",1.4918621893400541e-15,5.995204332975845e-15,"[0.9344394192815944, 0.9344394192815936, 0.7671026936828974, 0.7671026936828963, 0.565414641187771, 0.5654146411877634, 0.39219492144116547, 0.3921949214411648]"
20,0,directed_cycle_normal,8,"[0.873177028307324, 0.8731770283073229, 0.5884465426555582, 0.5884465426555578, 0.31969371646948885, 0.3196937164694888, 0.15381685640424203, 0.15381685640424203]",1.817990202823694e-15,6.938893903907228e-15,"[0.8731770283073234, 0.8731770283073218, 0.5884465426555571, 0.5884465426555554, 0.3196937164694958, 0.31969371646948724, 0.15381685640424192, 0.15381685640424142]"
20,0,directed_cycle_normal,16,"[0.7624381227636087, 0.7624381227636085, 0.3462693335632799, 0.34626933356327944, 0.10220407235007394, 0.10220407235007381, 0.023659625314083207, 0.023659625314083197]",1.6952585168983347e-15,4.427014310692812e-15,"[0.7624381227636082, 0.7624381227636055, 0.3462693335632783, 0.3462693335632764, 0.10220407235007836, 0.10220407235007292, 0.023659625314083183, 0.023659625314083024]"
20,0,directed_nonnormal,2,"[0.3392645513300274, 0.28233689216139185, 0.2781454755088906, 0.23716520450689196, 0.2208345769077738, 0.20635973500123786, 0.18288336371090366, 0.16991559278649027]",0.0212485343462859,0.02925139398183818,"[0.35452999074454145, 0.31158828614323003, 0.3035987750117325, 0.24993791000878104, 0.24067364751040732, 0.2328333094339167, 0.2067022454384445, 0.1870295023928411]"
20,0,directed_nonnormal,4,"[0.10597098700700297, 0.0700142788901047, 0.06247723084325142, 0.05517582989506098, 0.04067415783880075, 0.03796710388167963, 0.032731389644203586, 0.03189857529107857]",0.016293925472315254,0.029694985345373154,"[0.12569151433732464, 0.09708726006167538, 0.09217221618862458, 0.06246895885955753, 0.057923804605963795, 0.05421134998195, 0.04272581826929495, 0.03498003476531376]"
20,0,directed_nonnormal,8,"[0.008688921511940357, 0.00429720202189138, 0.0028822311840112197, 0.002563519037891924, 0.0015903297646480338, 0.0014849469904504268, 0.0013947715686287178, 0.0011473715532682558]",0.0028645279317426643,0.00710943526446953,"[0.015798356776409887, 0.009425936066283388, 0.008495717437122546, 0.0039023708209970907, 0.0033551671400298723, 0.00293887046686547, 0.0018254955467808182, 0.0012236028321825588]"
20,0,directed_nonnormal,16,"[2.8030830034568815e-05, 2.6597744111823333e-05, 4.70278312621206e-06, 4.21438257118317e-06, 3.6076311982672117e-06, 3.3574767726577703e-06, 2.1343514336624032e-06, 1.982064137714483e-06]",4.711353268808465e-05,0.00022155724680016743,"[0.00024958807683473624, 8.884827072566195e-05, 7.217721477142807e-05, 1.5228498024569508e-05, 1.1257146537536233e-05, 8.636959621014065e-06, 3.3324339913165983e-06, 1.4972038909251793e-06]"
20,1,reversible,2,"[0.5295325435423199, 0.5207923055842545, 0.5093247260015954, 0.5046403701060853, 0.500149909956366, 0.48278841614101936, 0.48071186240126157, 0.47142178979453386]",2.0122792321330962e-16,4.440892098500626e-16,"[0.5295325435423197, 0.5207923055842545, 0.5093247260015951, 0.5046403701060849, 0.500149909956366, 0.48278841614101925, 0.48071186240126124, 0.4714217897945337]"
20,1,reversible,4,"[0.28040471467039885, 0.2712246255557635, 0.25941167651660013, 0.2546619031408065, 0.25014993242936095, 0.23308465475995402, 0.2310838946532893, 0.2222385038930815]",1.1102230246251565e-16,2.7755575615628914e-16,"[0.28040471467039874, 0.27122462555576354, 0.25941167651659985, 0.25466190314080633, 0.250149932429361, 0.23308465475995396, 0.23108389465328913, 0.2222385038930815]"
20,1,reversible,8,"[0.07862680400938779, 0.07356279750786407, 0.06729441791315315, 0.06485268491129752, 0.06257498869441386, 0.05432845628456695, 0.05339976636813253, 0.04938995261263525]",6.331740687315346e-17,1.1102230246251565e-16,"[0.07862680400938774, 0.07356279750786412, 0.06729441791315305, 0.06485268491129743, 0.0625749886944139, 0.05432845628456693, 0.05339976636813242, 0.04938995261263521]"
20,1,reversible,16,"[0.006182174308730681, 0.005411485177183016, 0.0045285386822701106, 0.004205870740204033, 0.003915629210106022, 0.0029515811622641045, 0.002851535048171129, 0.0024393674190783627]",7.535205098774256e-18,1.6479873021779667e-17,"[0.006182174308730672, 0.005411485177183021, 0.004528538682270094, 0.004205870740204026, 0.003915629210106027, 0.0029515811622640997, 0.002851535048171127, 0.002439367419078351]"
20,1,metastable_reversible,2,"[0.9866487863785852, 0.1081847845763764, 0.07306376520977083, 0.059700531003172345, 0.058588305820371396, 0.042006352185330526, 0.03542742732862299, 0.03081206428915086]",9.280770596475918e-17,3.3306690738754696e-16,"[0.9866487863785856, 0.10818478457637648, 0.07306376520977075, 0.05970053100317238, 0.05858830582037147, 0.04200635218533051, 0.03542742732862295, 0.030812064289150943]"
20,1,metastable_reversible,4,"[0.9734758276623351, 0.011703947613836937, 0.00533831378662849, 0.0035641534020607415, 0.0034325895789013776, 0.0017645336239180247, 0.0012551026071249032, 0.0009493833057587932]",8.721051224930276e-17,5.551115123125783e-16,"[0.9734758276623356, 0.011703947613836986, 0.005338313786628506, 0.0035641534020607467, 0.0034325895789013737, 0.0017645336239180214, 0.0012551026071248605, 0.0009493833057587708]"
20,1,metastable_reversible,8,"[0.9476551870428683, 0.0001369823897474502, 2.8497594084494305e-05, 1.2703189473404448e-05, 1.1782671217169551e-05, 3.113578909936407e-06, 1.57528255440692e-06, 9.013286612343515e-07]",1.4847448626518518e-16,1.1102230246251565e-15,"[0.9476551870428694, 0.00013698238974744047, 2.849759408450798e-05, 1.2703189473421196e-05, 1.1782671217182311e-05, 3.1135789099372654e-06, 1.5752825544116218e-06, 9.013286612534516e-07]"
20,1,metastable_reversible,16,"[0.898050353529254, 1.8764175101778243e-08, 8.121128612769345e-10, 1.6137099834861783e-10, 1.3883134778963337e-10, 9.694373687438292e-12, 2.481512101307408e-12, 8.123827844640124e-13]",2.564337475906518e-16,1.9984014443252818e-15,"[0.898050353529256, 1.8764175100919686e-08, 8.121128686053842e-10, 1.613710227976391e-10, 1.388313410122165e-10, 9.694373628406129e-12, 2.4815151262336047e-12, 8.123933555969392e-13]"
20,1,directed_cycle_normal,2,"[0.9666640674410089, 0.9666640674410087, 0.875843989351356, 0.8758439893513554, 0.7519405835488367, 0.7519405835488361, 0.6262546777798677, 0.6262546777798675]",9.575673587391975e-16,3.885780586188048e-15,"[0.9666640674410084, 0.966664067441008, 0.8758439893513555, 0.8758439893513549, 0.7519405835488406, 0.7519405835488356, 0.6262546777798673, 0.6262546777798668]"
20,1,directed_cycle_normal,4,"[0.9344394192815951, 0.9344394192815944, 0.7671026936828982, 0.7671026936828979, 0.565414641187765, 0.5654146411877646, 0.39219492144116563, 0.39219492144116547]",1.4918621893400541e-15,5.995204332975845e-15,"[0.9344394192815944, 0.9344394192815936, 0.7671026936828974, 0.7671026936828963, 0.565414641187771, 0.5654146411877634, 0.39219492144116547, 0.3921949214411648]"
20,1,directed_cycle_normal,8,"[0.873177028307324, 0.8731770283073229, 0.5884465426555582, 0.5884465426555578, 0.31969371646948885, 0.3196937164694888, 0.15381685640424203, 0.15381685640424203]",1.817990202823694e-15,6.938893903907228e-15,"[0.8731770283073234, 0.8731770283073218, 0.5884465426555571, 0.5884465426555554, 0.3196937164694958, 0.31969371646948724, 0.15381685640424192, 0.15381685640424142]"
20,1,directed_cycle_normal,16,"[0.7624381227636087, 0.7624381227636085, 0.3462693335632799, 0.34626933356327944, 0.10220407235007394, 0.10220407235007381, 0.023659625314083207, 0.023659625314083197]",1.6952585168983347e-15,4.427014310692812e-15,"[0.7624381227636082, 0.7624381227636055, 0.3462693335632783, 0.3462693335632764, 0.10220407235007836, 0.10220407235007292, 0.023659625314083183, 0.023659625314083024]"
20,1,directed_nonnormal,2,"[0.31238445611824356, 0.29061523402584927, 0.2703239124250129, 0.221892568338255, 0.2068144683270516, 0.19569466152984002, 0.1867643480096889, 0.16366250330340057]",0.017481414611762666,0.025483612385575005,"[0.33786806850381856, 0.3034835426736544, 0.2883685417134127, 0.2390826254365109, 0.22373794496701374, 0.22015936043011045, 0.2003223294054054, 0.17498105584151702]"
20,1,directed_nonnormal,4,"[0.08203812449281414, 0.07485359969586387, 0.06921975203710883, 0.04297014402611872, 0.041790837855273884, 0.03992518740701761, 0.03035317787793501, 0.02761705755434363]",0.013385293330273749,0.03211670722168691,"[0.11415483171450105, 0.09210226067375181, 0.08315641584992024, 0.057160501785614964, 0.05005866801806247, 0.04847014398499529, 0.04012903565840775, 0.030618369903412098]"
20,1,directed_nonnormal,8,"[0.005167014436546731, 0.004456741628379328, 0.0033288796676701174, 0.0024252222662717415, 0.0017023332538288292, 0.0016033631804235158, 0.0008271173844660004, 0.0008065049106972443]",0.0023477921172713914,0.007864311167219324,"[0.013031325603766054, 0.008482826421215728, 0.006914989497004866, 0.0032673229643832916, 0.0025058702437425902, 0.0023493548579261747, 0.001610339502873761, 0.0009374845755421718]"
20,1,directed_nonnormal,16,"[1.557436111494287e-05, 1.3281011329392953e-05, 9.796216057367595e-06, 7.673663369371937e-06, 3.212725017516055e-06, 2.996741242453886e-06, 5.467554516940804e-07, 4.811169707138606e-07]",3.274682552481203e-05,0.00015424108587642587,"[0.00016981544699136875, 7.195834409247564e-05, 4.781707974368761e-05, 1.067539935358642e-05, 6.279385678474548e-06, 5.5194682484613164e-06, 2.5931933145157115e-06, 8.788773293794861e-07]"
20,2,reversible,2,"[0.5424763248394681, 0.5199426607281799, 0.508260936687729, 0.5011539527902457, 0.48774402910631104, 0.4849047805644539, 0.4751680415387315, 0.47190147770063473]",1.1102230246251565e-16,1.6653345369377348e-16,"[0.5424763248394682, 0.5199426607281797, 0.5082609366877289, 0.5011539527902455, 0.48774402910631093, 0.48490478056445385, 0.4751680415387313, 0.47190147770063484]"
20,2,reversible,4,"[0.29428056301133604, 0.27034037044509895, 0.2583291797626876, 0.2511552843972876, 0.23789423792885814, 0.23513264621426128, 0.22578466769975386, 0.2226910046560426]",1.457167719820518e-16,3.608224830031759e-16,"[0.2942805630113362, 0.27034037044509895, 0.25832917976268754, 0.2511552843972877, 0.2378942379288579, 0.23513264621426114, 0.2257846676997535, 0.22269100465604275]"
20,2,reversible,8,"[0.08660104976626894, 0.0730839158923934, 0.06673396511686294, 0.06307897688068245, 0.05659366843975215, 0.05528736131572092, 0.050978716168288245, 0.049591283554717626]",5.811323644522304e-17,1.3877787807814457e-16,"[0.08660104976626902, 0.07308391589239334, 0.06673396511686293, 0.06307897688068245, 0.05659366843975205, 0.05528736131572089, 0.050978716168288106, 0.04959128355471766]"
20,2,reversible,16,"[0.007499741820619792, 0.005341258762166421, 0.004453422100218688, 0.003978957324313672, 0.003202843307468616, 0.0030566923212550887, 0.002598829502166887, 0.002459295404604414]",1.0733601507606494e-17,2.905661822261152e-17,"[0.007499741820619805, 0.0053412587621664235, 0.004453422100218677, 0.003978957324313671, 0.003202843307468587, 0.0030566923212550705, 0.0025988295021668792, 0.00245929540460441]"
20,2,metastable_reversible,2,"[0.9865361090725012, 0.18906324798399957, 0.1023112614436665, 0.10077056657786829, 0.09803408273023768, 0.07755707413734615, 0.06510896493149419, 0.054410021888001446]",1.1449174941446927e-16,3.3306690738754696e-16,"[0.9865361090725014, 0.18906324798399923, 0.10231126144366649, 0.10077056657786826, 0.09803408273023778, 0.07755707413734612, 0.065108964931494, 0.054410021888001446]"
20,2,metastable_reversible,4,"[0.9732534945039104, 0.035744911738259305, 0.010467594218194275, 0.010154707088424612, 0.009610681376759085, 0.006015099748745803, 0.004239177314450529, 0.002960450481852784]",2.531612072753653e-17,1.1796119636642288e-16,"[0.9732534945039104, 0.03574491173825919, 0.010467594218194279, 0.010154707088424579, 0.009610681376759104, 0.006015099748745804, 0.0042391773144505145, 0.0029604504818527967]"
20,2,metastable_reversible,8,"[0.9472223645640736, 0.0012776987151759283, 0.00010957052871677415, 0.0001031180760517075, 9.23651965256078e-05, 3.6181424987375896e-05, 1.797062430338589e-05, 8.764267055484835e-06]",5.510372838362851e-17,3.3306690738754696e-16,"[0.9472223645640733, 0.0012776987151759396, 0.0001095705287167743, 0.00010311807605170039, 9.236519652558427e-05, 3.6181424987361835e-05, 1.7970624303351876e-05, 8.764267055502457e-06]"
20,2,metastable_reversible,16,"[0.8972302079303541, 1.6325140067553827e-06, 1.2005700757477936e-08, 1.063333762139479e-08, 8.53132954721581e-09, 1.3090955082070891e-09, 3.229433373000445e-10, 7.681237613279673e-11]",2.0228380862820787e-17,1.1102230246251565e-16,"[0.897230207930354, 1.6325140067622469e-06, 1.2005700763273461e-08, 1.0633337608604267e-08, 8.531329529209805e-09, 1.3090955141160915e-09, 3.229433378522211e-10, 7.68123770201657e-11]"
20,2,directed_cycle_normal,2,"[0.9666640674410089, 0.9666640674410087, 0.875843989351356, 0.8758439893513554, 0.7519405835488367, 0.7519405835488361, 0.6262546777798677, 0.6262546777798675]",9.575673587391975e-16,3.885780586188048e-15,"[0.9666640674410084, 0.966664067441008, 0.8758439893513555, 0.8758439893513549, 0.7519405835488406, 0.7519405835488356, 0.6262546777798673, 0.6262546777798668]"
20,2,directed_cycle_normal,4,"[0.9344394192815951, 0.9344394192815944, 0.7671026936828982, 0.7671026936828979, 0.565414641187765, 0.5654146411877646, 0.39219492144116563, 0.39219492144116547]",1.4918621893400541e-15,5.995204332975845e-15,"[0.9344394192815944, 0.9344394192815936, 0.7671026936828974, 0.7671026936828963, 0.565414641187771, 0.5654146411877634, 0.39219492144116547, 0.3921949214411648]"
20,2,directed_cycle_normal,8,"[0.873177028307324, 0.8731770283073229, 0.5884465426555582, 0.5884465426555578, 0.31969371646948885, 0.3196937164694888, 0.15381685640424203, 0.15381685640424203]",1.817990202823694e-15,6.938893903907228e-15,"[0.8731770283073234, 0.8731770283073218, 0.5884465426555571, 0.5884465426555554, 0.3196937164694958, 0.31969371646948724, 0.15381685640424192, 0.15381685640424142]"
20,2,directed_cycle_normal,16,"[0.7624381227636087, 0.7624381227636085, 0.3462693335632799, 0.34626933356327944, 0.10220407235007394, 0.10220407235007381, 0.023659625314083207, 0.023659625314083197]",1.6952585168983347e-15,4.427014310692812e-15,"[0.7624381227636082, 0.7624381227636055, 0.3462693335632783, 0.3462693335632764, 0.10220407235007836, 0.10220407235007292, 0.023659625314083183, 0.023659625314083024]"
20,2,directed_nonnormal,2,"[0.3425723426830826, 0.29318218215825326, 0.2810427189609912, 0.26201114395592645, 0.24334890852003785, 0.2318475573658699, 0.22789865419766933, 0.20877090992888206]",0.021038092653590367,0.03352549569938154,"[0.36034018499380205, 0.3116334663961097, 0.30006355363399134, 0.2813719298240479, 0.27526621472426016, 0.26537305306525144, 0.25061851422113285, 0.21431224214084013]"
20,2,directed_nonnormal,4,"[0.10146287920728782, 0.08354582198445347, 0.07262230430940693, 0.055844968012418894, 0.055360388218977916, 0.048264376279960934, 0.04654570589084943, 0.043942994871058065]",0.017939131212626875,0.028382169714079683,"[0.1298450489213675, 0.09711541737805526, 0.0900381362194592, 0.07917016289290894, 0.0757714889686225, 0.07042285729317276, 0.06280963967040817, 0.0459297371314341]"
20,2,directed_nonnormal,8,"[0.007845266465714236, 0.006972236299687009, 0.003475986465100855, 0.003093218699377233, 0.002743838251260556, 0.0026219656413439107, 0.001831181841109997, 0.001668676251423221]",0.003396105091449827,0.009014470263678085,"[0.01685973672939232, 0.009431404292513879, 0.008106865973873893, 0.006267914692489737, 0.005741318540522081, 0.004959378829334575, 0.003945050835526512, 0.0021095407529626363]"
20,2,directed_nonnormal,16,"[4.092427466351457e-05, 3.6197719708746686e-05, 1.390466281245058e-05, 1.1431013640981771e-05, 6.5523158566912e-06, 6.226065547294466e-06, 1.5314680833658069e-06, 1.419029277796276e-06]",5.4699419459125555e-05,0.00024332644792090583,"[0.0002842507225844204, 8.895138692884921e-05, 6.572127591835429e-05, 3.928675459232871e-05, 3.2962738583742594e-05, 2.459543837285198e-05, 1.556342609488843e-05, 4.450162188410166e-06]"
20,3,reversible,2,"[0.5243601767008722, 0.508387369634496, 0.5000717604322459, 0.49125741060884304, 0.48804623338476016, 0.48071357729514297, 0.4755849414352373, 0.4659777271780126]",1.1102230246251565e-16,2.220446049250313e-16,"[0.524360176700872, 0.5083873696344963, 0.5000717604322459, 0.49125741060884304, 0.4880462333847602, 0.4807135772951428, 0.47558494143523716, 0.4659777271780125]"
20,3,reversible,4,"[0.2749535949097698, 0.25845771760388153, 0.2500717655818056, 0.24133384347810544, 0.23818912592105176, 0.23108554339589332, 0.22618103651995808, 0.21713524222598632]",1.1796119636642288e-16,3.885780586188048e-16,"[0.2749535949097697, 0.2584577176038819, 0.25007176558180544, 0.24133384347810544, 0.23818912592105185, 0.23108554339589327, 0.22618103651995794, 0.21713524222598626]"
20,3,reversible,8,"[0.07559947935380582, 0.06680039178900783, 0.06253588794120149, 0.058242024007914686, 0.05673405970703466, 0.05340052836657532, 0.05115786128124261, 0.04714771341653775]",5.377642775528102e-17,1.3877787807814457e-16,"[0.07559947935380573, 0.06680039178900797, 0.06253588794120146, 0.05824202400791469, 0.0567340597070347, 0.053400528366575266, 0.05115786128124255, 0.04714771341653773]"
20,3,reversible,16,"[0.005715281278566516, 0.0044622923431649475, 0.003910737280594514, 0.003392133360538522, 0.0032187535308413786, 0.0028516164298294055, 0.002617126770870869, 0.0022229068804079876]",1.0462550964485118e-17,1.6479873021779667e-17,"[0.0057152812785665, 0.004462292343164963, 0.003910737280594507, 0.0033921333605385112, 0.0032187535308413778, 0.0028516164298294094, 0.0026171267708708554, 0.002222906880407972]"
20,3,metastable_reversible,2,"[0.9877843093305729, 0.12504100141689914, 0.09711783322668979, 0.08342048632198834, 0.07968868810970549, 0.053127990685205684, 0.03686227814474357, 0.03435548560548318]",1.0321604682062002e-16,2.220446049250313e-16,"[0.9877843093305732, 0.12504100141689897, 0.09711783322668972, 0.08342048632198844, 0.07968868810970536, 0.05312799068520557, 0.03686227814474354, 0.03435548560548319]"
20,3,metastable_reversible,4,"[0.975717841759677, 0.01563525203534096, 0.009431873530647167, 0.006958977538197011, 0.006350287012645878, 0.0028225833942473405, 0.0013588275500204447, 0.0011802993911885467]",9.733425003488616e-17,5.551115123125783e-16,"[0.9757178417596776, 0.015635252035340927, 0.009431873530647119, 0.006958977538197059, 0.006350287012645897, 0.0028225833942472902, 0.0013588275500204376, 0.0011802993911885628]"
20,3,metastable_reversible,8,"[0.9520253067281617, 0.0002444611062086337, 8.89602382980994e-05, 4.842736837712914e-05, 4.0326145142999656e-05, 7.966977017418195e-06, 1.846412310700705e-06, 1.3931066528281992e-06]",1.9621340875622536e-16,1.4432899320127035e-15,"[0.9520253067281631, 0.0002444611062086326, 8.896023829812174e-05, 4.8427368377131204e-05, 4.032614514297915e-05, 7.966977017480555e-06, 1.8464123106945446e-06, 1.3931066528400918e-06]"
20,3,metastable_reversible,16,"[0.9063521846508499, 5.9761232455918e-08, 7.91392397979058e-09, 2.345210006404405e-09, 1.626198004414011e-09, 6.347273979293384e-11, 3.4092582011348645e-12, 1.940725358627602e-12]",4.15812407629026e-16,3.219646771412954e-15,"[0.9063521846508531, 5.976123244874836e-08, 7.913923998058605e-09, 2.3452100079343673e-09, 1.626197982092621e-09, 6.347272279706335e-11, 3.409238421084367e-12, 1.9407461461873242e-12]"
20,3,directed_cycle_normal,2,"[0.9666640674410089, 0.9666640674410087, 0.875843989351356, 0.8758439893513554, 0.7519405835488367, 0.7519405835488361, 0.6262546777798677, 0.6262546777798675]",9.575673587391975e-16,3.885780586188048e-15,"[0.9666640674410084, 0.966664067441008, 0.8758439893513555, 0.8758439893513549, 0.7519405835488406, 0.7519405835488356, 0.6262546777798673, 0.6262546777798668]"
20,3,directed_cycle_normal,4,"[0.9344394192815951, 0.9344394192815944, 0.7671026936828982, 0.7671026936828979, 0.565414641187765, 0.5654146411877646, 0.39219492144116563, 0.39219492144116547]",1.4918621893400541e-15,5.995204332975845e-15,"[0.9344394192815944, 0.9344394192815936, 0.7671026936828974, 0.7671026936828963, 0.565414641187771, 0.5654146411877634, 0.39219492144116547, 0.3921949214411648]"
20,3,directed_cycle_normal,8,"[0.873177028307324, 0.8731770283073229, 0.5884465426555582, 0.5884465426555578, 0.31969371646948885, 0.3196937164694888, 0.15381685640424203, 0.15381685640424203]",1.817990202823694e-15,6.938893903907228e-15,"[0.8731770283073234, 0.8731770283073218, 0.5884465426555571, 0.5884465426555554, 0.3196937164694958, 0.31969371646948724, 0.15381685640424192, 0.15381685640424142]"
20,3,directed_cycle_normal,16,"[0.7624381227636087, 0.7624381227636085, 0.3462693335632799, 0.34626933356327944, 0.10220407235007394, 0.10220407235007381, 0.023659625314083207, 0.023659625314083197]",1.6952585168983347e-15,4.427014310692812e-15,"[0.7624381227636082, 0.7624381227636055, 0.3462693335632783, 0.3462693335632764, 0.10220407235007836, 0.10220407235007292, 0.023659625314083183, 0.023659625314083024]"
20,3,directed_nonnormal,2,"[0.29391050608887137, 0.27011768252516033, 0.2610999293395164, 0.24202325572676536, 0.20351805985462143, 0.18675586258063165, 0.18003720483648214, 0.16976697164852877]",0.0246880629220987,0.03297037681445111,"[0.32405151289127077, 0.2961505324803334, 0.28783290367904785, 0.2624893834504879, 0.23648843666907254, 0.21153987359478774, 0.20055795923518635, 0.18562337397718054]"
20,3,directed_nonnormal,4,"[0.06463618356452325, 0.062371603238474994, 0.055381582789058616, 0.04788890457050968, 0.04149097696525751, 0.03454062396664105, 0.03139057329655577, 0.027226283609499077]",0.01936145956718142,0.040373199442598165,"[0.10500938300712141, 0.087705137888385, 0.08284778044031203, 0.06890067642421728, 0.05592678067818193, 0.044749118120498775, 0.04022349501258267, 0.034456036966672224]"
20,3,directed_nonnormal,8,"[0.0036343799573771794, 0.0030729619513540805, 0.0024875827544246112, 0.001936291501418016, 0.0016100544607055072, 0.0013780962881630257, 0.0008844578511446561, 0.0007578754629397745]",0.002812994480461837,0.00739259056215914,"[0.011026970519536319, 0.007692191212020627, 0.0068637547238861495, 0.0047473032117146905, 0.003127804797025464, 0.002002483572562352, 0.0016179295510272628, 0.0011872184834486826]"
20,3,directed_nonnormal,16,"[1.0140886317981843e-05, 9.377323249374869e-06, 4.5130938006864825e-06, 3.463225760321268e-06, 2.2533738719973314e-06, 1.9768821114061223e-06, 8.31274408181907e-07, 7.498432543121144e-07]",2.9365785683322697e-05,0.00011145319252074123,"[0.00012159407883872307, 5.916980564228736e-05, 4.711112890966943e-05, 2.253688778395661e-05, 9.783162848295503e-06, 4.00994045838208e-06, 2.61769603208728e-06, 1.40948772744219e-06]"
20,4,reversible,2,"[0.5354478159099563, 0.5075364908445554, 0.4951964057091891, 0.4846118327593113, 0.4777911333326225, 0.47458693114589523, 0.46168541352618697, 0.458500240479057]",2.2898349882893854e-16,4.440892098500626e-16,"[0.5354478159099559, 0.5075364908445553, 0.495196405709189, 0.48461183275931136, 0.4777911333326222, 0.474586931145895, 0.4616854135261865, 0.4585002404790568]"
20,4,reversible,4,"[0.2867043635627423, 0.25759328953880545, 0.24521948022729986, 0.23484862845033877, 0.22828436709127187, 0.22523275521447872, 0.2131534210628462, 0.2102224705193531]",1.9081958235744878e-16,3.3306690738754696e-16,"[0.2867043635627421, 0.2575932895388054, 0.24521948022729972, 0.23484862845033874, 0.22828436709127156, 0.22523275521447847, 0.21315342106284588, 0.21022247051935292]"
20,4,reversible,8,"[0.08219939208591708, 0.06635430281542289, 0.060132593482947125, 0.055153878285005294, 0.05211375225826263, 0.050729794021505285, 0.045434380910795005, 0.04419348711126027]",9.454242944073599e-17,2.0816681711721685e-16,"[0.082199392085917, 0.06635430281542283, 0.06013259348294704, 0.05515387828500526, 0.052113752258262425, 0.05072979402150518, 0.045434380910794867, 0.044193487111260206]"
20,4,reversible,16,"[0.006756740059294317, 0.004402893502120841, 0.0036159287989853688, 0.003041950289877182, 0.002715843174435574, 0.0025735120014643465, 0.002064282968747222, 0.0019530643030531097]",1.0299920638612292e-17,2.211772431870429e-17,"[0.006756740059294316, 0.00440289350212083, 0.003615928798985365, 0.0030419502898771746, 0.002715843174435552, 0.002573512001464343, 0.0020642829687472007, 0.001953064303053122]"
20,4,metastable_reversible,2,"[0.9862955999468839, 0.1445653450534745, 0.12043224814777241, 0.11198330447582039, 0.08653387882441735, 0.0744900721768591, 0.05082498382007529, 0.04995243002710929]",1.1275702593849246e-16,3.3306690738754696e-16,"[0.9862955999468842, 0.14456534505347446, 0.12043224814777231, 0.11198330447582039, 0.08653387882441728, 0.07449007217685884, 0.050824983820075276, 0.049952430027109196]"
20,4,metastable_reversible,4,"[0.9727790104745843, 0.02089913899043013, 0.014503926393926617, 0.01254026048132433, 0.0074881121843989405, 0.005548770852913656, 0.0025831789803109017, 0.0024952452656132515]",2.5370330836160804e-17,1.1102230246251565e-16,"[0.9727790104745841, 0.020899138990430135, 0.01450392639392661, 0.012540260481324294, 0.0074881121843989335, 0.0055487708529136405, 0.0025831789803109134, 0.0024952452656132407]"
20,4,metastable_reversible,8,"[0.9462990032199116, 0.0004367740105413394, 0.0002103638808404543, 0.0001572581329394626, 5.607182408614536e-05, 3.078885797813095e-05, 6.672813644337844e-06, 6.226248935583826e-06]",5.260508706834673e-17,3.3306690738754696e-16,"[0.9462990032199112, 0.0004367740105413171, 0.00021036388084044096, 0.00015725813293946384, 5.6071824086143765e-05, 3.0788857978143966e-05, 6.672813644320131e-06, 6.226248935565292e-06]"
20,4,metastable_reversible,16,"[0.8954818034949977, 1.9077153628455116e-07, 4.425296234476454e-08, 2.4730120377232677e-08, 3.144049462553846e-09, 9.479537490167688e-10, 4.4526441593074263e-11, 3.8766195320589007e-11]",3.6750270915594966e-17,2.220446049250313e-16,"[0.8954818034949975, 1.9077153628434655e-07, 4.4252962362251236e-08, 2.473012037560608e-08, 3.1440494563474523e-09, 9.479537755983194e-10, 4.4526441931824906e-11, 3.876617580762794e-11]"
20,4,directed_cycle_normal,2,"[0.9666640674410089, 0.9666640674410087, 0.875843989351356, 0.8758439893513554, 0.7519405835488367, 0.7519405835488361, 0.6262546777798677, 0.6262546777798675]",9.575673587391975e-16,3.885780586188048e-15,"[0.9666640674410084, 0.966664067441008, 0.8758439893513555, 0.8758439893513549, 0.7519405835488406, 0.7519405835488356, 0.6262546777798673, 0.6262546777798668]"
20,4,directed_cycle_normal,4,"[0.9344394192815951, 0.9344394192815944, 0.7671026936828982, 0.7671026936828979, 0.565414641187765, 0.5654146411877646, 0.39219492144116563, 0.39219492144116547]",1.4918621893400541e-15,5.995204332975845e-15,"[0.9344394192815944, 0.9344394192815936, 0.7671026936828974, 0.7671026936828963, 0.565414641187771, 0.5654146411877634, 0.39219492144116547, 0.3921949214411648]"
20,4,directed_cycle_normal,8,"[0.873177028307324, 0.8731770283073229, 0.5884465426555582, 0.5884465426555578, 0.31969371646948885, 0.3196937164694888, 0.15381685640424203, 0.15381685640424203]",1.817990202823694e-15,6.938893903907228e-15,"[0.8731770283073234, 0.8731770283073218, 0.5884465426555571, 0.5884465426555554, 0.3196937164694958, 0.31969371646948724, 0.15381685640424192, 0.15381685640424142]"
20,4,directed_cycle_normal,16,"[0.7624381227636087, 0.7624381227636085, 0.3462693335632799, 0.34626933356327944, 0.10220407235007394, 0.10220407235007381, 0.023659625314083207, 0.023659625314083197]",1.6952585168983347e-15,4.427014310692812e-15,"[0.7624381227636082, 0.7624381227636055, 0.3462693335632783, 0.3462693335632764, 0.10220407235007836, 0.10220407235007292, 0.023659625314083183, 0.023659625314083024]"
20,4,directed_nonnormal,2,"[0.34571607913206226, 0.33206406277136125, 0.297315879048709, 0.2725334517050128, 0.2282913247161951, 0.21807483194116337, 0.20468869202840853, 0.18642803430651972]",0.016978905403637272,0.0375650536268268,"[0.3626926293142159, 0.3506555009005522, 0.31769001730487034, 0.2909799776002689, 0.2658563783430219, 0.23226190240145048, 0.20396745438932326, 0.19539726334665666]"
20,4,directed_nonnormal,4,"[0.1051698992757624, 0.09990216870731113, 0.07860312470310242, 0.05868916660506495, 0.04760613467743373, 0.04299082463111045, 0.03842720334803717, 0.03569950203996979]",0.0171776890410673,0.026376044083096822,"[0.13154594335885922, 0.12295928031181716, 0.1009269470951688, 0.08466934736425298, 0.070679613905668, 0.053945591307140904, 0.04160272245006067, 0.0381800905233627]"
20,4,directed_nonnormal,8,"[0.00987706636705615, 0.008354184810913833, 0.004822179782669967, 0.0036376620646920493, 0.0021699338171791115, 0.0020019597076399373, 0.0012042676391936632, 0.0011359004794180452]",0.0034586940830261662,0.007427268847116048,"[0.017304335214172198, 0.015118984614800027, 0.010186248649951003, 0.007168898383088534, 0.004995607821854296, 0.0029101268214770763, 0.001730786515256782, 0.0014577193123721701]"
20,4,directed_nonnormal,16,"[6.718732758414075e-05, 5.547106362832695e-05, 2.3210992490356877e-05, 1.7199938908897383e-05, 4.415568676872247e-06, 4.201184672409143e-06, 1.1024841663870805e-06, 1.0741828239152757e-06]",6.848240485041023e-05,0.0002322526896202992,"[0.00029944001720443996, 0.00022858369578255993, 0.00010375966155862863, 5.13931040270494e-05, 2.4956097509771832e-05, 8.468838117080272e-06, 2.995621961394715e-06, 2.1249455936627926e-06]"
20,5,reversible,2,"[0.5293215339772994, 0.517975157353548, 0.5021724371045699, 0.4883849007623542, 0.47825859782356706, 0.4766244816673383, 0.4665012612511588, 0.46332246434311847]",2.3592239273284576e-16,5.551115123125783e-16,"[0.5293215339772989, 0.5179751573535478, 0.5021724371045697, 0.488384900762354, 0.47825859782356706, 0.4766244816673388, 0.466501261251159, 0.4633224643431184]"
20,5,reversible,4,"[0.28018128633208117, 0.2682982636354328, 0.25217715658754314, 0.23851981129265445, 0.22873128639216447, 0.22717089652465897, 0.21762342674892188, 0.21466770596498025]",1.700029006457271e-16,3.885780586188048e-16,"[0.2801812863320808, 0.2682982636354327, 0.252177156587543, 0.23851981129265437, 0.22873128639216445, 0.22717089652465935, 0.2176234267489221, 0.21466770596498022]"
20,5,reversible,8,"[0.07850155321069965, 0.07198395826978816, 0.06359331830457825, 0.05689170037908352, 0.05231800137461437, 0.0516066162278173, 0.04735995586994336, 0.04608222398426721]",8.500145032286355e-17,2.0816681711721685e-16,"[0.07850155321069945, 0.07198395826978812, 0.06359331830457818, 0.05689170037908345, 0.052318001374614356, 0.05160661622781748, 0.04735995586994346, 0.04608222398426721]"
20,5,reversible,16,"[0.006162493856492302, 0.0051816902481866016, 0.004044110132987413, 0.003236665572023425, 0.0027371732678341506, 0.0026632428384852033, 0.002242965420002973, 0.002123571367336178]",1.5178830414797062e-17,3.165870343657673e-17,"[0.006162493856492276, 0.005181690248186599, 0.004044110132987399, 0.003236665572023404, 0.0027371732678341493, 0.002663242838485235, 0.002242965420002992, 0.0021235713673361718]"
20,5,metastable_reversible,2,"[0.9873154197206775, 0.10971600224935368, 0.0897293654581917, 0.08223065773845534, 0.07528814420358029, 0.056570760103666774, 0.041192796476358394, 0.03855511808527914]",1.3097162243624894e-16,6.661338147750939e-16,"[0.9873154197206768, 0.10971600224935377, 0.08972936545819174, 0.08223065773845534, 0.07528814420358017, 0.05657076010366682, 0.04119279647635832, 0.038555118085279144]"
20,5,metastable_reversible,4,"[0.9747917380182171, 0.012037601149580157, 0.008051359025529732, 0.0067618810720989795, 0.005668304657619085, 0.003200250898706654, 0.0016968464815426902, 0.0014864971305698486]",1.1302807648161384e-16,7.771561172376096e-16,"[0.9747917380182163, 0.0120376011495802, 0.008051359025529734, 0.006761881072098984, 0.0056683046576190815, 0.0032002508987066217, 0.0016968464815426782, 0.0014864971305698189]"
20,5,metastable_reversible,8,"[0.9502189325085768, 0.0001449038414363795, 6.48243821579659e-05, 4.572303563321435e-05, 3.2129677691572534e-05, 1.024160581464724e-05, 2.8792879819189385e-06, 2.2096737192564314e-06]",2.5215466743623116e-16,1.887379141862766e-15,"[0.9502189325085749, 0.00014490384143637456, 6.482438215797909e-05, 4.57230356332105e-05, 3.212967769158617e-05, 1.024160581467254e-05, 2.879287981923767e-06, 2.209673719192305e-06]"
20,5,metastable_reversible,16,"[0.902916019697739, 2.099712325251529e-08, 4.202200517947718e-09, 2.0905959568279737e-09, 1.0323161688977044e-09, 1.0489048110144043e-10, 8.290303569527008e-12, 4.882568183117478e-12]",4.51171997544135e-16,3.4416913763379853e-15,"[0.9029160196977356, 2.0997123263017983e-08, 4.2022005221637184e-09, 2.090595987515837e-09, 1.03231618856521e-09, 1.0489048966313439e-10, 8.290299282850639e-12, 4.882657945289154e-12]"
20,5,directed_cycle_normal,2,"[0.9666640674410089, 0.9666640674410087, 0.875843989351356, 0.8758439893513554, 0.7519405835488367, 0.7519405835488361, 0.6262546777798677, 0.6262546777798675]",9.575673587391975e-16,3.885780586188048e-15,"[0.9666640674410084, 0.966664067441008, 0.8758439893513555, 0.8758439893513549, 0.7519405835488406, 0.7519405835488356, 0.6262546777798673, 0.6262546777798668]"
20,5,directed_cycle_normal,4,"[0.9344394192815951, 0.9344394192815944, 0.7671026936828982, 0.7671026936828979, 0.565414641187765, 0.5654146411877646, 0.39219492144116563, 0.39219492144116547]",1.4918621893400541e-15,5.995204332975845e-15,"[0.9344394192815944, 0.9344394192815936, 0.7671026936828974, 0.7671026936828963, 0.565414641187771, 0.5654146411877634, 0.39219492144116547, 0.3921949214411648]"
20,5,directed_cycle_normal,8,"[0.873177028307324, 0.8731770283073229, 0.5884465426555582, 0.5884465426555578, 0.31969371646948885, 0.3196937164694888, 0.15381685640424203, 0.15381685640424203]",1.817990202823694e-15,6.938893903907228e-15,"[0.8731770283073234, 0.8731770283073218, 0.5884465426555571, 0.5884465426555554, 0.3196937164694958, 0.31969371646948724, 0.15381685640424192, 0.15381685640424142]"
20,5,directed_cycle_normal,16,"[0.7624381227636087, 0.7624381227636085, 0.3462693335632799, 0.34626933356327944, 0.10220407235007394, 0.10220407235007381, 0.023659625314083207, 0.023659625314083197]",1.6952585168983347e-15,4.427014310692812e-15,"[0.7624381227636082, 0.7624381227636055, 0.3462693335632783, 0.3462693335632764, 0.10220407235007836, 0.10220407235007292, 0.023659625314083183, 0.023659625314083024]"
20,5,directed_nonnormal,2,"[0.3288945790090078, 0.31190842883688225, 0.26524802061451397, 0.2600878172499041, 0.2503469715898553, 0.2220600721708042, 0.21287825667493687, 0.19508117978901418]",0.023729150582928363,0.03806255321607377,"[0.3653695493130592, 0.33410727435772886, 0.30331057383058774, 0.2927630914405209, 0.272749638182299, 0.24965949969764373, 0.21887231736845955, 0.1995065864080466]"
20,5,directed_nonnormal,4,"[0.09263538528586127, 0.08082339146434914, 0.06649392575041824, 0.0598581543112931, 0.053986552591159684, 0.04617323235325662, 0.04457188121840717, 0.04043772051197761]",0.020443718999545422,0.040859522279366706,"[0.13349490756522797, 0.11162767077875069, 0.09199730419744041, 0.08571022770981078, 0.07439236512857504, 0.06232986578927777, 0.04790509131023968, 0.03980287802019137]"
20,5,directed_nonnormal,8,"[0.006633731231769191, 0.005849157234653023, 0.0040451955337218745, 0.0037021033039755084, 0.00228099497552932, 0.002022768380380439, 0.0016906638476920264, 0.0016205760398752208]",0.003952150088580067,0.01118715911407957,"[0.017820890345848762, 0.01246073688348915, 0.008463503979596387, 0.007346243134067615, 0.005534223989423228, 0.0038850121693093796, 0.002294897773442401, 0.0015842690986902332]"
20,5,directed_nonnormal,16,"[2.6915127363801362e-05, 2.2924296260967293e-05, 1.5370414677882178e-05, 1.4795945417622649e-05, 6.275866882422468e-06, 5.402776432649544e-06, 1.837971077001847e-06, 1.793684872267223e-06]",6.957920253744781e-05,0.00029066900535496427,"[0.00031758413271876565, 0.00015526996367954687, 7.163089961264388e-05, 5.3967288184835574e-05, 3.062763516510755e-05, 1.5093319555681972e-05, 5.266555790550889e-06, 2.5099085770647637e-06]"
20,6,reversible,2,"[0.5467300235227491, 0.5386007302078513, 0.5326131593943433, 0.5134942854878596, 0.4957634236280511, 0.49326728229323685, 0.47719249226175775, 0.47005245262947104]",3.122502256758253e-16,5.551115123125783e-16,"[0.546730023522749, 0.5386007302078508, 0.5326131593943427, 0.5134942854878592, 0.49576342362805065, 0.4932672822932366, 0.4771924922617578, 0.47005245262947076]"
20,6,reversible,4,"[0.29891371862118576, 0.2900907465804305, 0.283676777560024, 0.2636763812286874, 0.24578137220740642, 0.2433126117809558, 0.22771267467098766, 0.22094930822298106]",2.7755575615628914e-16,4.440892098500626e-16,"[0.29891371862118565, 0.29009074658043016, 0.2836767775600236, 0.26367638122868714, 0.24578137220740598, 0.24331261178095553, 0.22771267467098777, 0.22094930822298084]"
20,6,reversible,8,"[0.08934941117994542, 0.08415264125159148, 0.08047251412683934, 0.06952523401785606, 0.06040848292415564, 0.059201027051670144, 0.05185306220581508, 0.048818596804213875]",1.3444106938820255e-16,2.636779683484747e-16,"[0.08934941117994534, 0.08415264125159135, 0.08047251412683908, 0.06952523401785596, 0.06040848292415544, 0.05920102705166998, 0.05185306220581512, 0.04881859680421379]"
20,6,reversible,16,"[0.00798331727820295, 0.007081667029619067, 0.006475825529894359, 0.004833758165237664, 0.0036491848091979957, 0.0035047616039725724, 0.002688740060120135, 0.0023832553939324283]",2.2659825404947043e-17,4.336808689942018e-17,"[0.007983317278202942, 0.007081667029619033, 0.006475825529894315, 0.004833758165237635, 0.0036491848091979797, 0.0035047616039725602, 0.002688740060120132, 0.002383255393932393]"
20,6,metastable_reversible,2,"[0.986941494607134, 0.11464615002233666, 0.11364919297684811, 0.06440637144477326, 0.05377081213377576, 0.05168578852712231, 0.04984075229522234, 0.04846480599865302]",8.760353553682876e-17,4.440892098500626e-16,"[0.9869414946071335, 0.1146461500223366, 0.11364919297684818, 0.06440637144477328, 0.05377081213377575, 0.05168578852712233, 0.04984075229522239, 0.048464805998653]"
20,6,metastable_reversible,4,"[0.9740535137773639, 0.013143739714944123, 0.012916139064288871, 0.004148180682682107, 0.002891300237525806, 0.0026714207356703557, 0.0024841005893537055, 0.0023488374204870726]",1.9147010366094008e-16,1.4432899320127035e-15,"[0.9740535137773625, 0.013143739714944107, 0.012916139064288878, 0.004148180682682107, 0.0028913002375258053, 0.00267142073567041, 0.002484100589353716, 0.002348837420487072]"
20,6,metastable_reversible,8,"[0.948780247702029, 0.00017275789369419723, 0.00016682664832805725, 1.720740297613359e-05, 8.359617063512245e-06, 7.1364887469658656e-06, 6.170755738020925e-06, 5.517037227860082e-06]",3.0250955854063764e-16,2.3314683517128287e-15,"[0.9487802477020266, 0.00017275789369419902, 0.00016682664832804917, 1.720740297617699e-05, 8.35961706351678e-06, 7.136488746969835e-06, 6.17075573802748e-06, 5.517037227880362e-06]"
20,6,metastable_reversible,16,"[0.9001839584295235, 2.984528983766055e-08, 2.78311305810233e-08, 2.960947068001897e-10, 6.988320366744126e-11, 5.092945652235215e-11, 3.807823141223561e-11, 3.043770033373476e-11]",5.755720324421489e-16,4.551914400963142e-15,"[0.9001839584295189, 2.984528983365617e-08, 2.7831130592370594e-08, 2.9609471718454473e-10, 6.98831974486409e-11, 5.092947163562708e-11, 3.8078226378399067e-11, 3.043769977381784e-11]"
20,6,directed_cycle_normal,2,"[0.9666640674410089, 0.9666640674410087, 0.875843989351356, 0.8758439893513554, 0.7519405835488367, 0.7519405835488361, 0.6262546777798677, 0.6262546777798675]",9.575673587391975e-16,3.885780586188048e-15,"[0.9666640674410084, 0.966664067441008, 0.8758439893513555, 0.8758439893513549, 0.7519405835488406, 0.7519405835488356, 0.6262546777798673, 0.6262546777798668]"
20,6,directed_cycle_normal,4,"[0.9344394192815951, 0.9344394192815944, 0.7671026936828982, 0.7671026936828979, 0.565414641187765, 0.5654146411877646, 0.39219492144116563, 0.39219492144116547]",1.4918621893400541e-15,5.995204332975845e-15,"[0.9344394192815944, 0.9344394192815936, 0.7671026936828974, 0.7671026936828963, 0.565414641187771, 0.5654146411877634, 0.39219492144116547, 0.3921949214411648]"
20,6,directed_cycle_normal,8,"[0.873177028307324, 0.8731770283073229, 0.5884465426555582, 0.5884465426555578, 0.31969371646948885, 0.3196937164694888, 0.15381685640424203, 0.15381685640424203]",1.817990202823694e-15,6.938893903907228e-15,"[0.8731770283073234, 0.8731770283073218, 0.5884465426555571, 0.5884465426555554, 0.3196937164694958, 0.31969371646948724, 0.15381685640424192, 0.15381685640424142]"
20,6,directed_cycle_normal,16,"[0.7624381227636087, 0.7624381227636085, 0.3462693335632799, 0.34626933356327944, 0.10220407235007394, 0.10220407235007381, 0.023659625314083207, 0.023659625314083197]",1.6952585168983347e-15,4.427014310692812e-15,"[0.7624381227636082, 0.7624381227636055, 0.3462693335632783, 0.3462693335632764, 0.10220407235007836, 0.10220407235007292, 0.023659625314083183, 0.023659625314083024]"
20,6,directed_nonnormal,2,"[0.36871761755785787, 0.3263204576209733, 0.25358588151317824, 0.24832117656944108, 0.24233168481526077, 0.22272868891398495, 0.20420789840056344, 0.19710990455348362]",0.026543542088143954,0.061937071113890074,"[0.43065468867174794, 0.3468208722024267, 0.2819526482184985, 0.27792477064518945, 0.2673168403048136, 0.24397388020371508, 0.21630539413749933, 0.21072255226600425]"
20,6,directed_nonnormal,4,"[0.11308110905667439, 0.09135733421621285, 0.06377142849528884, 0.05148975823606681, 0.0509704973940331, 0.04447625001071288, 0.04295637740112893, 0.04044847658231895]",0.023263748219008087,0.07238235181828577,"[0.18546346087496016, 0.12028471739525198, 0.07949729583742439, 0.07724217813818117, 0.07145829311054921, 0.05952325422165671, 0.04678802353297893, 0.04440399403349889]"
20,6,directed_nonnormal,8,"[0.007840518135432647, 0.006213766496618064, 0.003980050632964922, 0.0030604384715538493, 0.0025109322604820773, 0.0022670100532030755, 0.0016562727330169456, 0.0015864198209776393]",0.005605751670372063,0.026556177184285226,"[0.034396695319717875, 0.014468413238855636, 0.006319820045462973, 0.005966354083530512, 0.005106287654273165, 0.0035430177931359734, 0.00218911914612259, 0.001971714686127005]"
20,6,directed_nonnormal,16,"[4.126561166812985e-05, 3.3130242984083805e-05, 1.6195431017399377e-05, 1.1635540165072701e-05, 5.575312235589862e-06, 4.898288802371995e-06, 3.1295559372127817e-06, 2.9262478440707518e-06]",0.00017456949456262877,0.0011418670372493715,"[0.0011831326489175015, 0.00020933498165029302, 3.9940125407035614e-05, 3.559738105006121e-05, 2.6074173608182543e-05, 1.2552975082478102e-05, 4.792242635920498e-06, 3.887658803488914e-06]"
20,7,reversible,2,"[0.5334381771923237, 0.5168179000154159, 0.5078520397970524, 0.5043619970346437, 0.4901306415906827, 0.4843069231480783, 0.4759026527479063, 0.47117609031626956]",1.0408340855860843e-16,2.220446049250313e-16,"[0.5334381771923237, 0.5168179000154158, 0.5078520397970523, 0.5043619970346438, 0.4901306415906825, 0.4843069231480782, 0.47590265274790616, 0.4711760903162695]"
20,7,reversible,4,"[0.28455628888626877, 0.26710074177634424, 0.25791369432602673, 0.2543810240527739, 0.24022804582609422, 0.23455319580915854, 0.22648333489249411, 0.2220069080857253]",7.979727989493313e-17,1.942890293094024e-16,"[0.2845562888862689, 0.26710074177634435, 0.2579136943260268, 0.25438102405277396, 0.24022804582609403, 0.23455319580915854, 0.22648333489249414, 0.22200690808572537]"
20,7,reversible,8,"[0.08097228154472565, 0.0713428062574733, 0.06651947372089911, 0.06470970539813789, 0.05770951400142403, 0.05501520166428946, 0.05129470098402567, 0.049287067237783685]",5.4643789493269423e-17,9.71445146547012e-17,"[0.08097228154472572, 0.07134280625747338, 0.06651947372089917, 0.06470970539813797, 0.057709514001423934, 0.05501520166428946, 0.05129470098402566, 0.04928706723778372]"
20,7,reversible,16,"[0.006556510378558303, 0.005089796004691388, 0.004424840384105393, 0.00418734597271379, 0.003330388006280547, 0.0030266724141624476, 0.002631146349040606, 0.002429214996901804]",9.269928574751063e-18,2.5153490401663703e-17,"[0.0065565103785583286, 0.005089796004691383, 0.004424840384105396, 0.004187345972713807, 0.0033303880062805448, 0.003026672414162438, 0.002631146349040603, 0.002429214996901813]"
20,7,metastable_reversible,2,"[0.986997529333495, 0.09913161031442977, 0.08656310436230599, 0.06607541033941683, 0.060316397847598575, 0.05349200315723973, 0.05295019177783667, 0.039482697901757124]",9.367506770274758e-17,4.440892098500626e-16,"[0.9869975293334946, 0.09913161031442988, 0.08656310436230595, 0.06607541033941682, 0.06031639784759858, 0.053492003157239724, 0.052950191777836754, 0.039482697901757166]"
20,7,metastable_reversible,4,"[0.9741641229104232, 0.009827076163531949, 0.007493171036839482, 0.0043659598515223075, 0.0036380678493098005, 0.0028613944017741497, 0.002803722809309663, 0.0015588834336014259]",1.0820337681405334e-16,7.771561172376096e-16,"[0.9741641229104224, 0.00982707616353198, 0.0074931710368394714, 0.00436595985152231, 0.003638067849309795, 0.002861394401774145, 0.0028037228093096907, 0.0015588834336014198]"
20,7,metastable_reversible,8,"[0.9489957383658337, 9.65714259238673e-05, 5.614761218731597e-05, 1.9061605425112376e-05, 1.3235537676159285e-05, 8.187577922528385e-06, 7.860861591416825e-06, 2.4301175595704408e-06]",1.5338347894588728e-16,1.1102230246251565e-15,"[0.9489957383658326, 9.657142592385843e-05, 5.614761218732992e-05, 1.906160542510471e-05, 1.3235537676181596e-05, 8.187577922504416e-06, 7.860861591443425e-06, 2.4301175595569526e-06]"
20,7,metastable_reversible,16,"[0.9005929114365141, 9.32604029538209e-09, 3.152554359934042e-09, 3.633448113120687e-10, 1.751794655492179e-10, 6.703643052764326e-11, 6.179313698383736e-11, 5.905465767011348e-12]",2.8359993092005175e-16,2.220446049250313e-15,"[0.9005929114365119, 9.326040304967276e-09, 3.1525543543387993e-09, 3.633448013823813e-10, 1.7517945757762255e-10, 6.703643223708172e-11, 6.179314495983046e-11, 5.905471353267038e-12]"
20,7,directed_cycle_normal,2,"[0.9666640674410089, 0.9666640674410087, 0.875843989351356, 0.8758439893513554, 0.7519405835488367, 0.7519405835488361, 0.6262546777798677, 0.6262546777798675]",9.575673587391975e-16,3.885780586188048e-15,"[0.9666640674410084, 0.966664067441008, 0.8758439893513555, 0.8758439893513549, 0.7519405835488406, 0.7519405835488356, 0.6262546777798673, 0.6262546777798668]"
20,7,directed_cycle_normal,4,"[0.9344394192815951, 0.9344394192815944, 0.7671026936828982, 0.7671026936828979, 0.565414641187765, 0.5654146411877646, 0.39219492144116563, 0.39219492144116547]",1.4918621893400541e-15,5.995204332975845e-15,"[0.9344394192815944, 0.9344394192815936, 0.7671026936828974, 0.7671026936828963, 0.565414641187771, 0.5654146411877634, 0.39219492144116547, 0.3921949214411648]"
20,7,directed_cycle_normal,8,"[0.873177028307324, 0.8731770283073229, 0.5884465426555582, 0.5884465426555578, 0.31969371646948885, 0.3196937164694888, 0.15381685640424203, 0.15381685640424203]",1.817990202823694e-15,6.938893903907228e-15,"[0.8731770283073234, 0.8731770283073218, 0.5884465426555571, 0.5884465426555554, 0.3196937164694958, 0.31969371646948724, 0.15381685640424192, 0.15381685640424142]"
20,7,directed_cycle_normal,16,"[0.7624381227636087, 0.7624381227636085, 0.3462693335632799, 0.34626933356327944, 0.10220407235007394, 0.10220407235007381, 0.023659625314083207, 0.023659625314083197]",1.6952585168983347e-15,4.427014310692812e-15,"[0.7624381227636082, 0.7624381227636055, 0.3462693335632783, 0.3462693335632764, 0.10220407235007836, 0.10220407235007292, 0.023659625314083183, 0.023659625314083024]"
20,7,directed_nonnormal,2,"[0.31211127670712474, 0.29586206040890217, 0.2543146873112501, 0.2505772220643055, 0.21735027983005958, 0.2038100594827563, 0.17836223201692597, 0.16556406732404458]",0.026401853552228596,0.03588925281701627,"[0.348000529524141, 0.33036486934675513, 0.287460073682114, 0.27177473523314866, 0.2387532393375084, 0.21778812317826343, 0.20195092961291092, 0.19307421364835617]"
20,7,directed_nonnormal,4,"[0.0846012844616579, 0.07289218421224465, 0.05828931712004087, 0.05199103226176127, 0.0462886620151878, 0.04210120340096996, 0.029802231084834506, 0.02645509942369987]",0.019601963497334094,0.03650308408742463,"[0.12110436854908253, 0.10914094689849858, 0.08263329396132642, 0.07386150671104805, 0.057003109294153566, 0.04743166659751045, 0.0407841779715189, 0.03727765197593109]"
20,7,directed_nonnormal,8,"[0.004965284750131951, 0.0036363738794196305, 0.0033917055941489636, 0.0027806156346875644, 0.0023110860555675505, 0.0021148884015779208, 0.0007808798444590403, 0.0007135362706267282]",0.003339939670068563,0.009700983331540063,"[0.014666268081672013, 0.011911746289900887, 0.006828261270898984, 0.005455522173626196, 0.0032493544692012164, 0.0022497629962173883, 0.0016633491728125275, 0.0013896233368386388]"
20,7,directed_nonnormal,16,"[1.5314114134407565e-05, 1.3526696499004419e-05, 9.220826890760255e-06, 8.065244473060414e-06, 5.3594354283532086e-06, 5.153832635949783e-06, 6.221923322383094e-07, 5.572497596950044e-07]",4.950746510297588e-05,0.00019978530530906366,"[0.00021509941944347123, 0.00014188969967496756, 4.662515198365901e-05, 2.976272218692709e-05, 1.0558304466517918e-05, 5.061433539149041e-06, 2.766730470696119e-06, 1.931053018286553e-06]"
20,8,reversible,2,"[0.5440443632018367, 0.5263065283333682, 0.5173059772027975, 0.5030478520171033, 0.4858200908946714, 0.47528618898470765, 0.47496432404200756, 0.4503861424039746]",1.1796119636642288e-16,3.3306690738754696e-16,"[0.5440443632018364, 0.5263065283333682, 0.5173059772027975, 0.5030478520171034, 0.4858200908946716, 0.4752861889847076, 0.4749643240420075, 0.4503861424039748]"
20,8,reversible,4,"[0.2959842691316919, 0.2769985617663225, 0.2676054740497411, 0.25305714141902136, 0.23602116071690674, 0.2258969614396072, 0.22559110911268113, 0.20284767726953315]",1.734723475976807e-16,3.3306690738754696e-16,"[0.29598426913169157, 0.27699856176632254, 0.2676054740497412, 0.2530571414190217, 0.23602116071690699, 0.2258969614396072, 0.2255911091126811, 0.20284767726953343]"
20,8,reversible,8,"[0.08760668757342185, 0.07672820322061116, 0.07161268974138664, 0.06403791682316663, 0.05570598830615594, 0.051029437187647395, 0.0508913485106896, 0.0411471801736447]",8.413408858487514e-17,2.220446049250313e-16,"[0.08760668757342163, 0.07672820322061122, 0.07161268974138672, 0.06403791682316673, 0.055705988306156036, 0.051029437187647374, 0.05089134851068959, 0.04114718017364479]"
20,8,reversible,16,"[0.007674931707587158, 0.0058872171694634, 0.005128377331996097, 0.004100854791050797, 0.003103157133165582, 0.002604003459688052, 0.002589929353236472, 0.0016930904362423773]",1.677802861921318e-17,5.0306980803327406e-17,"[0.007674931707587108, 0.005887217169463413, 0.005128377331996115, 0.0041008547910508205, 0.003103157133165593, 0.0026040034596880486, 0.0025899293532364673, 0.001693090436242387]"
20,8,metastable_reversible,2,"[0.9864189790611825, 0.12520997518423574, 0.10906561742902096, 0.0973054342908606, 0.06461282729817033, 0.059524246649036085, 0.0526257795726362, 0.035374827426773676]",7.45931094670027e-17,1.3877787807814457e-16,"[0.9864189790611824, 0.12520997518423563, 0.10906561742902082, 0.0973054342908605, 0.06461282729817035, 0.05952424664903597, 0.0526257795726362, 0.03537482742677368]"
20,8,metastable_reversible,4,"[0.9730224022521057, 0.01567753788563692, 0.01189530890517359, 0.009468347542532986, 0.004174817451463182, 0.0035431359391352893, 0.0027694726756277077, 0.001251378415474014]",7.245181017634383e-17,4.440892098500626e-16,"[0.9730224022521052, 0.015677537885636906, 0.011895308905173528, 0.00946834754253297, 0.004174817451463186, 0.0035431359391352693, 0.002769472675627694, 0.0012513784154740194]"
20,8,metastable_reversible,8,"[0.9467725952844586, 0.00024578519415557984, 0.00014149837394950604, 8.964960518614304e-05, 1.7429100753045537e-05, 1.255381228319333e-05, 7.669978901069544e-06, 1.5659479387155516e-06]",1.2112888783091715e-16,8.881784197001252e-16,"[0.9467725952844577, 0.0002457851941555805, 0.00014149837394950067, 8.964960518619014e-05, 1.7429100753041573e-05, 1.2553812283191967e-05, 7.669978901048415e-06, 1.5659479387142675e-06]"
20,8,metastable_reversible,16,"[0.8963783471816691, 6.041036163482408e-08, 2.0021789815450653e-08, 8.037051721284204e-09, 3.037735600051577e-10, 1.5759817231662055e-10, 5.882855592093597e-11, 2.4521920986581772e-12]",2.0880890303991941e-16,1.5543122344752192e-15,"[0.8963783471816675, 6.041036166609638e-08, 2.002178983035273e-08, 8.037051710039768e-09, 3.0377355305967436e-10, 1.575982028416215e-10, 5.882857634252786e-11, 2.452192946763463e-12]"
20,8,directed_cycle_normal,2,"[0.9666640674410089, 0.9666640674410087, 0.875843989351356, 0.8758439893513554, 0.7519405835488367, 0.7519405835488361, 0.6262546777798677, 0.6262546777798675]",9.575673587391975e-16,3.885780586188048e-15,"[0.9666640674410084, 0.966664067441008, 0.8758439893513555, 0.8758439893513549, 0.7519405835488406, 0.7519405835488356, 0.6262546777798673, 0.6262546777798668]"
20,8,directed_cycle_normal,4,"[0.9344394192815951, 0.9344394192815944, 0.7671026936828982, 0.7671026936828979, 0.565414641187765, 0.5654146411877646, 0.39219492144116563, 0.39219492144116547]",1.4918621893400541e-15,5.995204332975845e-15,"[0.9344394192815944, 0.9344394192815936, 0.7671026936828974, 0.7671026936828963, 0.565414641187771, 0.5654146411877634, 0.39219492144116547, 0.3921949214411648]"
20,8,directed_cycle_normal,8,"[0.873177028307324, 0.8731770283073229, 0.5884465426555582, 0.5884465426555578, 0.31969371646948885, 0.3196937164694888, 0.15381685640424203, 0.15381685640424203]",1.817990202823694e-15,6.938893903907228e-15,"[0.8731770283073234, 0.8731770283073218, 0.5884465426555571, 0.5884465426555554, 0.3196937164694958, 0.31969371646948724, 0.15381685640424192, 0.15381685640424142]"
20,8,directed_cycle_normal,16,"[0.7624381227636087, 0.7624381227636085, 0.3462693335632799, 0.34626933356327944, 0.10220407235007394, 0.10220407235007381, 0.023659625314083207, 0.023659625314083197]",1.6952585168983347e-15,4.427014310692812e-15,"[0.7624381227636082, 0.7624381227636055, 0.3462693335632783, 0.3462693335632764, 0.10220407235007836, 0.10220407235007292, 0.023659625314083183, 0.023659625314083024]"
20,8,directed_nonnormal,2,"[0.33523894686573175, 0.32733873231055033, 0.26280292558594925, 0.25276342142826363, 0.2322674148567905, 0.2201407470849233, 0.1940936782455036, 0.17795880493380697]",0.030558209513059036,0.06126739021835731,"[0.3601475293396631, 0.3528112753400548, 0.32407031580430656, 0.29389957562884955, 0.2579036605071336, 0.22940525868747935, 0.22781409462913865, 0.20101863747936602]"
20,8,directed_nonnormal,4,"[0.09486925068865963, 0.09044055988422343, 0.06516020597883225, 0.05416709546060048, 0.04742797254859423, 0.043860918764824286, 0.034267943118698976, 0.03069721528578587]",0.02451727905610552,0.03986136360667074,"[0.12970624288946347, 0.12447579600707594, 0.10502156958550299, 0.08637696055481786, 0.06651429810297882, 0.05262677271346933, 0.051899261711694136, 0.04040849261406077]"
20,8,directed_nonnormal,8,"[0.008016689839592, 0.005986757787130458, 0.0037080888728884525, 0.002610788544882053, 0.0019830666320662, 0.0018309435799074166, 0.0010343526344313671, 0.0009615226438426043]",0.004524542599271619,0.009507466004464726,"[0.016823709444500498, 0.015494223791595183, 0.011029530078202645, 0.00746097931468856, 0.004424151852131931, 0.0027695772062351597, 0.0026935333662189208, 0.001632846275340604]"
20,8,directed_nonnormal,16,"[3.9625301816447744e-05, 2.908642189218633e-05, 1.2732562832351088e-05, 9.148760008750972e-06, 3.4791074413358025e-06, 3.2850095418405473e-06, 6.42352623164192e-07, 5.237979726470641e-07]",7.988332359929015e-05,0.00024341189765652747,"[0.00028303719947297523, 0.00024007097090403422, 0.00012165053374597685, 5.566621233421057e-05, 1.95731196107224e-05, 7.670557901297352e-06, 7.2551219949346316e-06, 2.6661869588936836e-06]"
20,9,reversible,2,"[0.5359272197513986, 0.519820681009, 0.4999931380734618, 0.4915346576929963, 0.48735975193628994, 0.48573669571388867, 0.47633968930459714, 0.47338352678613504]",1.3183898417423734e-16,3.885780586188048e-16,"[0.5359272197513986, 0.5198206810089999, 0.49999313807346163, 0.4915346576929963, 0.48735975193628955, 0.4857366957138885, 0.47633968930459714, 0.4733835267861348]"
20,9,reversible,4,"[0.28721798487046385, 0.2702135404046602, 0.24999313812054774, 0.24160631971337093, 0.23751952780740201, 0.2359401375630469, 0.22689949960679995, 0.22409196343247934]",1.5959455978986625e-16,3.3306690738754696e-16,"[0.2872179848704639, 0.27021354040466045, 0.2499931381205477, 0.24160631971337104, 0.23751952780740168, 0.23594013756304671, 0.22689949960680014, 0.22409196343247922]"
20,9,reversible,8,"[0.08249417083305, 0.07301535741802101, 0.06249656910735929, 0.05837361372543965, 0.056415526089851266, 0.05566774851326951, 0.05148338292181627, 0.05021720807502365]",6.765421556309548e-17,2.0122792321330962e-16,"[0.08249417083305004, 0.07301535741802105, 0.062496569107359234, 0.058373613725439664, 0.056415526089851065, 0.055667748513269416, 0.051483382921816305, 0.0502172080750236]"
20,9,reversible,16,"[0.00680528822143243, 0.005331242418881353, 0.003905821150190944, 0.0034074787793668465, 0.0031827115839946833, 0.0030988982245366207, 0.002650538717074361, 0.0025217679868502238]",1.1167282376600696e-17,1.734723475976807e-17,"[0.006805288221432442, 0.005331242418881363, 0.003905821150190928, 0.003407478779366838, 0.003182711583994666, 0.003098898224536609, 0.0026505387170743665, 0.0025217679868502155]"
20,9,metastable_reversible,2,"[0.9867503626810425, 0.1106471162458641, 0.09678233116266159, 0.07666286201887437, 0.06671535364341119, 0.06062444909791345, 0.04755880202343261, 0.04294555516695305]",5.117434254131581e-17,1.3877787807814457e-16,"[0.9867503626810425, 0.11064711624586418, 0.09678233116266173, 0.07666286201887436, 0.06671535364341122, 0.060624449097913355, 0.04755880202343263, 0.04294555516695308]"
20,9,metastable_reversible,4,"[0.9736762782511686, 0.012242784333525759, 0.00936681962527911, 0.005877194412924978, 0.004450938411765424, 0.0036753238284255004, 0.002261839649904049, 0.0018443207085977833]",5.353248226647178e-17,3.3306690738754696e-16,"[0.973676278251169, 0.01224278433352578, 0.009366819625279122, 0.005877194412924968, 0.004450938411765422, 0.003675323828425487, 0.0022618396499040593, 0.0018443207085978104]"
20,9,metastable_reversible,8,"[0.9480454948290472, 0.00014988576823718908, 8.773730989251928e-05, 3.454141416731884e-05, 1.981085274532672e-05, 1.3508005243778505e-05, 5.1159186018856835e-06, 3.4015188761477914e-06]",7.952416470900282e-17,5.551115123125783e-16,"[0.9480454948290478, 0.00014988576823722426, 8.773730989251412e-05, 3.4541414167316464e-05, 1.9810852745328897e-05, 1.350800524379218e-05, 5.115918601878117e-06, 3.4015188761627293e-06]"
20,9,metastable_reversible,16,"[0.8987902602656533, 2.246574351529224e-08, 7.697835551370443e-09, 1.1931092799639634e-09, 3.924699042649365e-10, 1.8246625313627857e-10, 2.617262019263564e-11, 1.1570316567262649e-11]",9.626222797534757e-17,6.661338147750939e-16,"[0.898790260265654, 2.246574352006291e-08, 7.697835547175058e-09, 1.1931092926780905e-09, 3.9246988649710555e-10, 1.82466205666317e-10, 2.6172623141042544e-11, 1.1570330664891357e-11]"
20,9,directed_cycle_normal,2,"[0.9666640674410089, 0.9666640674410087, 0.875843989351356, 0.8758439893513554, 0.7519405835488367, 0.7519405835488361, 0.6262546777798677, 0.6262546777798675]",9.575673587391975e-16,3.885780586188048e-15,"[0.9666640674410084, 0.966664067441008, 0.8758439893513555, 0.8758439893513549, 0.7519405835488406, 0.7519405835488356, 0.6262546777798673, 0.6262546777798668]"
20,9,directed_cycle_normal,4,"[0.9344394192815951, 0.9344394192815944, 0.7671026936828982, 0.7671026936828979, 0.565414641187765, 0.5654146411877646, 0.39219492144116563, 0.39219492144116547]",1.4918621893400541e-15,5.995204332975845e-15,"[0.9344394192815944, 0.9344394192815936, 0.7671026936828974, 0.7671026936828963, 0.565414641187771, 0.5654146411877634, 0.39219492144116547, 0.3921949214411648]"
20,9,directed_cycle_normal,8,"[0.873177028307324, 0.8731770283073229, 0.5884465426555582, 0.5884465426555578, 0.31969371646948885, 0.3196937164694888, 0.15381685640424203, 0.15381685640424203]",1.817990202823694e-15,6.938893903907228e-15,"[0.8731770283073234, 0.8731770283073218, 0.5884465426555571, 0.5884465426555554, 0.3196937164694958, 0.31969371646948724, 0.15381685640424192, 0.15381685640424142]"
20,9,directed_cycle_normal,16,"[0.7624381227636087, 0.7624381227636085, 0.3462693335632799, 0.34626933356327944, 0.10220407235007394, 0.10220407235007381, 0.023659625314083207, 0.023659625314083197]",1.6952585168983347e-15,4.427014310692812e-15,"[0.7624381227636082, 0.7624381227636055, 0.3462693335632783, 0.3462693335632764, 0.10220407235007836, 0.10220407235007292, 0.023659625314083183, 0.023659625314083024]"
20,9,directed_nonnormal,2,"[0.3442231871899305, 0.2991777595593606, 0.2610192984421052, 0.24915340245488496, 0.2430623311646491, 0.20963444727630778, 0.19974412182000148, 0.18096768284462578]",0.020828751714796374,0.030555865001979488,"[0.37477905219191, 0.3165332777806556, 0.28313492868665574, 0.26450614596342864, 0.2619258415695675, 0.2387098811219508, 0.2209817773170646, 0.19304133983900354]"
20,9,directed_nonnormal,4,"[0.10397908110366855, 0.08999680871095117, 0.06344412895227444, 0.05381306609285916, 0.045208002833898385, 0.04369280111912799, 0.03367662154086812, 0.030740217590923862]",0.01723953420936414,0.03648025685819786,"[0.1404593379618664, 0.1001933159425657, 0.08016538784239763, 0.06996350125242662, 0.06860514648192617, 0.056982407345255885, 0.04883294590620872, 0.03726495888683766]"
20,9,directed_nonnormal,8,"[0.008723658680392318, 0.007764117941030457, 0.003209423685246117, 0.0029430303928479366, 0.0019063538973453434, 0.0018623050727777314, 0.0009346777916655056, 0.0009209642405551989]",0.0030689212538994935,0.01100516694029349,"[0.019728825620685807, 0.010038700559566788, 0.006426489407922034, 0.0048948915074983005, 0.004706666123806547, 0.003246994746860672, 0.002384656605878707, 0.001388677160837701]"
20,9,directed_nonnormal,16,"[5.7012100789199593e-05, 4.805672584875074e-05, 1.0435842794042475e-05, 9.351824754941572e-06, 2.8455969026398515e-06, 2.714977733066062e-06, 1.1832914081807534e-06, 1.0883279189467152e-06]",5.786047529984284e-05,0.0003322144595822291,"[0.0003892265603714287, 0.00010077550892464655, 4.12997661101341e-05, 2.3959962870178987e-05, 2.2152706000988144e-05, 1.05429748861408e-05, 5.686587127960957e-06, 1.9284242570322582e-06]"
20,10,reversible,2,"[0.5447983925458209, 0.5236072262801035, 0.511086382818885, 0.4986144380675503, 0.4839229055563334, 0.47638379566029465, 0.4725966936562837, 0.46197709634164136]",1.1102230246251565e-16,2.220446049250313e-16,"[0.5447983925458211, 0.5236072262801034, 0.511086382818885, 0.4986144380675501, 0.4839229055563333, 0.47638379566029476, 0.47259669365628354, 0.4619770963416414]"
20,10,reversible,4,"[0.29680528852051025, 0.2741645274127435, 0.2612092907028917, 0.24861635784941896, 0.234181378522084, 0.22694152076770954, 0.22334763485485115, 0.21342283754425423]",1.1796119636642288e-16,3.3306690738754696e-16,"[0.2968052885205106, 0.2741645274127434, 0.26120929070289184, 0.24861635784941877, 0.23418137852208393, 0.2269415207677095, 0.22334763485485112, 0.21342283754425426]"
20,10,reversible,8,"[0.08809337929374342, 0.07516618809145295, 0.06823029354950783, 0.06181009339031031, 0.05484091804650358, 0.05150245384836072, 0.04988416599525594, 0.04554930758544115]",3.382710778154774e-17,9.71445146547012e-17,"[0.08809337929374352, 0.07516618809145294, 0.06823029354950785, 0.06181009339031025, 0.054840918046503546, 0.05150245384836072, 0.04988416599525591, 0.045549307585441144]"
20,10,reversible,16,"[0.007760443475391342, 0.005649955832199692, 0.004655372957851998, 0.003820487644918883, 0.0030075262921833213, 0.0026525027524025293, 0.002488430017042248, 0.0020747394215131416]",9.378348791999613e-18,1.6479873021779667e-17,"[0.007760443475391359, 0.005649955832199681, 0.0046553729578520135, 0.0038204876449188753, 0.0030075262921833187, 0.0026525027524025263, 0.0024884300170422455, 0.002074739421513126]"
20,10,metastable_reversible,2,"[0.9865055187179864, 0.17316761194030458, 0.12435914537356534, 0.10164106803090593, 0.10085080153517059, 0.07155900428640169, 0.06494884413271573, 0.0502507889703607]",1.1449174941446927e-16,2.220446049250313e-16,"[0.9865055187179862, 0.1731676119403046, 0.12435914537356516, 0.10164106803090615, 0.10085080153517048, 0.07155900428640175, 0.06494884413271566, 0.05025078897036073]"
20,10,metastable_reversible,4,"[0.9731931384610429, 0.029987021825107922, 0.015465197038043514, 0.010330906710463357, 0.010170884170286361, 0.005120691094461211, 0.004218352354175793, 0.002525141792143736]",3.198396408832238e-17,1.1102230246251565e-16,"[0.973193138461043, 0.029987021825107926, 0.015465197038043513, 0.010330906710463295, 0.010170884170286346, 0.005120691094461263, 0.004218352354175794, 0.002525141792143727]"
20,10,metastable_reversible,8,"[0.9471048847476546, 0.0008992214779395034, 0.0002391723194255157, 0.00010672763346029107, 0.00010344688480536096, 2.622147728490455e-05, 1.7794496583961756e-05, 6.3763410704268304e-06]",3.618090646284903e-17,2.220446049250313e-16,"[0.9471048847476549, 0.000899221477939499, 0.00023917231942550987, 0.00010672763346029553, 0.00010344688480538137, 2.6221477284894887e-05, 1.7794496583980458e-05, 6.376341070430834e-06]"
20,10,metastable_reversible,16,"[0.8970076627128685, 8.085992664147735e-07, 5.7203398376258885e-08, 1.1390787740750113e-08, 1.0701257971589076e-08, 6.875658726697459e-10, 3.166440984155679e-10, 4.065771181229419e-11]",2.1801903730797875e-17,1.1102230246251565e-16,"[0.8970076627128686, 8.08599266387697e-07, 5.720339837937812e-08, 1.1390787744035193e-08, 1.0701257975937844e-08, 6.875658710022586e-10, 3.166441086772922e-10, 4.065772544646304e-11]"
20,10,directed_cycle_normal,2,"[0.9666640674410089, 0.9666640674410087, 0.875843989351356, 0.8758439893513554, 0.7519405835488367, 0.7519405835488361, 0.6262546777798677, 0.6262546777798675]",9.575673587391975e-16,3.885780586188048e-15,"[0.9666640674410084, 0.966664067441008, 0.8758439893513555, 0.8758439893513549, 0.7519405835488406, 0.7519405835488356, 0.6262546777798673, 0.6262546777798668]"
20,10,directed_cycle_normal,4,"[0.9344394192815951, 0.9344394192815944, 0.7671026936828982, 0.7671026936828979, 0.565414641187765, 0.5654146411877646, 0.39219492144116563, 0.39219492144116547]",1.4918621893400541e-15,5.995204332975845e-15,"[0.9344394192815944, 0.9344394192815936, 0.7671026936828974, 0.7671026936828963, 0.565414641187771, 0.5654146411877634, 0.39219492144116547, 0.3921949214411648]"
20,10,directed_cycle_normal,8,"[0.873177028307324, 0.8731770283073229, 0.5884465426555582, 0.5884465426555578, 0.31969371646948885, 0.3196937164694888, 0.15381685640424203, 0.15381685640424203]",1.817990202823694e-15,6.938893903907228e-15,"[0.8731770283073234, 0.8731770283073218, 0.5884465426555571, 0.5884465426555554, 0.3196937164694958, 0.31969371646948724, 0.15381685640424192, 0.15381685640424142]"
20,10,directed_cycle_normal,16,"[0.7624381227636087, 0.7624381227636085, 0.3462693335632799, 0.34626933356327944, 0.10220407235007394, 0.10220407235007381, 0.023659625314083207, 0.023659625314083197]",1.6952585168983347e-15,4.427014310692812e-15,"[0.7624381227636082, 0.7624381227636055, 0.3462693335632783, 0.3462693335632764, 0.10220407235007836, 0.10220407235007292, 0.023659625314083183, 0.023659625314083024]"
20,10,directed_nonnormal,2,"[0.337757996448424, 0.2882340670662397, 0.2759768809629433, 0.24663548225673157, 0.22197178540912657, 0.21481806648255442, 0.1937351818424866, 0.17341691138538445]",0.027792197381626978,0.03998286114537783,"[0.3756381353760525, 0.3258962463569584, 0.30053040450913715, 0.2866183434021094, 0.24392667850546193, 0.2303044338681989, 0.2239326658324153, 0.18803704305657287]"
20,10,directed_nonnormal,4,"[0.0995106117169496, 0.06769426433215021, 0.06515293895362012, 0.05179628509644372, 0.04695449952255649, 0.04412104835819285, 0.033513223905696714, 0.03236166151221667]",0.022090070335481476,0.04159339703184793,"[0.14110400874879753, 0.10620836338955533, 0.09031852403442561, 0.08215007477456951, 0.05950022448670698, 0.053040132259351606, 0.05014583882681218, 0.035357929561459445]"
20,10,directed_nonnormal,8,"[0.006985749321553144, 0.004283482782438096, 0.0030660284836734465, 0.0026644360896114537, 0.0019465683880143302, 0.0016854969775244404, 0.001392741601764937, 0.0011152941729346453]",0.0041343938961442925,0.012924591963427587,"[0.01991034128498073, 0.011280216453887838, 0.008157435783757118, 0.006748634785467361, 0.003540276713968525, 0.0028132556300895107, 0.002514605151644624, 0.0012501831828731276]"
20,10,directed_nonnormal,16,"[2.930383878225175e-05, 1.950013071212703e-05, 7.629199462112998e-06, 6.158715112994862e-06, 3.2458753314239088e-06, 2.606285458698583e-06, 1.7746124732150438e-06, 1.5863273654082682e-06]",7.404109011586653e-05,0.00036711785130215635,"[0.0003964216900844081, 0.00012724328324656192, 6.654375856612111e-05, 4.55440714676201e-05, 1.2533559211467777e-05, 7.91440724023033e-06, 6.323239068677682e-06, 1.5629579907387842e-06]"
20,11,reversible,2,"[0.5566989056606511, 0.5322430312101444, 0.5262075941924172, 0.517050951704773, 0.4950959145482304, 0.47145398359157276, 0.4665416624531239, 0.4588600321592725]",2.1510571102112408e-16,5.551115123125783e-16,"[0.5566989056606507, 0.5322430312101444, 0.5262075941924167, 0.5170509517047729, 0.4950959145482304, 0.4714539835915723, 0.4665416624531237, 0.45886003215927257]"
20,11,reversible,4,"[0.3099136715637665, 0.28328264427176275, 0.2768944321857715, 0.26734168665881136, 0.2451199646023486, 0.22226885864436274, 0.21766112280452451, 0.2105525291132086]",1.734723475976807e-16,4.440892098500626e-16,"[0.3099136715637661, 0.2832826442717627, 0.27689443218577103, 0.2673416866588113, 0.24511996460234864, 0.22226885864436255, 0.21766112280452438, 0.21055252911320868]"
20,11,reversible,8,"[0.0960464838221341, 0.08024905654560215, 0.07667052657548075, 0.07147157742557812, 0.060083797046656624, 0.04940344552306774, 0.0473763643805263, 0.04433236751596853]",1.0668549377257364e-16,2.220446049250313e-16,"[0.09604648382213388, 0.08024905654560203, 0.07667052657548055, 0.07147157742557807, 0.06008379704665665, 0.04940344552306762, 0.04737636438052624, 0.04433236751596859]"
20,11,reversible,16,"[0.009224927054595456, 0.0064399110764592465, 0.005878369645361506, 0.005108186379700417, 0.003610062667543822, 0.002440700429550728, 0.0022445199019164035, 0.001965358809570893]",1.7835125737386548e-17,3.5561831257524545e-17,"[0.009224927054595423, 0.0064399110764592335, 0.0058783696453614705, 0.005108186379700399, 0.0036100626675438265, 0.0024407004295507106, 0.0022445199019163952, 0.001965358809570907]"
20,11,metastable_reversible,2,"[0.9869360703910988, 0.11890690071183013, 0.11664330832302003, 0.09457442631478633, 0.07888702556749354, 0.07254932790421599, 0.060017238275187505, 0.04696875205715231]",8.500145032286355e-17,1.6653345369377348e-16,"[0.9869360703910989, 0.1189069007118303, 0.11664330832301996, 0.0945744263147864, 0.07888702556749358, 0.0725493279042161, 0.060017238275187595, 0.046968752057152334]"
20,11,metastable_reversible,4,"[0.974042807039024, 0.014138851036893042, 0.013605661376539083, 0.008944322112770946, 0.006223162802886384, 0.00526340497935344, 0.0036020688901806496, 0.002206063669806254]",2.5695591487906455e-17,1.1102230246251565e-16,"[0.9740428070390241, 0.014138851036893068, 0.013605661376539098, 0.00894432211277096, 0.006223162802886385, 0.005263404979353468, 0.0036020688901806427, 0.0022060636698062516]"
20,11,metastable_reversible,8,"[0.9487593899444614, 0.00019990710864345766, 0.00018511402149305604, 8.000089805702135e-05, 3.872775527122816e-05, 2.7703431976677226e-05, 1.2974900289586472e-05, 4.866716915237326e-06]",3.5275745879589405e-17,2.220446049250313e-16,"[0.9487593899444616, 0.00019990710864345218, 0.0001851140214930478, 8.000089805700357e-05, 3.872775527122873e-05, 2.7703431976682884e-05, 1.2974900289607209e-05, 4.866716915239027e-06]"
20,11,metastable_reversible,16,"[0.9001443800077866, 3.996285208079594e-08, 3.42672009787142e-08, 6.400143694408788e-09, 1.4998390405960516e-09, 7.674801433541217e-10, 1.683479915406194e-10, 2.3684922051079576e-11]",5.476315412629745e-17,3.3306690738754696e-16,"[0.900144380007787, 3.9962852086185e-08, 3.426720095332856e-08, 6.400143689927078e-09, 1.4998390283481847e-09, 7.674801432866957e-10, 1.683480375252492e-10, 2.3684933533073664e-11]"
20,11,directed_cycle_normal,2,"[0.9666640674410089, 0.9666640674410087, 0.875843989351356, 0.8758439893513554, 0.7519405835488367, 0.7519405835488361, 0.6262546777798677, 0.6262546777798675]",9.575673587391975e-16,3.885780586188048e-15,"[0.9666640674410084, 0.966664067441008, 0.8758439893513555, 0.8758439893513549, 0.7519405835488406, 0.7519405835488356, 0.6262546777798673, 0.6262546777798668]"
20,11,directed_cycle_normal,4,"[0.9344394192815951, 0.9344394192815944, 0.7671026936828982, 0.7671026936828979, 0.565414641187765, 0.5654146411877646, 0.39219492144116563, 0.39219492144116547]",1.4918621893400541e-15,5.995204332975845e-15,"[0.9344394192815944, 0.9344394192815936, 0.7671026936828974, 0.7671026936828963, 0.565414641187771, 0.5654146411877634, 0.39219492144116547, 0.3921949214411648]"
20,11,directed_cycle_normal,8,"[0.873177028307324, 0.8731770283073229, 0.5884465426555582, 0.5884465426555578, 0.31969371646948885, 0.3196937164694888, 0.15381685640424203, 0.15381685640424203]",1.817990202823694e-15,6.938893903907228e-15,"[0.8731770283073234, 0.8731770283073218, 0.5884465426555571, 0.5884465426555554, 0.3196937164694958, 0.31969371646948724, 0.15381685640424192, 0.15381685640424142]"
20,11,directed_cycle_normal,16,"[0.7624381227636087, 0.7624381227636085, 0.3462693335632799, 0.34626933356327944, 0.10220407235007394, 0.10220407235007381, 0.023659625314083207, 0.023659625314083197]",1.6952585168983347e-15,4.427014310692812e-15,"[0.7624381227636082, 0.7624381227636055, 0.3462693335632783, 0.3462693335632764, 0.10220407235007836, 0.10220407235007292, 0.023659625314083183, 0.023659625314083024]"
20,11,directed_nonnormal,2,"[0.2968467280882296, 0.28580070442538213, 0.26788553827460426, 0.245574577925687, 0.22650052635153836, 0.21573296433461356, 0.20157492791627651, 0.19084863801679144]",0.02292762913014168,0.0511151446176939,"[0.3479618727059235, 0.3065737247153658, 0.3014462961297181, 0.2576954608368968, 0.2460716443002257, 0.23394723302902812, 0.21552321301187707, 0.20496619364522115]"
20,11,directed_nonnormal,4,"[0.07622353908351019, 0.07134879057810996, 0.06250365379233083, 0.059240296946468526, 0.047145038036743706, 0.03763254291787877, 0.03593813745321026, 0.03451151837961161]",0.018942771774524636,0.0448539257735031,"[0.12107746485701329, 0.0939874486858529, 0.09086986945032571, 0.06640695053594062, 0.060551254128616804, 0.05473130784193839, 0.04645025534696294, 0.0420111405374103]"
20,11,directed_nonnormal,8,"[0.004568459466234441, 0.00400996347238171, 0.003571844113892245, 0.0031485215956603596, 0.0019209797728804196, 0.0016987657199513538, 0.0010096671210483746, 0.0009425300884566875]",0.003234301311907886,0.010091293029966846,"[0.014659752496201288, 0.008833640510475832, 0.008257333173919239, 0.004409883079482864, 0.0036664543765483333, 0.002995516058089027, 0.0021576262217980592, 0.0017649359292540388]"
20,11,directed_nonnormal,16,"[1.4712817377579875e-05, 1.226166096733732e-05, 8.864181082821874e-06, 6.9386768347286006e-06, 4.3077216265052295e-06, 4.109370832234246e-06, 1.0131876961185962e-06, 9.094537410580449e-07]",4.470518144707179e-05,0.00020019552587230004,"[0.00021490834324987992, 7.803320466831972e-05, 6.818355114510718e-05, 1.9447068774709264e-05, 1.3442887695310426e-05, 8.97311645426922e-06, 4.655350912990567e-06, 3.114998834371817e-06]"
20,12,reversible,2,"[0.5581302234179194, 0.5451563254675824, 0.5237813710754357, 0.5031883393565043, 0.49505033296981615, 0.4863046231519266, 0.47428181101896194, 0.4659055862461708]",2.42861286636753e-16,5.551115123125783e-16,"[0.5581302234179192, 0.5451563254675823, 0.5237813710754357, 0.5031883393565049, 0.4950503329698159, 0.4863046231519264, 0.4742818110189617, 0.4659055862461712]"
20,12,reversible,4,"[0.31150934629253646, 0.29719541919731673, 0.27434692468566313, 0.2531985048643564, 0.24507483217352571, 0.23649218649893713, 0.22494323626342613, 0.21706801529538813]",1.9081958235744878e-16,6.661338147750939e-16,"[0.31150934629253635, 0.29719541919731657, 0.2743469246856632, 0.2531985048643571, 0.24507483217352555, 0.23649218649893716, 0.2249432362634261, 0.21706801529538844]"
20,12,reversible,8,"[0.09703807282760353, 0.08832511719186875, 0.07526623508448092, 0.06410948286554556, 0.060061673364881794, 0.05592855427504807, 0.050599459540663555, 0.047118523264278865]",1.0061396160665481e-16,3.0531133177191805e-16,"[0.09703807282760332, 0.08832511719186872, 0.07526623508448095, 0.06410948286554587, 0.06006167336488171, 0.05592855427504808, 0.050599459540663534, 0.04711852326427899]"
20,12,reversible,16,"[0.009416387578095294, 0.007801326326957356, 0.005665006143792342, 0.004110025793287681, 0.003607404607389767, 0.0031280031832970003, 0.0025603053058072494, 0.0022201552346063783]",1.9678269430611905e-17,4.683753385137379e-17,"[0.009416387578095247, 0.007801326326957345, 0.005665006143792351, 0.004110025793287719, 0.003607404607389741, 0.003128003183296999, 0.0025603053058072464, 0.0022201552346064004]"
20,12,metastable_reversible,2,"[0.9871070654705234, 0.10976111805941406, 0.1093952068996486, 0.10101269921756413, 0.08740131225536572, 0.05440583550936955, 0.04944542903875339, 0.043520414878602726]",1.3010426069826053e-16,6.661338147750939e-16,"[0.9871070654705227, 0.10976111805941412, 0.10939520689964854, 0.10101269921756399, 0.08740131225536575, 0.05440583550936959, 0.049445429038753354, 0.0435204148786027]"
20,12,metastable_reversible,4,"[0.9743803587018275, 0.012047503037652625, 0.011967311292616923, 0.010203565403218031, 0.007638989383959946, 0.0029599949374725463, 0.0024448504528263694, 0.001894026511205677]",1.0066817171527909e-16,6.661338147750939e-16,"[0.9743803587018268, 0.012047503037652646, 0.011967311292616911, 0.010203565403218052, 0.007638989383959947, 0.0029599949374725805, 0.0024448504528263937, 0.001894026511205703]"
20,12,metastable_reversible,8,"[0.9494170834239023, 0.00014514232944228255, 0.0001432165395743771, 0.00010411274693776095, 5.835415880825623e-05, 8.761570029870255e-06, 5.977293736671585e-06, 3.5873364251605257e-06]",2.0670356770083505e-16,1.5543122344752192e-15,"[0.9494170834239007, 0.0001451423294422497, 0.00014321653957439625, 0.00010411274693774837, 5.8354158808252766e-05, 8.761570029863308e-06, 5.977293736685421e-06, 3.587336425150047e-06]"
20,12,metastable_reversible,16,"[0.9013927982971492, 2.1066295804721947e-08, 2.051097721995256e-08, 1.0839464083237206e-08, 3.405207862932506e-09, 7.67650996692718e-11, 3.572800330939771e-11, 1.2869012426732232e-11]",4.172981364006204e-16,3.219646771412954e-15,"[0.901392798297146, 2.106629579592255e-08, 2.0510977207664606e-08, 1.0839464074923632e-08, 3.4052078502187837e-09, 7.676510938819891e-11, 3.572804041461877e-11, 1.2868982627208318e-11]"
20,12,directed_cycle_normal,2,"[0.9666640674410089, 0.9666640674410087, 0.875843989351356, 0.8758439893513554, 0.7519405835488367, 0.7519405835488361, 0.6262546777798677, 0.6262546777798675]",9.575673587391975e-16,3.885780586188048e-15,"[0.9666640674410084, 0.966664067441008, 0.8758439893513555, 0.8758439893513549, 0.7519405835488406, 0.7519405835488356, 0.6262546777798673, 0.6262546777798668]"
20,12,directed_cycle_normal,4,"[0.9344394192815951, 0.9344394192815944, 0.7671026936828982, 0.7671026936828979, 0.565414641187765, 0.5654146411877646, 0.39219492144116563, 0.39219492144116547]",1.4918621893400541e-15,5.995204332975845e-15,"[0.9344394192815944, 0.9344394192815936, 0.7671026936828974, 0.7671026936828963, 0.565414641187771, 0.5654146411877634, 0.39219492144116547, 0.3921949214411648]"
20,12,directed_cycle_normal,8,"[0.873177028307324, 0.8731770283073229, 0.5884465426555582, 0.5884465426555578, 0.31969371646948885, 0.3196937164694888, 0.15381685640424203, 0.15381685640424203]",1.817990202823694e-15,6.938893903907228e-15,"[0.8731770283073234, 0.8731770283073218, 0.5884465426555571, 0.5884465426555554, 0.3196937164694958, 0.31969371646948724, 0.15381685640424192, 0.15381685640424142]"
20,12,directed_cycle_normal,16,"[0.7624381227636087, 0.7624381227636085, 0.3462693335632799, 0.34626933356327944, 0.10220407235007394, 0.10220407235007381, 0.023659625314083207, 0.023659625314083197]",1.6952585168983347e-15,4.427014310692812e-15,"[0.7624381227636082, 0.7624381227636055, 0.3462693335632783, 0.3462693335632764, 0.10220407235007836, 0.10220407235007292, 0.023659625314083183, 0.023659625314083024]"
20,12,directed_nonnormal,2,"[0.30640168819306235, 0.2874073105539267, 0.26440943658451493, 0.25408507998739827, 0.24581462051213, 0.20881896892690582, 0.19456196097754372, 0.18814367398415588]",0.02341495509158684,0.04479749843908257,"[0.3354367703194377, 0.2976732903811429, 0.285751035692038, 0.27460868933494753, 0.2629351169162965, 0.24729825918621517, 0.23935945941662629, 0.18238758876268346]"
20,12,directed_nonnormal,4,"[0.08223558522163764, 0.07319768499541816, 0.0632390766619685, 0.05683194134154337, 0.049285267266883336, 0.042329793682917866, 0.0398304844146065, 0.03623157008488137]",0.017723945103472537,0.030282241660697568,"[0.1125178268823352, 0.0886093878063362, 0.08165365439907238, 0.07540993225825773, 0.06913487570778651, 0.06115642899653246, 0.05729295081221956, 0.033265232534665734]"
20,12,directed_nonnormal,8,"[0.005878782185138554, 0.004678576700594087, 0.003620041353007004, 0.0026768652003776932, 0.002358099302399378, 0.0021171832510808873, 0.0012828812361075968, 0.0010296083392939018]",0.002766577790093964,0.006781479181184603,"[0.012660261366323157, 0.007851623607413682, 0.006667319276723153, 0.005686657883195021, 0.00477963103913109, 0.003740108807607916, 0.00328248221277141, 0.0011065756955853836]"
20,12,directed_nonnormal,16,"[1.883377320216223e-05, 1.7889638149849693e-05, 1.1866191018972857e-05, 1.0929129749088497e-05, 5.840625897296989e-06, 5.531430427421893e-06, 1.1768757518096692e-06, 1.1076996712210167e-06]",3.4297319687093563e-05,0.00014144844466145245,"[0.0001602822178636147, 6.164799327249584e-05, 4.445314633776414e-05, 3.2338077880504076e-05, 2.2844872870225342e-05, 1.3988413892746308e-05, 1.0774689477160692e-05, 1.2245097700602757e-06]"
20,13,reversible,2,"[0.5469282197580189, 0.539580542967892, 0.5216607050907323, 0.5124613506378182, 0.49829770810022306, 0.48837322284126655, 0.4820822592849983, 0.4765211983547099]",2.2898349882893854e-16,6.661338147750939e-16,"[0.5469282197580185, 0.5395805429678914, 0.5216607050907323, 0.5124613506378182, 0.4982977081002228, 0.48837322284126616, 0.4820822592849982, 0.47652119835470996]"
20,13,reversible,4,"[0.29913047756767575, 0.2911471623495251, 0.2721298912357599, 0.2626166358975368, 0.24830060589793504, 0.23850840478836544, 0.23240330471732842, 0.22707245248140878]",2.3592239273284576e-16,6.106226635438361e-16,"[0.29913047756767536, 0.2911471623495245, 0.27212989123576, 0.2626166358975368, 0.24830060589793482, 0.23850840478836505, 0.23240330471732826, 0.22707245248140884]"
20,13,reversible,8,"[0.08947904260986579, 0.08476667014418068, 0.07405467770398655, 0.06896749745013943, 0.06165319088928167, 0.0568862591546908, 0.054011296043535426, 0.051561898675921716]",1.3704315460216776e-16,3.3306690738754696e-16,"[0.08947904260986553, 0.08476667014418035, 0.07405467770398655, 0.06896749745013941, 0.06165319088928155, 0.05688625915469059, 0.05401129604353533, 0.05156189867592167]"
20,13,reversible,16,"[0.008006499066378178, 0.0071853883673323425, 0.005484095289841334, 0.00475651570453498, 0.0038011159468302057, 0.003236046480614645, 0.0029172201003024333, 0.002658629395066011]",2.4069288229178198e-17,6.505213034913027e-17,"[0.00800649906637813, 0.0071853883673322775, 0.005484095289841322, 0.004756515704534987, 0.0038011159468301896, 0.0032360464806146187, 0.002917220100302415, 0.002658629395066013]"
20,13,metastable_reversible,2,"[0.9865868467252351, 0.1268016864656234, 0.10694629802066956, 0.10362732101894365, 0.09561119799821917, 0.08133965688549469, 0.08110933993878917, 0.06010141970245432]",1.1102230246251565e-16,4.440892098500626e-16,"[0.9865868467252347, 0.12680168646562334, 0.10694629802066953, 0.10362732101894363, 0.09561119799821904, 0.08133965688549473, 0.0811093399387891, 0.06010141970245443]"
20,13,metastable_reversible,4,"[0.9733536061312422, 0.016078667690526318, 0.011437510660325894, 0.010738621661563212, 0.00914150118265466, 0.0066161397822500235, 0.006578725025306072, 0.00361218065025058]",7.681572392059799e-17,4.440892098500626e-16,"[0.9733536061312418, 0.016078667690526245, 0.011437510660325865, 0.010738621661563197, 0.009141501182654645, 0.006616139782250011, 0.0065787250253060495, 0.0036121806502505778]"
20,13,metastable_reversible,8,"[0.9474172425686929, 0.0002585235547024145, 0.00013081665010507537, 0.00011531799519019376, 8.356704387248036e-05, 4.377330561825059e-05, 4.3279622958590925e-05, 1.3047849050042037e-05]",6.55518797880103e-17,4.440892098500626e-16,"[0.9474172425686924, 0.00025852355470237255, 0.00013081665010506778, 0.00011531799519019431, 8.356704387247627e-05, 4.3773305618271226e-05, 4.327962295858808e-05, 1.3047849050044687e-05]"
20,13,metastable_reversible,16,"[0.8975994315164657, 6.683442835292939e-08, 1.711299595171145e-08, 1.3298240045933061e-08, 6.983450828149564e-09, 1.9161023153684818e-09, 1.873125753071575e-09, 1.7024635462333455e-10]",1.5290092317012867e-16,1.1102230246251565e-15,"[0.8975994315164646, 6.683442833595061e-08, 1.7112995944711732e-08, 1.3298240014685678e-08, 6.983450821584373e-09, 1.9161022847505754e-09, 1.8731257634375445e-09, 1.7024636483275204e-10]"
20,13,directed_cycle_normal,2,"[0.9666640674410089, 0.9666640674410087, 0.875843989351356, 0.8758439893513554, 0.7519405835488367, 0.7519405835488361, 0.6262546777798677, 0.6262546777798675]",9.575673587391975e-16,3.885780586188048e-15,"[0.9666640674410084, 0.966664067441008, 0.8758439893513555, 0.8758439893513549, 0.7519405835488406, 0.7519405835488356, 0.6262546777798673, 0.6262546777798668]"
20,13,directed_cycle_normal,4,"[0.9344394192815951, 0.9344394192815944, 0.7671026936828982, 0.7671026936828979, 0.565414641187765, 0.5654146411877646, 0.39219492144116563, 0.39219492144116547]",1.4918621893400541e-15,5.995204332975845e-15,"[0.9344394192815944, 0.9344394192815936, 0.7671026936828974, 0.7671026936828963, 0.565414641187771, 0.5654146411877634, 0.39219492144116547, 0.3921949214411648]"
20,13,directed_cycle_normal,8,"[0.873177028307324, 0.8731770283073229, 0.5884465426555582, 0.5884465426555578, 0.31969371646948885, 0.3196937164694888, 0.15381685640424203, 0.15381685640424203]",1.817990202823694e-15,6.938893903907228e-15,"[0.8731770283073234, 0.8731770283073218, 0.5884465426555571, 0.5884465426555554, 0.3196937164694958, 0.31969371646948724, 0.15381685640424192, 0.15381685640424142]"
20,13,directed_cycle_normal,16,"[0.7624381227636087, 0.7624381227636085, 0.3462693335632799, 0.34626933356327944, 0.10220407235007394, 0.10220407235007381, 0.023659625314083207, 0.023659625314083197]",1.6952585168983347e-15,4.427014310692812e-15,"[0.7624381227636082, 0.7624381227636055, 0.3462693335632783, 0.3462693335632764, 0.10220407235007836, 0.10220407235007292, 0.023659625314083183, 0.023659625314083024]"
20,13,directed_nonnormal,2,"[0.308760947427414, 0.2641453468825002, 0.2587903151449403, 0.24885925806529557, 0.2346875445371729, 0.2090167485632049, 0.19496650424589215, 0.1913245101972333]",0.014187084524954263,0.02491399066765959,"[0.328300462546908, 0.2890593375501598, 0.2735395992982473, 0.2682655022896769, 0.24495635376295252, 0.22073520461501228, 0.2001263718085722, 0.19906501939175844]"
20,13,directed_nonnormal,4,"[0.085274754356734, 0.06275508708920279, 0.05960332471061732, 0.0557939433362059, 0.0552682514958259, 0.040669583854020745, 0.03880600220621192, 0.03414273904087811]",0.011777274098838593,0.022506439351779747,"[0.10778119370851375, 0.08355530062493723, 0.0748239123842457, 0.07196637971873263, 0.06000361524884075, 0.04872403055643133, 0.04005056469326288, 0.039626881945441166]"
20,13,directed_nonnormal,8,"[0.005415932862442575, 0.0037781300731391616, 0.003416644558457023, 0.002488160667971536, 0.0023544480798628462, 0.0018712467256341992, 0.0013644528378246685, 0.001250995957564348]",0.0020731052990909577,0.006200852854789587,"[0.011616785717232162, 0.006981488262523635, 0.005598617864485276, 0.00517915980982081, 0.003600433842930914, 0.0023740311536640545, 0.0016040477322492351, 0.0015702897727179308]"
20,13,directed_nonnormal,16,"[1.4472136901254388e-05, 1.2555968976096471e-05, 9.379722587069143e-06, 7.402379697723112e-06, 5.078993847637222e-06, 4.518228591031699e-06, 1.5645148523152696e-06, 1.4516175233188384e-06]",2.613418387314016e-05,0.00012047757349883477,"[0.00013494971040008916, 4.874117835975528e-05, 3.1344521992533674e-05, 2.682369633566313e-05, 1.2963123857322267e-05, 5.636023918567481e-06, 2.572969127333914e-06, 2.465809970302531e-06]"
20,14,reversible,2,"[0.5243084927378444, 0.5064279531606473, 0.49381630797785686, 0.48217904969949826, 0.4730494677850268, 0.4701776730484917, 0.4525671712969893, 0.4419352661286342]",2.42861286636753e-16,4.440892098500626e-16,"[0.5243084927378443, 0.506427953160647, 0.4938163079778567, 0.48217904969949804, 0.4730494677850264, 0.4701776730484914, 0.45256717129698903, 0.441935266128634]"
20,14,reversible,4,"[0.2748993955570301, 0.2564692717424828, 0.2438545460248814, 0.23249663596911108, 0.223775798971697, 0.22106704423329412, 0.20481704453575839, 0.1953067794481867]",1.2836953722228372e-16,2.7755575615628914e-16,"[0.27489939555703014, 0.2564692717424825, 0.2438545460248814, 0.23249663596911102, 0.22377579897169672, 0.22106704423329407, 0.20481704453575822, 0.19530677944818656]"
20,14,reversible,8,"[0.07556967767762056, 0.06577648734811944, 0.059465039617000996, 0.05405468573695333, 0.05007560820542135, 0.048870638046045224, 0.04195002173236281, 0.03814473809842266]",5.4643789493269423e-17,1.249000902703301e-16,"[0.07556967767762052, 0.06577648734811933, 0.059465039617001, 0.05405468573695333, 0.05007560820542122, 0.048870638046045196, 0.041950021732362765, 0.03814473809842259]"
20,14,reversible,16,"[0.005710776184299454, 0.004326546287857314, 0.0035360909366514946, 0.002921909050120787, 0.0025075665371428768, 0.002388339263027548, 0.0017598043233457165, 0.0014550210445972423]",9.812029660993815e-18,2.7755575615628914e-17,"[0.005710776184299457, 0.004326546287857302, 0.003536090936651499, 0.0029219090501207854, 0.002507566537142849, 0.00238833926302756, 0.001759804323345708, 0.0014550210445972516]"
20,14,metastable_reversible,2,"[0.9868580158095408, 0.1321507736825033, 0.11752424258057216, 0.0908636084430692, 0.08405238995896713, 0.06659976936703697, 0.05957469196538517, 0.056048334212354764]",8.413408858487514e-17,1.249000902703301e-16,"[0.9868580158095407, 0.1321507736825032, 0.11752424258057204, 0.09086360844306918, 0.08405238995896722, 0.06659976936703689, 0.05957469196538512, 0.05604833421235468]"
20,14,metastable_reversible,4,"[0.9738887433675439, 0.017463826984884218, 0.013811947594137172, 0.008256195339295388, 0.007064804257814295, 0.004435529279742519, 0.003549143922770544, 0.003141415767979844]",6.06069014419397e-17,3.3306690738754696e-16,"[0.9738887433675436, 0.017463826984884176, 0.01381194759413714, 0.008256195339295393, 0.007064804257814292, 0.004435529279742506, 0.003549143922770522, 0.0031414157679798085]"
20,14,metastable_reversible,8,"[0.9484592844580141, 0.0003049852529579638, 0.0001907698963431864, 6.81647614805885e-05, 4.99114592012203e-05, 1.9673919991448724e-05, 1.2596422584539275e-05, 9.86849302731699e-06]",1.0263138232877774e-16,7.771561172376096e-16,"[0.9484592844580133, 0.0003049852529579687, 0.00019076989634319073, 6.816476148060296e-05, 4.991145920123095e-05, 1.967391999145307e-05, 1.2596422584538931e-05, 9.868493027312169e-06]"
20,14,metastable_reversible,16,"[0.8995750142746076, 9.301600452165526e-08, 3.639315337218889e-08, 4.646434716476938e-09, 2.4911537498345175e-09, 3.870631421664826e-10, 1.5866985260961396e-10, 9.738714768076273e-11]",1.4761706738840927e-16,1.1102230246251565e-15,"[0.8995750142746065, 9.301600452183616e-08, 3.639315335079174e-08, 4.646434707707493e-09, 2.4911537595961417e-09, 3.8706312783009674e-10, 1.5866986192828245e-10, 9.73871546301089e-11]"
20,14,directed_cycle_normal,2,"[0.9666640674410089, 0.9666640674410087, 0.875843989351356, 0.8758439893513554, 0.7519405835488367, 0.7519405835488361, 0.6262546777798677, 0.6262546777798675]",9.575673587391975e-16,3.885780586188048e-15,"[0.9666640674410084, 0.966664067441008, 0.8758439893513555, 0.8758439893513549, 0.7519405835488406, 0.7519405835488356, 0.6262546777798673, 0.6262546777798668]"
20,14,directed_cycle_normal,4,"[0.9344394192815951, 0.9344394192815944, 0.7671026936828982, 0.7671026936828979, 0.565414641187765, 0.5654146411877646, 0.39219492144116563, 0.39219492144116547]",1.4918621893400541e-15,5.995204332975845e-15,"[0.9344394192815944, 0.9344394192815936, 0.7671026936828974, 0.7671026936828963, 0.565414641187771, 0.5654146411877634, 0.39219492144116547, 0.3921949214411648]"
20,14,directed_cycle_normal,8,"[0.873177028307324, 0.8731770283073229, 0.5884465426555582, 0.5884465426555578, 0.31969371646948885, 0.3196937164694888, 0.15381685640424203, 0.15381685640424203]",1.817990202823694e-15,6.938893903907228e-15,"[0.8731770283073234, 0.8731770283073218, 0.5884465426555571, 0.5884465426555554, 0.3196937164694958, 0.31969371646948724, 0.15381685640424192, 0.15381685640424142]"
20,14,directed_cycle_normal,16,"[0.7624381227636087, 0.7624381227636085, 0.3462693335632799, 0.34626933356327944, 0.10220407235007394, 0.10220407235007381, 0.023659625314083207, 0.023659625314083197]",1.6952585168983347e-15,4.427014310692812e-15,"[0.7624381227636082, 0.7624381227636055, 0.3462693335632783, 0.3462693335632764, 0.10220407235007836, 0.10220407235007292, 0.023659625314083183, 0.023659625314083024]"
20,14,directed_nonnormal,2,"[0.3204596679638017, 0.2968199221781533, 0.2697129529586538, 0.24732030069028632, 0.22495823710640278, 0.1985256914143902, 0.17324003961945825, 0.16164780954915908]",0.019575882930050952,0.02980347207597589,"[0.33973780131705156, 0.3234901305301863, 0.28234304732825055, 0.2771237727662622, 0.24978373832064257, 0.21370746621976, 0.195404811138007, 0.16770091730055278]"
20,14,directed_nonnormal,4,"[0.09385085563279337, 0.07891478397718385, 0.0622585361085832, 0.047181519674848044, 0.04146674044017614, 0.03790450120418733, 0.02820065090391733, 0.02448538105975792]",0.017086160740797003,0.029616065757358895,"[0.1154217736437444, 0.10464586455043698, 0.07971759637460274, 0.07679758543220694, 0.06239191592943524, 0.04567088111806986, 0.03818304021588019, 0.028123597663446846]"
20,14,directed_nonnormal,8,"[0.007067683726301052, 0.0041626261325308726, 0.003322176723957018, 0.0018717014891564778, 0.0016539034714626202, 0.001442813676658486, 0.0006970678914800111, 0.000678157352587929]",0.0029821298119390555,0.00678813083497753,"[0.013322185831067767, 0.010950756967508402, 0.006354895171744075, 0.005897869128217124, 0.0038927511733457152, 0.0020858293821008705, 0.0014579445601275237, 0.000790936745535433]"
20,14,directed_nonnormal,16,"[2.328125167558792e-05, 1.107815987485595e-05, 8.721700611900748e-06, 7.642148236099569e-06, 2.5064653342490094e-06, 2.070493357725216e-06, 5.927069978143399e-07, 5.586462797465933e-07]",4.2296634149131674e-05,0.00015419938364191486,"[0.00017748063531750278, 0.00011991907816143382, 4.0384692643856155e-05, 3.4784860253576616e-05, 1.5153511697584443e-05, 4.350684211235299e-06, 2.1256023404054387e-06, 6.255809354381822e-07]"
20,15,reversible,2,"[0.5313891235169336, 0.5241619928324542, 0.4951526646122525, 0.4876825079496028, 0.48213849750170856, 0.47575849766593925, 0.46466911383036, 0.4522025070892359]",1.249000902703301e-16,3.885780586188048e-16,"[0.5313891235169336, 0.5241619928324541, 0.4951526646122524, 0.4876825079496027, 0.48213849750170895, 0.4757584976659393, 0.46466911383036025, 0.452202507089236]"
20,15,reversible,4,"[0.2823744005920947, 0.27474579473008975, 0.24517616127261388, 0.23783422856001432, 0.23245753077320508, 0.22634614810135148, 0.21591738534789212, 0.2044871074177905]",1.5959455978986625e-16,3.608224830031759e-16,"[0.2823744005920949, 0.27474579473008964, 0.24517616127261369, 0.23783422856001435, 0.23245753077320544, 0.2263461481013516, 0.21591738534789232, 0.20448710741779055]"
20,15,reversible,8,"[0.0797353021097448, 0.0754852517218686, 0.06011135005637473, 0.056565120274737084, 0.05403650361317556, 0.05123257876031894, 0.04662031729547013, 0.041814977100094984]",7.28583859910259e-17,1.8735013540549517e-16,"[0.07973530210974489, 0.07548525172186855, 0.06011135005637468, 0.05656512027473714, 0.054036503613175746, 0.05123257876031899, 0.04662031729547022, 0.041814977100095005]"
20,15,reversible,16,"[0.006357718402532261, 0.005698023227513887, 0.003613374405600021, 0.0031996128316954604, 0.002919943722736731, 0.0026247771264322835, 0.0021734539847303048, 0.0017484923098814826]",1.7049079162334557e-17,2.7755575615628914e-17,"[0.006357718402532289, 0.005698023227513859, 0.0036133744056000157, 0.0031996128316954787, 0.002919943722736756, 0.0026247771264322887, 0.0021734539847303195, 0.0017484923098814698]"
20,15,metastable_reversible,2,"[0.9860919753684478, 0.16442739070486787, 0.1048491658253703, 0.09841588673302398, 0.08010843132620513, 0.056002122096809145, 0.05578558549909831, 0.052029314412980185]",6.678685382510707e-17,2.220446049250313e-16,"[0.9860919753684476, 0.16442739070486795, 0.10484916582537025, 0.09841588673302396, 0.08010843132620515, 0.0560021220968092, 0.05578558549909832, 0.052029314412980254]"
20,15,metastable_reversible,4,"[0.9723773838860476, 0.027036366814011295, 0.01099334757427595, 0.009685686761447418, 0.006417360769545319, 0.0031362376793459545, 0.0031120315494771954, 0.0027070495582847457]",7.031051088568496e-17,4.440892098500626e-16,"[0.9723773838860471, 0.02703636681401129, 0.01099334757427599, 0.009685686761447402, 0.006417360769545327, 0.0031362376793459255, 0.0031120315494772084, 0.0027070495582847552]"
20,15,metastable_reversible,8,"[0.9455177766930739, 0.0007309651305017697, 0.00012085369088882306, 9.381252804086562e-05, 4.1182519246486025e-05, 9.83598678136002e-06, 9.684740364935589e-06, 7.3281173110113765e-06]",1.3262227789221075e-16,9.992007221626409e-16,"[0.9455177766930729, 0.000730965130501771, 0.00012085369088883981, 9.381252804087746e-05, 4.118251924649939e-05, 9.835986781349117e-06, 9.684740364941514e-06, 7.3281173110096875e-06]"
20,15,metastable_reversible,16,"[0.8940038660426132, 5.343100220280528e-07, 1.4605614622880302e-08, 8.80079042468178e-09, 1.6959998714517086e-09, 9.674661830390174e-11, 9.379418425387986e-11, 5.3701314059194384e-11]",1.9383391384975119e-16,1.4432899320127035e-15,"[0.8940038660426117, 5.343100220094712e-07, 1.4605614601455242e-08, 8.80079041742042e-09, 1.6959998914882928e-09, 9.674663596287457e-11, 9.37941959363275e-11, 5.370130332391985e-11]"
20,15,directed_cycle_normal,2,"[0.9666640674410089, 0.9666640674410087, 0.875843989351356, 0.8758439893513554, 0.7519405835488367, 0.7519405835488361, 0.6262546777798677, 0.6262546777798675]",9.575673587391975e-16,3.885780586188048e-15,"[0.9666640674410084, 0.966664067441008, 0.8758439893513555, 0.8758439893513549, 0.7519405835488406, 0.7519405835488356, 0.6262546777798673, 0.6262546777798668]"
20,15,directed_cycle_normal,4,"[0.9344394192815951, 0.9344394192815944, 0.7671026936828982, 0.7671026936828979, 0.565414641187765, 0.5654146411877646, 0.39219492144116563, 0.39219492144116547]",1.4918621893400541e-15,5.995204332975845e-15,"[0.9344394192815944, 0.9344394192815936, 0.7671026936828974, 0.7671026936828963, 0.565414641187771, 0.5654146411877634, 0.39219492144116547, 0.3921949214411648]"
20,15,directed_cycle_normal,8,"[0.873177028307324, 0.8731770283073229, 0.5884465426555582, 0.5884465426555578, 0.31969371646948885, 0.3196937164694888, 0.15381685640424203, 0.15381685640424203]",1.817990202823694e-15,6.938893903907228e-15,"[0.8731770283073234, 0.8731770283073218, 0.5884465426555571, 0.5884465426555554, 0.3196937164694958, 0.31969371646948724, 0.15381685640424192, 0.15381685640424142]"
20,15,directed_cycle_normal,16,"[0.7624381227636087, 0.7624381227636085, 0.3462693335632799, 0.34626933356327944, 0.10220407235007394, 0.10220407235007381, 0.023659625314083207, 0.023659625314083197]",1.6952585168983347e-15,4.427014310692812e-15,"[0.7624381227636082, 0.7624381227636055, 0.3462693335632783, 0.3462693335632764, 0.10220407235007836, 0.10220407235007292, 0.023659625314083183, 0.023659625314083024]"
20,15,directed_nonnormal,2,"[0.3758576388003304, 0.30333293879800266, 0.2834427221401484, 0.2654442527710528, 0.2376915591684984, 0.22610106160027674, 0.20889371335606668, 0.18532778615597487]",0.01770984869625986,0.023575671829172362,"[0.3896385809365934, 0.32522345936799657, 0.29043045987709726, 0.2890199246002252, 0.25132173012862713, 0.24457834151955518, 0.23065489970884415, 0.20690306622149093]"
20,15,directed_nonnormal,4,"[0.1268571087706859, 0.07557933544351261, 0.07170108405612614, 0.06677270608541551, 0.049838321377396015, 0.046222762710851496, 0.037296634105394286, 0.034288562754832684]",0.016988264320068853,0.030190963079774286,"[0.15181822375428228, 0.1057702985232869, 0.08434985202442219, 0.08353251681591985, 0.0631626120348465, 0.05981856514045617, 0.05320168275969695, 0.04280887881185466]"
20,15,directed_nonnormal,8,"[0.011551999318410713, 0.005639581936483419, 0.004496362772655993, 0.004148914903387699, 0.0024631498173628545, 0.0020977883878587978, 0.001383358339680953, 0.0011763710024749238]",0.00345024712319476,0.01149677374549461,"[0.023048773063905324, 0.011187356049705227, 0.00711489753654192, 0.006977681365601933, 0.003989515559064535, 0.0035782607354629984, 0.0028304190484634358, 0.0018326001051280592]"
20,15,directed_nonnormal,16,"[6.682323577942931e-05, 4.567976064843547e-05, 1.2227927852084371e-05, 1.0325527632691142e-05, 5.150036229404874e-06, 4.507785786291598e-06, 2.439147449272368e-06, 2.0668448227116525e-06]",8.082278656893948e-05,0.0004644227039719782,"[0.0005312459397514075, 0.00012515693538287615, 5.062176695549028e-05, 4.8688037239868455e-05, 1.5916234396018008e-05, 1.28039498909562e-05, 8.011271989904662e-06, 3.3584231453153736e-06]"
20,16,reversible,2,"[0.5604340889117859, 0.5523055791452838, 0.5271774783775627, 0.5250040103064425, 0.5029869665752393, 0.4978864263520346, 0.4881750958759505, 0.4776426881037268]",1.1796119636642288e-16,3.3306690738754696e-16,"[0.560434088911786, 0.5523055791452839, 0.5271774783775623, 0.5250040103064425, 0.5029869665752394, 0.4978864263520347, 0.4881750958759504, 0.4776426881037269]"
20,16,reversible,4,"[0.31408636801438355, 0.3050414527550077, 0.27791609370852555, 0.2756292108378473, 0.252995888544561, 0.24789089354560018, 0.2383149242334935, 0.22814253749895413]",1.3877787807814457e-16,3.3306690738754696e-16,"[0.3140863680143837, 0.3050414527550075, 0.2779160937085252, 0.27562921083784714, 0.252995888544561, 0.2478908935456001, 0.23831492423349337, 0.22814253749895413]"
20,16,reversible,8,"[0.09865024657246682, 0.09305028789888557, 0.07723735514220595, 0.07597146186709443, 0.06400691962045194, 0.06144989510283604, 0.05679400311241574, 0.05204901741646171]",5.637851296924623e-17,1.8041124150158794e-16,"[0.09865024657246688, 0.09305028789888546, 0.07723735514220577, 0.0759714618670944, 0.06400691962045194, 0.061449895102836036, 0.056794003112415684, 0.052049017416461694]"
20,16,reversible,16,"[0.009731871148808503, 0.008658356078065496, 0.005965609029363252, 0.005771663018223379, 0.004096885759299006, 0.003776089608149546, 0.0032255587895330816, 0.002709100214019139]",1.1329912702473521e-17,3.209238430557093e-17,"[0.009731871148808512, 0.008658356078065471, 0.0059656090293632195, 0.005771663018223378, 0.004096885759298994, 0.003776089608149552, 0.0032255587895330825, 0.002709100214019133]"
20,16,metastable_reversible,2,"[0.9868604551355858, 0.11110614012118097, 0.10920018961694938, 0.08553415275425172, 0.08300917666857584, 0.05654772008471761, 0.04955807312877435, 0.043442321004896985]",4.163336342344337e-17,1.1102230246251565e-16,"[0.986860455135586, 0.111106140121181, 0.10920018961694948, 0.08553415275425172, 0.08300917666857584, 0.05654772008471764, 0.04955807312877432, 0.04344232100489702]"
20,16,metastable_reversible,4,"[0.9738935579104154, 0.01234457437262744, 0.011924681412377685, 0.007316091287387672, 0.006890523411194858, 0.003197644646779572, 0.002456002612236923, 0.0018872352542925275]",7.649046326885234e-17,4.440892098500626e-16,"[0.9738935579104159, 0.012344574372627507, 0.011924681412377722, 0.007316091287387667, 0.006890523411194836, 0.003197644646779578, 0.0024560026122369435, 0.001887235254292517]"
20,16,metastable_reversible,8,"[0.9484686621394082, 0.0001523885164413378, 0.00014219802678670925, 5.3525191725382356e-05, 4.747931288022306e-05, 1.022493128709488e-05, 6.031948831319091e-06, 3.5616569050464674e-06]",4.663578119124966e-17,3.3306690738754696e-16,"[0.9484686621394085, 0.0001523885164413318, 0.00014219802678670676, 5.352519172538973e-05, 4.7479312880224114e-05, 1.0224931287078095e-05, 6.031948831314689e-06, 3.5616569050445416e-06]"
20,16,metastable_reversible,16,"[0.8995928030605186, 2.3222259954467447e-08, 2.022027882614864e-08, 2.864946131560444e-09, 2.2542851646025273e-09, 1.0454922373720908e-10, 3.638443647925898e-11, 1.2685410079771924e-11]",1.0838883696899957e-16,7.771561172376096e-16,"[0.8995928030605194, 2.3222259943190054e-08, 2.0220278822032973e-08, 2.864946149239729e-09, 2.2542851515782153e-09, 1.0454921982546849e-10, 3.638440670359865e-11, 1.2685399909251462e-11]"
20,16,directed_cycle_normal,2,"[0.9666640674410089, 0.9666640674410087, 0.875843989351356, 0.8758439893513554, 0.7519405835488367, 0.7519405835488361, 0.6262546777798677, 0.6262546777798675]",9.575673587391975e-16,3.885780586188048e-15,"[0.9666640674410084, 0.966664067441008, 0.8758439893513555, 0.8758439893513549, 0.7519405835488406, 0.7519405835488356, 0.6262546777798673, 0.6262546777798668]"
20,16,directed_cycle_normal,4,"[0.9344394192815951, 0.9344394192815944, 0.7671026936828982, 0.7671026936828979, 0.565414641187765, 0.5654146411877646, 0.39219492144116563, 0.39219492144116547]",1.4918621893400541e-15,5.995204332975845e-15,"[0.9344394192815944, 0.9344394192815936, 0.7671026936828974, 0.7671026936828963, 0.565414641187771, 0.5654146411877634, 0.39219492144116547, 0.3921949214411648]"
20,16,directed_cycle_normal,8,"[0.873177028307324, 0.8731770283073229, 0.5884465426555582, 0.5884465426555578, 0.31969371646948885, 0.3196937164694888, 0.15381685640424203, 0.15381685640424203]",1.817990202823694e-15,6.938893903907228e-15,"[0.8731770283073234, 0.8731770283073218, 0.5884465426555571, 0.5884465426555554, 0.3196937164694958, 0.31969371646948724, 0.15381685640424192, 0.15381685640424142]"
20,16,directed_cycle_normal,16,"[0.7624381227636087, 0.7624381227636085, 0.3462693335632799, 0.34626933356327944, 0.10220407235007394, 0.10220407235007381, 0.023659625314083207, 0.023659625314083197]",1.6952585168983347e-15,4.427014310692812e-15,"[0.7624381227636082, 0.7624381227636055, 0.3462693335632783, 0.3462693335632764, 0.10220407235007836, 0.10220407235007292, 0.023659625314083183, 0.023659625314083024]"
20,16,directed_nonnormal,2,"[0.3546533408585359, 0.33214520547253534, 0.2889427947784825, 0.23269016312054458, 0.22318754950168898, 0.19148218649058993, 0.19075967194362253, 0.17806833637827216]",0.02294821025196977,0.04405323308919257,"[0.38090839367555984, 0.3549966451792249, 0.33299602786767507, 0.25321863421737145, 0.2393992510672066, 0.22601961100264983, 0.20319345547289824, 0.18478291207744413]"
20,16,directed_nonnormal,4,"[0.10639611089066285, 0.10058957752148588, 0.07082457709807476, 0.05196393781710846, 0.04339492411757205, 0.041930010268389294, 0.03529245150956046, 0.033582167648454744]",0.018246908474052175,0.04006177747757468,"[0.14509120437249529, 0.1260226180885045, 0.11088635457564944, 0.06411967671491095, 0.05731200141153943, 0.05108486455778914, 0.04128758034701668, 0.03414472459582045]"
20,16,directed_nonnormal,8,"[0.009563669011998415, 0.00817753171388836, 0.004258279912791865, 0.0031661566272305395, 0.0018248221947970297, 0.0016080623128074379, 0.0010960348046789616, 0.001045104353174444]",0.003920683612399537,0.01148778857426278,"[0.021051457586261195, 0.015881700269881064, 0.01229578363107665, 0.004111332942024693, 0.003284665505796297, 0.0026096633868876616, 0.0017046642909113578, 0.0011658622177244259]"
20,16,directed_nonnormal,16,"[5.550562207603439e-05, 5.4492456804738485e-05, 1.648245794598295e-05, 1.2608284216849217e-05, 3.5129190128900866e-06, 3.369603783033646e-06, 7.706962577263951e-07, 7.547731917624804e-07]",9.223116198439526e-05,0.0003876582444301196,"[0.000443163866506154, 0.00025222840346234026, 0.0001511862951022525, 1.6903058560177423e-05, 1.0789027484968045e-05, 6.8103429928619805e-06, 2.9058803447083223e-06, 1.3592347107173168e-06]"
20,17,reversible,2,"[0.5301478955173902, 0.5271056698956077, 0.5049308846408452, 0.48541865377529086, 0.4809587995149513, 0.47374130899499944, 0.468820963761801, 0.45335039909154873]",3.191891195797325e-16,8.881784197001252e-16,"[0.5301478955173902, 0.5271056698956071, 0.504930884640845, 0.485418653775291, 0.48095879951495074, 0.4737413089949994, 0.4688209637618001, 0.45335039909154856]"
20,17,reversible,4,"[0.28105679112151766, 0.27784038723609716, 0.2549551982641864, 0.23563126943301557, 0.23132136683086296, 0.22443082784829546, 0.21979309606254377, 0.20552658435646667]",2.5673907444456745e-16,6.661338147750939e-16,"[0.2810567911215176, 0.2778403872360968, 0.2549551982641864, 0.23563126943301582, 0.2313213668308626, 0.2244308278482955, 0.2197930960625431, 0.20552658435646637]"
20,17,reversible,8,"[0.07899291983552438, 0.07719528077950456, 0.06500215312193067, 0.05552209513461442, 0.053509574752498686, 0.050369196488671206, 0.0483090050767586, 0.042241176877235775]",1.4224732503009818e-16,3.608224830031759e-16,"[0.07899291983552438, 0.0771952807795042, 0.06500215312193058, 0.055522095134614494, 0.053509574752498505, 0.05036919648867125, 0.048309005076758296, 0.042241176877235685]"
20,17,reversible,16,"[0.006239881384141581, 0.0059591113746265394, 0.004225279910486905, 0.003082703048137175, 0.0028632745901932236, 0.0025370559549143844, 0.0023337599715062946, 0.001784317023973923]",1.5476986012230576e-17,4.9439619065339e-17,"[0.0062398813841415815, 0.00595911137462649, 0.004225279910486909, 0.003082703048137182, 0.0028632745901932253, 0.0025370559549143723, 0.002333759971506259, 0.0017843170239739106]"
20,17,metastable_reversible,2,"[0.9867843507504139, 0.15057040948848363, 0.11404844124095338, 0.08042720676109477, 0.07586534565398516, 0.06388011183322719, 0.061798180094002494, 0.04422502314734521]",1.0234868508263162e-16,3.3306690738754696e-16,"[0.9867843507504136, 0.1505704094884835, 0.11404844124095348, 0.08042720676109484, 0.07586534565398526, 0.06388011183322719, 0.06179818009400257, 0.0442250231473452]"
20,17,metastable_reversible,4,"[0.9737433548859161, 0.022671448213529618, 0.01300704694949117, 0.006468535587391887, 0.005755550671198637, 0.004080668687825642, 0.003819015062930781, 0.001955852672383211]",1.2934531917752068e-16,8.881784197001252e-16,"[0.9737433548859152, 0.0226714482135296, 0.01300704694949122, 0.006468535587391899, 0.00575555067119866, 0.0040806686878256115, 0.0038190150629307754, 0.001955852672383219]"
20,17,metastable_reversible,8,"[0.9481761211844789, 0.0005139945640987523, 0.000169183270346269, 4.184195264535723e-05, 3.31263635287644e-05, 1.6651856939801438e-05, 1.4584876050918741e-05, 3.8253596760591454e-06]",2.0306450240119376e-16,1.5543122344752192e-15,"[0.9481761211844774, 0.0005139945640987545, 0.00016918327034626883, 4.1841952645355465e-05, 3.312636352873535e-05, 1.6651856939800397e-05, 1.4584876050892154e-05, 3.82535967606858e-06]"
20,17,metastable_reversible,16,"[0.899037956784444, 2.641904119480812e-07, 2.8622978981207162e-08, 1.7507490072896934e-09, 1.0973559386191028e-09, 2.77284305722454e-10, 2.1271860807362454e-10, 1.4633403342621175e-11]",4.188498663536389e-16,3.219646771412954e-15,"[0.8990379567844408, 2.641904119230686e-07, 2.8622978965058687e-08, 1.750749001176169e-09, 1.0973559606379275e-09, 2.772843395435787e-10, 2.1271860941988754e-10, 1.4633376651291505e-11]"
20,17,directed_cycle_normal,2,"[0.9666640674410089, 0.9666640674410087, 0.875843989351356, 0.8758439893513554, 0.7519405835488367, 0.7519405835488361, 0.6262546777798677, 0.6262546777798675]",9.575673587391975e-16,3.885780586188048e-15,"[0.9666640674410084, 0.966664067441008, 0.8758439893513555, 0.8758439893513549, 0.7519405835488406, 0.7519405835488356, 0.6262546777798673, 0.6262546777798668]"
20,17,directed_cycle_normal,4,"[0.9344394192815951, 0.9344394192815944, 0.7671026936828982, 0.7671026936828979, 0.565414641187765, 0.5654146411877646, 0.39219492144116563, 0.39219492144116547]",1.4918621893400541e-15,5.995204332975845e-15,"[0.9344394192815944, 0.9344394192815936, 0.7671026936828974, 0.7671026936828963, 0.565414641187771, 0.5654146411877634, 0.39219492144116547, 0.3921949214411648]"
20,17,directed_cycle_normal,8,"[0.873177028307324, 0.8731770283073229, 0.5884465426555582, 0.5884465426555578, 0.31969371646948885, 0.3196937164694888, 0.15381685640424203, 0.15381685640424203]",1.817990202823694e-15,6.938893903907228e-15,"[0.8731770283073234, 0.8731770283073218, 0.5884465426555571, 0.5884465426555554, 0.3196937164694958, 0.31969371646948724, 0.15381685640424192, 0.15381685640424142]"
20,17,directed_cycle_normal,16,"[0.7624381227636087, 0.7624381227636085, 0.3462693335632799, 0.34626933356327944, 0.10220407235007394, 0.10220407235007381, 0.023659625314083207, 0.023659625314083197]",1.6952585168983347e-15,4.427014310692812e-15,"[0.7624381227636082, 0.7624381227636055, 0.3462693335632783, 0.3462693335632764, 0.10220407235007836, 0.10220407235007292, 0.023659625314083183, 0.023659625314083024]"
20,17,directed_nonnormal,2,"[0.3038919581471046, 0.2749649537609197, 0.2655406379426518, 0.2523181865017391, 0.2342905545157406, 0.2049035996802972, 0.18595957360175586, 0.16905275069755632]",0.021557485292742342,0.03134290752808172,"[0.33523486567518634, 0.30491165417643296, 0.28875443763626113, 0.2707146915111152, 0.2494644522440602, 0.22005371589483358, 0.20473273050404925, 0.18951554954776526]"
20,17,directed_nonnormal,4,"[0.08432707449605852, 0.06776061179513129, 0.058128101765772384, 0.05035653825421332, 0.039070464602527735, 0.035996122079958226, 0.030973489792198803, 0.029220932055943935]",0.01933419398778058,0.028055340668201728,"[0.11238241516426024, 0.09297111685260864, 0.08337912525463342, 0.07328644419995828, 0.062232512933429, 0.04842363787912413, 0.04191549093964366, 0.035916143520391464]"
20,17,directed_nonnormal,8,"[0.004911278128830087, 0.0046225355031944354, 0.002475771154665673, 0.0019203694512858296, 0.0015215925582778454, 0.0012749441282795867, 0.0009007875679745548, 0.0008552985252470832]",0.003047306542308322,0.007718529109322065,"[0.012629807238152152, 0.008643628568821412, 0.006952078528227848, 0.005370902903473598, 0.003872885666009407, 0.002344848705448545, 0.00175690838071135, 0.0012899693653773577]"
20,17,directed_nonnormal,16,"[1.236272253780226e-05, 9.814484842295609e-06, 5.402740692719248e-06, 4.570947698025224e-06, 2.419536908110478e-06, 1.9951731143041823e-06, 9.24107609251478e-07, 8.820201744233505e-07]",3.72848641060166e-05,0.0001471493083350782,"[0.00015951203087288048, 7.471231483574569e-05, 4.833139586264669e-05, 2.8846597998541125e-05, 1.4999243381981128e-05, 5.498315451443719e-06, 3.086727058213778e-06, 1.6640209636120632e-06]"
20,18,reversible,2,"[0.5267474733566055, 0.510552025119125, 0.5064955952006175, 0.503408378080607, 0.48724868260580134, 0.46919315557638874, 0.4658181480835033, 0.46297815458791963]",3.2612801348363973e-16,5.551115123125783e-16,"[0.5267474733566061, 0.5105520251191253, 0.5064955952006178, 0.5034083780806076, 0.48724868260580145, 0.46919315557638896, 0.4658181480835034, 0.46297815458792]"
20,18,reversible,4,"[0.27746290068756796, 0.26066337035323955, 0.2565377879576278, 0.25341999512174757, 0.23741127870108908, 0.22014221723972938, 0.21698654708394466, 0.21434877162563573]",2.636779683484747e-16,4.440892098500626e-16,"[0.2774629006875684, 0.26066337035324, 0.25653778795762816, 0.2534199951217479, 0.23741127870108902, 0.22014221723972957, 0.21698654708394474, 0.21434877162563595]"
20,18,reversible,8,"[0.07698566125795922, 0.06794539264391011, 0.06581163665019284, 0.06422169392750657, 0.05636411525448619, 0.04846259581122423, 0.04708316161541295, 0.045945395897418945]",1.1796119636642288e-16,2.3592239273284576e-16,"[0.07698566125795944, 0.06794539264391035, 0.06581163665019299, 0.06422169392750672, 0.05636411525448616, 0.04846259581122428, 0.04708316161541296, 0.045945395897419035]"
20,18,reversible,16,"[0.005926792039325241, 0.0046165763815351315, 0.004331171518577006, 0.004124425970918348, 0.0031769134884210106, 0.0023486231927620903, 0.0022168241077030943, 0.002110979404170561]",1.2793585635328952e-17,3.729655473350135e-17,"[0.0059267920393252784, 0.004616576381535146, 0.004331171518577025, 0.004124425970918354, 0.003176913488421, 0.0023486231927620934, 0.002216824107703097, 0.0021109794041705696]"
20,18,metastable_reversible,2,"[0.9863496778990273, 0.16067867550481202, 0.12045086873119501, 0.118559067733748, 0.09130931034756275, 0.07983448887997677, 0.0690226281248622, 0.06450081944581627]",1.2663481374630692e-16,4.440892098500626e-16,"[0.9863496778990268, 0.16067867550481185, 0.12045086873119484, 0.1185590677337479, 0.09130931034756277, 0.0798344888799768, 0.06902262812486228, 0.06450081944581629]"
20,18,metastable_reversible,4,"[0.9728856870915151, 0.025817636761980685, 0.01450841177809958, 0.014056252541895454, 0.008337390156147513, 0.006373545614727144, 0.0047641231932630075, 0.004160355709181872]",1.863743534502582e-16,1.2212453270876722e-15,"[0.9728856870915139, 0.025817636761980622, 0.014508411778099532, 0.014056252541895423, 0.008337390156147534, 0.0063735456147271385, 0.004764123193263029, 0.004160355709181792]"
20,18,metastable_reversible,8,"[0.9465065601475291, 0.0006665503679736073, 0.00021049401232293443, 0.00019757823552154867, 6.951207461582626e-05, 4.062208370302498e-05, 2.2696869800613798e-05, 1.7308559626968482e-05]",2.5721468344445074e-16,1.887379141862766e-15,"[0.9465065601475272, 0.0006665503679735733, 0.00021049401232289719, 0.00019757823552154154, 6.95120746158258e-05, 4.062208370300754e-05, 2.269686980058672e-05, 1.7308559626921533e-05]"
20,18,metastable_reversible,16,"[0.8958746684023082, 4.442893930707143e-07, 4.430772919627843e-08, 3.903715914117222e-08, 4.831928509998095e-09, 1.6501536784898554e-09, 5.151478895232748e-10, 2.9958618754058135e-10]",4.7477668339678615e-16,3.6637359812630166e-15,"[0.8958746684023046, 4.442893930457059e-07, 4.430772922379199e-08, 3.903715915180574e-08, 4.831928517396134e-09, 1.650153684374151e-09, 5.151478987447855e-10, 2.9958623635869805e-10]"
20,18,directed_cycle_normal,2,"[0.9666640674410089, 0.9666640674410087, 0.875843989351356, 0.8758439893513554, 0.7519405835488367, 0.7519405835488361, 0.6262546777798677, 0.6262546777798675]",9.575673587391975e-16,3.885780586188048e-15,"[0.9666640674410084, 0.966664067441008, 0.8758439893513555, 0.8758439893513549, 0.7519405835488406, 0.7519405835488356, 0.6262546777798673, 0.6262546777798668]"
20,18,directed_cycle_normal,4,"[0.9344394192815951, 0.9344394192815944, 0.7671026936828982, 0.7671026936828979, 0.565414641187765, 0.5654146411877646, 0.39219492144116563, 0.39219492144116547]",1.4918621893400541e-15,5.995204332975845e-15,"[0.9344394192815944, 0.9344394192815936, 0.7671026936828974, 0.7671026936828963, 0.565414641187771, 0.5654146411877634, 0.39219492144116547, 0.3921949214411648]"
20,18,directed_cycle_normal,8,"[0.873177028307324, 0.8731770283073229, 0.5884465426555582, 0.5884465426555578, 0.31969371646948885, 0.3196937164694888, 0.15381685640424203, 0.15381685640424203]",1.817990202823694e-15,6.938893903907228e-15,"[0.8731770283073234, 0.8731770283073218, 0.5884465426555571, 0.5884465426555554, 0.3196937164694958, 0.31969371646948724, 0.15381685640424192, 0.15381685640424142]"
20,18,directed_cycle_normal,16,"[0.7624381227636087, 0.7624381227636085, 0.3462693335632799, 0.34626933356327944, 0.10220407235007394, 0.10220407235007381, 0.023659625314083207, 0.023659625314083197]",1.6952585168983347e-15,4.427014310692812e-15,"[0.7624381227636082, 0.7624381227636055, 0.3462693335632783, 0.3462693335632764, 0.10220407235007836, 0.10220407235007292, 0.023659625314083183, 0.023659625314083024]"
20,18,directed_nonnormal,2,"[0.31139639700441607, 0.26691832522898656, 0.2550977770937249, 0.2481501049092952, 0.21815563419746228, 0.21067301269471614, 0.18846061061189237, 0.16429483942879597]",0.020642719088060188,0.038742833393811404,"[0.3501392303982275, 0.3014113211717486, 0.28451711834321936, 0.2566756107796016, 0.2404675037741275, 0.2209105901247946, 0.1930529364029922, 0.1811141428790596]"
20,18,directed_nonnormal,4,"[0.07727694366435128, 0.05797451520755479, 0.05437103577695578, 0.05228400102591819, 0.04909248444404997, 0.04264374849434771, 0.03392587020874466, 0.02560508212229709]",0.017975352781854092,0.04532053699951172,"[0.122597480663863, 0.090848784530499, 0.0809499906303295, 0.06588236916908154, 0.057824620371360026, 0.048801488829285, 0.037269436253817755, 0.03280233275081641]"
20,18,directed_nonnormal,8,"[0.004115265549804319, 0.0033276361889056465, 0.0025099237380736506, 0.0023515114782054272, 0.0020217577299949385, 0.0011586904600222195, 0.0010563931595576749, 0.0010112373104076908]",0.003101861474603089,0.010914876715321944,"[0.015030142265126263, 0.008253501650669034, 0.006552900983050434, 0.004340486567331145, 0.003343686721091905, 0.0023815853119548286, 0.001389010878677385, 0.0010759930338952832]"
20,18,directed_nonnormal,16,"[8.634495625358274e-06, 6.11792929600097e-06, 4.903386821789211e-06, 3.3061666719912756e-06, 2.503369327996231e-06, 1.9520096271337355e-06, 1.5182427014480333e-06, 1.4363818374631434e-06]",4.324129530089255e-05,0.00021727068088457657,"[0.00022590517650993486, 6.812028949759647e-05, 4.294051129366334e-05, 1.8839823641182103e-05, 1.1180240888806337e-05, 5.671948598118978e-06, 1.929351221084121e-06, 1.1577610089911761e-06]"
20,19,reversible,2,"[0.5549247044816236, 0.5412295315835187, 0.5288601841552346, 0.5179216656429598, 0.5164728674961379, 0.49959772932021324, 0.49671560813470067, 0.4763016314328829]",2.42861286636753e-16,6.106226635438361e-16,"[0.5549247044816236, 0.541229531583519, 0.5288601841552346, 0.5179216656429603, 0.5164728674961383, 0.49959772932021385, 0.49671560813470056, 0.4763016314328829]"
20,19,reversible,4,"[0.30794142764401705, 0.2929294058581151, 0.27969309438470863, 0.26824285174237783, 0.26674422285968324, 0.2495978911419132, 0.24672639536462546, 0.22686324410562575]",2.671474153004283e-16,4.996003610813204e-16,"[0.3079414276440172, 0.2929294058581155, 0.2796930943847087, 0.26824285174237833, 0.2667442228596837, 0.24959789114191366, 0.24672639536462543, 0.22686324410562583]"
20,19,reversible,8,"[0.09482792285943543, 0.08580763681638834, 0.07822822704649358, 0.07195422751088332, 0.07115248042901637, 0.06229910726249039, 0.06087391416962153, 0.05146693152612875]",1.3183898417423734e-16,2.498001805406602e-16,"[0.0948279228594355, 0.08580763681638853, 0.07822822704649356, 0.07195422751088357, 0.07115248042901659, 0.062299107262490584, 0.060873914169621464, 0.05146693152612878]"
20,19,reversible,16,"[0.008992334953835042, 0.007362950536013204, 0.006119655506837767, 0.005177410856687957, 0.0050626754712015595, 0.0038811787657032836, 0.0037056334263304604, 0.0026488450407152297]",2.1521413123837263e-17,3.5561831257524545e-17,"[0.00899233495383505, 0.007362950536013237, 0.006119655506837746, 0.005177410856687993, 0.005062675471201589, 0.003881178765703307, 0.0037056334263304404, 0.0026488450407152284]"
20,19,metastable_reversible,2,"[0.9872967684921717, 0.10447828377880404, 0.09459421538553618, 0.08602159548200888, 0.07357849053182072, 0.06775991002769213, 0.04359052353673566, 0.04059654670348038]",5.204170427930421e-17,1.1102230246251565e-16,"[0.9872967684921716, 0.10447828377880396, 0.0945942153855362, 0.08602159548200884, 0.07357849053182075, 0.06775991002769209, 0.04359052353673575, 0.040596546703480375]"
20,19,metastable_reversible,4,"[0.9747549090750846, 0.010915711781364267, 0.008948065584405201, 0.00739971488927037, 0.0054137942689412456, 0.004591405406960999, 0.0019001337422067095, 0.0016480796042478508]",3.12792326762068e-17,1.1102230246251565e-16,"[0.9747549090750847, 0.010915711781364289, 0.008948065584405213, 0.007399714889270364, 0.005413794268941236, 0.004591405406960927, 0.0019001337422067139, 0.0016480796042478633]"
20,19,metastable_reversible,8,"[0.9501471327659767, 0.00011915276369379336, 8.006787770282706e-05, 5.475578044250026e-05, 2.930916838641217e-05, 2.108100361098024e-05, 3.6105082382647715e-06, 2.716166381928661e-06]",3.363170786852801e-17,1.1102230246251565e-16,"[0.9501471327659766, 0.00011915276369381514, 8.0067877702817e-05, 5.475578044248952e-05, 2.9309168386420974e-05, 2.108100361107004e-05, 3.61050823827249e-06, 2.7161663819377936e-06]"
20,19,metastable_reversible,16,"[0.9027795739034064, 1.4197381132225723e-08, 6.410865034282228e-09, 2.9981954877793416e-09, 8.590273618186815e-10, 4.444086681874154e-10, 1.3035774738579253e-11, 7.377562128865532e-12]",2.7462969979245182e-17,1.1102230246251565e-16,"[0.9027795739034065, 1.4197381095874151e-08, 6.41086503983326e-09, 2.998195491866117e-09, 8.590273515035787e-10, 4.4440871324994807e-10, 1.303576973863352e-11, 7.377559814369045e-12]"
20,19,directed_cycle_normal,2,"[0.9666640674410089, 0.9666640674410087, 0.875843989351356, 0.8758439893513554, 0.7519405835488367, 0.7519405835488361, 0.6262546777798677, 0.6262546777798675]",9.575673587391975e-16,3.885780586188048e-15,"[0.9666640674410084, 0.966664067441008, 0.8758439893513555, 0.8758439893513549, 0.7519405835488406, 0.7519405835488356, 0.6262546777798673, 0.6262546777798668]"
20,19,directed_cycle_normal,4,"[0.9344394192815951, 0.9344394192815944, 0.7671026936828982, 0.7671026936828979, 0.565414641187765, 0.5654146411877646, 0.39219492144116563, 0.39219492144116547]",1.4918621893400541e-15,5.995204332975845e-15,"[0.9344394192815944, 0.9344394192815936, 0.7671026936828974, 0.7671026936828963, 0.565414641187771, 0.5654146411877634, 0.39219492144116547, 0.3921949214411648]"
20,19,directed_cycle_normal,8,"[0.873177028307324, 0.8731770283073229, 0.5884465426555582, 0.5884465426555578, 0.31969371646948885, 0.3196937164694888, 0.15381685640424203, 0.15381685640424203]",1.817990202823694e-15,6.938893903907228e-15,"[0.8731770283073234, 0.8731770283073218, 0.5884465426555571, 0.5884465426555554, 0.3196937164694958, 0.31969371646948724, 0.15381685640424192, 0.15381685640424142]"
20,19,directed_cycle_normal,16,"[0.7624381227636087, 0.7624381227636085, 0.3462693335632799, 0.34626933356327944, 0.10220407235007394, 0.10220407235007381, 0.023659625314083207, 0.023659625314083197]",1.6952585168983347e-15,4.427014310692812e-15,"[0.7624381227636082, 0.7624381227636055, 0.3462693335632783, 0.3462693335632764, 0.10220407235007836, 0.10220407235007292, 0.023659625314083183, 0.023659625314083024]"
20,19,directed_nonnormal,2,"[0.3247355957542713, 0.2954265278646694, 0.26295734769137474, 0.23248025702260802, 0.22440321796157361, 0.20363057770268989, 0.1921209312879489, 0.17561442566981203]",0.03092104457829261,0.05085124971509733,"[0.3561708453634903, 0.3237879761465493, 0.2974373023544115, 0.28333150673770535, 0.25661305732362555, 0.24025028400121998, 0.21100059810309887, 0.1901456675511879]"
20,19,directed_nonnormal,4,"[0.08901245046222737, 0.0717763698870826, 0.05836067500604484, 0.050836074651145036, 0.04702682014819043, 0.03894435094643834, 0.03438009843459761, 0.03216230079117465]",0.02277374540490579,0.037845220624715945,"[0.12685767108694332, 0.1048386534970784, 0.08846894883186962, 0.08027674271025838, 0.06585026118897833, 0.05772019896266686, 0.04452125239986546, 0.036155374888486864]"
20,19,directed_nonnormal,8,"[0.00621616254018568, 0.004256207184816897, 0.00299544154589771, 0.002425012807447853, 0.0016089665651004815, 0.0014828893745389114, 0.0012387124317870578, 0.0011290207695586459]",0.0038699925505576724,0.009876706173417417,"[0.016092868713603097, 0.010991143267080467, 0.007826754907415965, 0.006444355420169021, 0.004336256898656665, 0.0033316213682898486, 0.001982141915252526, 0.0013072111333270267]"
20,19,directed_nonnormal,16,"[2.1319782114167674e-05, 1.891835810451301e-05, 5.579879414794754e-06, 4.801736171277804e-06, 2.599266071406228e-06, 2.302899206181444e-06, 1.3348410414305623e-06, 1.188581331418115e-06]",5.7508578976234244e-05,0.00023766064131909773,"[0.0002589804234332654, 0.0001208052303174883, 6.12580923807599e-05, 4.152971678146184e-05, 1.880312389114752e-05, 1.1099700941645523e-05, 3.928886572200951e-06, 1.7088009470941297e-06]"
50,0,reversible,2,"[0.5151404414321814, 0.5023861142675881, 0.49848530980385275, 0.4944565934223964, 0.4922797661568031, 0.4879492501614106, 0.48380835460008026, 0.4813537745735271]",1.5265566588595902e-16,3.885780586188048e-16,"[0.5151404414321814, 0.5023861142675882, 0.4984853098038529, 0.4944565934223965, 0.49227976615680286, 0.4879492501614108, 0.4838083546000802, 0.4813537745735275]"
50,0,reversible,4,"[0.2653696743989426, 0.2523918078088862, 0.2484876040902432, 0.24448732277888102, 0.24233936816739676, 0.23809447073308287, 0.234070523980837, 0.231701456296182]",1.457167719820518e-16,3.3306690738754696e-16,"[0.26536967439894277, 0.2523918078088861, 0.24848760409024323, 0.2444873227788811, 0.2423393681673965, 0.238094470733083, 0.23407052398083694, 0.23170145629618233]"
50,0,reversible,8,"[0.07042106409060082, 0.06370162464903774, 0.06174608938650939, 0.059774050999584744, 0.05872836936377306, 0.056688976993666894, 0.0547890101966636, 0.05368556484977154]",6.938893903907228e-17,1.457167719820518e-16,"[0.0704210640906009, 0.0637016246490377, 0.06174608938650946, 0.0597740509995848, 0.05872836936377296, 0.05668897699366692, 0.05478901019666356, 0.05368556484977169]"
50,0,reversible,16,"[0.004959126267652498, 0.004057896982926897, 0.003812579554526805, 0.003572937172900954, 0.0034490213681277835, 0.003213640112588504, 0.003001835638330112, 0.002882139873239023]",1.5233040523421337e-17,3.729655473350135e-17,"[0.004959126267652518, 0.0040578969829268875, 0.003812579554526816, 0.0035729371729009644, 0.003449021368127746, 0.0032136401125884974, 0.0030018356383301036, 0.002882139873239042]"
50,0,metastable_reversible,2,"[0.985380006038217, 0.04002062068430524, 0.03937154486009813, 0.03574998809040584, 0.032891495531899746, 0.030593616125914717, 0.029594720271845447, 0.027820549497526142]",4.336808689942018e-17,1.1102230246251565e-16,"[0.9853800060382171, 0.04002062068430523, 0.0393715448600981, 0.035749988090405874, 0.03289149553189976, 0.030593616125914627, 0.029594720271845495, 0.02782054949752615]"
50,0,metastable_reversible,4,"[0.970973756299876, 0.0016016500799570582, 0.0015501185446707244, 0.0012780616484641468, 0.0010818504783249815, 0.0009359693476598468, 0.0008758474679687823, 0.0007739829743442921]",7.878084035822797e-17,5.551115123125783e-16,"[0.9709737562998766, 0.0016016500799570395, 0.001550118544670717, 0.0012780616484641617, 0.0010818504783249817, 0.0009359693476598236, 0.0008758474679687828, 0.0007739829743443024]"
50,0,metastable_reversible,8,"[0.9427900354230913, 2.5652829786646715e-06, 2.402867502542738e-06, 1.6334415772720067e-06, 1.1704004574526242e-06, 8.760386197604385e-07, 7.67108787149535e-07, 5.990496445770996e-07]",1.1835351820478943e-16,8.881784197001252e-16,"[0.9427900354230921, 2.565282978626391e-06, 2.4028675025320616e-06, 1.6334415772749306e-06, 1.1704004574519917e-06, 8.760386197587557e-07, 7.67108787147328e-07, 5.990496445748531e-07]"
50,0,metastable_reversible,16,"[0.8888530508930736, 6.58067838937465e-12, 5.7737722739568134e-12, 2.6681292530610928e-12, 1.3698564715960364e-12, 7.674721453470351e-13, 5.884577861929606e-13, 3.5886324860115055e-13]",2.2906849573146404e-16,1.7763568394002505e-15,"[0.8888530508930754, 6.580676760430289e-12, 5.773772234724666e-12, 2.668131386370413e-12, 1.3698372308038313e-12, 7.674436633088256e-13, 5.884558913186446e-13, 3.588604766652578e-13]"
50,0,directed_cycle_normal,2,"[0.9945585300304386, 0.9945585300304378, 0.978481395548591, 0.9784813955485906, 0.952496378015923, 0.9524963780159226, 0.9177704894228919, 0.9177704894228913]",3.469446951953614e-16,1.3322676295501878e-15,"[0.9945585300304399, 0.9945585300304373, 0.9784813955485915, 0.9784813955485908, 0.952496378015923, 0.9524963780159226, 0.9177704894228916, 0.9177704894228913]"
50,0,directed_cycle_normal,4,"[0.9891466696563073, 0.9891466696563059, 0.9574258414347186, 0.9574258414347181, 0.9072493501334505, 0.90724935013345, 0.8423026712555345, 0.8423026712555336]",9.992007221626409e-16,2.1094237467877974e-15,"[0.9891466696563094, 0.989146669656304, 0.9574258414347192, 0.957425841434718, 0.9072493501334521, 0.9072493501334512, 0.8423026712555342, 0.8423026712555334]"
50,0,directed_cycle_normal,8,"[0.978411134092164, 0.9784111340921603, 0.9166642418469805, 0.9166642418469764, 0.8231013833175681, 0.8231013833175679, 0.709473790004209, 0.7094737900042083]",1.8457457784393227e-15,3.9968028886505635e-15,"[0.978411134092168, 0.9784111340921575, 0.9166642418469801, 0.9166642418469776, 0.8231013833175711, 0.8231013833175695, 0.7094737900042084, 0.7094737900042071]"
50,0,directed_cycle_normal,16,"[0.9572883473155148, 0.9572883473155083, 0.8402733322808952, 0.8402733322808946, 0.677495887219297, 0.6774958872192949, 0.5033530587029361, 0.5033530587029357]",3.0253577421035516e-15,7.549516567451064e-15,"[0.9572883473155224, 0.9572883473155019, 0.8402733322808988, 0.8402733322808943, 0.6774958872192991, 0.6774958872192967, 0.5033530587029356, 0.5033530587029338]"
50,0,directed_nonnormal,2,"[0.13806853322242005, 0.12799627815177012, 0.12233686221733342, 0.11294094607480015, 0.10601598732738682, 0.10198099386696162, 0.0999162719623724, 0.09502507190104957]",0.01552435396927198,0.016778363961101772,"[0.15452510727760776, 0.1447746421128719, 0.13783224088900375, 0.1285548910336801, 0.122645892064467, 0.11529561419923741, 0.11508238973897773, 0.10976499916242435]"
50,0,directed_nonnormal,4,"[0.014142944425459452, 0.0136373988359703, 0.011911595569270263, 0.00996128155610264, 0.009385418169488582, 0.00864466143475456, 0.007967425445384108, 0.007625488487163901]",0.006339122931833438,0.009735064353696735,"[0.023878008779156187, 0.020959696998910135, 0.018997726628484358, 0.016526360008681358, 0.015042014840288888, 0.013293078653579395, 0.013243956428033967, 0.01204835504112702]"
50,0,directed_nonnormal,8,"[0.00014635255728269857, 0.00011977135527974997, 0.00010858730410776063, 7.024041567715008e-05, 6.425004009439925e-05, 5.8210666078294334e-05, 5.347903975790111e-05, 4.760393442229555e-05]",0.0002123175590801164,0.00042380674597476133,"[0.0005701593032574599, 0.00043930889828612253, 0.0003609136170506236, 0.0002731205751365425, 0.00022626221045547113, 0.00017670594009024817, 0.0001754023818676622, 0.00014516285919705089]"
50,0,directed_nonnormal,16,"[9.568437669072058e-09, 6.649292723918577e-09, 5.802908164775021e-09, 4.226071342621584e-09, 2.8174023771715453e-09, 2.6847613313454176e-09, 2.1251717451219523e-09, 1.6831094370767276e-09]",1.0270351254340777e-07,3.1551319342196004e-07,"[3.250816310910321e-07, 1.9299230811336675e-07, 1.3025863897256417e-07, 7.459484856291576e-08, 5.119458788019591e-08, 3.1224989263178374e-08, 3.0765995564849196e-08, 2.107225569026282e-08]"
50,1,reversible,2,"[0.5139135821318755, 0.5079629472124998, 0.5041012930704882, 0.5034103508919855, 0.5009528745783406, 0.4967997388096058, 0.48927248399874945, 0.4885846137646803]",1.3183898417423734e-16,2.220446049250313e-16,"[0.5139135821318754, 0.5079629472125, 0.5041012930704885, 0.5034103508919855, 0.5009528745783408, 0.49679973880960593, 0.48927248399874945, 0.4885846137646805]"
50,1,reversible,4,"[0.26410716989961597, 0.258026355740809, 0.25411811367533865, 0.25342198138519195, 0.2509537825483027, 0.24680998048129257, 0.23938756359830637, 0.23871492480758183]",1.1449174941446927e-16,1.6653345369377348e-16,"[0.2641071698996159, 0.2580263557408091, 0.2541181136753385, 0.253421981385192, 0.2509537825483028, 0.24680998048129266, 0.23938756359830654, 0.238714924807582]"
50,1,reversible,8,"[0.06975259719238465, 0.06657760025688247, 0.06457601569791227, 0.0642227006491966, 0.06297780097530083, 0.06091516646517602, 0.05730640560553325, 0.0569848153258895]",3.8163916471489756e-17,9.71445146547012e-17,"[0.06975259719238458, 0.06657760025688257, 0.06457601569791226, 0.06422270064919659, 0.06297780097530085, 0.06091516646517606, 0.05730640560553327, 0.05698481532588953]"
50,1,reversible,16,"[0.004865424815083076, 0.004432576855965231, 0.004170061803417005, 0.0041245552786763045, 0.003966203415684594, 0.0037106575054801035, 0.003284024123425888, 0.0032472691777257288]",1.0679391398982219e-17,1.9081958235744878e-17,"[0.004865424815083058, 0.00443257685596525, 0.00417006180341701, 0.004124555278676317, 0.003966203415684606, 0.00371065750548011, 0.0032840241234258945, 0.0032472691777257344]"
50,1,metastable_reversible,2,"[0.9853448248550326, 0.04295102752597445, 0.03957297132288335, 0.037792476114503475, 0.03480076001990196, 0.03250392783530525, 0.0293139192180308, 0.027653995916025142]",4.640385298237959e-17,1.3877787807814457e-16,"[0.9853448248550326, 0.042951027525974385, 0.03957297132288349, 0.03779247611450351, 0.03480076001990201, 0.03250392783530529, 0.029313919218030764, 0.02765399591602513]"
50,1,metastable_reversible,4,"[0.970904423868595, 0.001844790765537015, 0.001566020059321769, 0.0014282712508653234, 0.0012110928979628488, 0.0010565053247227401, 0.0008593058599212434, 0.0007647434901235597]",2.644098048149024e-17,1.1102230246251565e-16,"[0.9709044238685949, 0.001844790765537009, 0.001566020059321759, 0.0014282712508653184, 0.0012110928979628104, 0.001056505324722734, 0.0008593058599212334, 0.0007647434901235347]"
50,1,metastable_reversible,8,"[0.9426554002876084, 3.403252968617178e-06, 2.452418826175924e-06, 2.0399587660479684e-06, 1.4667460074773208e-06, 1.1162035011824057e-06, 7.384065608975891e-07, 5.848326056696798e-07]",3.800374783511989e-17,2.220446049250313e-16,"[0.9426554002876082, 3.403252968610624e-06, 2.452418826198126e-06, 2.039958766048381e-06, 1.4667460074959581e-06, 1.1162035011674896e-06, 7.384065608949704e-07, 5.848326056863248e-07]"
50,1,metastable_reversible,16,"[0.8885992036913912, 1.158212454913816e-11, 6.0144094405444335e-12, 4.161433788045837e-12, 2.1513513457950917e-12, 1.2458959045354976e-12, 5.452448908459334e-13, 3.420225736704598e-13]",6.659527497151108e-17,4.440892098500626e-16,"[0.8885992036913908, 1.1582130768357026e-11, 6.014358099090995e-12, 4.1614317671776334e-12, 2.1513438505053332e-12, 1.2459102560185621e-12, 5.452442491727377e-13, 3.4202917667385615e-13]"
50,1,directed_cycle_normal,2,"[0.9945585300304386, 0.9945585300304378, 0.978481395548591, 0.9784813955485906, 0.952496378015923, 0.9524963780159226, 0.9177704894228919, 0.9177704894228913]",3.469446951953614e-16,1.3322676295501878e-15,"[0.9945585300304399, 0.9945585300304373, 0.9784813955485915, 0.9784813955485908, 0.952496378015923, 0.9524963780159226, 0.9177704894228916, 0.9177704894228913]"
50,1,directed_cycle_normal,4,"[0.9891466696563073, 0.9891466696563059, 0.9574258414347186, 0.9574258414347181, 0.9072493501334505, 0.90724935013345, 0.8423026712555345, 0.8423026712555336]",9.992007221626409e-16,2.1094237467877974e-15,"[0.9891466696563094, 0.989146669656304, 0.9574258414347192, 0.957425841434718, 0.9072493501334521, 0.9072493501334512, 0.8423026712555342, 0.8423026712555334]"
50,1,directed_cycle_normal,8,"[0.978411134092164, 0.9784111340921603, 0.9166642418469805, 0.9166642418469764, 0.8231013833175681, 0.8231013833175679, 0.709473790004209, 0.7094737900042083]",1.8457457784393227e-15,3.9968028886505635e-15,"[0.978411134092168, 0.9784111340921575, 0.9166642418469801, 0.9166642418469776, 0.8231013833175711, 0.8231013833175695, 0.7094737900042084, 0.7094737900042071]"
50,1,directed_cycle_normal,16,"[0.9572883473155148, 0.9572883473155083, 0.8402733322808952, 0.8402733322808946, 0.677495887219297, 0.6774958872192949, 0.5033530587029361, 0.5033530587029357]",3.0253577421035516e-15,7.549516567451064e-15,"[0.9572883473155224, 0.9572883473155019, 0.8402733322808988, 0.8402733322808943, 0.6774958872192991, 0.6774958872192967, 0.5033530587029356, 0.5033530587029338]"
50,1,directed_nonnormal,2,"[0.12759198954503317, 0.12513874387735482, 0.11838234444846897, 0.1112854582184026, 0.10869045743456746, 0.10084554234021782, 0.09438685995467246, 0.08926632406810521]",0.01710618636900005,0.01902790610725888,"[0.1454151283284522, 0.1400107734678115, 0.13488144229949736, 0.12816568450852667, 0.12363213843745734, 0.11902658575317021, 0.11341476606193134, 0.10789069198197634]"
50,1,directed_nonnormal,4,"[0.014239983419117641, 0.012442564181025626, 0.01026789588038941, 0.009567923741747107, 0.008850319207635553, 0.008161466553212381, 0.007489554225115756, 0.006744660420687914]",0.006444899889392898,0.00792510759640323,"[0.021145559546780216, 0.019603016687054827, 0.01819300347679264, 0.016426442685539194, 0.015284905654618614, 0.01416732811605678, 0.012862909160882612, 0.011640401416349696]"
50,1,directed_nonnormal,8,"[0.00015117815996832618, 0.00010858609536351089, 9.157650740038174e-05, 7.536252821174041e-05, 5.744853084277535e-05, 5.052094373748104e-05, 4.5849956035247476e-05, 4.145613597105582e-05]",0.00019319279913627887,0.00029595652857810175,"[0.00044713468854642795, 0.00038427826323295, 0.00033098537550658904, 0.00026982801930130416, 0.0002336283408705921, 0.00020071318594801297, 0.0001654544320811178, 0.000135498945133756]"
50,1,directed_nonnormal,16,"[1.388344035537403e-08, 8.953523068544563e-09, 6.6623168425222794e-09, 5.5733119963382045e-09, 2.506840772043831e-09, 1.834366549191401e-09, 1.6505767820129033e-09, 1.4736741838089615e-09]",7.850284493041289e-08,1.8604598934613709e-07,"[1.999294297015111e-07, 1.4766978359333237e-07, 1.0955131879923776e-07, 7.280716000006495e-08, 5.458220165794558e-08, 4.028578301340163e-08, 2.737516909528523e-08, 1.8359964132360616e-08]"
50,2,reversible,2,"[0.49753765451920245, 0.4927054716225059, 0.49123218437735805, 0.4885185355975936, 0.4861259894185752, 0.4823873438653953, 0.48137276555364195, 0.4787364966694259]",1.3877787807814457e-16,3.885780586188048e-16,"[0.49753765451920245, 0.4927054716225061, 0.491232184377358, 0.4885185355975935, 0.4861259894185751, 0.4823873438653949, 0.4813727655536417, 0.4787364966694259]"
50,2,reversible,4,"[0.24754371766446923, 0.24275868176675597, 0.2413090589681506, 0.23865035962241732, 0.23631847758818875, 0.23269754952151103, 0.23171973941676172, 0.2291886332433153]",1.491862189340054e-16,4.163336342344337e-16,"[0.24754371766446925, 0.2427586817667562, 0.2413090589681506, 0.23865035962241724, 0.2363184775881886, 0.23269754952151073, 0.2317197394167613, 0.2291886332433153]"
50,2,reversible,8,"[0.061277892155146466, 0.058931777573133136, 0.05823006194009441, 0.05695399414790913, 0.05584642284959923, 0.0541481495533161, 0.05369403763537196, 0.05252742960793888]",6.591949208711867e-17,2.0122792321330962e-16,"[0.061277892155146466, 0.058931777573133205, 0.05823006194009439, 0.05695399414790908, 0.0558464228495992, 0.05414814955331594, 0.05369403763537176, 0.05252742960793888]"
50,2,reversible,16,"[0.0037549800669777695, 0.0034729544079292445, 0.003390740113547225, 0.003243757449400075, 0.0031188229450962446, 0.0029320221000482777, 0.0028830496775887633, 0.0027591308612169648]",1.22514845490862e-17,4.423544863740858e-17,"[0.003754980066977761, 0.0034729544079292454, 0.0033907401135472295, 0.0032437574494000618, 0.003118822945096236, 0.0029320221000482694, 0.002883049677588719, 0.0027591308612169743]"
50,2,metastable_reversible,2,"[0.9853269899451743, 0.048489205284577334, 0.04142050940872261, 0.03762188257816929, 0.03669873794828006, 0.03164782276472759, 0.03128454733494195, 0.026986789949863223]",7.112366251504909e-17,4.440892098500626e-16,"[0.9853269899451748, 0.04848920528457736, 0.041420509408722626, 0.03762188257816929, 0.03669873794828008, 0.031647822764727614, 0.03128454733494193, 0.026986789949863203]"
50,2,metastable_reversible,4,"[0.970869277114418, 0.002351203029129867, 0.0017156585996781124, 0.0014154060487255574, 0.0013467973669965094, 0.0010015846857476813, 0.0009787229019522256, 0.0007282868317980489]",8.921628626840095e-17,5.551115123125783e-16,"[0.9708692771144185, 0.0023512030291298848, 0.0017156585996780799, 0.0014154060487255582, 0.0013467973669965324, 0.0010015846857476115, 0.0009787229019522223, 0.0007282868317980375]"
50,2,metastable_reversible,8,"[0.942587153244672, 5.528155684180658e-06, 2.943484430656033e-06, 2.0033742827841605e-06, 1.8138631476968472e-06, 1.0031718827326003e-06, 9.57898518817721e-07, 5.304017093772537e-07]",2.219182117274332e-16,1.6653345369377348e-15,"[0.9425871532446737, 5.528155684189547e-06, 2.9434844306493498e-06, 2.0033742827688974e-06, 1.8138631477487925e-06, 1.0031718827241419e-06, 9.578985188057794e-07, 5.304017093704231e-07]"
50,2,metastable_reversible,16,"[0.8884705414618949, 3.0560496729201506e-11, 8.664068869472066e-12, 4.013506936840232e-12, 3.290124112654713e-12, 1.0063371040470796e-12, 9.175590042185385e-13, 2.8132884468647747e-13]",3.867751568440251e-16,2.9976021664879227e-15,"[0.8884705414618979, 3.0560505268637195e-11, 8.664100593475126e-12, 4.013508516859795e-12, 3.2900995187611583e-12, 1.0063538262882993e-12, 9.17569572330306e-13, 2.813259733030667e-13]"
50,2,directed_cycle_normal,2,"[0.9945585300304386, 0.9945585300304378, 0.978481395548591, 0.9784813955485906, 0.952496378015923, 0.9524963780159226, 0.9177704894228919, 0.9177704894228913]",3.469446951953614e-16,1.3322676295501878e-15,"[0.9945585300304399, 0.9945585300304373, 0.9784813955485915, 0.9784813955485908, 0.952496378015923, 0.9524963780159226, 0.9177704894228916, 0.9177704894228913]"
50,2,directed_cycle_normal,4,"[0.9891466696563073, 0.9891466696563059, 0.9574258414347186, 0.9574258414347181, 0.9072493501334505, 0.90724935013345, 0.8423026712555345, 0.8423026712555336]",9.992007221626409e-16,2.1094237467877974e-15,"[0.9891466696563094, 0.989146669656304, 0.9574258414347192, 0.957425841434718, 0.9072493501334521, 0.9072493501334512, 0.8423026712555342, 0.8423026712555334]"
50,2,directed_cycle_normal,8,"[0.978411134092164, 0.9784111340921603, 0.9166642418469805, 0.9166642418469764, 0.8231013833175681, 0.8231013833175679, 0.709473790004209, 0.7094737900042083]",1.8457457784393227e-15,3.9968028886505635e-15,"[0.978411134092168, 0.9784111340921575, 0.9166642418469801, 0.9166642418469776, 0.8231013833175711, 0.8231013833175695, 0.7094737900042084, 0.7094737900042071]"
50,2,directed_cycle_normal,16,"[0.9572883473155148, 0.9572883473155083, 0.8402733322808952, 0.8402733322808946, 0.677495887219297, 0.6774958872192949, 0.5033530587029361, 0.5033530587029357]",3.0253577421035516e-15,7.549516567451064e-15,"[0.9572883473155224, 0.9572883473155019, 0.8402733322808988, 0.8402733322808943, 0.6774958872192991, 0.6774958872192967, 0.5033530587029356, 0.5033530587029338]"
50,2,directed_nonnormal,2,"[0.1434724316964012, 0.1261149190810128, 0.11534039396767892, 0.11212514972213995, 0.10520404072408322, 0.09956661611021443, 0.09717217022767717, 0.09351080319325497]",0.01619373917731079,0.022025988429338922,"[0.15837262006305525, 0.14286241975858252, 0.12774799571394807, 0.12566324974833806, 0.12554461633263492, 0.12159260453955335, 0.11050250660648203, 0.10977042537835477]"
50,2,directed_nonnormal,4,"[0.017219894963136827, 0.012663817242716967, 0.0114146886438752, 0.00963105264223025, 0.009387398844507223, 0.008107322760381886, 0.007619545440452819, 0.00733261193528244]",0.006129073807682002,0.007861991822500025,"[0.025081886785636852, 0.020409670979277428, 0.016319550408930895, 0.01579125233731319, 0.015761450690108498, 0.014784761478712211, 0.012210803966315607, 0.012049546287744952]"
50,2,directed_nonnormal,8,"[0.00016867636094964787, 0.00011910553455887108, 0.00011549543316291339, 7.600410289064095e-05, 7.25475828929081e-05, 5.638415823695623e-05, 4.896196074104438e-05, 3.936915274224849e-05]",0.00020326382538105001,0.0004604246837778567,"[0.0006291010447275045, 0.0004165546694823593, 0.0002663277255496365, 0.0002493636503806992, 0.0002484233278567217, 0.00021858917198241246, 0.00014910373350378894, 0.00014519156574050815]"
50,2,directed_nonnormal,16,"[1.7683100577719946e-08, 1.233667407122111e-08, 6.8783871544652415e-09, 3.718368110526126e-09, 3.2250441149163105e-09, 2.3773163312494164e-09, 2.1706655294148905e-09, 1.257120200304944e-09]",1.0069497732761518e-07,3.780850238995177e-07,"[3.9576812447723766e-07, 1.7351779266755756e-07, 7.09304573964425e-08, 6.218223013118761e-08, 6.171414982340824e-08, 4.77812261079567e-08, 2.2231923344768914e-08, 2.10805907621803e-08]"
50,3,reversible,2,"[0.5117278785736793, 0.5060233046853521, 0.49696484765673915, 0.49179302542420766, 0.48746390313962795, 0.48225104521710316, 0.4804652138873118, 0.4786557330453952]",9.020562075079397e-17,2.7755575615628914e-16,"[0.5117278785736793, 0.5060233046853522, 0.4969648476567392, 0.49179302542420766, 0.487463903139628, 0.4822510452171033, 0.48046521388731184, 0.4786557330453955]"
50,3,reversible,4,"[0.26186542170951843, 0.25605958488468483, 0.246974059806486, 0.24186037985589556, 0.23762105686412072, 0.2325660706129885, 0.23084682175578025, 0.22911131077722457]",1.249000902703301e-16,3.608224830031759e-16,"[0.2618654217095183, 0.2560595848846848, 0.246974059806486, 0.24186037985589537, 0.2376210568641206, 0.23256607061298865, 0.23084682175578028, 0.22911131077722494]"
50,3,reversible,8,"[0.06857349908710392, 0.06556651101131714, 0.06099618621729771, 0.058496443344038064, 0.05646376666522167, 0.05408697720036556, 0.05329025511474497, 0.05249199272605797]",5.724587470723463e-17,1.734723475976807e-16,"[0.06857349908710386, 0.0655665110113171, 0.06099618621729773, 0.058496443344037995, 0.05646376666522165, 0.054086977200365614, 0.05329025511474499, 0.052491992726058145]"
50,3,reversible,16,"[0.004702324777049036, 0.004298967366197165, 0.0037205347330552512, 0.0034218338839022574, 0.003188156946024599, 0.002925401102672866, 0.002839851290194605, 0.0027554093003525227]",6.2341624917916505e-18,1.8648277366750676e-17,"[0.0047023247770490335, 0.004298967366197165, 0.003720534733055261, 0.003421833883902247, 0.0031881569460245947, 0.00292540110267287, 0.002839851290194605, 0.0027554093003525413]"
50,3,metastable_reversible,2,"[0.9855530878909584, 0.04511944671702341, 0.036285059540858554, 0.036136751798747604, 0.029542231602320283, 0.028892366175271262, 0.02721859668802446, 0.024836892244991082]",1.1535911115245767e-16,6.661338147750939e-16,"[0.9855530878909591, 0.0451194467170234, 0.03628505954085867, 0.036136751798747604, 0.029542231602320262, 0.028892366175271262, 0.027218596688024427, 0.024836892244991013]"
50,3,metastable_reversible,4,"[0.9713148890514034, 0.0020357644720502967, 0.0013166055458836427, 0.0013058648305642865, 0.0008727434480451236, 0.0008347688232059609, 0.0007408520056653356, 0.0006168712163892492]",1.5002647561768168e-16,1.1102230246251565e-15,"[0.9713148890514045, 0.002035764472050314, 0.0013166055458836588, 0.001305864830564288, 0.00087274344804513, 0.000834768823205959, 0.0007408520056653344, 0.0006168712163892948]"
50,3,metastable_reversible,8,"[0.9434526136929404, 4.144336985663899e-06, 1.733450163446086e-06, 1.7052829557115031e-06, 7.616811261031454e-07, 6.968389882006894e-07, 5.488616942894276e-07, 3.8053009763122347e-07]",2.2842645555211063e-16,1.7763568394002505e-15,"[0.9434526136929422, 4.144336985662293e-06, 1.733450163451607e-06, 1.7052829557046968e-06, 7.616811261057026e-07, 6.968389881966615e-07, 5.488616942983486e-07, 3.8053009760960814e-07]"
50,3,metastable_reversible,16,"[0.8901028342840409, 1.7175538364465593e-11, 3.0047971878433327e-12, 2.9079885889211512e-12, 5.801551908550176e-13, 4.855870326141291e-13, 3.012609701471485e-13, 1.448082846335151e-13]",3.9924173857938875e-16,3.1086244689504383e-15,"[0.890102834284044, 1.717552905072842e-11, 3.0048494691704028e-12, 2.907989959016947e-12, 5.801581378656511e-13, 4.855845754709469e-13, 3.0124915946805395e-13, 1.4480315518677792e-13]"
50,3,directed_cycle_normal,2,"[0.9945585300304386, 0.9945585300304378, 0.978481395548591, 0.9784813955485906, 0.952496378015923, 0.9524963780159226, 0.9177704894228919, 0.9177704894228913]",3.469446951953614e-16,1.3322676295501878e-15,"[0.9945585300304399, 0.9945585300304373, 0.9784813955485915, 0.9784813955485908, 0.952496378015923, 0.9524963780159226, 0.9177704894228916, 0.9177704894228913]"
50,3,directed_cycle_normal,4,"[0.9891466696563073, 0.9891466696563059, 0.9574258414347186, 0.9574258414347181, 0.9072493501334505, 0.90724935013345, 0.8423026712555345, 0.8423026712555336]",9.992007221626409e-16,2.1094237467877974e-15,"[0.9891466696563094, 0.989146669656304, 0.9574258414347192, 0.957425841434718, 0.9072493501334521, 0.9072493501334512, 0.8423026712555342, 0.8423026712555334]"
50,3,directed_cycle_normal,8,"[0.978411134092164, 0.9784111340921603, 0.9166642418469805, 0.9166642418469764, 0.8231013833175681, 0.8231013833175679, 0.709473790004209, 0.7094737900042083]",1.8457457784393227e-15,3.9968028886505635e-15,"[0.978411134092168, 0.9784111340921575, 0.9166642418469801, 0.9166642418469776, 0.8231013833175711, 0.8231013833175695, 0.7094737900042084, 0.7094737900042071]"
50,3,directed_cycle_normal,16,"[0.9572883473155148, 0.9572883473155083, 0.8402733322808952, 0.8402733322808946, 0.677495887219297, 0.6774958872192949, 0.5033530587029361, 0.5033530587029357]",3.0253577421035516e-15,7.549516567451064e-15,"[0.9572883473155224, 0.9572883473155019, 0.8402733322808988, 0.8402733322808943, 0.6774958872192991, 0.6774958872192967, 0.5033530587029356, 0.5033530587029338]"
50,3,directed_nonnormal,2,"[0.13853946291596866, 0.1250130214692812, 0.11305820460593764, 0.1102655610534544, 0.1047847288782082, 0.09825433228007847, 0.09375229989306957, 0.08897690399906752]",0.01611852877618897,0.021138018753183482,"[0.15112289661824566, 0.13858727447728453, 0.13419622335912113, 0.12458262039206519, 0.1199002497295296, 0.11707861385610249, 0.11075429085900274, 0.10537057601322611]"
50,3,directed_nonnormal,4,"[0.015988013151679772, 0.013740810597756318, 0.010681372914257933, 0.00992585880775965, 0.008858614909067523, 0.00795611744875982, 0.007010142569990686, 0.006255553815346589]",0.005826309615378372,0.007327253449593193,"[0.022838129882288966, 0.019206432647042197, 0.018008626363851126, 0.015520829303753418, 0.014376069885203563, 0.013707401822466356, 0.012266512943680578, 0.01110295828935906]"
50,3,directed_nonnormal,8,"[0.0001957349413761425, 0.00016214002484077285, 7.963675527475312e-05, 7.733316002624482e-05, 6.441707262817723e-05, 5.0037913954023644e-05, 3.837235109585916e-05, 3.417991306701101e-05]",0.00017776614221390875,0.00032584523514415773,"[0.0005215801765203002, 0.00036888705502536836, 0.0003243106235127939, 0.0002408961422762508, 0.0002066713853442568, 0.00018789286472255397, 0.00015046733979748317, 0.00012327568277524707]"
50,3,directed_nonnormal,16,"[2.5889808384401303e-08, 2.380503309788352e-08, 4.5037785217240234e-09, 4.133462347104444e-09, 2.250398004600916e-09, 1.748864804287142e-09, 1.0269001717680185e-09, 7.614340650088999e-10]",7.78832871046865e-08,2.4615607215454626e-07,"[2.7204588053894757e-07, 1.3607765936528914e-07, 1.0517738052325711e-07, 5.803095136357967e-08, 4.271306152011428e-08, 3.530372861364796e-08, 2.264042034573126e-08, 1.5196893963703347e-08]"
50,4,reversible,2,"[0.5014574451440711, 0.493036363285841, 0.4890928763023584, 0.48625803849870225, 0.48432327354652677, 0.4827170220393988, 0.47899569975614464, 0.4755024261804282]",2.2898349882893854e-16,4.996003610813204e-16,"[0.5014574451440712, 0.4930363632858413, 0.4890928763023588, 0.4862580384987023, 0.48432327354652704, 0.482717022039399, 0.47899569975614414, 0.47550242618042826]"
50,4,reversible,4,"[0.25145956929041907, 0.24308485552212808, 0.23921184164971426, 0.23644688000460556, 0.23456903329882392, 0.23301572336658558, 0.2294368803848787, 0.2261025573034736]",1.5612511283791264e-16,4.996003610813204e-16,"[0.2514595692904192, 0.24308485552212805, 0.23921184164971449, 0.23644688000460543, 0.2345690332988241, 0.23301572336658563, 0.2294368803848782, 0.22610255730347362]"
50,4,reversible,8,"[0.06323191498772304, 0.05909024698421378, 0.05722230518544798, 0.05590712706391232, 0.05502263138274471, 0.05429632733605304, 0.052641282080745117, 0.05112236641917056]",9.540979117872439e-17,2.0816681711721685e-16,"[0.06323191498772313, 0.05909024698421386, 0.057222305185448075, 0.05590712706391228, 0.05502263138274484, 0.054296327336053156, 0.05264128208074491, 0.05112236641917057]"
50,4,reversible,16,"[0.0039982750730146194, 0.0034916572886553787, 0.003274392210736544, 0.0031256068565404314, 0.0030274899642813956, 0.002948091162183821, 0.002771104579104556, 0.002613496348295945]",1.2468324983583301e-17,2.6020852139652106e-17,"[0.0039982750730146455, 0.0034916572886553956, 0.0032743922107365576, 0.003125606856540433, 0.0030274899642814173, 0.0029480911621838335, 0.0027711045791045546, 0.002613496348295939]"
50,4,metastable_reversible,2,"[0.9849966944768249, 0.0536553740137679, 0.04452497282005339, 0.03994965395331039, 0.03646644427589499, 0.03237983857568899, 0.03189119564365435, 0.031151858550335466]",5.898059818321144e-17,1.1102230246251565e-16,"[0.984996694476825, 0.053655374013767805, 0.04452497282005329, 0.039949653953310425, 0.03646644427589496, 0.03237983857568901, 0.03189119564365437, 0.031151858550335528]"
50,4,metastable_reversible,4,"[0.9702184881302718, 0.002878899160557315, 0.0019824732046264683, 0.0015959748509892444, 0.0013298015581269516, 0.0010484539461876766, 0.0010170483595818036, 0.000970438291140124]",2.359494977871579e-17,1.1102230246251565e-16,"[0.9702184881302719, 0.0028788991605573095, 0.001982473204626484, 0.0015959748509892515, 0.0013298015581269525, 0.001048453946187678, 0.0010170483595818393, 0.0009704382911401128]"
50,4,metastable_reversible,8,"[0.9413239147097903, 8.28806037665925e-06, 3.9302000070520805e-06, 2.5471357249981383e-06, 1.7683721839934022e-06, 1.0992556772947948e-06, 1.0343873657347808e-06, 9.417504769078219e-07]",3.4143381943118614e-17,2.220446049250313e-16,"[0.9413239147097905, 8.288060376657583e-06, 3.930200007062002e-06, 2.5471357249901634e-06, 1.7683721839968706e-06, 1.0992556772765146e-06, 1.0343873657281104e-06, 9.417504769109423e-07]"
50,4,metastable_reversible,16,"[0.8860907124045645, 6.869195028716617e-11, 1.5446486396956767e-11, 6.4879012750349276e-12, 3.1271371819768144e-12, 1.2083519629810145e-12, 1.0699446467488192e-12, 8.868955904369115e-13]",6.162871496084372e-17,4.440892098500626e-16,"[0.8860907124045649, 6.869194480712143e-11, 1.544647209551016e-11, 6.487900401521165e-12, 3.1271401811338617e-12, 1.2083630440246487e-12, 1.0699572223779395e-12, 8.868939607619871e-13]"
50,4,directed_cycle_normal,2,"[0.9945585300304386, 0.9945585300304378, 0.978481395548591, 0.9784813955485906, 0.952496378015923, 0.9524963780159226, 0.9177704894228919, 0.9177704894228913]",3.469446951953614e-16,1.3322676295501878e-15,"[0.9945585300304399, 0.9945585300304373, 0.9784813955485915, 0.9784813955485908, 0.952496378015923, 0.9524963780159226, 0.9177704894228916, 0.9177704894228913]"
50,4,directed_cycle_normal,4,"[0.9891466696563073, 0.9891466696563059, 0.9574258414347186, 0.9574258414347181, 0.9072493501334505, 0.90724935013345, 0.8423026712555345, 0.8423026712555336]",9.992007221626409e-16,2.1094237467877974e-15,"[0.9891466696563094, 0.989146669656304, 0.9574258414347192, 0.957425841434718, 0.9072493501334521, 0.9072493501334512, 0.8423026712555342, 0.8423026712555334]"
50,4,directed_cycle_normal,8,"[0.978411134092164, 0.9784111340921603, 0.9166642418469805, 0.9166642418469764, 0.8231013833175681, 0.8231013833175679, 0.709473790004209, 0.7094737900042083]",1.8457457784393227e-15,3.9968028886505635e-15,"[0.978411134092168, 0.9784111340921575, 0.9166642418469801, 0.9166642418469776, 0.8231013833175711, 0.8231013833175695, 0.7094737900042084, 0.7094737900042071]"
50,4,directed_cycle_normal,16,"[0.9572883473155148, 0.9572883473155083, 0.8402733322808952, 0.8402733322808946, 0.677495887219297, 0.6774958872192949, 0.5033530587029361, 0.5033530587029357]",3.0253577421035516e-15,7.549516567451064e-15,"[0.9572883473155224, 0.9572883473155019, 0.8402733322808988, 0.8402733322808943, 0.6774958872192991, 0.6774958872192967, 0.5033530587029356, 0.5033530587029338]"
50,4,directed_nonnormal,2,"[0.13233196397438468, 0.12737447507894806, 0.11609045609512995, 0.11158160571905333, 0.10751342717116842, 0.10337326915117262, 0.10024396293388783, 0.09880501778222243]",0.014893706689910103,0.023519942472514363,"[0.14948925523363482, 0.14373986191394672, 0.13961039856764432, 0.12511531444762616, 0.12332884198420452, 0.11690633312778642, 0.11293994076674685, 0.10533388538365834]"
50,4,directed_nonnormal,4,"[0.013422590366449917, 0.012847286012533304, 0.011542345571184519, 0.010675059826552986, 0.008848807148656766, 0.00865803411021067, 0.008411526954765547, 0.007431456025428438]",0.006130467029509229,0.008924447063856897,"[0.022347037430306815, 0.020661147903040473, 0.019491063388216507, 0.015653841909328368, 0.015210003265164886, 0.013667090725384972, 0.012755430220396286, 0.011095227410017672]"
50,4,directed_nonnormal,8,"[0.00013645288904554347, 0.00010632397160870907, 9.09768306212268e-05, 7.83617326703746e-05, 7.32208765562972e-05, 6.57354724404294e-05, 4.951925568046899e-05, 4.808281027431806e-05]",0.00020081027922760447,0.00036293719286599024,"[0.0004993900819115337, 0.0004268830326713137, 0.0003799015520034739, 0.00024504276652224526, 0.0002313441993263265, 0.0001867893688959039, 0.00016270100010739886, 0.00012310407128000747]"
50,4,directed_nonnormal,16,"[1.0710238941437576e-08, 8.934615777160648e-09, 7.954216732324131e-09, 4.370551921511481e-09, 2.7378644805498216e-09, 2.618600855599872e-09, 2.1724213897674585e-09, 1.8283971604728762e-09]",9.058755644638705e-08,2.3868021497017084e-07,"[2.493904539116084e-07, 1.822291235826579e-07, 1.4432518921464817e-07, 6.00459574248756e-08, 5.352013856193908e-08, 3.4890268332530077e-08, 2.64716154359478e-08, 1.515461236571316e-08]"
50,5,reversible,2,"[0.5135977094727981, 0.5129260759951071, 0.5058391775722325, 0.5003905456044077, 0.4942862308750788, 0.49369203546671225, 0.4919922902774766, 0.491462286145775]",2.220446049250313e-16,3.3306690738754696e-16,"[0.5135977094727984, 0.5129260759951072, 0.5058391775722327, 0.500390545604408, 0.49428623087507906, 0.49369203546671236, 0.4919922902774769, 0.4914622861457752]"
50,5,reversible,4,"[0.2637826071757048, 0.2630931594357384, 0.25587327356695266, 0.25039069813027665, 0.24431887803269153, 0.24373182588326536, 0.24205641369247674, 0.24153517870363156]",2.636779683484747e-16,4.440892098500626e-16,"[0.263782607175705, 0.2630931594357385, 0.2558732735669528, 0.2503906981302771, 0.24431887803269198, 0.24373182588326556, 0.24205641369247707, 0.2415351787036318]"
50,5,reversible,8,"[0.06958126384841218, 0.06921801054187883, 0.06547113212586855, 0.06269550171016736, 0.059691714163153234, 0.059405202948390363, 0.05859130740966348, 0.058339242551395276]",1.222980050563649e-16,1.8041124150158794e-16,"[0.0695812638484123, 0.06921801054187891, 0.06547113212586865, 0.06269550171016754, 0.059691714163153414, 0.059405202948390474, 0.0585913074096636, 0.05833924255139536]"
50,5,reversible,16,"[0.004841552278742357, 0.004791132983375642, 0.004286469141842942, 0.003930725934689613, 0.0035631007397355827, 0.0035289781373394496, 0.0034329413039736853, 0.003403467221470534]",1.3118846287074604e-17,2.7321894746634712e-17,"[0.004841552278742369, 0.0047911329833756604, 0.004286469141842951, 0.003930725934689621, 0.00356310073973561, 0.0035289781373394604, 0.0034329413039737005, 0.003403467221470539]"
50,5,metastable_reversible,2,"[0.9854992879987544, 0.04122369381092035, 0.04108208651431026, 0.03754207654366236, 0.033890393767510164, 0.033683436585269774, 0.03152470248918162, 0.027943066017297315]",7.45931094670027e-17,3.3306690738754696e-16,"[0.9854992879987547, 0.04122369381092037, 0.04108208651431036, 0.037542076543662345, 0.033890393767510185, 0.033683436585269844, 0.03152470248918159, 0.027943066017297322]"
50,5,metastable_reversible,4,"[0.971208846646052, 0.001699392931416554, 0.001687737832369261, 0.001409407511210212, 0.0011485587897169002, 0.0011345739001938967, 0.0009938068670314025, 0.0007808149384470258]",6.78168458889683e-17,4.440892098500626e-16,"[0.9712088466460524, 0.0016993929314165145, 0.0016877378323692815, 0.0014094075112102023, 0.0011485587897168933, 0.0011345739001938952, 0.0009938068670314122, 0.0007808149384470365]"
50,5,metastable_reversible,8,"[0.9432466238035543, 2.8879363353390598e-06, 2.848458990816333e-06, 1.986429532656349e-06, 1.3191872934375721e-06, 1.2872579349998104e-06, 9.876520889584416e-07, 6.09671968103243e-07]",1.4131497998318761e-16,1.1102230246251565e-15,"[0.9432466238035554, 2.8879363353484144e-06, 2.8484589908105606e-06, 1.9864295326557366e-06, 1.3191872934359344e-06, 1.2872579350011868e-06, 9.87652088958791e-07, 6.096719681020493e-07]"
50,5,metastable_reversible,16,"[0.8897141933168039, 8.340168981471787e-12, 8.11372073947806e-12, 3.945902651730566e-12, 1.7402466743721377e-12, 1.6570552897526975e-12, 9.75436544961096e-13, 3.716965120989362e-13]",2.716799683465859e-16,2.1094237467877974e-15,"[0.889714193316806, 8.340176277025628e-12, 8.113718622329517e-12, 3.945902288206888e-12, 1.7402551151628262e-12, 1.6570329912235198e-12, 9.754566488246636e-13, 3.7169990868942623e-13]"
50,5,directed_cycle_normal,2,"[0.9945585300304386, 0.9945585300304378, 0.978481395548591, 0.9784813955485906, 0.952496378015923, 0.9524963780159226, 0.9177704894228919, 0.9177704894228913]",3.469446951953614e-16,1.3322676295501878e-15,"[0.9945585300304399, 0.9945585300304373, 0.9784813955485915, 0.9784813955485908, 0.952496378015923, 0.9524963780159226, 0.9177704894228916, 0.9177704894228913]"
50,5,directed_cycle_normal,4,"[0.9891466696563073, 0.9891466696563059, 0.9574258414347186, 0.9574258414347181, 0.9072493501334505, 0.90724935013345, 0.8423026712555345, 0.8423026712555336]",9.992007221626409e-16,2.1094237467877974e-15,"[0.9891466696563094, 0.989146669656304, 0.9574258414347192, 0.957425841434718, 0.9072493501334521, 0.9072493501334512, 0.8423026712555342, 0.8423026712555334]"
50,5,directed_cycle_normal,8,"[0.978411134092164, 0.9784111340921603, 0.9166642418469805, 0.9166642418469764, 0.8231013833175681, 0.8231013833175679, 0.709473790004209, 0.7094737900042083]",1.8457457784393227e-15,3.9968028886505635e-15,"[0.978411134092168, 0.9784111340921575, 0.9166642418469801, 0.9166642418469776, 0.8231013833175711, 0.8231013833175695, 0.7094737900042084, 0.7094737900042071]"
50,5,directed_cycle_normal,16,"[0.9572883473155148, 0.9572883473155083, 0.8402733322808952, 0.8402733322808946, 0.677495887219297, 0.6774958872192949, 0.5033530587029361, 0.5033530587029357]",3.0253577421035516e-15,7.549516567451064e-15,"[0.9572883473155224, 0.9572883473155019, 0.8402733322808988, 0.8402733322808943, 0.6774958872192991, 0.6774958872192967, 0.5033530587029356, 0.5033530587029338]"
50,5,directed_nonnormal,2,"[0.12546406189781265, 0.12162756586214055, 0.1124321040629245, 0.10875268251036274, 0.1050690684608048, 0.10158599588188046, 0.096489549730218, 0.09256689265745718]",0.01570753420622094,0.026447966905612047,"[0.1519120288034247, 0.1390638933414412, 0.1289150912951045, 0.1207989825108047, 0.1169902640448835, 0.11456880660667397, 0.11082995079318207, 0.10656917731785376]"
50,5,directed_nonnormal,4,"[0.012093622066485725, 0.011304855258034744, 0.01074209529504037, 0.010188649735457057, 0.009229324359878617, 0.008135364570498498, 0.007580511120796163, 0.007402077786404103]",0.0059255033185900184,0.010983642428686807,"[0.02307726449517253, 0.019338766431279734, 0.016619100763625126, 0.0145923941756457, 0.01368672188129156, 0.013126011447277462, 0.01228327799281916, 0.011356989554204156]"
50,5,directed_nonnormal,8,"[0.00010893693886513196, 8.70740212121376e-05, 8.646699619393433e-05, 6.613350723096784e-05, 5.763395839561257e-05, 5.294858112922613e-05, 4.6867103165630766e-05, 3.95199265115781e-05]",0.00018619726641019114,0.0004236231977150188,"[0.0005325601365801508, 0.00037398788708359196, 0.00027619451019152526, 0.00021293796777741852, 0.00018732635585582514, 0.00017229217651405895, 0.0001508789182488755, 0.00012898121173430234]"
50,5,directed_nonnormal,16,"[5.987261994428472e-09, 4.404636454553557e-09, 4.333180651503779e-09, 3.264892222085185e-09, 2.4352461484896487e-09, 2.2165373209670212e-09, 1.5976569086405315e-09, 1.508023546471166e-09]",7.79427684665084e-08,2.7763303707984036e-07,"[2.836202990742688e-07, 1.3986693968524953e-07, 7.628340745993656e-08, 4.5342578121176926e-08, 3.509116359822324e-08, 2.9684594087951643e-08, 2.276444797195086e-08, 1.6636152980448928e-08]"
50,6,reversible,2,"[0.5057655239392174, 0.49650349154245593, 0.4907672168783366, 0.48562642386536153, 0.4840572195105816, 0.4825564640177934, 0.48101939039349484, 0.480455597833918]",1.457167719820518e-16,2.7755575615628914e-16,"[0.5057655239392171, 0.49650349154245565, 0.4907672168783366, 0.48562642386536176, 0.4840572195105819, 0.4825564640177935, 0.4810193903934949, 0.480455597833918]"
50,6,reversible,4,"[0.255798765205511, 0.24651571711384956, 0.24085246116250808, 0.23583302355625987, 0.2343113917603155, 0.2328607409653561, 0.2313796539345295, 0.23083758148994762]",1.214306433183765e-16,2.220446049250313e-16,"[0.25579876520551087, 0.24651571711384934, 0.24085246116250827, 0.23583302355626, 0.23431139176031565, 0.23286074096535606, 0.23137965393452944, 0.23083758148994757]"
50,6,reversible,8,"[0.06543300828066413, 0.06076999878415555, 0.05800990804803748, 0.055617214999687394, 0.0549018283086561, 0.05422412468293464, 0.053536544254862616, 0.053285989028128214]",5.377642775528102e-17,1.5959455978986625e-16,"[0.06543300828066409, 0.06076999878415539, 0.05800990804803755, 0.055617214999687484, 0.054901828308656114, 0.05422412468293465, 0.05353654425486261, 0.05328598902812818]"
50,6,reversible,16,"[0.0042814785726574605, 0.0036929927522262643, 0.003365149431741754, 0.0030932746043214497, 0.0030142107516331605, 0.0029402556976304436, 0.0028661615707528685, 0.0028393966267057846]",9.75781955236954e-18,1.7780915628762273e-17,"[0.0042814785726574545, 0.003692992752226248, 0.0033651494317417717, 0.0030932746043214623, 0.003014210751633154, 0.002940255697630443, 0.0028661615707528624, 0.0028393966267057967]"
50,6,metastable_reversible,2,"[0.9853147953785507, 0.04968726732917823, 0.04304584251473446, 0.04084621436685707, 0.039135335323303634, 0.033405157051959636, 0.033322715864636386, 0.02664689753408662]",8.109832250191573e-17,4.440892098500626e-16,"[0.9853147953785512, 0.049687267329178234, 0.04304584251473445, 0.040846214366857016, 0.03913533532330368, 0.033405157051959615, 0.03332271586463636, 0.026646897534086583]"
50,6,metastable_reversible,4,"[0.970845245991875, 0.0024688245346412186, 0.0018529445578033107, 0.0016684132281032447, 0.0015315744708674234, 0.001115904517666075, 0.001110403392595294, 0.000710057148192146]",1.4857635521198231e-16,1.1102230246251565e-15,"[0.9708452459918762, 0.002468824534641223, 0.0018529445578033196, 0.0016684132281032367, 0.001531574470867421, 0.0011159045176660873, 0.001110403392595288, 0.0007100571481921097]"
50,6,metastable_reversible,8,"[0.9425404916650243, 6.095094582828177e-06, 3.4334035342712745e-06, 2.7836026997075504e-06, 2.345720359810454e-06, 1.2452428925649808e-06, 1.2329956943000165e-06, 5.041811537134542e-07]",2.7488417453597967e-16,2.1094237467877974e-15,"[0.9425404916650264, 6.0950945828464505e-06, 3.43340353429294e-06, 2.783602699709863e-06, 2.34572035981282e-06, 1.2452428925475832e-06, 1.2329956942871248e-06, 5.041811536987117e-07]"
50,6,metastable_reversible,16,"[0.8883825784281456, 3.715021452734258e-11, 1.1788236939509547e-11, 7.748442627389186e-12, 5.502397588903508e-12, 1.5506263490050757e-12, 1.5202876650946332e-12, 2.542210182106526e-13]",5.262782899886198e-16,4.107825191113079e-15,"[0.8883825784281497, 3.7150177973844144e-11, 1.178825982929525e-11, 7.748443989832037e-12, 5.502404006440387e-12, 1.5506298614402715e-12, 1.5202783821305892e-12, 2.541986357449639e-13]"
50,6,directed_cycle_normal,2,"[0.9945585300304386, 0.9945585300304378, 0.978481395548591, 0.9784813955485906, 0.952496378015923, 0.9524963780159226, 0.9177704894228919, 0.9177704894228913]",3.469446951953614e-16,1.3322676295501878e-15,"[0.9945585300304399, 0.9945585300304373, 0.9784813955485915, 0.9784813955485908, 0.952496378015923, 0.9524963780159226, 0.9177704894228916, 0.9177704894228913]"
50,6,directed_cycle_normal,4,"[0.9891466696563073, 0.9891466696563059, 0.9574258414347186, 0.9574258414347181, 0.9072493501334505, 0.90724935013345, 0.8423026712555345, 0.8423026712555336]",9.992007221626409e-16,2.1094237467877974e-15,"[0.9891466696563094, 0.989146669656304, 0.9574258414347192, 0.957425841434718, 0.9072493501334521, 0.9072493501334512, 0.8423026712555342, 0.8423026712555334]"
50,6,directed_cycle_normal,8,"[0.978411134092164, 0.9784111340921603, 0.9166642418469805, 0.9166642418469764, 0.8231013833175681, 0.8231013833175679, 0.709473790004209, 0.7094737900042083]",1.8457457784393227e-15,3.9968028886505635e-15,"[0.978411134092168, 0.9784111340921575, 0.9166642418469801, 0.9166642418469776, 0.8231013833175711, 0.8231013833175695, 0.7094737900042084, 0.7094737900042071]"
50,6,directed_cycle_normal,16,"[0.9572883473155148, 0.9572883473155083, 0.8402733322808952, 0.8402733322808946, 0.677495887219297, 0.6774958872192949, 0.5033530587029361, 0.5033530587029357]",3.0253577421035516e-15,7.549516567451064e-15,"[0.9572883473155224, 0.9572883473155019, 0.8402733322808988, 0.8402733322808943, 0.6774958872192991, 0.6774958872192967, 0.5033530587029356, 0.5033530587029338]"
50,6,directed_nonnormal,2,"[0.12784220157846107, 0.12454850936812777, 0.1206027892209285, 0.11807938802379139, 0.10817534265725483, 0.10258914096852081, 0.10187512613229292, 0.09480477310598039]",0.0178606447575966,0.02308056894444896,"[0.15092277052291003, 0.14476934749770137, 0.14093184181930093, 0.13217565965088374, 0.12675888175373004, 0.12094677431734611, 0.11658894022407314, 0.10830821333018509]"
50,6,directed_nonnormal,4,"[0.013604750342039272, 0.011982722313157711, 0.011504975373693748, 0.010781937875728944, 0.010322357469718687, 0.008730029476588597, 0.007728219355957791, 0.007206752845287737]",0.006903234625793994,0.009172932320271688,"[0.02277768266231096, 0.020958163974910217, 0.019861784038580455, 0.017470405004146258, 0.016067814103456115, 0.014628122217771055, 0.0135929809825725, 0.011730669074776883]"
50,6,directed_nonnormal,8,"[0.00011752984055228863, 0.00010406062544107658, 9.815965044358801e-05, 8.660135791042567e-05, 6.934803672359059e-05, 6.36384402227003e-05, 4.8541917734787946e-05, 4.540606527465707e-05]",0.00022737767314761676,0.0004012929869126527,"[0.0005188228274649413, 0.0004392446371992244, 0.0003944904651952094, 0.0003052150510088986, 0.00025817465006322326, 0.00021398195961804716, 0.00018476913199257764, 0.00013760859694192674]"
50,6,directed_nonnormal,16,"[8.838563337181718e-09, 7.2901015142380295e-09, 6.242241885767488e-09, 5.6810633452491254e-09, 2.4135324731672813e-09, 2.192879265874526e-09, 1.5280109930115196e-09, 1.2359859711654388e-09]",1.0512346754756255e-07,2.6033856296153453e-07,"[2.6917712629871626e-07, 1.9293585130827827e-07, 1.5562272712993272e-07, 9.315622736236457e-08, 6.665414993526778e-08, 4.578827904197957e-08, 3.4139632137290576e-08, 1.893612595232565e-08]"
50,7,reversible,2,"[0.5061200728347235, 0.502323918903137, 0.501403526981139, 0.49624835698925573, 0.49325392929378803, 0.49142756192771014, 0.48704860861576527, 0.48381197420151484]",2.42861286636753e-16,6.106226635438361e-16,"[0.5061200728347236, 0.5023239189031373, 0.5014035269811391, 0.496248356989256, 0.493253929293788, 0.4914275619277105, 0.4870486086157654, 0.48381197420151545]"
50,7,reversible,4,"[0.2561575281262256, 0.2523293195022053, 0.2514054968691259, 0.24626243181453572, 0.24329943876376117, 0.24150104862221322, 0.2372163471545529, 0.2340740263807674]",2.636779683484747e-16,4.718447854656915e-16,"[0.25615752812622594, 0.25232931950220566, 0.2514054968691259, 0.24626243181453605, 0.2432994387637612, 0.2415010486222137, 0.237216347154553, 0.23407402638076785]"
50,7,reversible,8,"[0.06561667921573804, 0.06367008548044599, 0.06320472385601197, 0.060645185323208825, 0.05919461690276121, 0.05832275648562866, 0.056271595357349324, 0.0547906498261042]",1.457167719820518e-16,2.0816681711721685e-16,"[0.06561667921573824, 0.06367008548044618, 0.06320472385601208, 0.06064518532320902, 0.05919461690276119, 0.05832275648562882, 0.0562715953573494, 0.054790649826104404]"
50,7,reversible,16,"[0.004305548591301045, 0.004053879785087281, 0.003994837117714731, 0.0036778385028863477, 0.0035040026702646727, 0.0034015439240819324, 0.003166492444061253, 0.003002015308366781]",2.3635607360183997e-17,4.9439619065339e-17,"[0.004305548591301094, 0.004053879785087325, 0.003994837117714743, 0.0036778385028863663, 0.003504002670264661, 0.003401543924081959, 0.003166492444061267, 0.0030020153083667946]"
50,7,metastable_reversible,2,"[0.9852473664116844, 0.042285291215888206, 0.042211798804394886, 0.03871060894961304, 0.0364858290441983, 0.029078065330432324, 0.02744396332595407, 0.025446758547964167]",7.979727989493313e-17,3.3306690738754696e-16,"[0.9852473664116848, 0.04228529121588821, 0.042211798804394865, 0.03871060894961299, 0.03648582904419824, 0.02907806533043225, 0.027443963325954022, 0.025446758547964122]"
50,7,metastable_reversible,4,"[0.9707123730211602, 0.0017880458532124838, 0.0017818359583026972, 0.0014985112452498533, 0.001331215721042477, 0.0008455338833608956, 0.0007531711230363214, 0.0006475375205983843]",6.411700597536152e-17,4.440892098500626e-16,"[0.9707123730211606, 0.001788045853212473, 0.0017818359583027115, 0.0014985112452498574, 0.0013312157210424599, 0.0008455338833608862, 0.0007531711230363093, 0.0006475375205983852]"
50,7,metastable_reversible,8,"[0.9422825111363721, 3.197107973185426e-06, 3.1749393822995026e-06, 2.2455359521387447e-06, 1.772135295949127e-06, 7.149275479012947e-07, 5.672667405796472e-07, 4.1930484060892175e-07]",1.171564290397476e-16,8.881784197001252e-16,"[0.942282511136373, 3.1971079731903205e-06, 3.1749393823005428e-06, 2.2455359521402783e-06, 1.7721352959505965e-06, 7.149275479113405e-07, 5.672667405757754e-07, 4.19304840582704e-07]"
50,7,metastable_reversible,16,"[0.8878963307934667, 1.0221509217814236e-11, 1.0080248306509727e-11, 5.042439480237252e-12, 3.1404165277647426e-12, 5.111584420012883e-13, 3.217976802970444e-13, 1.7578274633217257e-13]",2.8239917485159413e-16,2.1094237467877974e-15,"[0.8878963307934689, 1.0221499392237118e-11, 1.0080240081282952e-11, 5.042431712354547e-12, 3.1404635071539076e-12, 5.111213987625222e-13, 3.2179155496346407e-13, 1.7581654933608684e-13]"
50,7,directed_cycle_normal,2,"[0.9945585300304386, 0.9945585300304378, 0.978481395548591, 0.9784813955485906, 0.952496378015923, 0.9524963780159226, 0.9177704894228919, 0.9177704894228913]",3.469446951953614e-16,1.3322676295501878e-15,"[0.9945585300304399, 0.9945585300304373, 0.9784813955485915, 0.9784813955485908, 0.952496378015923, 0.9524963780159226, 0.9177704894228916, 0.9177704894228913]"
50,7,directed_cycle_normal,4,"[0.9891466696563073, 0.9891466696563059, 0.9574258414347186, 0.9574258414347181, 0.9072493501334505, 0.90724935013345, 0.8423026712555345, 0.8423026712555336]",9.992007221626409e-16,2.1094237467877974e-15,"[0.9891466696563094, 0.989146669656304, 0.9574258414347192, 0.957425841434718, 0.9072493501334521, 0.9072493501334512, 0.8423026712555342, 0.8423026712555334]"
50,7,directed_cycle_normal,8,"[0.978411134092164, 0.9784111340921603, 0.9166642418469805, 0.9166642418469764, 0.8231013833175681, 0.8231013833175679, 0.709473790004209, 0.7094737900042083]",1.8457457784393227e-15,3.9968028886505635e-15,"[0.978411134092168, 0.9784111340921575, 0.9166642418469801, 0.9166642418469776, 0.8231013833175711, 0.8231013833175695, 0.7094737900042084, 0.7094737900042071]"
50,7,directed_cycle_normal,16,"[0.9572883473155148, 0.9572883473155083, 0.8402733322808952, 0.8402733322808946, 0.677495887219297, 0.6774958872192949, 0.5033530587029361, 0.5033530587029357]",3.0253577421035516e-15,7.549516567451064e-15,"[0.9572883473155224, 0.9572883473155019, 0.8402733322808988, 0.8402733322808943, 0.6774958872192991, 0.6774958872192967, 0.5033530587029356, 0.5033530587029338]"
50,7,directed_nonnormal,2,"[0.13494052608562673, 0.1270129358735779, 0.1261736407702046, 0.11507707184933236, 0.10526268464712937, 0.10045874451690599, 0.09660429616735186, 0.09402992790810158]",0.015129750103836086,0.01845424542212358,"[0.15339356558066372, 0.14540071715281588, 0.13770692411975358, 0.12715417901801188, 0.12005352507714499, 0.11650173623568337, 0.11505854158947544, 0.10532863987537022]"
50,7,directed_nonnormal,4,"[0.014264397730409838, 0.013295082189067083, 0.01185537969774278, 0.010981973827116992, 0.009499290109213139, 0.008615334521269712, 0.007324225632561995, 0.006955570988376082]",0.006166146975835376,0.009265188231139542,"[0.02352958596154938, 0.021141368548553165, 0.01896319695052357, 0.016168185241744612, 0.014412848883448681, 0.013572654545928738, 0.01323846799269705, 0.011094122377995431]"
50,7,directed_nonnormal,8,"[0.00015261868822419392, 0.00010667572445049545, 9.234911098743443e-05, 7.351465083443012e-05, 5.7975589544348215e-05, 5.3420514601959285e-05, 4.545892643906128e-05, 4.2617288470976546e-05]",0.00021090814864529518,0.0004010227272977478,"[0.0005536414155219417, 0.00044695746410575296, 0.00035960283858434643, 0.0002614102140113683, 0.00020773021293712788, 0.00018421695142312007, 0.00017525703479366424, 0.00012307955133793899]"
50,7,directed_nonnormal,16,"[1.1959976580930565e-08, 1.0666201756222158e-08, 4.3071767697569254e-09, 3.630819997597415e-09, 3.0323441431195464e-09, 2.336363193340675e-09, 1.4636665621972115e-09, 1.2084871323753205e-09]",9.85356984791978e-08,2.9455884040020876e-07,"[3.0651881698113935e-07, 1.9977097471984545e-07, 1.2931420151791952e-07, 6.833529998946937e-08, 4.315184136690449e-08, 3.3935885191628175e-08, 3.071502824466764e-08, 1.514857595754836e-08]"
50,8,reversible,2,"[0.5040054777734755, 0.49756621875752743, 0.4908191068668113, 0.4877272263328332, 0.4845965200603103, 0.4817256321485095, 0.47875306907114923, 0.4776996736645378]",9.71445146547012e-17,2.220446049250313e-16,"[0.5040054777734757, 0.49756621875752755, 0.49081910686681135, 0.4877272263328334, 0.4845965200603104, 0.48172563214850944, 0.47875306907114923, 0.47769967366453786]"
50,8,reversible,4,"[0.2540215216256692, 0.24757214204866357, 0.2409033956655343, 0.23787784730631872, 0.23483378725456278, 0.23205958466888124, 0.2292045011450445, 0.22819697821920587]",1.3877787807814457e-16,2.7755575615628914e-16,"[0.2540215216256695, 0.24757214204866376, 0.2409033956655344, 0.2378778473063189, 0.2348337872545628, 0.23205958466888105, 0.22920450114504456, 0.22819697821920595]"
50,8,reversible,8,"[0.06452693344902029, 0.06129196551856363, 0.05803444604318499, 0.056585870239088204, 0.05514690763632122, 0.053851650836693576, 0.05253470334514872, 0.052073860868376703]",7.45931094670027e-17,1.8041124150158794e-16,"[0.06452693344902047, 0.061291965518563744, 0.05803444604318502, 0.05658587023908836, 0.05514690763632126, 0.05385165083669357, 0.05253470334514873, 0.05207386086837676]"
50,8,reversible,16,"[0.004163725140334302, 0.0037567050371287956, 0.0033679969275393386, 0.0032019607107149415, 0.0030411814218489694, 0.0029000002978371597, 0.0027598950555627606, 0.0027116869857390607]",1.1058862159352145e-17,2.1250362580715887e-17,"[0.004163725140334317, 0.0037567050371288073, 0.0033679969275393533, 0.003201960710714946, 0.003041181421848948, 0.0029000002978371592, 0.0027598950555627814, 0.0027116869857390603]"
50,8,metastable_reversible,2,"[0.9852914756521534, 0.048879112167235735, 0.042100365652120164, 0.03848362654976922, 0.03126362776151552, 0.029006188012947486, 0.025475881228192394, 0.02458979025046385]",6.808789643208968e-17,2.220446049250313e-16,"[0.9852914756521536, 0.04887911216723568, 0.04210036565212022, 0.03848362654976928, 0.03126362776151558, 0.02900618801294756, 0.025475881228192408, 0.024589790250463844]"
50,8,metastable_reversible,4,"[0.9707992919927979, 0.0023891676062572165, 0.0017724407880422167, 0.0014809895124221011, 0.0009774144208106114, 0.0008413589430424547, 0.0006490205243529295, 0.0006046577845618205]",6.606856988583543e-17,4.440892098500626e-16,"[0.9707992919927984, 0.002389167606257207, 0.0017724407880422238, 0.001480989512422107, 0.000977414420810608, 0.0008413589430424625, 0.0006490205243529664, 0.0006046577845618068]"
50,8,metastable_reversible,8,"[0.9424512653337179, 5.708121850787891e-06, 3.1415463471202435e-06, 2.1933299359074223e-06, 9.553389499916997e-07, 7.078848710190497e-07, 4.212276410182592e-07, 3.65611036435042e-07]",9.087453855110845e-17,6.661338147750939e-16,"[0.9424512653337186, 5.708121850788792e-06, 3.1415463471157394e-06, 2.1933299359042704e-06, 9.55338950008536e-07, 7.078848710375297e-07, 4.212276410313994e-07, 3.656110364311923e-07]"
50,8,metastable_reversible,16,"[0.8882143875291257, 3.2582655126512105e-11, 9.869295066088667e-12, 4.8106976900270085e-12, 9.126786781173565e-13, 5.010801915846031e-13, 1.7742071024357309e-13, 1.3365887341928712e-13]",2.0322277679277443e-16,1.5543122344752192e-15,"[0.8882143875291273, 3.258265506345246e-11, 9.869313451076244e-12, 4.8106962077338305e-12, 9.126725094034122e-13, 5.011009906438201e-13, 1.7743272556887748e-13, 1.3367142996029062e-13]"
50,8,directed_cycle_normal,2,"[0.9945585300304386, 0.9945585300304378, 0.978481395548591, 0.9784813955485906, 0.952496378015923, 0.9524963780159226, 0.9177704894228919, 0.9177704894228913]",3.469446951953614e-16,1.3322676295501878e-15,"[0.9945585300304399, 0.9945585300304373, 0.9784813955485915, 0.9784813955485908, 0.952496378015923, 0.9524963780159226, 0.9177704894228916, 0.9177704894228913]"
50,8,directed_cycle_normal,4,"[0.9891466696563073, 0.9891466696563059, 0.9574258414347186, 0.9574258414347181, 0.9072493501334505, 0.90724935013345, 0.8423026712555345, 0.8423026712555336]",9.992007221626409e-16,2.1094237467877974e-15,"[0.9891466696563094, 0.989146669656304, 0.9574258414347192, 0.957425841434718, 0.9072493501334521, 0.9072493501334512, 0.8423026712555342, 0.8423026712555334]"
50,8,directed_cycle_normal,8,"[0.978411134092164, 0.9784111340921603, 0.9166642418469805, 0.9166642418469764, 0.8231013833175681, 0.8231013833175679, 0.709473790004209, 0.7094737900042083]",1.8457457784393227e-15,3.9968028886505635e-15,"[0.978411134092168, 0.9784111340921575, 0.9166642418469801, 0.9166642418469776, 0.8231013833175711, 0.8231013833175695, 0.7094737900042084, 0.7094737900042071]"
50,8,directed_cycle_normal,16,"[0.9572883473155148, 0.9572883473155083, 0.8402733322808952, 0.8402733322808946, 0.677495887219297, 0.6774958872192949, 0.5033530587029361, 0.5033530587029357]",3.0253577421035516e-15,7.549516567451064e-15,"[0.9572883473155224, 0.9572883473155019, 0.8402733322808988, 0.8402733322808943, 0.6774958872192991, 0.6774958872192967, 0.5033530587029356, 0.5033530587029338]"
50,8,directed_nonnormal,2,"[0.15342810690603076, 0.12406731623192933, 0.1159949396024306, 0.11282926093760402, 0.10896238940324134, 0.09962494886969982, 0.09792659284063628, 0.092452259201168]",0.015419624636432467,0.01760618839191784,"[0.16660543693594917, 0.13961017134252016, 0.13288598919453184, 0.1284332754928326, 0.12229124049962803, 0.11723113726161766, 0.11317212161152042, 0.1084134387456]"
50,8,directed_nonnormal,4,"[0.02001294650107595, 0.013001123890951883, 0.011685276243940062, 0.010510393924073536, 0.009541388166563206, 0.008421225874359055, 0.007373822432154278, 0.006809758033932177]",0.005913239840896516,0.007744425115542585,"[0.027757371616618533, 0.01949099994228784, 0.017658686124209236, 0.01649510625381783, 0.014955147502937863, 0.01374313954365224, 0.012807929110052768, 0.011753473700645964]"
50,8,directed_nonnormal,8,"[0.00026310736442712357, 0.00015074555568506026, 0.00011202473932359907, 9.252292591767793e-05, 6.864403858751054e-05, 5.5756869728247354e-05, 4.7201853969323916e-05, 3.727831813295037e-05]",0.00020271554143384395,0.0005073643146359366,"[0.0007704716790630601, 0.0003798990787502645, 0.0003118291956333399, 0.0002720885303247401, 0.00022365643683462858, 0.00018887388451629784, 0.0001640430480881371, 0.00013814414403177632]"
50,8,directed_nonnormal,16,"[3.028899023272008e-08, 2.2716109749358926e-08, 6.785135293803251e-09, 6.1370237761746746e-09, 3.2988755870846595e-09, 3.0464168422701495e-09, 1.5027778708408583e-09, 1.2727832066524102e-09]",1.2073261168055195e-07,5.633376180055311e-07,"[5.936266082382512e-07, 1.4432331003529968e-07, 9.723744724933575e-08, 7.4032168334277e-08, 5.002220173756221e-08, 3.567334425227582e-08, 2.691012162604686e-08, 1.908380453027216e-08]"
50,9,reversible,2,"[0.4990729322728023, 0.4923950452903031, 0.4894876116098275, 0.48660195344765206, 0.4836396990149979, 0.4820208701351165, 0.4772710578656485, 0.47689923333812173]",6.245004513516506e-17,1.1102230246251565e-16,"[0.49907293227280236, 0.4923950452903031, 0.4894876116098275, 0.48660195344765195, 0.4836396990149978, 0.4820208701351166, 0.4772710578656486, 0.4768992333381217]"
50,9,reversible,4,"[0.2490737917273732, 0.24245288062643947, 0.23959812191949348, 0.23678146109907094, 0.23390735846331775, 0.23234411924581488, 0.22778766267619513, 0.22743287875848822]",8.326672684688674e-17,1.6653345369377348e-16,"[0.2490737917273732, 0.24245288062643963, 0.2395981219194933, 0.23678146109907083, 0.2339073584633177, 0.23234411924581488, 0.22778766267619527, 0.2274328787584882]"
50,9,reversible,8,"[0.06203775372545086, 0.05878339932405855, 0.0574072600273484, 0.05606546032021086, 0.05471265234328701, 0.05398378974811345, 0.05188721926748405, 0.0517257143403732]",3.0357660829594124e-17,8.326672684688674e-17,"[0.06203775372545088, 0.058783399324058586, 0.05740726002734838, 0.0560654603202108, 0.054712652343287, 0.05398378974811345, 0.05188721926748413, 0.051725714340373194]"
50,9,reversible,16,"[0.0038486828872997024, 0.003455488036091708, 0.0032955935038476167, 0.003143335840917131, 0.0029934743264374143, 0.0029142495555685407, 0.0026922835233119747, 0.002675549524021897]",1.4257258568184383e-17,2.6020852139652106e-17,"[0.0038486828872996946, 0.003455488036091731, 0.0032955935038475916, 0.0031433358409171316, 0.0029934743264373883, 0.002914249555568519, 0.002692283523311976, 0.002675549524021889]"
50,9,metastable_reversible,2,"[0.9851258414247513, 0.05439410068028044, 0.041615439075653786, 0.03857746188790737, 0.03820182279508215, 0.0315036637867611, 0.03138873537408538, 0.030875013833930567]",5.0306980803327406e-17,1.1102230246251565e-16,"[0.9851258414247515, 0.05439410068028034, 0.04161543907565382, 0.03857746188790738, 0.03820182279508205, 0.031503663786761095, 0.03138873537408537, 0.0308750138339306]"
50,9,metastable_reversible,4,"[0.9704729234428242, 0.0029587181888164997, 0.001731844769459441, 0.0014882205657129432, 0.0014593792648668609, 0.0009924808319892544, 0.0009852527083843588, 0.0009532664792453935]",5.34376145763793e-17,3.3306690738754696e-16,"[0.9704729234428245, 0.002958718188816474, 0.001731844769459455, 0.0014882205657129463, 0.0014593792648668505, 0.0009924808319892824, 0.000985252708384358, 0.000953266479245406]"
50,9,metastable_reversible,8,"[0.9418176951356619, 8.754013320814901e-06, 2.999286305519715e-06, 2.2148004522330047e-06, 2.129787838724909e-06, 9.850182019262586e-07, 9.707228993831082e-07, 9.087169804411979e-07]",5.839233380134333e-17,3.3306690738754696e-16,"[0.9418176951356623, 8.754013320833438e-06, 2.999286305504073e-06, 2.2148004522109615e-06, 2.129787838723309e-06, 9.850182018661381e-07, 9.707228993787125e-07, 9.087169804529321e-07]"
50,9,metastable_reversible,16,"[0.8870205708706508, 7.663275639542862e-11, 8.995726455469284e-12, 4.905354100466992e-12, 4.535978236077519e-12, 9.702632109084803e-13, 9.423034083978646e-13, 8.25767918122702e-13]",7.570492821366543e-17,5.551115123125783e-16,"[0.8870205708706513, 7.663274922132927e-11, 8.995718342384272e-12, 4.90534104311388e-12, 4.535996237973704e-12, 9.702608580076001e-13, 9.423029473782141e-13, 8.257665505634944e-13]"
50,9,directed_cycle_normal,2,"[0.9945585300304386, 0.9945585300304378, 0.978481395548591, 0.9784813955485906, 0.952496378015923, 0.9524963780159226, 0.9177704894228919, 0.9177704894228913]",3.469446951953614e-16,1.3322676295501878e-15,"[0.9945585300304399, 0.9945585300304373, 0.9784813955485915, 0.9784813955485908, 0.952496378015923, 0.9524963780159226, 0.9177704894228916, 0.9177704894228913]"
50,9,directed_cycle_normal,4,"[0.9891466696563073, 0.9891466696563059, 0.9574258414347186, 0.9574258414347181, 0.9072493501334505, 0.90724935013345, 0.8423026712555345, 0.8423026712555336]",9.992007221626409e-16,2.1094237467877974e-15,"[0.9891466696563094, 0.989146669656304, 0.9574258414347192, 0.957425841434718, 0.9072493501334521, 0.9072493501334512, 0.8423026712555342, 0.8423026712555334]"
50,9,directed_cycle_normal,8,"[0.978411134092164, 0.9784111340921603, 0.9166642418469805, 0.9166642418469764, 0.8231013833175681, 0.8231013833175679, 0.709473790004209, 0.7094737900042083]",1.8457457784393227e-15,3.9968028886505635e-15,"[0.978411134092168, 0.9784111340921575, 0.9166642418469801, 0.9166642418469776, 0.8231013833175711, 0.8231013833175695, 0.7094737900042084, 0.7094737900042071]"
50,9,directed_cycle_normal,16,"[0.9572883473155148, 0.9572883473155083, 0.8402733322808952, 0.8402733322808946, 0.677495887219297, 0.6774958872192949, 0.5033530587029361, 0.5033530587029357]",3.0253577421035516e-15,7.549516567451064e-15,"[0.9572883473155224, 0.9572883473155019, 0.8402733322808988, 0.8402733322808943, 0.6774958872192991, 0.6774958872192967, 0.5033530587029356, 0.5033530587029338]"
50,9,directed_nonnormal,2,"[0.1437952569648736, 0.13047898684067408, 0.12446869118733468, 0.1136830303458816, 0.11006249612801308, 0.10208843732138946, 0.10040037386784406, 0.09713657397392549]",0.01514859765712658,0.02170987300890065,"[0.15554069624728978, 0.14277201238011736, 0.13864753521375092, 0.1341118337582369, 0.1244198714313828, 0.12379831033029011, 0.1142659989468885, 0.10974636957899232]"
50,9,directed_nonnormal,4,"[0.018624635105670743, 0.01536373383284996, 0.01164735621903414, 0.010738618703434028, 0.010055280810029373, 0.008740926260106543, 0.00816435586820445, 0.007542332980379248]",0.0058519936377540716,0.007575782801814158,"[0.02419290818909166, 0.020383847519068386, 0.0192231390208483, 0.01798598395399697, 0.015480304407001828, 0.015326021640634815, 0.013056718515330327, 0.012044265635768771]"
50,9,directed_nonnormal,8,"[0.00027352820890451623, 0.0002064483155699943, 9.427777979216777e-05, 7.552432954138323e-05, 6.56926773417399e-05, 5.8816427652138725e-05, 5.1205349666719416e-05, 4.6047241888882244e-05]",0.00020154392569167264,0.0003117685977413022,"[0.0005852968066458184, 0.00041550123968063036, 0.0003695290738148605, 0.00032349561879343645, 0.00023963982453344024, 0.00023488693932920666, 0.00017047789838856977, 0.00014506433470496053]"
50,9,directed_nonnormal,16,"[4.7489435414943526e-08, 3.454201141351614e-08, 6.689892712115804e-09, 4.667177022255719e-09, 2.6847051748843552e-09, 2.2797701164967946e-09, 1.883303748909426e-09, 1.606822338409757e-09]",1.021596450862069e-07,2.9508291645484897e-07,"[3.425723518697925e-07, 1.726412801761406e-07, 1.365517363944686e-07, 1.0464941537854835e-07, 5.742724550241802e-08, 5.517187426744241e-08, 2.906271383898352e-08, 2.1043661203392818e-08]"
50,10,reversible,2,"[0.5004015691457907, 0.4990689976199968, 0.4952744130925967, 0.49443042982643604, 0.4858037311636403, 0.48422455022370914, 0.483115689064885, 0.48168176677496166]",1.734723475976807e-16,5.551115123125783e-16,"[0.5004015691457906, 0.49906899761999673, 0.4952744130925968, 0.49443042982643637, 0.48580373116364034, 0.48422455022370925, 0.48311568906488556, 0.4816817667749616]"
50,10,reversible,4,"[0.25040173040356933, 0.24906986438542825, 0.245296744264216, 0.24446144993835445, 0.23600526521251455, 0.2344734150393535, 0.23340076902063878, 0.23201732444344852]",1.214306433183765e-16,3.885780586188048e-16,"[0.25040173040356944, 0.24906986438542833, 0.2452967442642162, 0.2444614499383546, 0.23600526521251453, 0.2344734150393535, 0.23340076902063916, 0.23201732444344852]"
50,10,reversible,8,"[0.06270102658910184, 0.062035797344975635, 0.060170492746624185, 0.05976140050596254, 0.05569848520802929, 0.05497778236021687, 0.05447591897942559, 0.05383203884189646]",6.418476861114186e-17,1.6653345369377348e-16,"[0.06270102658910187, 0.06203579734497566, 0.060170492746624275, 0.05976140050596266, 0.055698485208029315, 0.05497778236021693, 0.054475918979425754, 0.05383203884189646]"
50,10,reversible,16,"[0.0039314187353272495, 0.0038484401522268863, 0.003620488197371546, 0.003571424990434024, 0.003102321254469029, 0.003022556553247376, 0.0029676257486529346, 0.002897888405875424]",2.076247160309741e-17,4.9873299934333204e-17,"[0.00393141873532726, 0.0038484401522268894, 0.0036204881973715647, 0.003571424990434074, 0.0031023212544690603, 0.0030225565532473794, 0.002967625748652959, 0.002897888405875449]"
50,10,metastable_reversible,2,"[0.9855948201837922, 0.04547448760448431, 0.03944648714052191, 0.03848953262505285, 0.03824836895674156, 0.03170604267477131, 0.031247973052933642, 0.028040284986402136]",7.37257477290143e-17,3.3306690738754696e-16,"[0.9855948201837925, 0.04547448760448426, 0.03944648714052184, 0.03848953262505285, 0.03824836895674157, 0.03170604267477134, 0.031247973052933715, 0.02804028498640216]"
50,10,metastable_reversible,4,"[0.971397149573122, 0.0020679290228903893, 0.0015560253477273727, 0.0014814441216950158, 0.0014629377278510406, 0.0010052731420944288, 0.0009764358199168538, 0.0007862575821186657]",3.75811578037788e-17,2.220446049250313e-16,"[0.9713971495731222, 0.0020679290228903927, 0.0015560253477273547, 0.0014814441216950075, 0.0014629377278510321, 0.0010052731420944214, 0.0009764358199168716, 0.0007862575821186504]"
50,10,metastable_reversible,8,"[0.9436124221987865, 4.276330443715939e-06, 2.4212148827779292e-06, 2.194676685700534e-06, 2.140186795565341e-06, 1.0105740902204195e-06, 9.534269104139305e-07, 6.182009854443537e-07]",4.567019010115936e-17,3.3306690738754696e-16,"[0.9436124221987868, 4.276330443712415e-06, 2.421214882770035e-06, 2.194676685704692e-06, 2.1401867955699404e-06, 1.0105740902163906e-06, 9.534269104167333e-07, 6.182009854390662e-07]"
50,10,metastable_reversible,16,"[0.8904044033278602, 1.828701014391627e-11, 5.862262965233861e-12, 4.816608733849894e-12, 4.580379233335237e-12, 1.0212596191755834e-12, 9.090158615703065e-13, 3.821660719732414e-13]",1.606131760034061e-16,1.2212453270876722e-15,"[0.8904044033278614, 1.8287002063821625e-11, 5.8622815085471135e-12, 4.816605754775732e-12, 4.5803995199319305e-12, 1.0212599918166857e-12, 9.090228735067975e-13, 3.8217245839783265e-13]"
50,10,directed_cycle_normal,2,"[0.9945585300304386, 0.9945585300304378, 0.978481395548591, 0.9784813955485906, 0.952496378015923, 0.9524963780159226, 0.9177704894228919, 0.9177704894228913]",3.469446951953614e-16,1.3322676295501878e-15,"[0.9945585300304399, 0.9945585300304373, 0.9784813955485915, 0.9784813955485908, 0.952496378015923, 0.9524963780159226, 0.9177704894228916, 0.9177704894228913]"
50,10,directed_cycle_normal,4,"[0.9891466696563073, 0.9891466696563059, 0.9574258414347186, 0.9574258414347181, 0.9072493501334505, 0.90724935013345, 0.8423026712555345, 0.8423026712555336]",9.992007221626409e-16,2.1094237467877974e-15,"[0.9891466696563094, 0.989146669656304, 0.9574258414347192, 0.957425841434718, 0.9072493501334521, 0.9072493501334512, 0.8423026712555342, 0.8423026712555334]"
50,10,directed_cycle_normal,8,"[0.978411134092164, 0.9784111340921603, 0.9166642418469805, 0.9166642418469764, 0.8231013833175681, 0.8231013833175679, 0.709473790004209, 0.7094737900042083]",1.8457457784393227e-15,3.9968028886505635e-15,"[0.978411134092168, 0.9784111340921575, 0.9166642418469801, 0.9166642418469776, 0.8231013833175711, 0.8231013833175695, 0.7094737900042084, 0.7094737900042071]"
50,10,directed_cycle_normal,16,"[0.9572883473155148, 0.9572883473155083, 0.8402733322808952, 0.8402733322808946, 0.677495887219297, 0.6774958872192949, 0.5033530587029361, 0.5033530587029357]",3.0253577421035516e-15,7.549516567451064e-15,"[0.9572883473155224, 0.9572883473155019, 0.8402733322808988, 0.8402733322808943, 0.6774958872192991, 0.6774958872192967, 0.5033530587029356, 0.5033530587029338]"
50,10,directed_nonnormal,2,"[0.13779915678787713, 0.12556203498327723, 0.11427061446322612, 0.1087838689042171, 0.1007391186342689, 0.09910990621078043, 0.09573671097775797, 0.09336052295044092]",0.01466231768345881,0.020821816980517105,"[0.15862097376839424, 0.14163232254217334, 0.12755814771353058, 0.12161661639699421, 0.11867416058590463, 0.11153330558621667, 0.10840140672217972, 0.10462354206412289]"
50,10,directed_nonnormal,4,"[0.01529211636701447, 0.012288517350034354, 0.010853190586547483, 0.009341406528396065, 0.009017166131839576, 0.008171810927750243, 0.007588485106511793, 0.007229231990847782]",0.005715033841261348,0.00986849695221914,"[0.02516061331923361, 0.02005971478869022, 0.016271081048106886, 0.014790601383853642, 0.014083556390769079, 0.01243967825498839, 0.011750864979347433, 0.010946085554043293]"
50,10,directed_nonnormal,8,"[0.00014354761675793937, 0.00010698257609216028, 8.77728718090064e-05, 7.794314182747042e-05, 6.438613167175145e-05, 5.6025809283149e-05, 5.2195513877510474e-05, 4.003886526184729e-05]",0.0001876322292014709,0.0004895088458420564,"[0.0006330564625999957, 0.0004023921574035971, 0.00026474807847406306, 0.00021876188929605326, 0.00019834656061197258, 0.00015474559508763102, 0.00013808282776285393, 0.00011981678895643525]"
50,10,directed_nonnormal,16,"[8.96040296093316e-09, 7.406043091842384e-09, 5.418325447548413e-09, 4.4210252026670165e-09, 2.7381664547866903e-09, 2.637951217135649e-09, 1.7281878256239408e-09, 1.3423136113035265e-09]",9.283578927202856e-08,3.918000818786866e-07,"[4.0076048483961977e-07, 1.6191944833992125e-07, 7.009154505570865e-08, 4.785676420837866e-08, 3.9341358106598914e-08, 2.3946199199025057e-08, 1.9066867322985983e-08, 1.4356062915830946e-08]"
50,11,reversible,2,"[0.5150199748008462, 0.5137050416690618, 0.4996720916053119, 0.49549292532462585, 0.49386900492937114, 0.49128859734224645, 0.4876579558902604, 0.48494967122658206]",1.1796119636642288e-16,3.3306690738754696e-16,"[0.5150199748008462, 0.5137050416690617, 0.49967209160531195, 0.4954929253246259, 0.49386900492937125, 0.4912885973422468, 0.4876579558902605, 0.4849496712265822]"
50,11,reversible,4,"[0.2652455744438642, 0.2638928698362127, 0.24967219912922736, 0.24551323904675523, 0.24390659402992726, 0.24136448587851211, 0.2378102819430673, 0.23517618362277024]",9.71445146547012e-17,2.220446049250313e-16,"[0.26524557444386415, 0.26389286983621246, 0.24967219912922725, 0.2455132390467553, 0.24390659402992731, 0.2413644858785123, 0.23781028194306728, 0.23517618362277018]"
50,11,reversible,8,"[0.07035521476205546, 0.0696394467503923, 0.062336207018024545, 0.06027675054722918, 0.05949042661127972, 0.05825681504339847, 0.056553730197841136, 0.05530783734337092]",4.85722573273506e-17,1.249000902703301e-16,"[0.07035521476205549, 0.06963944675039217, 0.0623362070180245, 0.0602767505472292, 0.05949042661127978, 0.058256815043398566, 0.05655373019784115, 0.05530783734337092]"
50,11,reversible,16,"[0.004949856244214936, 0.004849652543700726, 0.0038858027053940256, 0.0036332866565328987, 0.003539110858392059, 0.0033938564990007264, 0.003198324399290216, 0.003058956871600783]",1.214306433183765e-17,2.2551405187698492e-17,"[0.00494985624421495, 0.004849652543700707, 0.0038858027053940074, 0.003633286656532896, 0.0035391108583920656, 0.003393856499000749, 0.0031983243992902105, 0.0030589568716007745]"
50,11,metastable_reversible,2,"[0.9849786794525851, 0.05055347984483035, 0.04460543287632835, 0.04179395246216763, 0.03804216684280021, 0.032353547360074744, 0.032219422086556086, 0.030327609442730597]",4.163336342344337e-17,1.1102230246251565e-16,"[0.9849786794525852, 0.05055347984483036, 0.044605432876328295, 0.0417939524621677, 0.03804216684280016, 0.032353547360074786, 0.032219422086556086, 0.030327609442730597]"
50,11,metastable_reversible,4,"[0.9701829989761582, 0.002555654324421666, 0.001989644642084635, 0.0017467344624099458, 0.0014472064580954745, 0.0010467520267806085, 0.001038091159591665, 0.0009197638945108294]",6.709856194969666e-17,4.440892098500626e-16,"[0.9701829989761587, 0.002555654324421669, 0.001989644642084629, 0.0017467344624099337, 0.0014472064580954437, 0.001046752026780602, 0.0010380911595916583, 0.000919763894510802]"
50,11,metastable_reversible,8,"[0.9412550515023723, 6.531369025943263e-06, 3.958685801767361e-06, 3.0510812821660066e-06, 2.094406532348413e-06, 1.0956898055610316e-06, 1.0776332556634679e-06, 8.459656216897927e-07]",9.821082325617595e-17,6.661338147750939e-16,"[0.941255051502373, 6.5313690259351765e-06, 3.958685801776072e-06, 3.05108128217052e-06, 2.094406532353159e-06, 1.095689805569298e-06, 1.0776332556223537e-06, 8.459656216456777e-07]"
50,11,metastable_reversible,16,"[0.885961071978734, 4.265878618894645e-11, 1.5671196696469114e-11, 9.309093551968662e-12, 4.386540903149169e-12, 1.2005253643670705e-12, 1.1612892455019921e-12, 7.156667775978387e-13]",1.2962415140139085e-16,9.992007221626409e-16,"[0.885961071978735, 4.2658781352945416e-11, 1.5671193277183463e-11, 9.309096990411303e-12, 4.386538722763585e-12, 1.200536150028486e-12, 1.1612934336232332e-12, 7.156578330063579e-13]"
50,11,directed_cycle_normal,2,"[0.9945585300304386, 0.9945585300304378, 0.978481395548591, 0.9784813955485906, 0.952496378015923, 0.9524963780159226, 0.9177704894228919, 0.9177704894228913]",3.469446951953614e-16,1.3322676295501878e-15,"[0.9945585300304399, 0.9945585300304373, 0.9784813955485915, 0.9784813955485908, 0.952496378015923, 0.9524963780159226, 0.9177704894228916, 0.9177704894228913]"
50,11,directed_cycle_normal,4,"[0.9891466696563073, 0.9891466696563059, 0.9574258414347186, 0.9574258414347181, 0.9072493501334505, 0.90724935013345, 0.8423026712555345, 0.8423026712555336]",9.992007221626409e-16,2.1094237467877974e-15,"[0.9891466696563094, 0.989146669656304, 0.9574258414347192, 0.957425841434718, 0.9072493501334521, 0.9072493501334512, 0.8423026712555342, 0.8423026712555334]"
50,11,directed_cycle_normal,8,"[0.978411134092164, 0.9784111340921603, 0.9166642418469805, 0.9166642418469764, 0.8231013833175681, 0.8231013833175679, 0.709473790004209, 0.7094737900042083]",1.8457457784393227e-15,3.9968028886505635e-15,"[0.978411134092168, 0.9784111340921575, 0.9166642418469801, 0.9166642418469776, 0.8231013833175711, 0.8231013833175695, 0.7094737900042084, 0.7094737900042071]"
50,11,directed_cycle_normal,16,"[0.9572883473155148, 0.9572883473155083, 0.8402733322808952, 0.8402733322808946, 0.677495887219297, 0.6774958872192949, 0.5033530587029361, 0.5033530587029357]",3.0253577421035516e-15,7.549516567451064e-15,"[0.9572883473155224, 0.9572883473155019, 0.8402733322808988, 0.8402733322808943, 0.6774958872192991, 0.6774958872192967, 0.5033530587029356, 0.5033530587029338]"
50,11,directed_nonnormal,2,"[0.127941600412149, 0.11954936939567333, 0.11204357824724408, 0.10989037181361579, 0.10671954102760586, 0.10333392922833, 0.09970946807400029, 0.09795892097391008]",0.016343331272629165,0.02433327260807619,"[0.1522748730202252, 0.13695454874497578, 0.1290441764569832, 0.12562619550812384, 0.11937943241288253, 0.11777303484820648, 0.11444794497771549, 0.11239322338444921]"
50,11,directed_nonnormal,4,"[0.013115001367337545, 0.01142979090452526, 0.010545509713436372, 0.00975441201852146, 0.009369643289480015, 0.008892265826995833, 0.008161968520948904, 0.007413718887354649]",0.006193590089364966,0.010072635585988162,"[0.023187636953325708, 0.018756548421939946, 0.01665239947746102, 0.015781940997845356, 0.014251448883221988, 0.013870487737356857, 0.013098332109622192, 0.012632236662746701]"
50,11,directed_nonnormal,8,"[0.00011938639334712795, 0.0001066535984100823, 8.598743197684893e-05, 7.267671935326009e-05, 6.216771684757021e-05, 5.555568935152278e-05, 4.795010666771237e-05, 4.758993794140519e-05]",0.00019306412810069472,0.0004182801141321079,"[0.0005376665074792358, 0.0003518081087045779, 0.00027730240835694407, 0.00024906966165947215, 0.00020310379527108924, 0.00019239043007216695, 0.00017156630405395972, 0.00015957340310364192]"
50,11,directed_nonnormal,16,"[9.443327814749642e-09, 7.757181649232557e-09, 6.03732783094448e-09, 4.473717035396519e-09, 2.255236395847873e-09, 1.7753317979397457e-09, 1.553214755758358e-09, 1.3785037521470204e-09]",8.128457456557594e-08,2.796419454501696e-07,"[2.890852732649192e-07, 1.237689453502921e-07, 7.689662568056135e-08, 6.203569635916392e-08, 4.1251151653520536e-08, 3.7014077583353355e-08, 2.9434996686735758e-08, 2.54636709780774e-08]"
50,12,reversible,2,"[0.5033168788910747, 0.5005641409350119, 0.4973145545841971, 0.49494782960849865, 0.48951351285391775, 0.4866181612882044, 0.4825266500511598, 0.4814099648989047]",1.6653345369377348e-16,4.440892098500626e-16,"[0.5033168788910746, 0.5005641409350114, 0.497314554584197, 0.4949478296084982, 0.48951351285391786, 0.48661816128820434, 0.4825266500511598, 0.48140996489890464]"
50,12,reversible,4,"[0.2533278805766527, 0.2505644591900062, 0.2473217662012783, 0.2449733540341634, 0.23962347926658256, 0.23679723489551285, 0.23283196800959452, 0.23175555430396463]",1.249000902703301e-16,4.163336342344337e-16,"[0.2533278805766527, 0.25056445919000603, 0.24732176620127824, 0.24497335403416298, 0.23962347926658278, 0.23679723489551285, 0.2328319680095944, 0.2317555543039646]"
50,12,reversible,8,"[0.06417501507745883, 0.06278254820918026, 0.06116805603691979, 0.06001194418674754, 0.05741941181582234, 0.056072930454160626, 0.05421072532722082, 0.05371063695073787]",6.852157730108388e-17,1.8735013540549517e-16,"[0.06417501507745879, 0.0627825482091802, 0.061168056036919737, 0.06001194418674735, 0.057419411815822434, 0.05607293045416069, 0.0542107253272208, 0.05371063695073788]"
50,12,reversible,16,"[0.004118432560192057, 0.003941648359638061, 0.0037415310793357443, 0.0036014334450733027, 0.0032969888532749817, 0.0031441735297171405, 0.002938802740503389, 0.0028848325216539795]",1.3986208025063007e-17,2.688821387764051e-17,"[0.004118432560192063, 0.003941648359638035, 0.003741531079335753, 0.0036014334450732797, 0.0032969888532750086, 0.0031441735297171414, 0.0029388027405033786, 0.0028848325216539695]"
50,12,metastable_reversible,2,"[0.985012930818487, 0.043602163751380145, 0.043292293624873024, 0.03826192875686544, 0.03706940250357271, 0.03620700550738422, 0.029829181107824315, 0.029445637089432878]",5.204170427930421e-17,2.220446049250313e-16,"[0.9850129308184872, 0.04360216375138016, 0.04329229362487307, 0.03826192875686549, 0.03706940250357274, 0.03620700550738423, 0.029829181107824298, 0.029445637089432902]"
50,12,metastable_reversible,4,"[0.9702504738796252, 0.0019011486838021578, 0.0018742226873022572, 0.0014639751921954208, 0.0013741406019718869, 0.0013109472478117549, 0.000889780045563376, 0.0008670455436025851]",9.386480308293255e-17,6.661338147750939e-16,"[0.9702504738796258, 0.00190114868380217, 0.0018742226873022258, 0.00146397519219545, 0.0013741406019718851, 0.001310947247811752, 0.000889780045563382, 0.0008670455436025865]"
50,12,metastable_reversible,8,"[0.941385982063637, 3.61436631791632e-06, 3.5127106815807228e-06, 2.143223363359197e-06, 1.888262393997762e-06, 1.7185826865422477e-06, 7.917085294858956e-07, 7.517679746857277e-07]",1.8658345147422182e-16,1.4432899320127035e-15,"[0.9413859820636384, 3.6143663179227236e-06, 3.512710681598377e-06, 2.143223363363705e-06, 1.8882623939876547e-06, 1.7185826865452072e-06, 7.91708529482774e-07, 7.517679746811047e-07]"
50,12,metastable_reversible,16,"[0.8862075672259183, 1.306363948151328e-11, 1.233912242950846e-11, 4.593413436559858e-12, 3.5655258484621526e-12, 2.953527343592784e-12, 6.26799108217401e-13, 5.6516712101902e-13]",3.393902707161336e-16,2.6645352591003757e-15,"[0.886207567225921, 1.3063643880134265e-11, 1.2339136332615334e-11, 4.593406385268033e-12, 3.5655348685479884e-12, 2.9535264504929417e-12, 6.268023956557766e-13, 5.651550877561302e-13]"
50,12,directed_cycle_normal,2,"[0.9945585300304386, 0.9945585300304378, 0.978481395548591, 0.9784813955485906, 0.952496378015923, 0.9524963780159226, 0.9177704894228919, 0.9177704894228913]",3.469446951953614e-16,1.3322676295501878e-15,"[0.9945585300304399, 0.9945585300304373, 0.9784813955485915, 0.9784813955485908, 0.952496378015923, 0.9524963780159226, 0.9177704894228916, 0.9177704894228913]"
50,12,directed_cycle_normal,4,"[0.9891466696563073, 0.9891466696563059, 0.9574258414347186, 0.9574258414347181, 0.9072493501334505, 0.90724935013345, 0.8423026712555345, 0.8423026712555336]",9.992007221626409e-16,2.1094237467877974e-15,"[0.9891466696563094, 0.989146669656304, 0.9574258414347192, 0.957425841434718, 0.9072493501334521, 0.9072493501334512, 0.8423026712555342, 0.8423026712555334]"
50,12,directed_cycle_normal,8,"[0.978411134092164, 0.9784111340921603, 0.9166642418469805, 0.9166642418469764, 0.8231013833175681, 0.8231013833175679, 0.709473790004209, 0.7094737900042083]",1.8457457784393227e-15,3.9968028886505635e-15,"[0.978411134092168, 0.9784111340921575, 0.9166642418469801, 0.9166642418469776, 0.8231013833175711, 0.8231013833175695, 0.7094737900042084, 0.7094737900042071]"
50,12,directed_cycle_normal,16,"[0.9572883473155148, 0.9572883473155083, 0.8402733322808952, 0.8402733322808946, 0.677495887219297, 0.6774958872192949, 0.5033530587029361, 0.5033530587029357]",3.0253577421035516e-15,7.549516567451064e-15,"[0.9572883473155224, 0.9572883473155019, 0.8402733322808988, 0.8402733322808943, 0.6774958872192991, 0.6774958872192967, 0.5033530587029356, 0.5033530587029338]"
50,12,directed_nonnormal,2,"[0.14244799480729187, 0.12577961397559903, 0.12113476305815518, 0.11773011090563232, 0.11420456622559433, 0.10302107382750667, 0.0978006499562159, 0.09665779198200494]",0.015017646804121439,0.02014619689815353,"[0.15104045217926865, 0.14287972344811117, 0.1412809599563087, 0.1354028872959971, 0.1324267525768688, 0.11762047657174243, 0.11087460794989475, 0.10739187919278013]"
50,12,directed_nonnormal,4,"[0.018592394793035198, 0.012252869104364437, 0.01182856758598001, 0.010905176722268187, 0.00998993520192375, 0.008743748731186794, 0.008182123213611435, 0.007837688187205642]",0.0060483996591798005,0.008161746268244296,"[0.022813218194517943, 0.020414615372608733, 0.019960309646176105, 0.018333941888092488, 0.017536844798055232, 0.01383457650896381, 0.012293178688042862, 0.011533015716556681]"
50,12,directed_nonnormal,8,"[0.0002470165412076827, 0.00011242045792529405, 0.00010419351026949809, 8.355386495586455e-05, 7.011730562525294e-05, 6.666645349948618e-05, 5.914353406324428e-05, 5.386530343769106e-05]",0.00020722987337166892,0.0003043360628862588,"[0.0005204429243906845, 0.00041675652081155285, 0.00039841396117123085, 0.00033613342515595234, 0.0003075409254710768, 0.00019139550718237327, 0.00015112224225615124, 0.00013301045151834341]"
50,12,directed_nonnormal,16,"[2.4038994658632444e-08, 1.995807781669276e-08, 7.85127667660059e-09, 6.997783944104539e-09, 3.978015792243496e-09, 3.6965554036508283e-09, 1.631948360351354e-09, 1.5419010929879907e-09]",1.0228937734151027e-07,2.468218428896953e-07,"[2.7086083754832773e-07, 1.7368599763895028e-07, 1.5873368445615105e-07, 1.1298567950707223e-07, 9.458142083960643e-08, 3.663224016959789e-08, 2.2837932104526864e-08, 1.7691780213113585e-08]"
50,13,reversible,2,"[0.5014483010179994, 0.4990311881449708, 0.4964142519639734, 0.49463462887602494, 0.4924901890892456, 0.48982581159252414, 0.4849780104845261, 0.4821607524488346]",1.734723475976807e-16,4.440892098500626e-16,"[0.5014483010179992, 0.4990311881449708, 0.49641425196397354, 0.4946346288760249, 0.4924901890892457, 0.48982581159252403, 0.48497801048452654, 0.48216075244883433]"
50,13,reversible,4,"[0.25145039859383805, 0.24903212674138117, 0.2464271095529512, 0.24466341608332298, 0.24254658634916101, 0.23992932570227493, 0.23520367065352918, 0.23247899120202642]",1.700029006457271e-16,3.885780586188048e-16,"[0.25145039859383794, 0.24903212674138125, 0.2464271095529514, 0.24466341608332287, 0.24254658634916096, 0.23992932570227485, 0.23520367065352957, 0.23247899120202611]"
50,13,reversible,8,"[0.06322730295300003, 0.062017000149335345, 0.060726320322622165, 0.05986018716956117, 0.05882884654963099, 0.057566081331948314, 0.05532076668889377, 0.05404648135031186]",8.153200337090993e-17,2.3592239273284576e-16,"[0.06322730295299997, 0.06201700014933537, 0.060726320322622325, 0.05986018716956117, 0.058828846549631, 0.05756608133194828, 0.055320766688894005, 0.05404648135031173]"
50,13,reversible,16,"[0.00399769183871045, 0.0038461083075226775, 0.0036876859799257183, 0.003583242007974895, 0.0034608331863600276, 0.003313853719916475, 0.0030603872270470347, 0.002921022146349609]",9.812029660993815e-18,1.5612511283791264e-17,"[0.003997691838710439, 0.003846108307522664, 0.003687685979925733, 0.003583242007974896, 0.003460833186360031, 0.0033138537199164843, 0.0030603872270470443, 0.0029210221463495936]"
50,13,metastable_reversible,2,"[0.9848021134963783, 0.047426716406847556, 0.0413786171938813, 0.03595880505649175, 0.035892152232424826, 0.03407417596947464, 0.027459209933872183, 0.02647851558596518]",8.196568423990414e-17,3.3306690738754696e-16,"[0.9848021134963779, 0.04742671640684748, 0.041378617193881286, 0.035958805056491704, 0.03589215223242478, 0.03407417596947459, 0.0274592099338721, 0.026478515585965184]"
50,13,metastable_reversible,4,"[0.9698352027469331, 0.002249293429135549, 0.001712189960877788, 0.0012930356610907855, 0.0012882465918755588, 0.001161049467998738, 0.0007540082101924694, 0.0007011117876362037]",6.540449605518805e-17,4.440892098500626e-16,"[0.9698352027469327, 0.002249293429135536, 0.001712189960877768, 0.0012930356610907734, 0.0012882465918755551, 0.0011610494679987194, 0.0007540082101924602, 0.0007011117876362011]"
50,13,metastable_reversible,8,"[0.940580320487185, 5.059320930337931e-06, 2.931594462153517e-06, 1.671941220849824e-06, 1.6595792814802078e-06, 1.3480358671541173e-06, 5.685283810560497e-07, 4.915577387580333e-07]",1.2076519305918984e-16,8.881784197001252e-16,"[0.9405803204871841, 5.059320930352299e-06, 2.931594462130613e-06, 1.6719412208524534e-06, 1.659579281478983e-06, 1.3480358671401094e-06, 5.685283810376374e-07, 4.915577387624296e-07]"
50,13,metastable_reversible,16,"[0.8846913392877758, 2.559672165988003e-11, 8.594261867227813e-12, 2.7953976738496194e-12, 2.754192843531939e-12, 1.8172093139238655e-12, 3.232408697279861e-13, 2.416403957810553e-13]",2.3198446171910645e-16,1.7763568394002505e-15,"[0.884691339287774, 2.559672827630085e-11, 8.594246090394877e-12, 2.7953874459855927e-12, 2.7542033915142975e-12, 1.8172006990961866e-12, 3.23224520045277e-13, 2.4162901053723297e-13]"
50,13,directed_cycle_normal,2,"[0.9945585300304386, 0.9945585300304378, 0.978481395548591, 0.9784813955485906, 0.952496378015923, 0.9524963780159226, 0.9177704894228919, 0.9177704894228913]",3.469446951953614e-16,1.3322676295501878e-15,"[0.9945585300304399, 0.9945585300304373, 0.9784813955485915, 0.9784813955485908, 0.952496378015923, 0.9524963780159226, 0.9177704894228916, 0.9177704894228913]"
50,13,directed_cycle_normal,4,"[0.9891466696563073, 0.9891466696563059, 0.9574258414347186, 0.9574258414347181, 0.9072493501334505, 0.90724935013345, 0.8423026712555345, 0.8423026712555336]",9.992007221626409e-16,2.1094237467877974e-15,"[0.9891466696563094, 0.989146669656304, 0.9574258414347192, 0.957425841434718, 0.9072493501334521, 0.9072493501334512, 0.8423026712555342, 0.8423026712555334]"
50,13,directed_cycle_normal,8,"[0.978411134092164, 0.9784111340921603, 0.9166642418469805, 0.9166642418469764, 0.8231013833175681, 0.8231013833175679, 0.709473790004209, 0.7094737900042083]",1.8457457784393227e-15,3.9968028886505635e-15,"[0.978411134092168, 0.9784111340921575, 0.9166642418469801, 0.9166642418469776, 0.8231013833175711, 0.8231013833175695, 0.7094737900042084, 0.7094737900042071]"
50,13,directed_cycle_normal,16,"[0.9572883473155148, 0.9572883473155083, 0.8402733322808952, 0.8402733322808946, 0.677495887219297, 0.6774958872192949, 0.5033530587029361, 0.5033530587029357]",3.0253577421035516e-15,7.549516567451064e-15,"[0.9572883473155224, 0.9572883473155019, 0.8402733322808988, 0.8402733322808943, 0.6774958872192991, 0.6774958872192967, 0.5033530587029356, 0.5033530587029338]"
50,13,directed_nonnormal,2,"[0.1389768627099601, 0.12940993926766764, 0.12438150508244342, 0.11480318010694596, 0.11085195194221978, 0.10447943982132306, 0.10131825799016476, 0.09632544968515735]",0.01772752179821544,0.021347370667296528,"[0.1540645581904519, 0.1439021658119456, 0.14242335260334565, 0.13615055077424248, 0.12941671338738184, 0.12200461214484955, 0.1197706834911956, 0.11463412458819298]"
50,13,directed_nonnormal,4,"[0.015653043389867304, 0.014495532922673552, 0.012100681804098476, 0.01037590954848417, 0.010220183352540825, 0.008583659177072343, 0.00812867985828638, 0.00720193888049272]",0.006953160819729372,0.008183729562678451,"[0.023735888090419138, 0.020707833325368685, 0.020284411366776927, 0.018536972476129582, 0.016748685703991736, 0.014885125384615169, 0.014345016623948154, 0.013140982520101352]"
50,13,directed_nonnormal,8,"[0.0001794093354221013, 0.0001455741800897993, 0.00010881837262470026, 9.629104527300681e-05, 7.625009744590395e-05, 5.109389557709545e-05, 5.0071894133851874e-05, 3.977636470162319e-05]",0.00023506857579290671,0.0003839830480187997,"[0.000563392383440901, 0.00042881436103124984, 0.00041145734449662903, 0.00034361934858078574, 0.0002805184728110971, 0.0002215669577157149, 0.0002057795019413489, 0.00017268542159360926]"
50,13,directed_nonnormal,16,"[1.624730875912306e-08, 1.434144317784415e-08, 7.4208661269209655e-09, 6.8870157640999304e-09, 6.08840973762071e-09, 2.3664732472155275e-09, 2.1875023432163092e-09, 1.3115427907176042e-09]",1.1647019545603262e-07,3.0116366896009617e-07,"[3.1741097771921925e-07, 1.8388175622663906e-07, 1.6929714634021768e-07, 1.1807425671908353e-07, 7.869061358827022e-08, 4.909191675139739e-08, 4.234520341922961e-08, 2.982025483096257e-08]"
50,14,reversible,2,"[0.5015571704859928, 0.4982426265010337, 0.4954355812034678, 0.48897940187523403, 0.48434741846513446, 0.4842485677940644, 0.48248258630732604, 0.47906579542689137]",1.5959455978986625e-16,4.440892098500626e-16,"[0.5015571704859931, 0.4982426265010338, 0.495435581203468, 0.48897940187523403, 0.48434741846513446, 0.48424856779406483, 0.482482586307326, 0.47906579542689154]"
50,14,reversible,4,"[0.25155959526591537, 0.2482457148626486, 0.24545641512241795, 0.2391008554582617, 0.23459242177384024, 0.2344966754106025, 0.2327894460898064, 0.22950403634800015]",1.7694179454963432e-16,4.996003610813204e-16,"[0.2515595952659156, 0.24824571486264865, 0.2454564151224181, 0.23910085545826162, 0.23459242177384007, 0.234496675410603, 0.23278944608980626, 0.22950403634800026]"
50,14,reversible,8,"[0.06328222997035116, 0.06162593494766746, 0.06024885172474875, 0.057169219080872545, 0.05503360435371529, 0.054988690778625504, 0.05419092621079886, 0.05267210270002419]",6.505213034913027e-17,2.0122792321330962e-16,"[0.06328222997035125, 0.06162593494766746, 0.060248851724748836, 0.05716921908087251, 0.05503360435371527, 0.054988690778625705, 0.054190926210798816, 0.05267210270002423]"
50,14,reversible,16,"[0.004004640630020423, 0.0037977558581741297, 0.0036299241341507566, 0.003268319610316808, 0.0030286976081612795, 0.0030237561135473064, 0.0029366564835842644, 0.002774350402841908]",1.100465205072787e-17,2.211772431870429e-17,"[0.004004640630020422, 0.0037977558581741414, 0.003629924134150771, 0.0032683196103167975, 0.0030286976081612686, 0.003023756113547316, 0.0029366564835842423, 0.0027743504028418997]"
50,14,metastable_reversible,2,"[0.9856982917935501, 0.04060740876995346, 0.038652185620047456, 0.037560645644387596, 0.0299762829723615, 0.029354100666993736, 0.025260949004460968, 0.024572863427923773]",5.334274688628682e-17,2.220446049250313e-16,"[0.9856982917935498, 0.04060740876995345, 0.03865218562004744, 0.03756064564438769, 0.029976282972361448, 0.02935410066699375, 0.025260949004460985, 0.024572863427923777]"
50,14,metastable_reversible,4,"[0.9716011224447223, 0.0016489616470100961, 0.0014939914532065654, 0.00141080210122326, 0.0008985775408390796, 0.0008616632259680047, 0.0006381155446059777, 0.0006038256170473935]",2.0152607881074314e-17,1.1102230246251565e-16,"[0.9716011224447222, 0.0016489616470100926, 0.001493991453206602, 0.0014108021012232603, 0.000898577540839087, 0.000861663225968003, 0.0006381155446059783, 0.0006038256170473938]"
50,14,metastable_reversible,8,"[0.9440087411358441, 2.7190745133131728e-06, 2.232010462242269e-06, 1.990362568799756e-06, 8.074415969070237e-07, 7.424635149911903e-07, 4.0719144824793506e-07, 3.646053757999659e-07]",8.250987643873542e-18,1.984931714639807e-17,"[0.9440087411358441, 2.719074513310238e-06, 2.2320104622543746e-06, 1.9903625688159665e-06, 8.074415969004209e-07, 7.424635149855858e-07, 4.071914482677844e-07, 3.646053758026659e-07]"
50,14,metastable_reversible,16,"[0.8911525033408811, 7.393373954447941e-12, 4.981870142652835e-12, 3.961553099661206e-12, 6.519789716941932e-13, 5.512430835864848e-13, 1.658044501855878e-13, 1.3292645846123956e-13]",6.9155674312793006e-18,1.703928909133726e-17,"[0.8911525033408811, 7.393366208933306e-12, 4.981870703612988e-12, 3.9615431553436925e-12, 6.519619324051019e-13, 5.512520710847512e-13, 1.658048755424157e-13, 1.3293708006420321e-13]"
50,14,directed_cycle_normal,2,"[0.9945585300304386, 0.9945585300304378, 0.978481395548591, 0.9784813955485906, 0.952496378015923, 0.9524963780159226, 0.9177704894228919, 0.9177704894228913]",3.469446951953614e-16,1.3322676295501878e-15,"[0.9945585300304399, 0.9945585300304373, 0.9784813955485915, 0.9784813955485908, 0.952496378015923, 0.9524963780159226, 0.9177704894228916, 0.9177704894228913]"
50,14,directed_cycle_normal,4,"[0.9891466696563073, 0.9891466696563059, 0.9574258414347186, 0.9574258414347181, 0.9072493501334505, 0.90724935013345, 0.8423026712555345, 0.8423026712555336]",9.992007221626409e-16,2.1094237467877974e-15,"[0.9891466696563094, 0.989146669656304, 0.9574258414347192, 0.957425841434718, 0.9072493501334521, 0.9072493501334512, 0.8423026712555342, 0.8423026712555334]"
50,14,directed_cycle_normal,8,"[0.978411134092164, 0.9784111340921603, 0.9166642418469805, 0.9166642418469764, 0.8231013833175681, 0.8231013833175679, 0.709473790004209, 0.7094737900042083]",1.8457457784393227e-15,3.9968028886505635e-15,"[0.978411134092168, 0.9784111340921575, 0.9166642418469801, 0.9166642418469776, 0.8231013833175711, 0.8231013833175695, 0.7094737900042084, 0.7094737900042071]"
50,14,directed_cycle_normal,16,"[0.9572883473155148, 0.9572883473155083, 0.8402733322808952, 0.8402733322808946, 0.677495887219297, 0.6774958872192949, 0.5033530587029361, 0.5033530587029357]",3.0253577421035516e-15,7.549516567451064e-15,"[0.9572883473155224, 0.9572883473155019, 0.8402733322808988, 0.8402733322808943, 0.6774958872192991, 0.6774958872192967, 0.5033530587029356, 0.5033530587029338]"
50,14,directed_nonnormal,2,"[0.14121342406687004, 0.1326342008268306, 0.11922623727659264, 0.10976909803692775, 0.10581040191881831, 0.10249732386891071, 0.09862374007451603, 0.09148576613587633]",0.014116781758517844,0.01781900200687056,"[0.1590324260737406, 0.14466221116382924, 0.1288016731201666, 0.12512738924619282, 0.12008558510940788, 0.11848705532024656, 0.11114219265788491, 0.10685591358201656]"
50,14,directed_nonnormal,4,"[0.015931441633967397, 0.014264783588252875, 0.012633628699548906, 0.009927650912965068, 0.008659320380080885, 0.008436485176268103, 0.008125445038343568, 0.007405757208467672]",0.005663899133464743,0.009359870908932377,"[0.025291312542899774, 0.02092715533880832, 0.01658987099855425, 0.01565686353956825, 0.014420547751068845, 0.01403918227846317, 0.012352586988802408, 0.01141818626744739]"
50,14,directed_nonnormal,8,"[0.00017526164623938412, 0.00014541096393875196, 8.243862795138967e-05, 7.546281903404804e-05, 6.850390570403464e-05, 5.6965397222780616e-05, 5.5355223268761465e-05, 4.874066582484629e-05]",0.00019722881082767687,0.0004643888439032553,"[0.0006396504901426394, 0.00043794583057461356, 0.00027522381974867135, 0.00024513737589666165, 0.0002079521974408567, 0.00019709863904791432, 0.00015258640531593055, 0.00013037497763812415]"
50,14,directed_nonnormal,16,"[1.8809744766674063e-08, 1.2690368893448278e-08, 4.615809856610549e-09, 3.999239793063936e-09, 3.900627712682105e-09, 3.151776712482946e-09, 2.4868650252438526e-09, 2.10457071848889e-09]",1.0092537705170782e-07,3.9034300477304476e-07,"[4.091527495397188e-07, 1.9179655051768813e-07, 7.574815095704913e-08, 6.009233306150118e-08, 4.3244116420481056e-08, 3.884787351454002e-08, 2.3282611087237435e-08, 1.6997634794141368e-08]"
50,15,reversible,2,"[0.5098058203232422, 0.501494673481693, 0.4962233423926959, 0.49105001858893754, 0.4859492259132711, 0.48387274298710836, 0.482083121748265, 0.4807980437981736]",1.5265566588595902e-16,2.7755575615628914e-16,"[0.5098058203232423, 0.501494673481693, 0.49622334239269605, 0.4910500185889378, 0.4859492259132713, 0.4838727429871084, 0.4820831217482653, 0.48079804379817376]"
50,15,reversible,4,"[0.2599019744354539, 0.2514969075305098, 0.2462376055353787, 0.24113012075619578, 0.23614665016570738, 0.23413283140586819, 0.2324041362745526, 0.23116675892015048]",1.6653345369377348e-16,4.163336342344337e-16,"[0.25990197443545393, 0.2514969075305099, 0.24623760553537885, 0.2411301207561962, 0.23614665016570757, 0.23413283140586827, 0.23240413627455278, 0.23116675892015062]"
50,15,reversible,8,"[0.06754903631544731, 0.06325069449740982, 0.060632958379796764, 0.05814373513589765, 0.055765240384485035, 0.05481818274212875, 0.05401168255752087, 0.053438070429646975]",5.0306980803327406e-17,1.1102230246251565e-16,"[0.06754903631544736, 0.06325069449740985, 0.06063295837979684, 0.05814373513589776, 0.055765240384485076, 0.054818182742128733, 0.054011682557520896, 0.05343807042964704]"
50,15,reversible,16,"[0.0045628723071456075, 0.004000650354404663, 0.0036763556418861598, 0.003380693935553418, 0.003109762035139401, 0.0030050331591494105, 0.0029172618526943908, 0.0028556273712439205]",1.1167282376600696e-17,1.8214596497756474e-17,"[0.004562872307145626, 0.004000650354404671, 0.0036763556418861754, 0.0033806939355534313, 0.003109762035139405, 0.003005033159149421, 0.0029172618526944073, 0.0028556273712439175]"
50,15,metastable_reversible,2,"[0.9851258517791083, 0.04780938219351333, 0.04100121762657403, 0.038971847467119854, 0.03771915211994554, 0.035345596364131364, 0.03286798802023156, 0.03025906337958386]",5.984795992119984e-17,2.220446049250313e-16,"[0.985125851779108, 0.04780938219351333, 0.041001217626573994, 0.03897184746711987, 0.03771915211994555, 0.035345596364131315, 0.03286798802023162, 0.030259063379583777]"
50,15,metastable_reversible,4,"[0.9704729438435137, 0.002285737025725415, 0.0016810998468617022, 0.0015188048950004534, 0.0014227344366475791, 0.001249311182336083, 0.001080304636498089, 0.0009156109166096673]",6.337161698177773e-17,4.440892098500626e-16,"[0.9704729438435132, 0.002285737025725429, 0.0016810998468616818, 0.0015188048950004571, 0.001422734436647593, 0.001249311182336093, 0.0010803046364980895, 0.0009156109166096679]"
50,15,metastable_reversible,8,"[0.9418177347322958, 5.224593750754431e-06, 2.826096695110153e-06, 2.3067683090494293e-06, 2.0241732772159595e-06, 1.5607784303439092e-06, 1.1670581076487597e-06, 8.383433506162732e-07]",1.3811176607446787e-16,9.992007221626409e-16,"[0.9418177347322948, 5.224593750772132e-06, 2.8260966951183706e-06, 2.30676830907735e-06, 2.0241732772229437e-06, 1.5607784303100063e-06, 1.167058107639269e-06, 8.383433506147962e-07]"
50,15,metastable_reversible,16,"[0.8870206454562735, 2.729638304851698e-11, 7.98679887651592e-12, 5.321187895188829e-12, 4.097275655005013e-12, 2.4360224634857983e-12, 1.3620272343007076e-12, 7.028428991697496e-13]",3.000941159098869e-16,2.3314683517128287e-15,"[0.8870206454562711, 2.7296379860607213e-11, 7.986822530158975e-12, 5.321180031763576e-12, 4.097277456223472e-12, 2.4360293085209673e-12, 1.3620246266065519e-12, 7.028195735200432e-13]"
50,15,directed_cycle_normal,2,"[0.9945585300304386, 0.9945585300304378, 0.978481395548591, 0.9784813955485906, 0.952496378015923, 0.9524963780159226, 0.9177704894228919, 0.9177704894228913]",3.469446951953614e-16,1.3322676295501878e-15,"[0.9945585300304399, 0.9945585300304373, 0.9784813955485915, 0.9784813955485908, 0.952496378015923, 0.9524963780159226, 0.9177704894228916, 0.9177704894228913]"
50,15,directed_cycle_normal,4,"[0.9891466696563073, 0.9891466696563059, 0.9574258414347186, 0.9574258414347181, 0.9072493501334505, 0.90724935013345, 0.8423026712555345, 0.8423026712555336]",9.992007221626409e-16,2.1094237467877974e-15,"[0.9891466696563094, 0.989146669656304, 0.9574258414347192, 0.957425841434718, 0.9072493501334521, 0.9072493501334512, 0.8423026712555342, 0.8423026712555334]"
50,15,directed_cycle_normal,8,"[0.978411134092164, 0.9784111340921603, 0.9166642418469805, 0.9166642418469764, 0.8231013833175681, 0.8231013833175679, 0.709473790004209, 0.7094737900042083]",1.8457457784393227e-15,3.9968028886505635e-15,"[0.978411134092168, 0.9784111340921575, 0.9166642418469801, 0.9166642418469776, 0.8231013833175711, 0.8231013833175695, 0.7094737900042084, 0.7094737900042071]"
50,15,directed_cycle_normal,16,"[0.9572883473155148, 0.9572883473155083, 0.8402733322808952, 0.8402733322808946, 0.677495887219297, 0.6774958872192949, 0.5033530587029361, 0.5033530587029357]",3.0253577421035516e-15,7.549516567451064e-15,"[0.9572883473155224, 0.9572883473155019, 0.8402733322808988, 0.8402733322808943, 0.6774958872192991, 0.6774958872192967, 0.5033530587029356, 0.5033530587029338]"
50,15,directed_nonnormal,2,"[0.13763595257498062, 0.13096160460672007, 0.12833130192427034, 0.11902042899022862, 0.10986805969659663, 0.10524844755414821, 0.10306119519744887, 0.10087227296133595]",0.01604958341523271,0.021456990816856966,"[0.15514579652774363, 0.14994113049322003, 0.14086423098479015, 0.14047741980708559, 0.12953574647887742, 0.12070326689768333, 0.11543626773380568, 0.11129207190438517]"
50,15,directed_nonnormal,4,"[0.015309510215359744, 0.01387088079662009, 0.012659911459234246, 0.011307213442776352, 0.01008524021463366, 0.009972254974082813, 0.00946430095192372, 0.00831673773681533]",0.0065254241852068075,0.00876070796486828,"[0.024070218180228024, 0.02248234261358483, 0.019842731570936314, 0.019733905475656163, 0.016779509615840002, 0.014569278639773378, 0.013325531908310867, 0.01238592526877084]"
50,15,directed_nonnormal,8,"[0.00017407239585705807, 0.00015664278079803907, 0.00010781027784423652, 9.594183095424719e-05, 7.716386607321439e-05, 7.435436526565016e-05, 7.343357239427141e-05, 5.477763978962848e-05]",0.00023482402420185286,0.0004053030073867216,"[0.0005793754032437797, 0.0005054557293946124, 0.0003937339961962327, 0.0003894270253221323, 0.00028155194294806707, 0.0002122638800833568, 0.00017756980063941106, 0.000153411144763576]"
50,15,directed_nonnormal,16,"[2.088791697710207e-08, 1.9201897354025436e-08, 6.742150366235725e-09, 6.020118829274375e-09, 5.095064619161073e-09, 3.321494771990296e-09, 3.14032300430875e-09, 2.8063640844627587e-09]",1.2625241935871694e-07,3.147879409067902e-07,"[3.356758578838923e-07, 2.554854943778397e-07, 1.5502645976065501e-07, 1.5165340805124466e-07, 7.927149657783162e-08, 4.505595478804167e-08, 3.153103409912019e-08, 2.3534979337670864e-08]"
50,16,reversible,2,"[0.5077277100653118, 0.5025939737505584, 0.4982615024827985, 0.4935477206796598, 0.49037202673027847, 0.4877450865420953, 0.48543826699419934, 0.48428857563507854]",2.0816681711721685e-16,4.996003610813204e-16,"[0.5077277100653115, 0.5025939737505583, 0.49826150248279827, 0.4935477206796597, 0.49037202673027797, 0.4877450865420955, 0.48543826699419945, 0.48428857563507866]"
50,16,reversible,4,"[0.2577874275681652, 0.2526007024503768, 0.24826452485641584, 0.2435893525880874, 0.24046472459956067, 0.23789526944595613, 0.2356503110623315, 0.2345354244906533]",1.214306433183765e-16,2.7755575615628914e-16,"[0.25778742756816503, 0.25260070245037686, 0.24826452485641556, 0.24358935258808737, 0.24046472459956045, 0.2378952694459562, 0.23565031106233164, 0.2345354244906533]"
50,16,reversible,8,"[0.06645435781221204, 0.06380711487842378, 0.06163527430218183, 0.05933577269428351, 0.05782328377674258, 0.056594159224764025, 0.05553106910377349, 0.05500686534101086]",8.847089727481716e-17,1.734723475976807e-16,"[0.06645435781221193, 0.06380711487842382, 0.061635274302181776, 0.05933577269428354, 0.057823283776742444, 0.0565941592247641, 0.055531069103773666, 0.05500686534101094]"
50,16,reversible,16,"[0.004416181672233525, 0.004071347909108362, 0.0037989070383051943, 0.0035207339212276847, 0.0033435321467257034, 0.003202898858357949, 0.0030836996358080708, 0.00302575523464411]",1.0516761073109393e-17,3.209238430557093e-17,"[0.004416181672233493, 0.004071347909108373, 0.0037989070383051896, 0.0035207339212276843, 0.003343532146725686, 0.0032028988583579516, 0.003083699635808086, 0.0030257552346441103]"
50,16,metastable_reversible,2,"[0.9854275402734318, 0.0385979495356911, 0.038322113428807064, 0.036226609738895806, 0.03595612172462559, 0.03176568533733967, 0.029127958322436285, 0.027187522053206233]",4.90059381963448e-17,2.220446049250313e-16,"[0.985427540273432, 0.038597949535691144, 0.03832211342880705, 0.03622660973889577, 0.03595612172462559, 0.03176568533733973, 0.029127958322436278, 0.027187522053206216]"
50,16,metastable_reversible,4,"[0.9710674371293457, 0.00148980170835971, 0.0014685843776503615, 0.0013123672531742498, 0.001292842689476097, 0.0010090587649508745, 0.0008484379560335635, 0.0007391613553935783]",1.0980257501846946e-16,7.771561172376096e-16,"[0.9710674371293465, 0.00148980170835976, 0.0014685843776503537, 0.0013123672531742579, 0.001292842689476092, 0.00100905876495088, 0.0008484379560335847, 0.0007391613553935744]"
50,16,metastable_reversible,8,"[0.942971967452956, 2.2195091302305954e-06, 2.156740074273241e-06, 1.7223078071950552e-06, 1.671442219726752e-06, 1.01819959109039e-06, 7.198469652398425e-07, 5.463595092979085e-07]",1.8855781909982259e-16,1.4432899320127035e-15,"[0.9429719674529574, 2.2195091302316592e-06, 2.156740074278677e-06, 1.7223078072041464e-06, 1.6714422197317752e-06, 1.0181995911241953e-06, 7.198469652384471e-07, 5.463595093072659e-07]"
50,16,metastable_reversible,16,"[0.8891961314020985, 4.926211790503214e-12, 4.651532684087708e-12, 2.9663505523640718e-12, 2.7937001985047836e-12, 1.0367327474409321e-12, 5.181760342510913e-13, 2.9850956972760097e-13]",3.6657314249111327e-16,2.886579864025407e-15,"[0.8891961314021014, 4.9262207791816965e-12, 4.651527747999593e-12, 2.9663441827563555e-12, 2.793719093901884e-12, 1.0367304073654785e-12, 5.181796533630021e-13, 2.985087134104764e-13]"
50,16,directed_cycle_normal,2,"[0.9945585300304386, 0.9945585300304378, 0.978481395548591, 0.9784813955485906, 0.952496378015923, 0.9524963780159226, 0.9177704894228919, 0.9177704894228913]",3.469446951953614e-16,1.3322676295501878e-15,"[0.9945585300304399, 0.9945585300304373, 0.9784813955485915, 0.9784813955485908, 0.952496378015923, 0.9524963780159226, 0.9177704894228916, 0.9177704894228913]"
50,16,directed_cycle_normal,4,"[0.9891466696563073, 0.9891466696563059, 0.9574258414347186, 0.9574258414347181, 0.9072493501334505, 0.90724935013345, 0.8423026712555345, 0.8423026712555336]",9.992007221626409e-16,2.1094237467877974e-15,"[0.9891466696563094, 0.989146669656304, 0.9574258414347192, 0.957425841434718, 0.9072493501334521, 0.9072493501334512, 0.8423026712555342, 0.8423026712555334]"
50,16,directed_cycle_normal,8,"[0.978411134092164, 0.9784111340921603, 0.9166642418469805, 0.9166642418469764, 0.8231013833175681, 0.8231013833175679, 0.709473790004209, 0.7094737900042083]",1.8457457784393227e-15,3.9968028886505635e-15,"[0.978411134092168, 0.9784111340921575, 0.9166642418469801, 0.9166642418469776, 0.8231013833175711, 0.8231013833175695, 0.7094737900042084, 0.7094737900042071]"
50,16,directed_cycle_normal,16,"[0.9572883473155148, 0.9572883473155083, 0.8402733322808952, 0.8402733322808946, 0.677495887219297, 0.6774958872192949, 0.5033530587029361, 0.5033530587029357]",3.0253577421035516e-15,7.549516567451064e-15,"[0.9572883473155224, 0.9572883473155019, 0.8402733322808988, 0.8402733322808943, 0.6774958872192991, 0.6774958872192967, 0.5033530587029356, 0.5033530587029338]"
50,16,directed_nonnormal,2,"[0.13799551423925682, 0.13086119823816528, 0.121526616316574, 0.11861812630066701, 0.11070323587128308, 0.10680375708648716, 0.10089294114364353, 0.1003089997156205]",0.014893194615789853,0.018457720188913812,"[0.15590872922619015, 0.14671093423246914, 0.1399843365054878, 0.13428553310870392, 0.12507014363257615, 0.11935116113272877, 0.11432808738701529, 0.11121702061284498]"
50,16,directed_nonnormal,4,"[0.0161209772822923, 0.01415533592248127, 0.01190818728775933, 0.010958820259852438, 0.010152853180323886, 0.00902530712421685, 0.008156513700062618, 0.007537877074481883]",0.006346419355195507,0.008186554566633177,"[0.024307531848925475, 0.021524098223363885, 0.019595614466881645, 0.018032604402288818, 0.015642540828273228, 0.014244699663730586, 0.013070911565573003, 0.012369225673997987]"
50,16,directed_nonnormal,8,"[0.0001810966817778705, 0.00014028475140931497, 0.00012333733142011032, 9.973048894380769e-05, 6.903409609552603e-05, 6.357975885926267e-05, 5.565534539156807e-05, 4.807977139482655e-05]",0.00021924432956134564,0.00040975942280865575,"[0.0005908561045865262, 0.0004632868043290164, 0.00038398810633466117, 0.000325174821529446, 0.00024468908356419487, 0.00020291146850988628, 0.00017084872915503008, 0.00015299774377429095]"
50,16,directed_nonnormal,16,"[2.0838097392485152e-08, 1.0889244676258688e-08, 8.98555170129661e-09, 8.546253055881692e-09, 3.5017225399545658e-09, 2.9235042924566734e-09, 2.4121094730375236e-09, 2.067865263226541e-09]",1.1380127386042271e-07,3.282728389346789e-07,"[3.491109363271641e-07, 2.1463466306539236e-07, 1.4744686580647907e-07, 1.0573866455670705e-07, 5.987274761548555e-08, 4.117306405283857e-08, 2.918928825388883e-08, 2.3408309600023588e-08]"
50,17,reversible,2,"[0.5060558647387009, 0.49848290693386826, 0.4962207961064694, 0.49001419276182895, 0.4866190288476966, 0.48353078763139035, 0.4806210466178726, 0.47808519758903184]",8.326672684688674e-17,2.220446049250313e-16,"[0.5060558647387009, 0.4984829069338684, 0.49622079610646963, 0.49001419276182906, 0.48661902884769664, 0.48353078763139046, 0.4806210466178725, 0.47808519758903184]"
50,17,reversible,4,"[0.2560925382364344, 0.2484852085052395, 0.24623507848853834, 0.24011390910802696, 0.23679807923667548, 0.23380202258743282, 0.23099659045205925, 0.22856545615374382]",9.020562075079397e-17,2.220446049250313e-16,"[0.25609253823643435, 0.24848520850523967, 0.2462350784885385, 0.24011390910802696, 0.23679807923667542, 0.2338020225874328, 0.23099659045205923, 0.2285654561537436]"
50,17,reversible,8,"[0.0655833881403796, 0.06174489884589239, 0.06063171387825668, 0.057654689347137855, 0.056073330330178826, 0.05466338576597445, 0.05335942480047642, 0.05224216774676898]",3.382710778154774e-17,9.020562075079397e-17,"[0.0655833881403796, 0.06174489884589244, 0.06063171387825672, 0.057654689347137834, 0.05607333033017881, 0.05466338576597444, 0.053359424800476375, 0.05224216774676889]"
50,17,reversible,16,"[0.004301180799971682, 0.003812432533489464, 0.003676204727814787, 0.0033240632037149637, 0.003144218374317335, 0.002988085743399736, 0.0028472282150376945, 0.002729244090881547]",7.318364664277155e-18,2.5153490401663703e-17,"[0.0043011807999716834, 0.0038124325334894893, 0.0036762047278147887, 0.003324063203714969, 0.003144218374317351, 0.002988085743399737, 0.0028472282150376936, 0.0027292440908815397]"
50,17,metastable_reversible,2,"[0.9856556312792706, 0.05353732679473163, 0.04049674836838547, 0.03523646867400138, 0.03424157245956006, 0.030956473896645752, 0.02782429029235422, 0.026284494955373754]",4.7704895589362195e-17,1.1102230246251565e-16,"[0.9856556312792705, 0.053537326794731686, 0.04049674836838544, 0.03523646867400143, 0.03424157245956012, 0.030956473896645763, 0.027824290292354198, 0.026284494955373702]"
50,17,metastable_reversible,4,"[0.9715170234725377, 0.0028662453603258784, 0.0016399866284123358, 0.0012416087246138756, 0.0011724852845033005, 0.0009583032761137252, 0.0007741911302731829, 0.0006908746750590841]",6.601435977721115e-17,4.440892098500626e-16,"[0.9715170234725372, 0.002866245360325895, 0.0016399866284123284, 0.0012416087246138843, 0.0011724852845033057, 0.0009583032761137105, 0.000774191130273196, 0.0006908746750590656]"
50,17,metastable_reversible,8,"[0.9438453268969392, 8.215362465613698e-06, 2.6895561413765977e-06, 1.5415922250255502e-06, 1.37472174238166e-06, 9.183451690144702e-07, 5.993719061915118e-07, 4.773078166397681e-07]",1.1779008247618771e-16,8.881784197001252e-16,"[0.9438453268969383, 8.21536246558972e-06, 2.689556141371237e-06, 1.541592225037316e-06, 1.3747217423767976e-06, 9.183451690102705e-07, 5.993719061936887e-07, 4.773078166379694e-07]"
50,17,metastable_reversible,16,"[0.8908440011051905, 6.749214385084984e-11, 7.233713980086858e-12, 2.376469045841492e-12, 1.889855326410176e-12, 8.433451289804792e-13, 3.592535559732111e-13, 2.2782430189198677e-13]",2.624954615754616e-16,1.9984014443252818e-15,"[0.8908440011051885, 6.74921804410204e-11, 7.233712237587736e-12, 2.3765065882955034e-12, 1.8898598689634985e-12, 8.433578494445023e-13, 3.59246681934256e-13, 2.2782275182370546e-13]"
50,17,directed_cycle_normal,2,"[0.9945585300304386, 0.9945585300304378, 0.978481395548591, 0.9784813955485906, 0.952496378015923, 0.9524963780159226, 0.9177704894228919, 0.9177704894228913]",3.469446951953614e-16,1.3322676295501878e-15,"[0.9945585300304399, 0.9945585300304373, 0.9784813955485915, 0.9784813955485908, 0.952496378015923, 0.9524963780159226, 0.9177704894228916, 0.9177704894228913]"
50,17,directed_cycle_normal,4,"[0.9891466696563073, 0.9891466696563059, 0.9574258414347186, 0.9574258414347181, 0.9072493501334505, 0.90724935013345, 0.8423026712555345, 0.8423026712555336]",9.992007221626409e-16,2.1094237467877974e-15,"[0.9891466696563094, 0.989146669656304, 0.9574258414347192, 0.957425841434718, 0.9072493501334521, 0.9072493501334512, 0.8423026712555342, 0.8423026712555334]"
50,17,directed_cycle_normal,8,"[0.978411134092164, 0.9784111340921603, 0.9166642418469805, 0.9166642418469764, 0.8231013833175681, 0.8231013833175679, 0.709473790004209, 0.7094737900042083]",1.8457457784393227e-15,3.9968028886505635e-15,"[0.978411134092168, 0.9784111340921575, 0.9166642418469801, 0.9166642418469776, 0.8231013833175711, 0.8231013833175695, 0.7094737900042084, 0.7094737900042071]"
50,17,directed_cycle_normal,16,"[0.9572883473155148, 0.9572883473155083, 0.8402733322808952, 0.8402733322808946, 0.677495887219297, 0.6774958872192949, 0.5033530587029361, 0.5033530587029357]",3.0253577421035516e-15,7.549516567451064e-15,"[0.9572883473155224, 0.9572883473155019, 0.8402733322808988, 0.8402733322808943, 0.6774958872192991, 0.6774958872192967, 0.5033530587029356, 0.5033530587029338]"
50,17,directed_nonnormal,2,"[0.1291289781061432, 0.11911312269633074, 0.11619871554835647, 0.10625559191859539, 0.1029116995370718, 0.09716875933816914, 0.09443567817880118, 0.09354107843341275]",0.01621993086840301,0.02235301791525776,"[0.15148199602140097, 0.139732464052812, 0.13397373277233532, 0.11864889639160948, 0.1170154127037609, 0.11310905124925695, 0.10910197144568894, 0.10544954606724018]"
50,17,directed_nonnormal,4,"[0.013983859275603533, 0.011316408358064814, 0.010716814158278217, 0.009630207006728238, 0.008688237232309833, 0.008410109351729455, 0.007970400998845002, 0.007329538134016265]",0.005745251878135529,0.008962935843024213,"[0.022946795118627746, 0.019525161510270398, 0.017948961072953115, 0.014077560614946881, 0.013692606810231487, 0.012793657474507034, 0.011903240173335926, 0.011119606765787007]"
50,17,directed_nonnormal,8,"[0.00014495808931240775, 8.979908243168574e-05, 8.218117591359729e-05, 7.522116463989655e-05, 6.884297368340952e-05, 6.173179767206207e-05, 4.690189088671735e-05, 4.2160405873734886e-05]",0.0001791039510444079,0.00038159731690387024,"[0.000526555406216278, 0.0003812319320021446, 0.0003221652035983862, 0.0001981777128675036, 0.0001874874812595977, 0.00016367767157500973, 0.00014168712662411827, 0.0001236456546257362]"
50,17,directed_nonnormal,16,"[1.2642403901948788e-08, 4.942624184044215e-09, 4.427765504313281e-09, 3.948276291101273e-09, 3.161898486243425e-09, 2.838836559335205e-09, 1.550514254231998e-09, 1.4664895177641853e-09]",7.849872786772373e-08,2.6461819191364086e-07,"[2.772605958155896e-07, 1.4533778597808783e-07, 1.0379041840958962e-07, 3.92744058773947e-08, 3.5151555629068e-08, 2.6790380172216743e-08, 2.0075241850998924e-08, 1.528824790782684e-08]"
50,18,reversible,2,"[0.5007602099132494, 0.49711221007066914, 0.4946950307631233, 0.4909015181236408, 0.48616101195526096, 0.4834290230802598, 0.48227307902226146, 0.4810869485500511]",1.6653345369377348e-16,3.3306690738754696e-16,"[0.5007602099132495, 0.4971122100706694, 0.4946950307631232, 0.49090151812364113, 0.48616101195526107, 0.4834290230802596, 0.48227307902226146, 0.4810869485500509]"
50,18,reversible,4,"[0.25076078783236166, 0.24712054940134504, 0.24472317346172745, 0.2409843004960952, 0.23635252954536343, 0.23370362035633432, 0.2325873227496124, 0.23144465206519937]",1.3877787807814457e-16,3.608224830031759e-16,"[0.2507607878323617, 0.24712054940134534, 0.24472317346172742, 0.24098430049609557, 0.2363525295453635, 0.23370362035633413, 0.23258732274961247, 0.23144465206519935]"
50,18,reversible,8,"[0.06288097271430668, 0.06106856593642272, 0.059889431629178716, 0.0580734330855923, 0.0558625182224919, 0.05461738216765764, 0.05409686270383237, 0.05356662696958123]",5.898059818321144e-17,1.8735013540549517e-16,"[0.06288097271430673, 0.06106856593642276, 0.05988943162917872, 0.058073433085592485, 0.055862518222491934, 0.054617382167657554, 0.05409686270383239, 0.05356662696958118]"
50,18,reversible,16,"[0.0039540167294973795, 0.0037293697455312003, 0.003586744020866088, 0.0033725236303467614, 0.0031206209421582435, 0.0029830584348479626, 0.002926470554397306, 0.0028693835248982578]",1.0950441942103595e-17,2.688821387764051e-17,"[0.003954016729497388, 0.0037293697455312138, 0.003586744020866073, 0.0033725236303467883, 0.003120620942158243, 0.0029830584348479574, 0.002926470554397292, 0.0028693835248982617]"
50,18,metastable_reversible,2,"[0.9853556338658792, 0.05132810511535966, 0.04114460324185163, 0.04092337486401038, 0.037647924434975465, 0.033709264380343516, 0.031845603522389604, 0.030362990044437207]",4.2500725161431774e-17,2.220446049250313e-16,"[0.9853556338658794, 0.051328105115359644, 0.04114460324185164, 0.04092337486401038, 0.03764792443497545, 0.03370926438034351, 0.03184560352238966, 0.030362990044437228]"
50,18,metastable_reversible,4,"[0.9709257251912292, 0.0026345743747334285, 0.0016928783759293997, 0.001674722610260327, 0.0014173662142616165, 0.0011363145050638998, 0.0010141424637052608, 0.0009219111644385927]",3.7269449679189215e-17,2.220446049250313e-16,"[0.970925725191229, 0.002634574374733409, 0.001692878375929388, 0.0016747226102603167, 0.0014173662142616214, 0.0011363145050638957, 0.001014142463705237, 0.0009219111644385942]"
50,18,metastable_reversible,8,"[0.9426967638381151, 6.940982135996893e-06, 2.8658371956849304e-06, 2.8046958212966043e-06, 2.0089269853270008e-06, 1.29121065443635e-06, 1.0284849366906793e-06, 8.499201951113153e-07]",1.4587533919675576e-16,1.1102230246251565e-15,"[0.942696763838114, 6.940982136001932e-06, 2.8658371956893223e-06, 2.8046958213171287e-06, 2.0089269853303203e-06, 1.2912106544186061e-06, 1.0284849366901277e-06, 8.499201951165246e-07]"
50,18,metastable_reversible,16,"[0.8886771885508545, 4.8177228073352494e-11, 8.213018470189609e-12, 7.866328138759398e-12, 4.0357913990140905e-12, 1.6672242215597284e-12, 1.0577842456995867e-12, 7.22359369730059e-13]",2.259493281726934e-16,1.7763568394002505e-15,"[0.8886771885508528, 4.817723301229795e-11, 8.21302283219644e-12, 7.866318650113762e-12, 4.0357876323883695e-12, 1.6672249540841252e-12, 1.057781264998496e-12, 7.223643380669113e-13]"
50,18,directed_cycle_normal,2,"[0.9945585300304386, 0.9945585300304378, 0.978481395548591, 0.9784813955485906, 0.952496378015923, 0.9524963780159226, 0.9177704894228919, 0.9177704894228913]",3.469446951953614e-16,1.3322676295501878e-15,"[0.9945585300304399, 0.9945585300304373, 0.9784813955485915, 0.9784813955485908, 0.952496378015923, 0.9524963780159226, 0.9177704894228916, 0.9177704894228913]"
50,18,directed_cycle_normal,4,"[0.9891466696563073, 0.9891466696563059, 0.9574258414347186, 0.9574258414347181, 0.9072493501334505, 0.90724935013345, 0.8423026712555345, 0.8423026712555336]",9.992007221626409e-16,2.1094237467877974e-15,"[0.9891466696563094, 0.989146669656304, 0.9574258414347192, 0.957425841434718, 0.9072493501334521, 0.9072493501334512, 0.8423026712555342, 0.8423026712555334]"
50,18,directed_cycle_normal,8,"[0.978411134092164, 0.9784111340921603, 0.9166642418469805, 0.9166642418469764, 0.8231013833175681, 0.8231013833175679, 0.709473790004209, 0.7094737900042083]",1.8457457784393227e-15,3.9968028886505635e-15,"[0.978411134092168, 0.9784111340921575, 0.9166642418469801, 0.9166642418469776, 0.8231013833175711, 0.8231013833175695, 0.7094737900042084, 0.7094737900042071]"
50,18,directed_cycle_normal,16,"[0.9572883473155148, 0.9572883473155083, 0.8402733322808952, 0.8402733322808946, 0.677495887219297, 0.6774958872192949, 0.5033530587029361, 0.5033530587029357]",3.0253577421035516e-15,7.549516567451064e-15,"[0.9572883473155224, 0.9572883473155019, 0.8402733322808988, 0.8402733322808943, 0.6774958872192991, 0.6774958872192967, 0.5033530587029356, 0.5033530587029338]"
50,18,directed_nonnormal,2,"[0.14970724094791982, 0.12258188940548741, 0.11559551442148802, 0.11291080707437606, 0.10624369388993084, 0.09900448914931155, 0.09718861153343414, 0.09288471166219636]",0.015873716090515674,0.020506424193431655,"[0.16116739349494924, 0.1402774110895143, 0.13610193861491968, 0.1303796134628308, 0.12109940329627747, 0.11345807430376409, 0.11187997724738516, 0.10874287529862885]"
50,18,directed_nonnormal,4,"[0.019519207946055845, 0.012988428167815912, 0.010807601219170331, 0.009896849488181673, 0.009346419788209813, 0.008267465384547857, 0.007940788338377792, 0.0074362357154823715]",0.005856526047758602,0.0077161364755690305,"[0.025974928725955807, 0.01967775206197659, 0.01852373769473936, 0.016998843606717173, 0.014665065478714458, 0.012872734624718454, 0.01251712930887542, 0.011825012928213143]"
50,18,directed_nonnormal,8,"[0.00026753418169936984, 0.00014080491852469347, 8.725040811829379e-05, 7.86412266403549e-05, 7.228556799970078e-05, 6.669079134855515e-05, 5.608835023799556e-05, 4.3341651692821666e-05]",0.00019483052418992302,0.00040716274061911435,"[0.0006746969223184842, 0.000387213926212624, 0.0003431288581835079, 0.00028896068396562925, 0.00021506414549498252, 0.00016570729671842535, 0.00015667852613510805, 0.00013983093075240797]"
50,18,directed_nonnormal,16,"[3.3716069217685814e-08, 1.682831280327468e-08, 5.598433874520225e-09, 5.095152883901829e-09, 3.4368965894434054e-09, 3.1701091568395942e-09, 2.836172646291024e-09, 1.7993469685601879e-09]",1.0646476278811064e-07,4.214998677683489e-07,"[4.552159369860347e-07, 1.499346246529954e-07, 1.1773741331831789e-07, 8.349827687788426e-08, 4.6252586677487005e-08, 2.7458908185728258e-08, 2.4548160551869736e-08, 1.955268919508471e-08]"
50,19,reversible,2,"[0.51328122497522, 0.5062011600681069, 0.49910011662090153, 0.49415212773350103, 0.4915682536558867, 0.49025773265941486, 0.4888515870976611, 0.4858628245039657]",1.5959455978986625e-16,5.551115123125783e-16,"[0.5132812249752201, 0.5062011600681067, 0.49910011662090153, 0.49415212773350115, 0.4915682536558866, 0.4902577326594149, 0.4888515870976605, 0.4858628245039658]"
50,19,reversible,4,"[0.2634576159120625, 0.256239614454297, 0.2491009264109975, 0.2441863253435464, 0.2416393480022981, 0.24035264443235038, 0.238975874207902, 0.23606268423497134]",8.673617379884035e-17,4.163336342344337e-16,"[0.2634576159120625, 0.256239614454297, 0.2491009264109975, 0.24418632534354642, 0.24163934800229803, 0.24035264443235035, 0.2389758742079016, 0.23606268423497148]"
50,19,reversible,8,"[0.0694099153820678, 0.0656587400156868, 0.0620512715388172, 0.05962696148478428, 0.05838957450297575, 0.05776939368562386, 0.057109468453431005, 0.05572559088821977]",5.811323644522304e-17,2.0122792321330962e-16,"[0.06940991538206784, 0.06565874001568676, 0.06205127153881719, 0.059626961484784295, 0.05838957450297569, 0.057769393685623845, 0.0571094684534308, 0.05572559088821985]"
50,19,reversible,16,"[0.004817736353345795, 0.004311070140447546, 0.0038503602995840157, 0.003555374535907962, 0.0034093424106385623, 0.0033373028468046003, 0.003261491387033443, 0.003105341479841267]",1.4040418133687282e-17,3.5128150388530344e-17,"[0.004817736353345818, 0.004311070140447546, 0.003850360299584024, 0.00355537453590795, 0.003409342410638549, 0.003337302846804596, 0.003261491387033408, 0.0031053414798412515]"
50,19,metastable_reversible,2,"[0.9855625599503475, 0.04973179370461324, 0.047468766565805925, 0.03820926336028234, 0.0373901790934612, 0.03515414998945919, 0.03103601871766203, 0.027799787764884832]",3.165870343657673e-17,6.591949208711867e-17,"[0.9855625599503475, 0.049731793704613295, 0.04746876656580594, 0.03820926336028237, 0.03739017909346124, 0.03515414998945915, 0.031036018717662022, 0.027799787764884898]"
50,19,metastable_reversible,4,"[0.9713335595758817, 0.002473251305078237, 0.002253283799278984, 0.0014599478065354288, 0.0013980254926411074, 0.0012358142614813897, 0.0009632344578430832, 0.0007728281997726385]",7.773729576721067e-17,5.551115123125783e-16,"[0.9713335595758823, 0.002473251305078214, 0.002253283799278976, 0.0014599478065354169, 0.001398025492641106, 0.0012358142614813906, 0.0009632344578430674, 0.0007728281997726441]"
50,19,metastable_reversible,8,"[0.9434888839583534, 6.11697201806547e-06, 5.07728788008741e-06, 2.1314475978298096e-06, 1.9544752780918438e-06, 1.527236888885092e-06, 9.278206207792909e-07, 5.972634263576922e-07]",7.744794137149472e-17,5.551115123125783e-16,"[0.943488883958354, 6.11697201807109e-06, 5.077287880093097e-06, 2.1314475978075746e-06, 1.9544752780744076e-06, 1.5272368888807948e-06, 9.27820620776228e-07, 5.972634263638258e-07]"
50,19,metastable_reversible,16,"[0.8901712741529793, 3.741734606073903e-11, 2.5778843465321782e-11, 4.5431199388355846e-12, 3.819968665264596e-12, 2.332448240307957e-12, 8.60872473336318e-13, 3.5672411734026434e-13]",1.5022105769704928e-16,1.1102230246251565e-15,"[0.8901712741529804, 3.74173466698647e-11, 2.5778852217340252e-11, 4.543068862199681e-12, 3.8199736126040325e-12, 2.3324525147582888e-12, 8.608511043375849e-13, 3.5672360047185724e-13]"
50,19,directed_cycle_normal,2,"[0.9945585300304386, 0.9945585300304378, 0.978481395548591, 0.9784813955485906, 0.952496378015923, 0.9524963780159226, 0.9177704894228919, 0.9177704894228913]",3.469446951953614e-16,1.3322676295501878e-15,"[0.9945585300304399, 0.9945585300304373, 0.9784813955485915, 0.9784813955485908, 0.952496378015923, 0.9524963780159226, 0.9177704894228916, 0.9177704894228913]"
50,19,directed_cycle_normal,4,"[0.9891466696563073, 0.9891466696563059, 0.9574258414347186, 0.9574258414347181, 0.9072493501334505, 0.90724935013345, 0.8423026712555345, 0.8423026712555336]",9.992007221626409e-16,2.1094237467877974e-15,"[0.9891466696563094, 0.989146669656304, 0.9574258414347192, 0.957425841434718, 0.9072493501334521, 0.9072493501334512, 0.8423026712555342, 0.8423026712555334]"
50,19,directed_cycle_normal,8,"[0.978411134092164, 0.9784111340921603, 0.9166642418469805, 0.9166642418469764, 0.8231013833175681, 0.8231013833175679, 0.709473790004209, 0.7094737900042083]",1.8457457784393227e-15,3.9968028886505635e-15,"[0.978411134092168, 0.9784111340921575, 0.9166642418469801, 0.9166642418469776, 0.8231013833175711, 0.8231013833175695, 0.7094737900042084, 0.7094737900042071]"
50,19,directed_cycle_normal,16,"[0.9572883473155148, 0.9572883473155083, 0.8402733322808952, 0.8402733322808946, 0.677495887219297, 0.6774958872192949, 0.5033530587029361, 0.5033530587029357]",3.0253577421035516e-15,7.549516567451064e-15,"[0.9572883473155224, 0.9572883473155019, 0.8402733322808988, 0.8402733322808943, 0.6774958872192991, 0.6774958872192967, 0.5033530587029356, 0.5033530587029338]"
50,19,directed_nonnormal,2,"[0.1350837697167462, 0.13097294497784293, 0.12291745972952775, 0.11276531521527719, 0.10841329927742029, 0.10438244274322392, 0.09568041540249933, 0.08995953274069032]",0.015466736324628694,0.019747865817990706,"[0.1504460808519391, 0.14639462494846336, 0.13592806582149372, 0.1325131810332679, 0.12179040016527053, 0.11843552088048503, 0.11276838076523182, 0.105632815934106]"
50,19,directed_nonnormal,4,"[0.01577199207404857, 0.014338524301740378, 0.011983571595617538, 0.009664427734040299, 0.008939875734364113, 0.00849810272912535, 0.007968950766155386, 0.006826965936042372]",0.00610550681164162,0.007895315413515331,"[0.0226340232437082, 0.02143138621380125, 0.018476439077972327, 0.01755974314755563, 0.014832901572416726, 0.014026972606231806, 0.012716707700412305, 0.01115829180216872]"
50,19,directed_nonnormal,8,"[0.00019016851343299845, 0.00015110309156425364, 9.700760125517884e-05, 6.351362598025664e-05, 6.140988207692789e-05, 4.998113778771929e-05, 4.700896839550668e-05, 3.633470839679997e-05]",0.00020347402937442415,0.00032213049476372446,"[0.0005122990081967229, 0.00045930431504511034, 0.00034137880100202294, 0.00030834457940812695, 0.00022001496905700257, 0.00019675596049597755, 0.00016171465473772563, 0.00012450747594234564]"
50,19,directed_nonnormal,16,"[2.1161144741535883e-08, 1.9951712096492058e-08, 6.914264911887458e-09, 2.410758956178363e-09, 2.2496860312015553e-09, 1.7089215884175009e-09, 1.6754530138627378e-09, 1.0049703849713438e-09]",9.459036463001683e-08,2.4128912905781013e-07,"[2.62450273799346e-07, 2.1096045381905794e-07, 1.1653948577357879e-07, 9.507637965037468e-08, 4.8406586609153794e-08, 3.8712907990694676e-08, 2.6151629556941807e-08, 1.5502111565533777e-08]"
