dynamics,replicate,axis,axis_value,lag,trajectory_length,bins,step,diffusion,observation_stride,initial,spectrum_mae,chapman_kolmogorov_max_abs,transition_weighted_l2
ornstein_uhlenbeck,0,trajectory_length,10000,2,10000,32,0.02,0.18,1,equilibrium,0.03007861691708859,0.04663270460381047,0.04728214822374224
ornstein_uhlenbeck,0,trajectory_length,10000,4,10000,32,0.02,0.18,1,equilibrium,0.05911315910870112,0.09268129752774129,0.05623703135278785
ornstein_uhlenbeck,0,trajectory_length,10000,8,10000,32,0.02,0.18,1,equilibrium,0.11381972427797116,0.17273795082572613,0.07553278306556281
ornstein_uhlenbeck,0,trajectory_length,10000,16,10000,32,0.02,0.18,1,equilibrium,0.1267199457458422,0.13795727208565667,0.08024114380802515
double_well,0,trajectory_length,10000,2,10000,32,0.02,0.18,1,equilibrium,0.037859274903496914,0.06307216179627101,0.04950040839077768
double_well,0,trajectory_length,10000,4,10000,32,0.02,0.18,1,equilibrium,0.09262881106463386,0.14473418823254913,0.07354334985713398
double_well,0,trajectory_length,10000,8,10000,32,0.02,0.18,1,equilibrium,0.1312031668399676,0.10332376141240837,0.0860756943939957
double_well,0,trajectory_length,10000,16,10000,32,0.02,0.18,1,equilibrium,0.16338018189054482,0.11957013357106101,0.10273489596491318
multi_well,0,trajectory_length,10000,2,10000,32,0.02,0.18,1,equilibrium,0.055717930860611165,0.0928752977602949,0.0627399436423677
multi_well,0,trajectory_length,10000,4,10000,32,0.02,0.18,1,equilibrium,0.13359538337979582,0.18269226490878732,0.09484526829637115
multi_well,0,trajectory_length,10000,8,10000,32,0.02,0.18,1,equilibrium,0.2096182778335953,0.2550087398436169,0.12420636164959346
multi_well,0,trajectory_length,10000,16,10000,32,0.02,0.18,1,equilibrium,0.2621634044392103,0.28299384217276813,0.151959814463217
ornstein_uhlenbeck,1,trajectory_length,10000,2,10000,32,0.02,0.18,1,equilibrium,0.04016382289013963,0.08450886473848801,0.05654128907196445
ornstein_uhlenbeck,1,trajectory_length,10000,4,10000,32,0.02,0.18,1,equilibrium,0.0790708880581863,0.14230753846295152,0.06608385309632843
ornstein_uhlenbeck,1,trajectory_length,10000,8,10000,32,0.02,0.18,1,equilibrium,0.11721309163774787,0.23237101067674476,0.08175265870471586
ornstein_uhlenbeck,1,trajectory_length,10000,16,10000,32,0.02,0.18,1,equilibrium,0.14791111118749212,0.25242591639923107,0.09459187875778713
double_well,1,trajectory_length,10000,2,10000,32,0.02,0.18,1,equilibrium,0.04157670347603144,0.08092120756240218,0.0525674263434647
double_well,1,trajectory_length,10000,4,10000,32,0.02,0.18,1,equilibrium,0.10048756666650294,0.1431982877108987,0.07744193613299878
double_well,1,trajectory_length,10000,8,10000,32,0.02,0.18,1,equilibrium,0.1498901587421934,0.20633718210064833,0.0955139081290843
double_well,1,trajectory_length,10000,16,10000,32,0.02,0.18,1,equilibrium,0.17652131591865566,0.16739234895033006,0.11021668694183828
multi_well,1,trajectory_length,10000,2,10000,32,0.02,0.18,1,equilibrium,0.04006525043462977,0.08727494759722987,0.0559815042207579
multi_well,1,trajectory_length,10000,4,10000,32,0.02,0.18,1,equilibrium,0.10315011316403501,0.16325571935929822,0.08824788564939463
multi_well,1,trajectory_length,10000,8,10000,32,0.02,0.18,1,equilibrium,0.19288815111082494,0.2483107651383059,0.1227387065108126
multi_well,1,trajectory_length,10000,16,10000,32,0.02,0.18,1,equilibrium,0.25049637751229664,0.29060206574586817,0.1419328849693087
ornstein_uhlenbeck,2,trajectory_length,10000,2,10000,32,0.02,0.18,1,equilibrium,0.04497366117597104,0.0843543979795709,0.04866400549749192
ornstein_uhlenbeck,2,trajectory_length,10000,4,10000,32,0.02,0.18,1,equilibrium,0.10275867356960508,0.18369739109085692,0.07731153553382515
ornstein_uhlenbeck,2,trajectory_length,10000,8,10000,32,0.02,0.18,1,equilibrium,0.13365321871925476,0.21383669135512218,0.08683925041069138
ornstein_uhlenbeck,2,trajectory_length,10000,16,10000,32,0.02,0.18,1,equilibrium,0.14845621179292703,0.20626954189718827,0.09287425165421895
double_well,2,trajectory_length,10000,2,10000,32,0.02,0.18,1,equilibrium,0.04391318340976335,0.06886772558618554,0.053084044030241334
double_well,2,trajectory_length,10000,4,10000,32,0.02,0.18,1,equilibrium,0.10114945238515322,0.10073454169059137,0.07574662109793126
double_well,2,trajectory_length,10000,8,10000,32,0.02,0.18,1,equilibrium,0.1507909867406529,0.16137752367922897,0.09668458868527323
double_well,2,trajectory_length,10000,16,10000,32,0.02,0.18,1,equilibrium,0.17448036094937086,0.16752969916659552,0.10863171296172251
multi_well,2,trajectory_length,10000,2,10000,32,0.02,0.18,1,equilibrium,0.048865361461873605,0.08036824199529813,0.057732200408565415
multi_well,2,trajectory_length,10000,4,10000,32,0.02,0.18,1,equilibrium,0.1358216212787622,0.18430054275189478,0.09988059920968101
multi_well,2,trajectory_length,10000,8,10000,32,0.02,0.18,1,equilibrium,0.23361097414112555,0.3074663211257537,0.1373716829997371
multi_well,2,trajectory_length,10000,16,10000,32,0.02,0.18,1,equilibrium,0.28052663627800223,0.37931181077377346,0.15600729420611242
ornstein_uhlenbeck,3,trajectory_length,10000,2,10000,32,0.02,0.18,1,equilibrium,0.03542914208907799,0.06425150052855622,0.047198748955900954
ornstein_uhlenbeck,3,trajectory_length,10000,4,10000,32,0.02,0.18,1,equilibrium,0.08152227838943155,0.1484983533911186,0.06516662669134042
ornstein_uhlenbeck,3,trajectory_length,10000,8,10000,32,0.02,0.18,1,equilibrium,0.12167508675204461,0.21290314324188747,0.08094694023895438
ornstein_uhlenbeck,3,trajectory_length,10000,16,10000,32,0.02,0.18,1,equilibrium,0.15010891871338905,0.248120630920367,0.09540081026049099
double_well,3,trajectory_length,10000,2,10000,32,0.02,0.18,1,equilibrium,0.034328604467322645,0.06840943280793998,0.04905327684938182
double_well,3,trajectory_length,10000,4,10000,32,0.02,0.18,1,equilibrium,0.08134499751991475,0.10930717136852369,0.06742635881638992
double_well,3,trajectory_length,10000,8,10000,32,0.02,0.18,1,equilibrium,0.11653229502676268,0.12213419154887645,0.08182439657045784
double_well,3,trajectory_length,10000,16,10000,32,0.02,0.18,1,equilibrium,0.14202309419749404,0.10600590642058914,0.09338038683422188
multi_well,3,trajectory_length,10000,2,10000,32,0.02,0.18,1,equilibrium,0.04205428984240905,0.06806142964657713,0.05003901257463857
multi_well,3,trajectory_length,10000,4,10000,32,0.02,0.18,1,equilibrium,0.10707861712769219,0.1830398117186356,0.07685771539690008
multi_well,3,trajectory_length,10000,8,10000,32,0.02,0.18,1,equilibrium,0.16063310631127037,0.2803654340107448,0.10208157533354408
multi_well,3,trajectory_length,10000,16,10000,32,0.02,0.18,1,equilibrium,0.19180462940532245,0.32076110132377655,0.11888460847370073
ornstein_uhlenbeck,4,trajectory_length,10000,2,10000,32,0.02,0.18,1,equilibrium,0.03249248746245628,0.05136111435945856,0.04796471172025192
ornstein_uhlenbeck,4,trajectory_length,10000,4,10000,32,0.02,0.18,1,equilibrium,0.07014759238041657,0.12064144583865333,0.06088934918619185
ornstein_uhlenbeck,4,trajectory_length,10000,8,10000,32,0.02,0.18,1,equilibrium,0.1082936333010466,0.1660274560182643,0.07475625352466952
ornstein_uhlenbeck,4,trajectory_length,10000,16,10000,32,0.02,0.18,1,equilibrium,0.13088019631335918,0.20969845183112182,0.08409725181431907
double_well,4,trajectory_length,10000,2,10000,32,0.02,0.18,1,equilibrium,0.04001272316953581,0.07424679367618214,0.05281776438837881
double_well,4,trajectory_length,10000,4,10000,32,0.02,0.18,1,equilibrium,0.09085009162434958,0.11636412522454126,0.06996763562227339
double_well,4,trajectory_length,10000,8,10000,32,0.02,0.18,1,equilibrium,0.13182572617141058,0.14576908639092215,0.08924808460038758
double_well,4,trajectory_length,10000,16,10000,32,0.02,0.18,1,equilibrium,0.1701706821727565,0.12487811516437014,0.10691306643532043
multi_well,4,trajectory_length,10000,2,10000,32,0.02,0.18,1,equilibrium,0.04510543752353833,0.08326151148474481,0.05639852254816286
multi_well,4,trajectory_length,10000,4,10000,32,0.02,0.18,1,equilibrium,0.11428491669689393,0.17476407326926224,0.08709669198385361
multi_well,4,trajectory_length,10000,8,10000,32,0.02,0.18,1,equilibrium,0.18693110489376505,0.2533342313307882,0.11318994630285412
multi_well,4,trajectory_length,10000,16,10000,32,0.02,0.18,1,equilibrium,0.236430167807799,0.4045716547009133,0.1402225072049386
ornstein_uhlenbeck,5,trajectory_length,10000,2,10000,32,0.02,0.18,1,equilibrium,0.03495489669647126,0.053359408727719604,0.04773431224284236
ornstein_uhlenbeck,5,trajectory_length,10000,4,10000,32,0.02,0.18,1,equilibrium,0.07619032821938887,0.13910597567842908,0.06068175460776217
ornstein_uhlenbeck,5,trajectory_length,10000,8,10000,32,0.02,0.18,1,equilibrium,0.11781299187537492,0.2489826785430223,0.08221661993309617
ornstein_uhlenbeck,5,trajectory_length,10000,16,10000,32,0.02,0.18,1,equilibrium,0.15444819786500008,0.33074008404379307,0.09934738392148754
double_well,5,trajectory_length,10000,2,10000,32,0.02,0.18,1,equilibrium,0.041489930511097554,0.07985173399496637,0.0510392031409008
double_well,5,trajectory_length,10000,4,10000,32,0.02,0.18,1,equilibrium,0.09689010898508257,0.16872571105224626,0.08045063564524005
double_well,5,trajectory_length,10000,8,10000,32,0.02,0.18,1,equilibrium,0.13262821914467052,0.20073774287475546,0.09027659835441915
double_well,5,trajectory_length,10000,16,10000,32,0.02,0.18,1,equilibrium,0.15707361354443786,0.15548750358773467,0.10215235111088776
multi_well,5,trajectory_length,10000,2,10000,32,0.02,0.18,1,equilibrium,0.04261985817580466,0.09800828485445107,0.06003840203207302
multi_well,5,trajectory_length,10000,4,10000,32,0.02,0.18,1,equilibrium,0.11246517316529339,0.1961539477694637,0.09393525070286841
multi_well,5,trajectory_length,10000,8,10000,32,0.02,0.18,1,equilibrium,0.19549294456011782,0.27844775252549936,0.12518007902634562
multi_well,5,trajectory_length,10000,16,10000,32,0.02,0.18,1,equilibrium,0.26661128392218675,0.41685849706005934,0.15538190407621633
ornstein_uhlenbeck,6,trajectory_length,10000,2,10000,32,0.02,0.18,1,equilibrium,0.040139468527781094,0.07976026191940566,0.051545792338971226
ornstein_uhlenbeck,6,trajectory_length,10000,4,10000,32,0.02,0.18,1,equilibrium,0.0888009561765653,0.16324503215699426,0.07134088001754528
ornstein_uhlenbeck,6,trajectory_length,10000,8,10000,32,0.02,0.18,1,equilibrium,0.13040600804067637,0.24845731299540413,0.08821235741005254
ornstein_uhlenbeck,6,trajectory_length,10000,16,10000,32,0.02,0.18,1,equilibrium,0.14100022144133453,0.26279530353201813,0.09227045015768919
double_well,6,trajectory_length,10000,2,10000,32,0.02,0.18,1,equilibrium,0.040366474076204396,0.07872760257774047,0.05334645759894563
double_well,6,trajectory_length,10000,4,10000,32,0.02,0.18,1,equilibrium,0.09203094581346306,0.12910679491905225,0.07203668045565127
double_well,6,trajectory_length,10000,8,10000,32,0.02,0.18,1,equilibrium,0.1342975206259836,0.1450834305592987,0.08945719896281105
double_well,6,trajectory_length,10000,16,10000,32,0.02,0.18,1,equilibrium,0.1640082915161792,0.12249422294601563,0.10348601454158442
multi_well,6,trajectory_length,10000,2,10000,32,0.02,0.18,1,equilibrium,0.05004923184676609,0.0696846992278769,0.05412972777970211
multi_well,6,trajectory_length,10000,4,10000,32,0.02,0.18,1,equilibrium,0.11953302153991942,0.16701074388498238,0.08805939400810635
multi_well,6,trajectory_length,10000,8,10000,32,0.02,0.18,1,equilibrium,0.1976543153114037,0.257617832783311,0.121492724975463
multi_well,6,trajectory_length,10000,16,10000,32,0.02,0.18,1,equilibrium,0.24271086619909127,0.3036301245294017,0.14266472277181144
ornstein_uhlenbeck,7,trajectory_length,10000,2,10000,32,0.02,0.18,1,equilibrium,0.04298702883081554,0.08449817419461647,0.05417507502912257
ornstein_uhlenbeck,7,trajectory_length,10000,4,10000,32,0.02,0.18,1,equilibrium,0.0771910924756469,0.1695782158793535,0.06635071466801243
ornstein_uhlenbeck,7,trajectory_length,10000,8,10000,32,0.02,0.18,1,equilibrium,0.1133657098997867,0.21959178785609162,0.08060023632561093
ornstein_uhlenbeck,7,trajectory_length,10000,16,10000,32,0.02,0.18,1,equilibrium,0.12771742480860743,0.21273469352959698,0.08200708057824604
double_well,7,trajectory_length,10000,2,10000,32,0.02,0.18,1,equilibrium,0.03977092653819591,0.0695005669875679,0.04650080204974194
double_well,7,trajectory_length,10000,4,10000,32,0.02,0.18,1,equilibrium,0.09165325304395959,0.10697334186853458,0.06872781168477655
double_well,7,trajectory_length,10000,8,10000,32,0.02,0.18,1,equilibrium,0.12836050178184957,0.12514073996609718,0.08711888672695671
double_well,7,trajectory_length,10000,16,10000,32,0.02,0.18,1,equilibrium,0.16035631069837825,0.1278217331015199,0.10472858358330349
multi_well,7,trajectory_length,10000,2,10000,32,0.02,0.18,1,equilibrium,0.05421701666835636,0.1049776199425072,0.06068325056453323
multi_well,7,trajectory_length,10000,4,10000,32,0.02,0.18,1,equilibrium,0.1369960857720881,0.19267563415366962,0.09973936731644133
multi_well,7,trajectory_length,10000,8,10000,32,0.02,0.18,1,equilibrium,0.20468761521739243,0.26747884410192074,0.12549402630735962
multi_well,7,trajectory_length,10000,16,10000,32,0.02,0.18,1,equilibrium,0.23904790737281903,0.3116732058867331,0.1422332089724768
ornstein_uhlenbeck,8,trajectory_length,10000,2,10000,32,0.02,0.18,1,equilibrium,0.04035146215032108,0.07950454603956658,0.050337370185949415
ornstein_uhlenbeck,8,trajectory_length,10000,4,10000,32,0.02,0.18,1,equilibrium,0.07567748173181957,0.13301301234650464,0.06597887078582625
ornstein_uhlenbeck,8,trajectory_length,10000,8,10000,32,0.02,0.18,1,equilibrium,0.11296142026754277,0.2236281898242779,0.07876993624097096
ornstein_uhlenbeck,8,trajectory_length,10000,16,10000,32,0.02,0.18,1,equilibrium,0.15025077030025233,0.2655808657119576,0.09454065357604696
double_well,8,trajectory_length,10000,2,10000,32,0.02,0.18,1,equilibrium,0.039602672951448675,0.08859601205794732,0.05207639037073168
double_well,8,trajectory_length,10000,4,10000,32,0.02,0.18,1,equilibrium,0.09214454405709388,0.1358253525997256,0.06899790879646894
double_well,8,trajectory_length,10000,8,10000,32,0.02,0.18,1,equilibrium,0.13345302656014202,0.13102287206774008,0.08849043991350782
double_well,8,trajectory_length,10000,16,10000,32,0.02,0.18,1,equilibrium,0.15624522120880968,0.1444422262195289,0.09921710793728125
multi_well,8,trajectory_length,10000,2,10000,32,0.02,0.18,1,equilibrium,0.04495407313506484,0.08254205053995467,0.05686434461044919
multi_well,8,trajectory_length,10000,4,10000,32,0.02,0.18,1,equilibrium,0.10387711398930441,0.1877421127661631,0.07929443238101994
multi_well,8,trajectory_length,10000,8,10000,32,0.02,0.18,1,equilibrium,0.16020000543470697,0.27276122516418444,0.1032709694621151
multi_well,8,trajectory_length,10000,16,10000,32,0.02,0.18,1,equilibrium,0.18536967827680476,0.32812922701947567,0.11435219513803208
ornstein_uhlenbeck,9,trajectory_length,10000,2,10000,32,0.02,0.18,1,equilibrium,0.04192081780658723,0.08180987838300235,0.052995677065692526
ornstein_uhlenbeck,9,trajectory_length,10000,4,10000,32,0.02,0.18,1,equilibrium,0.0761269848155886,0.18045986233583722,0.0672056814656079
ornstein_uhlenbeck,9,trajectory_length,10000,8,10000,32,0.02,0.18,1,equilibrium,0.11681875376983729,0.24747427262366944,0.08207697089366726
ornstein_uhlenbeck,9,trajectory_length,10000,16,10000,32,0.02,0.18,1,equilibrium,0.14104118870843538,0.2615088847541478,0.09158809748193555
double_well,9,trajectory_length,10000,2,10000,32,0.02,0.18,1,equilibrium,0.038158415782849876,0.06727627495087363,0.05082475264649338
double_well,9,trajectory_length,10000,4,10000,32,0.02,0.18,1,equilibrium,0.08852366403981764,0.12585167089303007,0.06920750650462953
double_well,9,trajectory_length,10000,8,10000,32,0.02,0.18,1,equilibrium,0.12464817846001508,0.13445127359466014,0.0857180256075979
double_well,9,trajectory_length,10000,16,10000,32,0.02,0.18,1,equilibrium,0.1616926099557347,0.12431515302408948,0.1059193840009971
multi_well,9,trajectory_length,10000,2,10000,32,0.02,0.18,1,equilibrium,0.04318763333248103,0.07626135887353092,0.051678632115567266
multi_well,9,trajectory_length,10000,4,10000,32,0.02,0.18,1,equilibrium,0.09574884528881279,0.14945774312621402,0.07445494966942287
multi_well,9,trajectory_length,10000,8,10000,32,0.02,0.18,1,equilibrium,0.13351508785248978,0.19827158753311222,0.08883860718232482
multi_well,9,trajectory_length,10000,16,10000,32,0.02,0.18,1,equilibrium,0.1558325370530681,0.17250361680750625,0.10135783758384388
ornstein_uhlenbeck,0,trajectory_length,50000,2,50000,32,0.02,0.18,1,equilibrium,0.024329872762225563,0.05451999581529854,0.028276978879479407
ornstein_uhlenbeck,0,trajectory_length,50000,4,50000,32,0.02,0.18,1,equilibrium,0.049787485277108565,0.12555187834796244,0.04365660793320786
ornstein_uhlenbeck,0,trajectory_length,50000,8,50000,32,0.02,0.18,1,equilibrium,0.06443869729059226,0.1616865299180658,0.05059632088476239
ornstein_uhlenbeck,0,trajectory_length,50000,16,50000,32,0.02,0.18,1,equilibrium,0.06984676927554549,0.18118136704092944,0.05039227557956175
double_well,0,trajectory_length,50000,2,50000,32,0.02,0.18,1,equilibrium,0.02494406335189668,0.04823161118846253,0.03318074579350904
double_well,0,trajectory_length,50000,4,50000,32,0.02,0.18,1,equilibrium,0.05603685267656118,0.08895134095136997,0.045878424318789426
double_well,0,trajectory_length,50000,8,50000,32,0.02,0.18,1,equilibrium,0.08124515252993089,0.12197051578803492,0.0546530184988379
double_well,0,trajectory_length,50000,16,50000,32,0.02,0.18,1,equilibrium,0.08460730374878678,0.08354129524058171,0.054544326362034844
multi_well,0,trajectory_length,50000,2,50000,32,0.02,0.18,1,equilibrium,0.03211906633083217,0.06678022360420255,0.03752711955719975
multi_well,0,trajectory_length,50000,4,50000,32,0.02,0.18,1,equilibrium,0.08546565485633548,0.16593804161900771,0.06818345774010731
multi_well,0,trajectory_length,50000,8,50000,32,0.02,0.18,1,equilibrium,0.15020592081407408,0.23323352312274148,0.09848639794619468
multi_well,0,trajectory_length,50000,16,50000,32,0.02,0.18,1,equilibrium,0.19929970380682488,0.32116003825781875,0.1211673578592477
ornstein_uhlenbeck,1,trajectory_length,50000,2,50000,32,0.02,0.18,1,equilibrium,0.024711513201858055,0.05599452619511036,0.02868485393730787
ornstein_uhlenbeck,1,trajectory_length,50000,4,50000,32,0.02,0.18,1,equilibrium,0.04643831251993302,0.10856961953428446,0.0416642915926758
ornstein_uhlenbeck,1,trajectory_length,50000,8,50000,32,0.02,0.18,1,equilibrium,0.06137029181084033,0.15377565081869538,0.0483174936433194
ornstein_uhlenbeck,1,trajectory_length,50000,16,50000,32,0.02,0.18,1,equilibrium,0.05993535022250561,0.16090113619978158,0.04577996309308623
double_well,1,trajectory_length,50000,2,50000,32,0.02,0.18,1,equilibrium,0.024890053765589136,0.0639305437618306,0.034077296882748964
double_well,1,trajectory_length,50000,4,50000,32,0.02,0.18,1,equilibrium,0.05353018410763411,0.09162933073742757,0.045642184588564186
double_well,1,trajectory_length,50000,8,50000,32,0.02,0.18,1,equilibrium,0.0777623157244951,0.10080063071375236,0.05122565900966825
double_well,1,trajectory_length,50000,16,50000,32,0.02,0.18,1,equilibrium,0.0868912183549764,0.09972050857565692,0.054457952620400096
multi_well,1,trajectory_length,50000,2,50000,32,0.02,0.18,1,equilibrium,0.024720842098212292,0.06504322545638153,0.040907445280394694
multi_well,1,trajectory_length,50000,4,50000,32,0.02,0.18,1,equilibrium,0.07222495415876465,0.14228060078748062,0.07624245599604638
multi_well,1,trajectory_length,50000,8,50000,32,0.02,0.18,1,equilibrium,0.14357460887830442,0.22465769726441737,0.11125582512119324
multi_well,1,trajectory_length,50000,16,50000,32,0.02,0.18,1,equilibrium,0.21112893988542952,0.3086635542491549,0.1318540502938145
ornstein_uhlenbeck,2,trajectory_length,50000,2,50000,32,0.02,0.18,1,equilibrium,0.023628073712600596,0.05121184839338089,0.02711078631940489
ornstein_uhlenbeck,2,trajectory_length,50000,4,50000,32,0.02,0.18,1,equilibrium,0.0489618342854782,0.10935334165950139,0.04384964303514359
ornstein_uhlenbeck,2,trajectory_length,50000,8,50000,32,0.02,0.18,1,equilibrium,0.0697651260896092,0.16953869225421614,0.05436719598387774
ornstein_uhlenbeck,2,trajectory_length,50000,16,50000,32,0.02,0.18,1,equilibrium,0.07291677048397668,0.17031757673878328,0.05209564125302412
double_well,2,trajectory_length,50000,2,50000,32,0.02,0.18,1,equilibrium,0.023876940076578528,0.04752235038437469,0.032693065109222534
double_well,2,trajectory_length,50000,4,50000,32,0.02,0.18,1,equilibrium,0.053818263236813144,0.08734627647944448,0.04549738044274794
double_well,2,trajectory_length,50000,8,50000,32,0.02,0.18,1,equilibrium,0.07312194597371721,0.07742856860176117,0.05000845394675365
double_well,2,trajectory_length,50000,16,50000,32,0.02,0.18,1,equilibrium,0.07539256607997946,0.07447971567954284,0.04831652106983842
multi_well,2,trajectory_length,50000,2,50000,32,0.02,0.18,1,equilibrium,0.027988919977017634,0.06566007079113545,0.040817153298406135
multi_well,2,trajectory_length,50000,4,50000,32,0.02,0.18,1,equilibrium,0.07648572765528718,0.14153279059045087,0.07138660295938375
multi_well,2,trajectory_length,50000,8,50000,32,0.02,0.18,1,equilibrium,0.1278876160500659,0.22051058191600997,0.09026244364493301
multi_well,2,trajectory_length,50000,16,50000,32,0.02,0.18,1,equilibrium,0.1601574021206639,0.24469795869798486,0.0961271940542737
ornstein_uhlenbeck,3,trajectory_length,50000,2,50000,32,0.02,0.18,1,equilibrium,0.024568050770155045,0.05999387926772548,0.02703990568067887
ornstein_uhlenbeck,3,trajectory_length,50000,4,50000,32,0.02,0.18,1,equilibrium,0.04818407313986352,0.12463330891918345,0.04226644609970757
ornstein_uhlenbeck,3,trajectory_length,50000,8,50000,32,0.02,0.18,1,equilibrium,0.059663506863511365,0.14455488626866247,0.04715096687874794
ornstein_uhlenbeck,3,trajectory_length,50000,16,50000,32,0.02,0.18,1,equilibrium,0.061006226915720385,0.13227217594425789,0.04410183879507258
double_well,3,trajectory_length,50000,2,50000,32,0.02,0.18,1,equilibrium,0.024039593058004453,0.05113717056925471,0.03271709115748931
double_well,3,trajectory_length,50000,4,50000,32,0.02,0.18,1,equilibrium,0.053416269941948535,0.09166516410577885,0.04538610643502289
double_well,3,trajectory_length,50000,8,50000,32,0.02,0.18,1,equilibrium,0.0729695161222701,0.09515185194849812,0.048741672626840864
double_well,3,trajectory_length,50000,16,50000,32,0.02,0.18,1,equilibrium,0.08038373571624502,0.08752714194336547,0.04860563379046843
multi_well,3,trajectory_length,50000,2,50000,32,0.02,0.18,1,equilibrium,0.030586988515170305,0.06784247364156515,0.036863988944601044
multi_well,3,trajectory_length,50000,4,50000,32,0.02,0.18,1,equilibrium,0.07805671252102656,0.15527675030656152,0.07204600076593938
multi_well,3,trajectory_length,50000,8,50000,32,0.02,0.18,1,equilibrium,0.130884493766347,0.23598366849342944,0.09321715770020843
multi_well,3,trajectory_length,50000,16,50000,32,0.02,0.18,1,equilibrium,0.17310448002450668,0.284260174937492,0.10728015518407681
ornstein_uhlenbeck,4,trajectory_length,50000,2,50000,32,0.02,0.18,1,equilibrium,0.02315369929046992,0.04852173024541456,0.026873944354932826
ornstein_uhlenbeck,4,trajectory_length,50000,4,50000,32,0.02,0.18,1,equilibrium,0.043905285012859736,0.09591807712615119,0.0373644258752772
ornstein_uhlenbeck,4,trajectory_length,50000,8,50000,32,0.02,0.18,1,equilibrium,0.05715115195811701,0.13580526352203476,0.044122439082527755
ornstein_uhlenbeck,4,trajectory_length,50000,16,50000,32,0.02,0.18,1,equilibrium,0.061220242435517824,0.1282085899780551,0.043209158261916694
double_well,4,trajectory_length,50000,2,50000,32,0.02,0.18,1,equilibrium,0.024360421625422082,0.048799721518067496,0.031850448562027275
double_well,4,trajectory_length,50000,4,50000,32,0.02,0.18,1,equilibrium,0.05419260774607154,0.08639733823798373,0.04513157629547624
double_well,4,trajectory_length,50000,8,50000,32,0.02,0.18,1,equilibrium,0.0724095640195085,0.08927075364243225,0.04975746024478825
double_well,4,trajectory_length,50000,16,50000,32,0.02,0.18,1,equilibrium,0.07037612048085454,0.08584709861725756,0.04702996695816714
multi_well,4,trajectory_length,50000,2,50000,32,0.02,0.18,1,equilibrium,0.028094732576517942,0.06598016241923887,0.04358426538452794
multi_well,4,trajectory_length,50000,4,50000,32,0.02,0.18,1,equilibrium,0.07235929568656149,0.1378958522436209,0.07366109426051766
multi_well,4,trajectory_length,50000,8,50000,32,0.02,0.18,1,equilibrium,0.13132247262494676,0.2178513334950845,0.09474076810429567
multi_well,4,trajectory_length,50000,16,50000,32,0.02,0.18,1,equilibrium,0.1671599734960771,0.23012862350197397,0.09934984386073764
ornstein_uhlenbeck,5,trajectory_length,50000,2,50000,32,0.02,0.18,1,equilibrium,0.024461232127350154,0.04730169323454969,0.026714265852670775
ornstein_uhlenbeck,5,trajectory_length,50000,4,50000,32,0.02,0.18,1,equilibrium,0.048509368720000695,0.11685154380035656,0.043930208718494616
ornstein_uhlenbeck,5,trajectory_length,50000,8,50000,32,0.02,0.18,1,equilibrium,0.06533950506370174,0.16055072610189125,0.051891754754080935
ornstein_uhlenbeck,5,trajectory_length,50000,16,50000,32,0.02,0.18,1,equilibrium,0.06272285237310554,0.1577821004119854,0.04521722276959602
double_well,5,trajectory_length,50000,2,50000,32,0.02,0.18,1,equilibrium,0.024936311430033345,0.053383846072044494,0.0349878465327405
double_well,5,trajectory_length,50000,4,50000,32,0.02,0.18,1,equilibrium,0.05777353085210834,0.09227610653740409,0.04970968801674054
double_well,5,trajectory_length,50000,8,50000,32,0.02,0.18,1,equilibrium,0.07964038508838032,0.10441398801570978,0.0532227027468799
double_well,5,trajectory_length,50000,16,50000,32,0.02,0.18,1,equilibrium,0.08393309660301368,0.08084395753026635,0.053805647508532076
multi_well,5,trajectory_length,50000,2,50000,32,0.02,0.18,1,equilibrium,0.025314835962228874,0.06102136496409594,0.04368854178874628
multi_well,5,trajectory_length,50000,4,50000,32,0.02,0.18,1,equilibrium,0.07060443176216763,0.1407644008318789,0.0797190813978071
multi_well,5,trajectory_length,50000,8,50000,32,0.02,0.18,1,equilibrium,0.129598505300636,0.21565550933585165,0.10231257183519307
multi_well,5,trajectory_length,50000,16,50000,32,0.02,0.18,1,equilibrium,0.17334713361221446,0.19685638590830798,0.10548649794867984
ornstein_uhlenbeck,6,trajectory_length,50000,2,50000,32,0.02,0.18,1,equilibrium,0.027693432191045274,0.05506024191426706,0.029470896238789013
ornstein_uhlenbeck,6,trajectory_length,50000,4,50000,32,0.02,0.18,1,equilibrium,0.05399519524997552,0.11713259915780838,0.04466737262641023
ornstein_uhlenbeck,6,trajectory_length,50000,8,50000,32,0.02,0.18,1,equilibrium,0.06611854595301038,0.156333825202366,0.05031343311197496
ornstein_uhlenbeck,6,trajectory_length,50000,16,50000,32,0.02,0.18,1,equilibrium,0.06649445173520802,0.15460389844087497,0.047863068666318974
double_well,6,trajectory_length,50000,2,50000,32,0.02,0.18,1,equilibrium,0.024748211225890313,0.05821307461928177,0.03273361665468304
double_well,6,trajectory_length,50000,4,50000,32,0.02,0.18,1,equilibrium,0.055721470056595834,0.09887535633696753,0.049097412179623316
double_well,6,trajectory_length,50000,8,50000,32,0.02,0.18,1,equilibrium,0.07394194986971193,0.0801298286238605,0.04822634349782522
double_well,6,trajectory_length,50000,16,50000,32,0.02,0.18,1,equilibrium,0.07575634963778617,0.06333211737273542,0.04869591998034718
multi_well,6,trajectory_length,50000,2,50000,32,0.02,0.18,1,equilibrium,0.026265463645577664,0.058940005568054565,0.03651354446227209
multi_well,6,trajectory_length,50000,4,50000,32,0.02,0.18,1,equilibrium,0.07102723252927644,0.15239682234240637,0.0666741533727833
multi_well,6,trajectory_length,50000,8,50000,32,0.02,0.18,1,equilibrium,0.11489182266424303,0.21044121820844225,0.08278181321105654
multi_well,6,trajectory_length,50000,16,50000,32,0.02,0.18,1,equilibrium,0.1489625403727371,0.24518951939459482,0.0922232715075358
ornstein_uhlenbeck,7,trajectory_length,50000,2,50000,32,0.02,0.18,1,equilibrium,0.026710357432937093,0.05947737922968882,0.03043701556999902
ornstein_uhlenbeck,7,trajectory_length,50000,4,50000,32,0.02,0.18,1,equilibrium,0.046970240113012644,0.10981998162082507,0.04033300631985757
ornstein_uhlenbeck,7,trajectory_length,50000,8,50000,32,0.02,0.18,1,equilibrium,0.056512732355942216,0.1297122869138509,0.043929664721348904
ornstein_uhlenbeck,7,trajectory_length,50000,16,50000,32,0.02,0.18,1,equilibrium,0.062282118778984284,0.13447434937439337,0.04421865199416472
double_well,7,trajectory_length,50000,2,50000,32,0.02,0.18,1,equilibrium,0.026999993713303208,0.06231450038276154,0.035996666133031874
double_well,7,trajectory_length,50000,4,50000,32,0.02,0.18,1,equilibrium,0.0563796370363112,0.08909656153056655,0.04784248363889508
double_well,7,trajectory_length,50000,8,50000,32,0.02,0.18,1,equilibrium,0.07454502297005006,0.100813147385199,0.049699877485828
double_well,7,trajectory_length,50000,16,50000,32,0.02,0.18,1,equilibrium,0.07766452148169814,0.0768326164616571,0.0496040306413988
multi_well,7,trajectory_length,50000,2,50000,32,0.02,0.18,1,equilibrium,0.030567496682613104,0.07712193770668874,0.044024900022727874
multi_well,7,trajectory_length,50000,4,50000,32,0.02,0.18,1,equilibrium,0.07835064397800576,0.15148433398455619,0.07279275970693051
multi_well,7,trajectory_length,50000,8,50000,32,0.02,0.18,1,equilibrium,0.13313447750296303,0.2083465590588086,0.09263930858886854
multi_well,7,trajectory_length,50000,16,50000,32,0.02,0.18,1,equilibrium,0.16685276819629313,0.3419933418617648,0.10691738765004162
ornstein_uhlenbeck,8,trajectory_length,50000,2,50000,32,0.02,0.18,1,equilibrium,0.022894062330029274,0.0549789744889565,0.028603167403394702
ornstein_uhlenbeck,8,trajectory_length,50000,4,50000,32,0.02,0.18,1,equilibrium,0.04529075180203952,0.11426844136356773,0.04061966510967607
ornstein_uhlenbeck,8,trajectory_length,50000,8,50000,32,0.02,0.18,1,equilibrium,0.06000805123276832,0.18125694493349864,0.04876730755951766
ornstein_uhlenbeck,8,trajectory_length,50000,16,50000,32,0.02,0.18,1,equilibrium,0.06365429705489556,0.19864197123308713,0.04922362007237871
double_well,8,trajectory_length,50000,2,50000,32,0.02,0.18,1,equilibrium,0.02495529787845848,0.05152222742872248,0.03379773064570045
double_well,8,trajectory_length,50000,4,50000,32,0.02,0.18,1,equilibrium,0.05492010291255125,0.09200464294583371,0.04689078143424045
double_well,8,trajectory_length,50000,8,50000,32,0.02,0.18,1,equilibrium,0.07594376424759006,0.08316484960931453,0.049721639498823196
double_well,8,trajectory_length,50000,16,50000,32,0.02,0.18,1,equilibrium,0.08245859455525208,0.055238480214063884,0.050687204449504544
multi_well,8,trajectory_length,50000,2,50000,32,0.02,0.18,1,equilibrium,0.029208736479628697,0.07132014422982447,0.03945588161019296
multi_well,8,trajectory_length,50000,4,50000,32,0.02,0.18,1,equilibrium,0.07435294819237565,0.12464853481016358,0.0699175110120454
multi_well,8,trajectory_length,50000,8,50000,32,0.02,0.18,1,equilibrium,0.12356021347652471,0.1674646858536925,0.08537091068063857
multi_well,8,trajectory_length,50000,16,50000,32,0.02,0.18,1,equilibrium,0.14070542229727484,0.21363446282154708,0.08573584958751353
ornstein_uhlenbeck,9,trajectory_length,50000,2,50000,32,0.02,0.18,1,equilibrium,0.021312142743936453,0.043529901185560105,0.02422948344087186
ornstein_uhlenbeck,9,trajectory_length,50000,4,50000,32,0.02,0.18,1,equilibrium,0.04603878746328715,0.09933831095488,0.04005577174686834
ornstein_uhlenbeck,9,trajectory_length,50000,8,50000,32,0.02,0.18,1,equilibrium,0.06034243441199286,0.1488867904886162,0.04585482001873351
ornstein_uhlenbeck,9,trajectory_length,50000,16,50000,32,0.02,0.18,1,equilibrium,0.06735450050701436,0.14669166591369212,0.047361653804409314
double_well,9,trajectory_length,50000,2,50000,32,0.02,0.18,1,equilibrium,0.024267292776954733,0.05812109566047635,0.0342309276081887
double_well,9,trajectory_length,50000,4,50000,32,0.02,0.18,1,equilibrium,0.05556435080355524,0.08849695478353914,0.045683535609498165
double_well,9,trajectory_length,50000,8,50000,32,0.02,0.18,1,equilibrium,0.07274103088947713,0.08913801026846349,0.04755425147302546
double_well,9,trajectory_length,50000,16,50000,32,0.02,0.18,1,equilibrium,0.07549060421081759,0.08066535048038301,0.04864640404618645
multi_well,9,trajectory_length,50000,2,50000,32,0.02,0.18,1,equilibrium,0.029414343810754223,0.06774588440996643,0.0346673835814898
multi_well,9,trajectory_length,50000,4,50000,32,0.02,0.18,1,equilibrium,0.07528714833665984,0.15646653531499655,0.06136128744159996
multi_well,9,trajectory_length,50000,8,50000,32,0.02,0.18,1,equilibrium,0.1203807989180955,0.23572687318053737,0.08227111116542352
multi_well,9,trajectory_length,50000,16,50000,32,0.02,0.18,1,equilibrium,0.14566238124746742,0.3668418559075605,0.09798536950914818
ornstein_uhlenbeck,0,trajectory_length,200000,2,200000,32,0.02,0.18,1,equilibrium,0.02292061177304678,0.049627608116911914,0.0229675621329038
ornstein_uhlenbeck,0,trajectory_length,200000,4,200000,32,0.02,0.18,1,equilibrium,0.04396382686884976,0.10891314631382043,0.03670898960055962
ornstein_uhlenbeck,0,trajectory_length,200000,8,200000,32,0.02,0.18,1,equilibrium,0.0520925126577482,0.14621800732534868,0.042597103249968266
ornstein_uhlenbeck,0,trajectory_length,200000,16,200000,32,0.02,0.18,1,equilibrium,0.046699854326203244,0.13747412700669803,0.03686084863578052
double_well,0,trajectory_length,200000,2,200000,32,0.02,0.18,1,equilibrium,0.021307797662335363,0.04418845082850886,0.028250861206975734
double_well,0,trajectory_length,200000,4,200000,32,0.02,0.18,1,equilibrium,0.04609393978496721,0.07308042184008723,0.04026528171271132
double_well,0,trajectory_length,200000,8,200000,32,0.02,0.18,1,equilibrium,0.05998293804815526,0.06959212259063474,0.04077249473849876
double_well,0,trajectory_length,200000,16,200000,32,0.02,0.18,1,equilibrium,0.056014815572461824,0.06405860737364533,0.03706677539977557
multi_well,0,trajectory_length,200000,2,200000,32,0.02,0.18,1,equilibrium,0.023902271081232718,0.05897761188440087,0.03532245547253888
multi_well,0,trajectory_length,200000,4,200000,32,0.02,0.18,1,equilibrium,0.06694231124539592,0.1430283669884076,0.06671112908521559
multi_well,0,trajectory_length,200000,8,200000,32,0.02,0.18,1,equilibrium,0.1245823174543255,0.22536863242330085,0.09491049901912349
multi_well,0,trajectory_length,200000,16,200000,32,0.02,0.18,1,equilibrium,0.16856647518766932,0.3510265880562555,0.11038766537445904
ornstein_uhlenbeck,1,trajectory_length,200000,2,200000,32,0.02,0.18,1,equilibrium,0.022121575529485182,0.04773074868106231,0.022318541098372377
ornstein_uhlenbeck,1,trajectory_length,200000,4,200000,32,0.02,0.18,1,equilibrium,0.042946412677562225,0.10377539985751305,0.03651022286852827
ornstein_uhlenbeck,1,trajectory_length,200000,8,200000,32,0.02,0.18,1,equilibrium,0.05265862751434637,0.1508900959796612,0.04372168653534413
ornstein_uhlenbeck,1,trajectory_length,200000,16,200000,32,0.02,0.18,1,equilibrium,0.047972565668914564,0.14872986510477237,0.03883218271493182
double_well,1,trajectory_length,200000,2,200000,32,0.02,0.18,1,equilibrium,0.02212135540901062,0.047478109451414285,0.028349596510805958
double_well,1,trajectory_length,200000,4,200000,32,0.02,0.18,1,equilibrium,0.050250046773169,0.08050289348288375,0.04235272986013546
double_well,1,trajectory_length,200000,8,200000,32,0.02,0.18,1,equilibrium,0.069636841726148,0.09931049049294885,0.04615187503244952
double_well,1,trajectory_length,200000,16,200000,32,0.02,0.18,1,equilibrium,0.0636818457344696,0.0854657336657624,0.04207566624525714
multi_well,1,trajectory_length,200000,2,200000,32,0.02,0.18,1,equilibrium,0.0251834549711899,0.059833556862875725,0.03723966660767677
multi_well,1,trajectory_length,200000,4,200000,32,0.02,0.18,1,equilibrium,0.06702791728721239,0.14392174201341912,0.06879826988971093
multi_well,1,trajectory_length,200000,8,200000,32,0.02,0.18,1,equilibrium,0.11822901325817246,0.2211295219129581,0.09164965088484943
multi_well,1,trajectory_length,200000,16,200000,32,0.02,0.18,1,equilibrium,0.15368943857505885,0.3185523303127618,0.10021187814729282
ornstein_uhlenbeck,2,trajectory_length,200000,2,200000,32,0.02,0.18,1,equilibrium,0.023980694315516773,0.04885879024647133,0.022857807100304137
ornstein_uhlenbeck,2,trajectory_length,200000,4,200000,32,0.02,0.18,1,equilibrium,0.046728432793364964,0.11135338439703513,0.037894150179540544
ornstein_uhlenbeck,2,trajectory_length,200000,8,200000,32,0.02,0.18,1,equilibrium,0.05635879859747378,0.15612494189234433,0.04571692238119488
ornstein_uhlenbeck,2,trajectory_length,200000,16,200000,32,0.02,0.18,1,equilibrium,0.05408617086968547,0.1524259180932671,0.04160176071144781
double_well,2,trajectory_length,200000,2,200000,32,0.02,0.18,1,equilibrium,0.020414135990504678,0.04791089521079417,0.028575737148826816
double_well,2,trajectory_length,200000,4,200000,32,0.02,0.18,1,equilibrium,0.04649398672127235,0.08233902784293495,0.04207933541139456
double_well,2,trajectory_length,200000,8,200000,32,0.02,0.18,1,equilibrium,0.058228774697992244,0.07667927316441164,0.040112985293526214
double_well,2,trajectory_length,200000,16,200000,32,0.02,0.18,1,equilibrium,0.049127522198542786,0.04709845950636779,0.03346565768646016
multi_well,2,trajectory_length,200000,2,200000,32,0.02,0.18,1,equilibrium,0.0207381534571721,0.0604820333007311,0.03787700116079914
multi_well,2,trajectory_length,200000,4,200000,32,0.02,0.18,1,equilibrium,0.05728407797614045,0.14286670711572258,0.06928060747713533
multi_well,2,trajectory_length,200000,8,200000,32,0.02,0.18,1,equilibrium,0.10790215480028326,0.21221015687647166,0.09117968713358002
multi_well,2,trajectory_length,200000,16,200000,32,0.02,0.18,1,equilibrium,0.15791556533356146,0.26405769142484353,0.1018557180431379
ornstein_uhlenbeck,3,trajectory_length,200000,2,200000,32,0.02,0.18,1,equilibrium,0.02192876852114448,0.048722588745466644,0.021615113905240964
ornstein_uhlenbeck,3,trajectory_length,200000,4,200000,32,0.02,0.18,1,equilibrium,0.042271667608486885,0.10113840266851448,0.03560031240042159
ornstein_uhlenbeck,3,trajectory_length,200000,8,200000,32,0.02,0.18,1,equilibrium,0.04965669033593677,0.13388713265114233,0.04035586186608026
ornstein_uhlenbeck,3,trajectory_length,200000,16,200000,32,0.02,0.18,1,equilibrium,0.04758701516274418,0.12956554262947273,0.03742740231373456
double_well,3,trajectory_length,200000,2,200000,32,0.02,0.18,1,equilibrium,0.021423300009744253,0.04743480278742751,0.02753297341161066
double_well,3,trajectory_length,200000,4,200000,32,0.02,0.18,1,equilibrium,0.04739856057345719,0.08109429150745845,0.0406410296847792
double_well,3,trajectory_length,200000,8,200000,32,0.02,0.18,1,equilibrium,0.06094161710700395,0.0893696213983528,0.04175188420571014
double_well,3,trajectory_length,200000,16,200000,32,0.02,0.18,1,equilibrium,0.05729912172931348,0.06880210834726952,0.03756404033503835
multi_well,3,trajectory_length,200000,2,200000,32,0.02,0.18,1,equilibrium,0.02461726535807636,0.06037468588599082,0.0383726381137087
multi_well,3,trajectory_length,200000,4,200000,32,0.02,0.18,1,equilibrium,0.06702157266200784,0.1429638822316066,0.07098342508238488
multi_well,3,trajectory_length,200000,8,200000,32,0.02,0.18,1,equilibrium,0.12680267427872613,0.22017943268826035,0.10097703149484245
multi_well,3,trajectory_length,200000,16,200000,32,0.02,0.18,1,equilibrium,0.17898474862512836,0.3487215582011146,0.1193852143496499
ornstein_uhlenbeck,4,trajectory_length,200000,2,200000,32,0.02,0.18,1,equilibrium,0.022254005015734227,0.049344407070743834,0.022951542921935235
ornstein_uhlenbeck,4,trajectory_length,200000,4,200000,32,0.02,0.18,1,equilibrium,0.04221748769492094,0.10435392891972162,0.03632769602110097
ornstein_uhlenbeck,4,trajectory_length,200000,8,200000,32,0.02,0.18,1,equilibrium,0.04916695841720141,0.13576665039332014,0.041366029436658756
ornstein_uhlenbeck,4,trajectory_length,200000,16,200000,32,0.02,0.18,1,equilibrium,0.044988563646150864,0.1265409778923167,0.03689211524854976
double_well,4,trajectory_length,200000,2,200000,32,0.02,0.18,1,equilibrium,0.02019068250735901,0.049117717368811986,0.026966708769266354
double_well,4,trajectory_length,200000,4,200000,32,0.02,0.18,1,equilibrium,0.04470361532518837,0.07721593510204028,0.039654529511431565
double_well,4,trajectory_length,200000,8,200000,32,0.02,0.18,1,equilibrium,0.05667381820385672,0.08193059286065058,0.04055875776115658
double_well,4,trajectory_length,200000,16,200000,32,0.02,0.18,1,equilibrium,0.0473731937516253,0.059955570965025795,0.033334983969738566
multi_well,4,trajectory_length,200000,2,200000,32,0.02,0.18,1,equilibrium,0.022858911624525247,0.05929888809093353,0.037807820149204634
multi_well,4,trajectory_length,200000,4,200000,32,0.02,0.18,1,equilibrium,0.06465524749927012,0.1454473095033958,0.07246640918803901
multi_well,4,trajectory_length,200000,8,200000,32,0.02,0.18,1,equilibrium,0.12153552669674231,0.20944855128275386,0.09778766971724162
multi_well,4,trajectory_length,200000,16,200000,32,0.02,0.18,1,equilibrium,0.16492592411148582,0.3054546562320172,0.10675663524510771
ornstein_uhlenbeck,5,trajectory_length,200000,2,200000,32,0.02,0.18,1,equilibrium,0.022756522802400495,0.050051306650657934,0.022371068413388845
ornstein_uhlenbeck,5,trajectory_length,200000,4,200000,32,0.02,0.18,1,equilibrium,0.04475199944562208,0.10665717088964077,0.03703946031243429
ornstein_uhlenbeck,5,trajectory_length,200000,8,200000,32,0.02,0.18,1,equilibrium,0.05611566535692553,0.16486337027802,0.04701163680355307
ornstein_uhlenbeck,5,trajectory_length,200000,16,200000,32,0.02,0.18,1,equilibrium,0.05813300343290669,0.1865632588363151,0.047460984891403164
double_well,5,trajectory_length,200000,2,200000,32,0.02,0.18,1,equilibrium,0.0214853705870219,0.050389895308948995,0.028820471400224066
double_well,5,trajectory_length,200000,4,200000,32,0.02,0.18,1,equilibrium,0.046911011724664345,0.08219010839416646,0.041485205914324155
double_well,5,trajectory_length,200000,8,200000,32,0.02,0.18,1,equilibrium,0.05955105468569629,0.07324580767303529,0.040114826690469424
double_well,5,trajectory_length,200000,16,200000,32,0.02,0.18,1,equilibrium,0.05196378367559556,0.04471621588772831,0.03400647178283606
multi_well,5,trajectory_length,200000,2,200000,32,0.02,0.18,1,equilibrium,0.027997042453670587,0.06041702223557199,0.0373638999944652
multi_well,5,trajectory_length,200000,4,200000,32,0.02,0.18,1,equilibrium,0.07617446531696688,0.1457031327846242,0.07057431654754955
multi_well,5,trajectory_length,200000,8,200000,32,0.02,0.18,1,equilibrium,0.13674895916834734,0.21850334610624872,0.099377186310742
multi_well,5,trajectory_length,200000,16,200000,32,0.02,0.18,1,equilibrium,0.18346186621225596,0.2871359501380735,0.11580038225020553
ornstein_uhlenbeck,6,trajectory_length,200000,2,200000,32,0.02,0.18,1,equilibrium,0.022059292667046277,0.04975996336680155,0.0227334594760606
ornstein_uhlenbeck,6,trajectory_length,200000,4,200000,32,0.02,0.18,1,equilibrium,0.04243355391179543,0.10280435482424499,0.03621160795450375
ornstein_uhlenbeck,6,trajectory_length,200000,8,200000,32,0.02,0.18,1,equilibrium,0.05310077533160101,0.14871306904768045,0.04368576718658682
ornstein_uhlenbeck,6,trajectory_length,200000,16,200000,32,0.02,0.18,1,equilibrium,0.05136847015419289,0.15143900622212142,0.04166316205693957
double_well,6,trajectory_length,200000,2,200000,32,0.02,0.18,1,equilibrium,0.02101831151186888,0.047011107341950686,0.027124351300831087
double_well,6,trajectory_length,200000,4,200000,32,0.02,0.18,1,equilibrium,0.04745559268683014,0.08880655462062892,0.04129956925320509
double_well,6,trajectory_length,200000,8,200000,32,0.02,0.18,1,equilibrium,0.06136878989846014,0.08355622290330361,0.040657100845354274
double_well,6,trajectory_length,200000,16,200000,32,0.02,0.18,1,equilibrium,0.053325022101063796,0.0694673034703912,0.03408111229769633
multi_well,6,trajectory_length,200000,2,200000,32,0.02,0.18,1,equilibrium,0.02260717521553568,0.05904310810676283,0.038436520372666726
multi_well,6,trajectory_length,200000,4,200000,32,0.02,0.18,1,equilibrium,0.06170135663850872,0.13369273320596953,0.07015793820840074
multi_well,6,trajectory_length,200000,8,200000,32,0.02,0.18,1,equilibrium,0.10762932854897608,0.1904551645045019,0.08730829602388888
multi_well,6,trajectory_length,200000,16,200000,32,0.02,0.18,1,equilibrium,0.13043340698007636,0.1857053380587344,0.08328551790834289
ornstein_uhlenbeck,7,trajectory_length,200000,2,200000,32,0.02,0.18,1,equilibrium,0.024267478152986743,0.04957855925853094,0.024433549544619067
ornstein_uhlenbeck,7,trajectory_length,200000,4,200000,32,0.02,0.18,1,equilibrium,0.046531529770643926,0.11158300096553753,0.03846776534710598
ornstein_uhlenbeck,7,trajectory_length,200000,8,200000,32,0.02,0.18,1,equilibrium,0.058655785588529075,0.16988365266477296,0.04856781905145095
ornstein_uhlenbeck,7,trajectory_length,200000,16,200000,32,0.02,0.18,1,equilibrium,0.053135172410677195,0.17103002091308295,0.044421754318162254
double_well,7,trajectory_length,200000,2,200000,32,0.02,0.18,1,equilibrium,0.022489794807180573,0.05110938215603944,0.029248743979208475
double_well,7,trajectory_length,200000,4,200000,32,0.02,0.18,1,equilibrium,0.04892507732652761,0.07950632878847547,0.041432602234296415
double_well,7,trajectory_length,200000,8,200000,32,0.02,0.18,1,equilibrium,0.06364430620052014,0.08747824815338254,0.04314647767177828
double_well,7,trajectory_length,200000,16,200000,32,0.02,0.18,1,equilibrium,0.05684777097605336,0.0758441488096257,0.038949714759252727
multi_well,7,trajectory_length,200000,2,200000,32,0.02,0.18,1,equilibrium,0.027417002783350422,0.0690092584333859,0.036379017141953296
multi_well,7,trajectory_length,200000,4,200000,32,0.02,0.18,1,equilibrium,0.07355528665907353,0.12903816993910122,0.06751278225588589
multi_well,7,trajectory_length,200000,8,200000,32,0.02,0.18,1,equilibrium,0.12868910340445494,0.19748633560630025,0.09196997474618343
multi_well,7,trajectory_length,200000,16,200000,32,0.02,0.18,1,equilibrium,0.1628018278004342,0.253353795762549,0.10130759303088017
ornstein_uhlenbeck,8,trajectory_length,200000,2,200000,32,0.02,0.18,1,equilibrium,0.022759724020153745,0.0519615187608633,0.022542403249951864
ornstein_uhlenbeck,8,trajectory_length,200000,4,200000,32,0.02,0.18,1,equilibrium,0.0438912247677688,0.10767825903143424,0.03626986421621732
ornstein_uhlenbeck,8,trajectory_length,200000,8,200000,32,0.02,0.18,1,equilibrium,0.053205024018145156,0.14325440054665478,0.04307420651674751
ornstein_uhlenbeck,8,trajectory_length,200000,16,200000,32,0.02,0.18,1,equilibrium,0.050833573293583276,0.13704631706538872,0.0386351957084054
double_well,8,trajectory_length,200000,2,200000,32,0.02,0.18,1,equilibrium,0.021296196359720167,0.048949923196806466,0.029054438719886805
double_well,8,trajectory_length,200000,4,200000,32,0.02,0.18,1,equilibrium,0.04622029625067388,0.07560826017384747,0.04088942988744078
double_well,8,trajectory_length,200000,8,200000,32,0.02,0.18,1,equilibrium,0.05953619294899375,0.07789011558095399,0.03986430279482436
double_well,8,trajectory_length,200000,16,200000,32,0.02,0.18,1,equilibrium,0.05435253352446757,0.057393250584414135,0.03543489106873561
multi_well,8,trajectory_length,200000,2,200000,32,0.02,0.18,1,equilibrium,0.024943746348019824,0.058168114324435416,0.036243639869295435
multi_well,8,trajectory_length,200000,4,200000,32,0.02,0.18,1,equilibrium,0.07036263813840762,0.14336797014050706,0.07382387094740343
multi_well,8,trajectory_length,200000,8,200000,32,0.02,0.18,1,equilibrium,0.12780479066529726,0.22561629237066572,0.09912647537812914
multi_well,8,trajectory_length,200000,16,200000,32,0.02,0.18,1,equilibrium,0.1702252523705502,0.34581899700641033,0.11375202598557523
ornstein_uhlenbeck,9,trajectory_length,200000,2,200000,32,0.02,0.18,1,equilibrium,0.025577421784322853,0.053704438248476594,0.023894703161436083
ornstein_uhlenbeck,9,trajectory_length,200000,4,200000,32,0.02,0.18,1,equilibrium,0.05132372148222854,0.11721755244370347,0.04071598274374548
ornstein_uhlenbeck,9,trajectory_length,200000,8,200000,32,0.02,0.18,1,equilibrium,0.05859352219691291,0.15849232545019076,0.046449577222839426
ornstein_uhlenbeck,9,trajectory_length,200000,16,200000,32,0.02,0.18,1,equilibrium,0.05511962767980631,0.14900174220822862,0.04218189150309053
double_well,9,trajectory_length,200000,2,200000,32,0.02,0.18,1,equilibrium,0.02081537366579815,0.04561084182316083,0.02820829694238421
double_well,9,trajectory_length,200000,4,200000,32,0.02,0.18,1,equilibrium,0.0469971234543448,0.08363272411367884,0.04103845500842659
double_well,9,trajectory_length,200000,8,200000,32,0.02,0.18,1,equilibrium,0.05869177160089591,0.08285254727521163,0.03927397567880736
double_well,9,trajectory_length,200000,16,200000,32,0.02,0.18,1,equilibrium,0.05136459201658815,0.05122377125016053,0.03344582693627358
multi_well,9,trajectory_length,200000,2,200000,32,0.02,0.18,1,equilibrium,0.023388101871430395,0.056047007034320195,0.03678693322391035
multi_well,9,trajectory_length,200000,4,200000,32,0.02,0.18,1,equilibrium,0.06299460713947433,0.1257449898598002,0.06621277170865157
multi_well,9,trajectory_length,200000,8,200000,32,0.02,0.18,1,equilibrium,0.10827248178927357,0.19494285193173205,0.083534183042788
multi_well,9,trajectory_length,200000,16,200000,32,0.02,0.18,1,equilibrium,0.13306221908088284,0.26243625383747154,0.0861832095773091
ornstein_uhlenbeck,0,sampling_step,0.01,2,100000,32,0.01,0.18,1,equilibrium,0.024427209508113328,0.04928852811517598,0.025128753427992836
ornstein_uhlenbeck,0,sampling_step,0.01,4,100000,32,0.01,0.18,1,equilibrium,0.05448658454295015,0.10362630075446877,0.04224165220114539
ornstein_uhlenbeck,0,sampling_step,0.01,8,100000,32,0.01,0.18,1,equilibrium,0.08168310120898942,0.1818275379458404,0.05908220769580755
ornstein_uhlenbeck,0,sampling_step,0.01,16,100000,32,0.01,0.18,1,equilibrium,0.08675591466846079,0.21712202505861022,0.0624847623692928
double_well,0,sampling_step,0.01,2,100000,32,0.01,0.18,1,equilibrium,0.022132137257956805,0.05509669264990369,0.03752118742146503
double_well,0,sampling_step,0.01,4,100000,32,0.01,0.18,1,equilibrium,0.05694373365264387,0.11226080958639706,0.060800936597322094
double_well,0,sampling_step,0.01,8,100000,32,0.01,0.18,1,equilibrium,0.09388298836125421,0.118196720768115,0.06991585223860862
double_well,0,sampling_step,0.01,16,100000,32,0.01,0.18,1,equilibrium,0.10699370890642931,0.12061151907538092,0.0652959588572658
multi_well,0,sampling_step,0.01,2,100000,32,0.01,0.18,1,equilibrium,0.02627383553299875,0.06727288833010536,0.04454112524294344
multi_well,0,sampling_step,0.01,4,100000,32,0.01,0.18,1,equilibrium,0.07212267057276127,0.13911014123678045,0.08107098438092551
multi_well,0,sampling_step,0.01,8,100000,32,0.01,0.18,1,equilibrium,0.1350653215540844,0.23257812780398374,0.11147722773601886
multi_well,0,sampling_step,0.01,16,100000,32,0.01,0.18,1,equilibrium,0.18822178849775012,0.28719140865604836,0.12240425856949144
ornstein_uhlenbeck,1,sampling_step,0.01,2,100000,32,0.01,0.18,1,equilibrium,0.025989655013717312,0.05772338039439118,0.02807236369823666
ornstein_uhlenbeck,1,sampling_step,0.01,4,100000,32,0.01,0.18,1,equilibrium,0.059391476286990055,0.11221432852953084,0.049068098023385444
ornstein_uhlenbeck,1,sampling_step,0.01,8,100000,32,0.01,0.18,1,equilibrium,0.08420926655351586,0.1829652778989283,0.06131668611140794
ornstein_uhlenbeck,1,sampling_step,0.01,16,100000,32,0.01,0.18,1,equilibrium,0.094607886821577,0.2296309649593895,0.06923202761169797
double_well,1,sampling_step,0.01,2,100000,32,0.01,0.18,1,equilibrium,0.02210800105168864,0.053312177064701594,0.03550839223494122
double_well,1,sampling_step,0.01,4,100000,32,0.01,0.18,1,equilibrium,0.05723877147703119,0.10338548107493117,0.0577697618667816
double_well,1,sampling_step,0.01,8,100000,32,0.01,0.18,1,equilibrium,0.09586702928606593,0.12408608926305964,0.07014653087058906
double_well,1,sampling_step,0.01,16,100000,32,0.01,0.18,1,equilibrium,0.11119598647074844,0.1106299781346371,0.06884684120669166
multi_well,1,sampling_step,0.01,2,100000,32,0.01,0.18,1,equilibrium,0.01689997924956617,0.05716782013398458,0.04167487526071705
multi_well,1,sampling_step,0.01,4,100000,32,0.01,0.18,1,equilibrium,0.0505319932508619,0.13435896314222773,0.08770010081995587
multi_well,1,sampling_step,0.01,8,100000,32,0.01,0.18,1,equilibrium,0.11004762594124813,0.2350222715339798,0.13382411536429079
multi_well,1,sampling_step,0.01,16,100000,32,0.01,0.18,1,equilibrium,0.18781016586719373,0.2922502179046637,0.15843422042559252
ornstein_uhlenbeck,2,sampling_step,0.01,2,100000,32,0.01,0.18,1,equilibrium,0.025400305263561344,0.05428337735436051,0.02746208578508716
ornstein_uhlenbeck,2,sampling_step,0.01,4,100000,32,0.01,0.18,1,equilibrium,0.06091081589951024,0.11824411932350032,0.04966437342968078
ornstein_uhlenbeck,2,sampling_step,0.01,8,100000,32,0.01,0.18,1,equilibrium,0.08666252686441242,0.19063297552671749,0.06440945830178556
ornstein_uhlenbeck,2,sampling_step,0.01,16,100000,32,0.01,0.18,1,equilibrium,0.09605394269410841,0.2393675551837418,0.06950149982209354
double_well,2,sampling_step,0.01,2,100000,32,0.01,0.18,1,equilibrium,0.02146416426495068,0.05581724827469792,0.037080033508922965
double_well,2,sampling_step,0.01,4,100000,32,0.01,0.18,1,equilibrium,0.055025055536913704,0.1016196460142409,0.061574094568410065
double_well,2,sampling_step,0.01,8,100000,32,0.01,0.18,1,equilibrium,0.09099632145837039,0.13159874776066038,0.06862712400702829
double_well,2,sampling_step,0.01,16,100000,32,0.01,0.18,1,equilibrium,0.10561349818427629,0.11127818646573168,0.06364238260008515
multi_well,2,sampling_step,0.01,2,100000,32,0.01,0.18,1,equilibrium,0.01833377154185359,0.05975645214309866,0.042064013161691456
multi_well,2,sampling_step,0.01,4,100000,32,0.01,0.18,1,equilibrium,0.05537099993399644,0.14107081815453526,0.08197571962646996
multi_well,2,sampling_step,0.01,8,100000,32,0.01,0.18,1,equilibrium,0.11475762965916395,0.23885550060361815,0.11519675057005002
multi_well,2,sampling_step,0.01,16,100000,32,0.01,0.18,1,equilibrium,0.18642787325496424,0.29921019735388754,0.13571662181962937
ornstein_uhlenbeck,3,sampling_step,0.01,2,100000,32,0.01,0.18,1,equilibrium,0.023974508592733187,0.06215599860264931,0.028915937830339467
ornstein_uhlenbeck,3,sampling_step,0.01,4,100000,32,0.01,0.18,1,equilibrium,0.0588419312386711,0.11425597740453641,0.048167873118499925
ornstein_uhlenbeck,3,sampling_step,0.01,8,100000,32,0.01,0.18,1,equilibrium,0.08901985472576987,0.19921676835678243,0.06578007103336558
ornstein_uhlenbeck,3,sampling_step,0.01,16,100000,32,0.01,0.18,1,equilibrium,0.09239030551585273,0.2373312791367833,0.06761954338828376
double_well,3,sampling_step,0.01,2,100000,32,0.01,0.18,1,equilibrium,0.0221815287182362,0.05561766983245309,0.03696693121434753
double_well,3,sampling_step,0.01,4,100000,32,0.01,0.18,1,equilibrium,0.058097629092788115,0.10704022907794741,0.06213163750880736
double_well,3,sampling_step,0.01,8,100000,32,0.01,0.18,1,equilibrium,0.09907762916940083,0.14911185435873636,0.07303072471103336
double_well,3,sampling_step,0.01,16,100000,32,0.01,0.18,1,equilibrium,0.11698270414838209,0.15435913591054354,0.06956302148306936
multi_well,3,sampling_step,0.01,2,100000,32,0.01,0.18,1,equilibrium,0.015929673712410386,0.056861189263437695,0.04135025626052128
multi_well,3,sampling_step,0.01,4,100000,32,0.01,0.18,1,equilibrium,0.047023404781748726,0.13043354718906108,0.07911497027070181
multi_well,3,sampling_step,0.01,8,100000,32,0.01,0.18,1,equilibrium,0.09797276095363033,0.23565042694289945,0.10774332982335735
multi_well,3,sampling_step,0.01,16,100000,32,0.01,0.18,1,equilibrium,0.1550900260901762,0.30565353835323655,0.1172255215705603
ornstein_uhlenbeck,4,sampling_step,0.01,2,100000,32,0.01,0.18,1,equilibrium,0.024458069358795125,0.060454416391966526,0.028269156987677253
ornstein_uhlenbeck,4,sampling_step,0.01,4,100000,32,0.01,0.18,1,equilibrium,0.056854761422247865,0.11386816805589706,0.04670130584293643
ornstein_uhlenbeck,4,sampling_step,0.01,8,100000,32,0.01,0.18,1,equilibrium,0.08044900329503002,0.18276803316524354,0.060082560661783496
ornstein_uhlenbeck,4,sampling_step,0.01,16,100000,32,0.01,0.18,1,equilibrium,0.08532021816824563,0.21494080364177354,0.0633193827005895
double_well,4,sampling_step,0.01,2,100000,32,0.01,0.18,1,equilibrium,0.021590387288073568,0.06296580977095168,0.03797158604209404
double_well,4,sampling_step,0.01,4,100000,32,0.01,0.18,1,equilibrium,0.05620810856207556,0.12491902286663131,0.061718306233061494
double_well,4,sampling_step,0.01,8,100000,32,0.01,0.18,1,equilibrium,0.0931942913487287,0.15581314733006735,0.07103562337878166
double_well,4,sampling_step,0.01,16,100000,32,0.01,0.18,1,equilibrium,0.1070468011602169,0.1231219102183791,0.06723316041602527
multi_well,4,sampling_step,0.01,2,100000,32,0.01,0.18,1,equilibrium,0.019490348178841974,0.059621780777555644,0.03918191004838576
multi_well,4,sampling_step,0.01,4,100000,32,0.01,0.18,1,equilibrium,0.059355000412069675,0.1403065283378987,0.08113138940802068
multi_well,4,sampling_step,0.01,8,100000,32,0.01,0.18,1,equilibrium,0.12455099812698382,0.24666555301942272,0.12042878012082217
multi_well,4,sampling_step,0.01,16,100000,32,0.01,0.18,1,equilibrium,0.19032583483815554,0.29301862303705023,0.13432951317098352
ornstein_uhlenbeck,5,sampling_step,0.01,2,100000,32,0.01,0.18,1,equilibrium,0.02461016303968594,0.051819770367627194,0.026493786037112967
ornstein_uhlenbeck,5,sampling_step,0.01,4,100000,32,0.01,0.18,1,equilibrium,0.05736984723441774,0.11335535769471417,0.04620348850831801
ornstein_uhlenbeck,5,sampling_step,0.01,8,100000,32,0.01,0.18,1,equilibrium,0.08296944334040465,0.19533204890876515,0.06252482215565665
ornstein_uhlenbeck,5,sampling_step,0.01,16,100000,32,0.01,0.18,1,equilibrium,0.08574577858613822,0.22259157754666736,0.06474465977479647
double_well,5,sampling_step,0.01,2,100000,32,0.01,0.18,1,equilibrium,0.02190620635187085,0.06255961756531225,0.037182597233141615
double_well,5,sampling_step,0.01,4,100000,32,0.01,0.18,1,equilibrium,0.054734014836034246,0.1168801108476678,0.06153926614988005
double_well,5,sampling_step,0.01,8,100000,32,0.01,0.18,1,equilibrium,0.0894055703995092,0.13897385016681313,0.07052291569981689
double_well,5,sampling_step,0.01,16,100000,32,0.01,0.18,1,equilibrium,0.10169345336464637,0.11975369007383746,0.0661916401197798
multi_well,5,sampling_step,0.01,2,100000,32,0.01,0.18,1,equilibrium,0.02109423989689914,0.0631902406423066,0.03896511269443193
multi_well,5,sampling_step,0.01,4,100000,32,0.01,0.18,1,equilibrium,0.062325759868930436,0.14868899579193828,0.0774980904825216
multi_well,5,sampling_step,0.01,8,100000,32,0.01,0.18,1,equilibrium,0.12327480082963585,0.24752931891015456,0.10648421372752012
multi_well,5,sampling_step,0.01,16,100000,32,0.01,0.18,1,equilibrium,0.18603444164057908,0.3361270126873473,0.12450583348721442
ornstein_uhlenbeck,6,sampling_step,0.01,2,100000,32,0.01,0.18,1,equilibrium,0.023641811251976598,0.049818076956191226,0.025367021699703354
ornstein_uhlenbeck,6,sampling_step,0.01,4,100000,32,0.01,0.18,1,equilibrium,0.052655654709225286,0.09868279761743615,0.04163875557357384
ornstein_uhlenbeck,6,sampling_step,0.01,8,100000,32,0.01,0.18,1,equilibrium,0.07957955289431995,0.17378168326096177,0.055598631700754304
ornstein_uhlenbeck,6,sampling_step,0.01,16,100000,32,0.01,0.18,1,equilibrium,0.08684487208996038,0.22542988561776228,0.06114059948524732
double_well,6,sampling_step,0.01,2,100000,32,0.01,0.18,1,equilibrium,0.023536809695536634,0.06050270643049549,0.03830593491810557
double_well,6,sampling_step,0.01,4,100000,32,0.01,0.18,1,equilibrium,0.060827903543380246,0.12104952736108182,0.06323381572655551
double_well,6,sampling_step,0.01,8,100000,32,0.01,0.18,1,equilibrium,0.1014430326145988,0.15898591842330417,0.07451617163460415
double_well,6,sampling_step,0.01,16,100000,32,0.01,0.18,1,equilibrium,0.11877666835974213,0.14005795828885811,0.07330895497862279
multi_well,6,sampling_step,0.01,2,100000,32,0.01,0.18,1,equilibrium,0.017479282349840003,0.06473878196222854,0.04376945922115128
multi_well,6,sampling_step,0.01,4,100000,32,0.01,0.18,1,equilibrium,0.05169663491305451,0.14738946440474132,0.08620490668188374
multi_well,6,sampling_step,0.01,8,100000,32,0.01,0.18,1,equilibrium,0.10585681048705546,0.24155275454366382,0.12459160827185016
multi_well,6,sampling_step,0.01,16,100000,32,0.01,0.18,1,equilibrium,0.172948587781328,0.29888785245738114,0.14072163179072322
ornstein_uhlenbeck,7,sampling_step,0.01,2,100000,32,0.01,0.18,1,equilibrium,0.02511041009766169,0.06416490477439118,0.028484063858569764
ornstein_uhlenbeck,7,sampling_step,0.01,4,100000,32,0.01,0.18,1,equilibrium,0.06067770099752866,0.12041990287933613,0.05063231205519841
ornstein_uhlenbeck,7,sampling_step,0.01,8,100000,32,0.01,0.18,1,equilibrium,0.08570337416266924,0.18822803721310483,0.06329818499556743
ornstein_uhlenbeck,7,sampling_step,0.01,16,100000,32,0.01,0.18,1,equilibrium,0.08488963828714266,0.20859215401859732,0.06233476795909695
double_well,7,sampling_step,0.01,2,100000,32,0.01,0.18,1,equilibrium,0.022864413619679044,0.06055975795280821,0.0382822264178302
double_well,7,sampling_step,0.01,4,100000,32,0.01,0.18,1,equilibrium,0.05897136881308279,0.1285019361982347,0.06531557017267273
double_well,7,sampling_step,0.01,8,100000,32,0.01,0.18,1,equilibrium,0.09693902243312591,0.15849127265856622,0.07497047812147592
double_well,7,sampling_step,0.01,16,100000,32,0.01,0.18,1,equilibrium,0.10880346945811398,0.13191308525982542,0.06812612780867629
multi_well,7,sampling_step,0.01,2,100000,32,0.01,0.18,1,equilibrium,0.015453438554984128,0.061755292978418586,0.04358793581019396
multi_well,7,sampling_step,0.01,4,100000,32,0.01,0.18,1,equilibrium,0.04399162724594284,0.12799389714274423,0.0776328555698151
multi_well,7,sampling_step,0.01,8,100000,32,0.01,0.18,1,equilibrium,0.08847343675895421,0.19570973552432663,0.1029573378737529
multi_well,7,sampling_step,0.01,16,100000,32,0.01,0.18,1,equilibrium,0.1387768885969478,0.22962249306158405,0.10751104070273108
ornstein_uhlenbeck,8,sampling_step,0.01,2,100000,32,0.01,0.18,1,equilibrium,0.026345586526891736,0.061201485701109615,0.030166674221659005
ornstein_uhlenbeck,8,sampling_step,0.01,4,100000,32,0.01,0.18,1,equilibrium,0.0602375815742193,0.12427237265076774,0.04882991492477045
ornstein_uhlenbeck,8,sampling_step,0.01,8,100000,32,0.01,0.18,1,equilibrium,0.0837402140215409,0.19496260999434128,0.0611488002857707
ornstein_uhlenbeck,8,sampling_step,0.01,16,100000,32,0.01,0.18,1,equilibrium,0.08601351761437853,0.24887462246342656,0.0639858975422663
double_well,8,sampling_step,0.01,2,100000,32,0.01,0.18,1,equilibrium,0.022984632869694835,0.06603008204314975,0.0378976492017947
double_well,8,sampling_step,0.01,4,100000,32,0.01,0.18,1,equilibrium,0.05939704634636088,0.11842162071634188,0.06394908652963871
double_well,8,sampling_step,0.01,8,100000,32,0.01,0.18,1,equilibrium,0.10024180767280876,0.14907786475256862,0.07412152136225444
double_well,8,sampling_step,0.01,16,100000,32,0.01,0.18,1,equilibrium,0.11166063534323376,0.12163443107090655,0.06903941209430965
multi_well,8,sampling_step,0.01,2,100000,32,0.01,0.18,1,equilibrium,0.022460088046569918,0.06013798419043437,0.042886860394220634
multi_well,8,sampling_step,0.01,4,100000,32,0.01,0.18,1,equilibrium,0.0652096443944723,0.14447583463366676,0.08168818143427739
multi_well,8,sampling_step,0.01,8,100000,32,0.01,0.18,1,equilibrium,0.13009304412405748,0.24322174077632092,0.11486354880917829
multi_well,8,sampling_step,0.01,16,100000,32,0.01,0.18,1,equilibrium,0.19693815011489568,0.29819772938251,0.13426398940339457
ornstein_uhlenbeck,9,sampling_step,0.01,2,100000,32,0.01,0.18,1,equilibrium,0.022591032520530914,0.04513526762107262,0.02571340551832702
ornstein_uhlenbeck,9,sampling_step,0.01,4,100000,32,0.01,0.18,1,equilibrium,0.05189435323293357,0.1010076941409831,0.04223881080235939
ornstein_uhlenbeck,9,sampling_step,0.01,8,100000,32,0.01,0.18,1,equilibrium,0.0721057549605788,0.15736809820249476,0.052406610458191304
ornstein_uhlenbeck,9,sampling_step,0.01,16,100000,32,0.01,0.18,1,equilibrium,0.07900199366011934,0.21799107473408302,0.05881664758368235
double_well,9,sampling_step,0.01,2,100000,32,0.01,0.18,1,equilibrium,0.024611951964497156,0.06490647268674088,0.0390132307904633
double_well,9,sampling_step,0.01,4,100000,32,0.01,0.18,1,equilibrium,0.06511258087914028,0.13978767778615103,0.06864650286980678
double_well,9,sampling_step,0.01,8,100000,32,0.01,0.18,1,equilibrium,0.10988372919462051,0.17411863439658415,0.08138320256555479
double_well,9,sampling_step,0.01,16,100000,32,0.01,0.18,1,equilibrium,0.12570701127709472,0.1519789626641641,0.07709895390316722
multi_well,9,sampling_step,0.01,2,100000,32,0.01,0.18,1,equilibrium,0.02475346793401423,0.05389980774452452,0.035491763872638075
multi_well,9,sampling_step,0.01,4,100000,32,0.01,0.18,1,equilibrium,0.06816331585003618,0.13831324427056924,0.0705260821937913
multi_well,9,sampling_step,0.01,8,100000,32,0.01,0.18,1,equilibrium,0.12442513193077967,0.23841313076612936,0.09840046314551269
multi_well,9,sampling_step,0.01,16,100000,32,0.01,0.18,1,equilibrium,0.1750116342917047,0.30643061613046807,0.11405771426348289
ornstein_uhlenbeck,0,sampling_step,0.05,2,100000,32,0.05,0.18,1,equilibrium,0.024741875664578743,0.059466304401050385,0.02610249886187943
ornstein_uhlenbeck,0,sampling_step,0.05,4,100000,32,0.05,0.18,1,equilibrium,0.04044216237940793,0.10431558635847876,0.03440510940412543
ornstein_uhlenbeck,0,sampling_step,0.05,8,100000,32,0.05,0.18,1,equilibrium,0.0441355506859078,0.10854433884916861,0.033155912365244365
ornstein_uhlenbeck,0,sampling_step,0.05,16,100000,32,0.05,0.18,1,equilibrium,0.03702804303047427,0.0596064850303607,0.025726581267049874
double_well,0,sampling_step,0.05,2,100000,32,0.05,0.18,1,equilibrium,0.016086716544402767,0.042717199982603815,0.020247733287660597
double_well,0,sampling_step,0.05,4,100000,32,0.05,0.18,1,equilibrium,0.025587286225941863,0.05010157727576914,0.022801709507817913
double_well,0,sampling_step,0.05,8,100000,32,0.05,0.18,1,equilibrium,0.0319966725224382,0.03098208324344745,0.023933364545941093
double_well,0,sampling_step,0.05,16,100000,32,0.05,0.18,1,equilibrium,0.03190160436740596,0.031766689074323326,0.022962577890618556
multi_well,0,sampling_step,0.05,2,100000,32,0.05,0.18,1,equilibrium,0.02526433978519512,0.058178264407118596,0.03125837573452805
multi_well,0,sampling_step,0.05,4,100000,32,0.05,0.18,1,equilibrium,0.06089438224368919,0.11771949615019117,0.04923095119086552
multi_well,0,sampling_step,0.05,8,100000,32,0.05,0.18,1,equilibrium,0.09206919009500622,0.132402857882818,0.05852016439036896
multi_well,0,sampling_step,0.05,16,100000,32,0.05,0.18,1,equilibrium,0.11189182465649715,0.24886904111154873,0.07304732083168751
ornstein_uhlenbeck,1,sampling_step,0.05,2,100000,32,0.05,0.18,1,equilibrium,0.021607756880324697,0.05283243488868128,0.023101060164133644
ornstein_uhlenbeck,1,sampling_step,0.05,4,100000,32,0.05,0.18,1,equilibrium,0.03244347297695831,0.08036166051368554,0.028068880958929503
ornstein_uhlenbeck,1,sampling_step,0.05,8,100000,32,0.05,0.18,1,equilibrium,0.036498333416462754,0.087554585387953,0.02887024447798168
ornstein_uhlenbeck,1,sampling_step,0.05,16,100000,32,0.05,0.18,1,equilibrium,0.031613531331262455,0.05703342090756605,0.02269123612385706
double_well,1,sampling_step,0.05,2,100000,32,0.05,0.18,1,equilibrium,0.018473245103616982,0.035550510002918756,0.019610891923050513
double_well,1,sampling_step,0.05,4,100000,32,0.05,0.18,1,equilibrium,0.028499682097643326,0.03830088863896419,0.02276655923969836
double_well,1,sampling_step,0.05,8,100000,32,0.05,0.18,1,equilibrium,0.030242129498465543,0.019593190952939904,0.021954784174568278
double_well,1,sampling_step,0.05,16,100000,32,0.05,0.18,1,equilibrium,0.03133943285813934,0.01913365200234976,0.022616368170581377
multi_well,1,sampling_step,0.05,2,100000,32,0.05,0.18,1,equilibrium,0.02988783042662222,0.05873451674966934,0.0345513075190611
multi_well,1,sampling_step,0.05,4,100000,32,0.05,0.18,1,equilibrium,0.07612130026022162,0.14131037554062498,0.06092648400332058
multi_well,1,sampling_step,0.05,8,100000,32,0.05,0.18,1,equilibrium,0.12248703914515122,0.2221090331711844,0.0820122912383412
multi_well,1,sampling_step,0.05,16,100000,32,0.05,0.18,1,equilibrium,0.15783479284677082,0.3779038505353979,0.10888008650823443
ornstein_uhlenbeck,2,sampling_step,0.05,2,100000,32,0.05,0.18,1,equilibrium,0.019936686222404243,0.04954413824127624,0.022665969745899843
ornstein_uhlenbeck,2,sampling_step,0.05,4,100000,32,0.05,0.18,1,equilibrium,0.033782428829104594,0.0984701608516001,0.03172794755694478
ornstein_uhlenbeck,2,sampling_step,0.05,8,100000,32,0.05,0.18,1,equilibrium,0.03712349224943437,0.10723268906241304,0.030434717900535327
ornstein_uhlenbeck,2,sampling_step,0.05,16,100000,32,0.05,0.18,1,equilibrium,0.033914025191864386,0.08871597609072751,0.02542817557768331
double_well,2,sampling_step,0.05,2,100000,32,0.05,0.18,1,equilibrium,0.01746740296620617,0.033463140237525946,0.019849534759090376
double_well,2,sampling_step,0.05,4,100000,32,0.05,0.18,1,equilibrium,0.0274327310384265,0.04011926720503442,0.023139209353494304
double_well,2,sampling_step,0.05,8,100000,32,0.05,0.18,1,equilibrium,0.02831842040101556,0.031910612444126824,0.021840708294160568
double_well,2,sampling_step,0.05,16,100000,32,0.05,0.18,1,equilibrium,0.029623064253184343,0.02378839667138291,0.022364325873203465
multi_well,2,sampling_step,0.05,2,100000,32,0.05,0.18,1,equilibrium,0.024898590436463953,0.06054549507223028,0.03415833526009539
multi_well,2,sampling_step,0.05,4,100000,32,0.05,0.18,1,equilibrium,0.06811271452140921,0.1599683482838199,0.062274230248122224
multi_well,2,sampling_step,0.05,8,100000,32,0.05,0.18,1,equilibrium,0.10841096080835572,0.2867539846249449,0.08067271258718547
multi_well,2,sampling_step,0.05,16,100000,32,0.05,0.18,1,equilibrium,0.1273579714776645,0.4000504332723639,0.09520945872425067
ornstein_uhlenbeck,3,sampling_step,0.05,2,100000,32,0.05,0.18,1,equilibrium,0.020662518119581197,0.05027622105590801,0.021379485097989457
ornstein_uhlenbeck,3,sampling_step,0.05,4,100000,32,0.05,0.18,1,equilibrium,0.03605554174235238,0.09484780427317296,0.02951858476361649
ornstein_uhlenbeck,3,sampling_step,0.05,8,100000,32,0.05,0.18,1,equilibrium,0.04204258319143751,0.1066933336448562,0.03183526596977352
ornstein_uhlenbeck,3,sampling_step,0.05,16,100000,32,0.05,0.18,1,equilibrium,0.03474447773927452,0.06462386325209203,0.024852668676134095
double_well,3,sampling_step,0.05,2,100000,32,0.05,0.18,1,equilibrium,0.019052626725896523,0.037262975995344616,0.021510129443969243
double_well,3,sampling_step,0.05,4,100000,32,0.05,0.18,1,equilibrium,0.028588339113282322,0.042045663355816276,0.023171955690856637
double_well,3,sampling_step,0.05,8,100000,32,0.05,0.18,1,equilibrium,0.03005865460993064,0.025849045070254317,0.023287971546665513
double_well,3,sampling_step,0.05,16,100000,32,0.05,0.18,1,equilibrium,0.03228941793593025,0.02240449799195976,0.022537994482629997
multi_well,3,sampling_step,0.05,2,100000,32,0.05,0.18,1,equilibrium,0.03478092547097306,0.07394160002217309,0.037694605097662794
multi_well,3,sampling_step,0.05,4,100000,32,0.05,0.18,1,equilibrium,0.07802215514861868,0.1389352357283578,0.06078592599421092
multi_well,3,sampling_step,0.05,8,100000,32,0.05,0.18,1,equilibrium,0.10884246346505301,0.17651697921475934,0.07101614194807122
multi_well,3,sampling_step,0.05,16,100000,32,0.05,0.18,1,equilibrium,0.11326078517048647,0.19085110259763835,0.07082002345521372
ornstein_uhlenbeck,4,sampling_step,0.05,2,100000,32,0.05,0.18,1,equilibrium,0.02121468206490609,0.054021039741046994,0.023299960909977685
ornstein_uhlenbeck,4,sampling_step,0.05,4,100000,32,0.05,0.18,1,equilibrium,0.033514765272873934,0.08188973482464507,0.028487762160683803
ornstein_uhlenbeck,4,sampling_step,0.05,8,100000,32,0.05,0.18,1,equilibrium,0.03652596391499728,0.08380853958309928,0.02720528374408721
ornstein_uhlenbeck,4,sampling_step,0.05,16,100000,32,0.05,0.18,1,equilibrium,0.03467828279942309,0.050805484416998725,0.023495505615631407
double_well,4,sampling_step,0.05,2,100000,32,0.05,0.18,1,equilibrium,0.019222642118190986,0.03656093197810345,0.021416522965574263
double_well,4,sampling_step,0.05,4,100000,32,0.05,0.18,1,equilibrium,0.02932273156761367,0.046057005109148924,0.024742192220300264
double_well,4,sampling_step,0.05,8,100000,32,0.05,0.18,1,equilibrium,0.02995989244556383,0.028666861828851004,0.022876573989485796
double_well,4,sampling_step,0.05,16,100000,32,0.05,0.18,1,equilibrium,0.03327100585219329,0.028830487085198434,0.023625543160923877
multi_well,4,sampling_step,0.05,2,100000,32,0.05,0.18,1,equilibrium,0.03420842324908451,0.06602715305874551,0.0344359111387927
multi_well,4,sampling_step,0.05,4,100000,32,0.05,0.18,1,equilibrium,0.08463554438565335,0.14618545809003924,0.06351170755346894
multi_well,4,sampling_step,0.05,8,100000,32,0.05,0.18,1,equilibrium,0.1233878595127124,0.26797020573546176,0.08277184394937154
multi_well,4,sampling_step,0.05,16,100000,32,0.05,0.18,1,equilibrium,0.13214204569120505,0.3901606804516156,0.09901887133868027
ornstein_uhlenbeck,5,sampling_step,0.05,2,100000,32,0.05,0.18,1,equilibrium,0.020370721021785332,0.04990436035890089,0.022179767709268938
ornstein_uhlenbeck,5,sampling_step,0.05,4,100000,32,0.05,0.18,1,equilibrium,0.036882063101368344,0.09500001592688045,0.030769859918496158
ornstein_uhlenbeck,5,sampling_step,0.05,8,100000,32,0.05,0.18,1,equilibrium,0.04223108326651938,0.10665133368085725,0.03186673368753725
ornstein_uhlenbeck,5,sampling_step,0.05,16,100000,32,0.05,0.18,1,equilibrium,0.0349938137494936,0.062348158607147514,0.024731535120245368
double_well,5,sampling_step,0.05,2,100000,32,0.05,0.18,1,equilibrium,0.018392126001644363,0.04049402441133193,0.020779224011397465
double_well,5,sampling_step,0.05,4,100000,32,0.05,0.18,1,equilibrium,0.027332178448976147,0.040434679502337395,0.022745461215264867
double_well,5,sampling_step,0.05,8,100000,32,0.05,0.18,1,equilibrium,0.030635454424882795,0.033831581813837275,0.022673758177108243
double_well,5,sampling_step,0.05,16,100000,32,0.05,0.18,1,equilibrium,0.03300843611144019,0.01987371434981232,0.022317620139218317
multi_well,5,sampling_step,0.05,2,100000,32,0.05,0.18,1,equilibrium,0.028874669342911788,0.06657522971439322,0.03501496291154733
multi_well,5,sampling_step,0.05,4,100000,32,0.05,0.18,1,equilibrium,0.07655611533381085,0.13395600160713073,0.06273826514472867
multi_well,5,sampling_step,0.05,8,100000,32,0.05,0.18,1,equilibrium,0.12409731718471854,0.22776077802336914,0.08160688787129367
multi_well,5,sampling_step,0.05,16,100000,32,0.05,0.18,1,equilibrium,0.14309984667494882,0.3713043025577108,0.0993729335827301
ornstein_uhlenbeck,6,sampling_step,0.05,2,100000,32,0.05,0.18,1,equilibrium,0.020742102325451886,0.05129122876448522,0.024040247044640542
ornstein_uhlenbeck,6,sampling_step,0.05,4,100000,32,0.05,0.18,1,equilibrium,0.03754840999550971,0.09189675984192941,0.0316873485588206
ornstein_uhlenbeck,6,sampling_step,0.05,8,100000,32,0.05,0.18,1,equilibrium,0.04162616340909904,0.09646769784109446,0.03116938418622493
ornstein_uhlenbeck,6,sampling_step,0.05,16,100000,32,0.05,0.18,1,equilibrium,0.03811526066559189,0.06959643397177613,0.026522251229485018
double_well,6,sampling_step,0.05,2,100000,32,0.05,0.18,1,equilibrium,0.015926935687939327,0.04048526292754845,0.019548140635861168
double_well,6,sampling_step,0.05,4,100000,32,0.05,0.18,1,equilibrium,0.02482520572030687,0.04172494900561713,0.022600365528736302
double_well,6,sampling_step,0.05,8,100000,32,0.05,0.18,1,equilibrium,0.025435876286603484,0.023934775966147265,0.02023393543375393
double_well,6,sampling_step,0.05,16,100000,32,0.05,0.18,1,equilibrium,0.029688540044605177,0.019615611354844034,0.022280832568111107
multi_well,6,sampling_step,0.05,2,100000,32,0.05,0.18,1,equilibrium,0.028420598702658242,0.05779050719043333,0.035146035089021255
multi_well,6,sampling_step,0.05,4,100000,32,0.05,0.18,1,equilibrium,0.06825737698762947,0.1494346765477924,0.05779261500860214
multi_well,6,sampling_step,0.05,8,100000,32,0.05,0.18,1,equilibrium,0.10122518818724062,0.2811915080623397,0.0749041358338711
multi_well,6,sampling_step,0.05,16,100000,32,0.05,0.18,1,equilibrium,0.12079066743453583,0.41629060423511066,0.09371942567789501
ornstein_uhlenbeck,7,sampling_step,0.05,2,100000,32,0.05,0.18,1,equilibrium,0.022231430647736472,0.0530866197961285,0.023794130852224187
ornstein_uhlenbeck,7,sampling_step,0.05,4,100000,32,0.05,0.18,1,equilibrium,0.03630720552272782,0.10138593530972095,0.03137882883946566
ornstein_uhlenbeck,7,sampling_step,0.05,8,100000,32,0.05,0.18,1,equilibrium,0.03843421137471288,0.10955706997621276,0.03061577061934725
ornstein_uhlenbeck,7,sampling_step,0.05,16,100000,32,0.05,0.18,1,equilibrium,0.03248329007975054,0.06989810298584215,0.02376413865121429
double_well,7,sampling_step,0.05,2,100000,32,0.05,0.18,1,equilibrium,0.016312416056214644,0.036489516933558175,0.019365787179360643
double_well,7,sampling_step,0.05,4,100000,32,0.05,0.18,1,equilibrium,0.027158590701631184,0.03715615646731979,0.022842066562963618
double_well,7,sampling_step,0.05,8,100000,32,0.05,0.18,1,equilibrium,0.029903557022686503,0.034641143938827196,0.02394194437570634
double_well,7,sampling_step,0.05,16,100000,32,0.05,0.18,1,equilibrium,0.0322623747017583,0.026337137819020154,0.023082784302957484
multi_well,7,sampling_step,0.05,2,100000,32,0.05,0.18,1,equilibrium,0.03200509462727176,0.06588398937867734,0.03510446310718419
multi_well,7,sampling_step,0.05,4,100000,32,0.05,0.18,1,equilibrium,0.06878187149557294,0.11885228926181207,0.05392866705654902
multi_well,7,sampling_step,0.05,8,100000,32,0.05,0.18,1,equilibrium,0.08906882170356756,0.143694761887389,0.05803719402755215
multi_well,7,sampling_step,0.05,16,100000,32,0.05,0.18,1,equilibrium,0.08130698065336694,0.1385367938356529,0.05354180014656472
ornstein_uhlenbeck,8,sampling_step,0.05,2,100000,32,0.05,0.18,1,equilibrium,0.020039100505880193,0.04610646790259987,0.021681927209246485
ornstein_uhlenbeck,8,sampling_step,0.05,4,100000,32,0.05,0.18,1,equilibrium,0.036337126335078865,0.09397736292415576,0.03024564028094536
ornstein_uhlenbeck,8,sampling_step,0.05,8,100000,32,0.05,0.18,1,equilibrium,0.041278287685452705,0.10541472966007129,0.031070119520169408
ornstein_uhlenbeck,8,sampling_step,0.05,16,100000,32,0.05,0.18,1,equilibrium,0.0353676929712596,0.08624790985660383,0.025630547780739
double_well,8,sampling_step,0.05,2,100000,32,0.05,0.18,1,equilibrium,0.017406796816552925,0.041033976318936405,0.019985096754946682
double_well,8,sampling_step,0.05,4,100000,32,0.05,0.18,1,equilibrium,0.02933873120355672,0.03903120242796823,0.02287007806633049
double_well,8,sampling_step,0.05,8,100000,32,0.05,0.18,1,equilibrium,0.028078392105088196,0.03249397432111539,0.02237982425087538
double_well,8,sampling_step,0.05,16,100000,32,0.05,0.18,1,equilibrium,0.03222327591682943,0.019527710969361442,0.023270348585291284
multi_well,8,sampling_step,0.05,2,100000,32,0.05,0.18,1,equilibrium,0.02734521504303565,0.06996470140609024,0.035343078616480554
multi_well,8,sampling_step,0.05,4,100000,32,0.05,0.18,1,equilibrium,0.07024854866068445,0.1469968152645979,0.060327013886024655
multi_well,8,sampling_step,0.05,8,100000,32,0.05,0.18,1,equilibrium,0.11392793110866056,0.23084978297393288,0.07698216880075746
multi_well,8,sampling_step,0.05,16,100000,32,0.05,0.18,1,equilibrium,0.14072259995141856,0.276060968382131,0.0911135740130457
ornstein_uhlenbeck,9,sampling_step,0.05,2,100000,32,0.05,0.18,1,equilibrium,0.020054042303369532,0.05381504548280225,0.02374898670140993
ornstein_uhlenbeck,9,sampling_step,0.05,4,100000,32,0.05,0.18,1,equilibrium,0.036200710356171284,0.09249502604306437,0.030936528444801423
ornstein_uhlenbeck,9,sampling_step,0.05,8,100000,32,0.05,0.18,1,equilibrium,0.03677549699756938,0.0900869830352467,0.028569411956815043
ornstein_uhlenbeck,9,sampling_step,0.05,16,100000,32,0.05,0.18,1,equilibrium,0.03075145564122269,0.05906793659296582,0.02288839204088438
double_well,9,sampling_step,0.05,2,100000,32,0.05,0.18,1,equilibrium,0.0168987424295408,0.02825851042958266,0.020024040409065445
double_well,9,sampling_step,0.05,4,100000,32,0.05,0.18,1,equilibrium,0.027265265031408966,0.0394746908663276,0.023369698507793097
double_well,9,sampling_step,0.05,8,100000,32,0.05,0.18,1,equilibrium,0.031101258597153784,0.0292235733675891,0.02352837538471984
double_well,9,sampling_step,0.05,16,100000,32,0.05,0.18,1,equilibrium,0.03740238543820704,0.03483984578098713,0.02448965408176218
multi_well,9,sampling_step,0.05,2,100000,32,0.05,0.18,1,equilibrium,0.03255692903522733,0.06188763213464077,0.035201567385302376
multi_well,9,sampling_step,0.05,4,100000,32,0.05,0.18,1,equilibrium,0.08172406504181672,0.15957436890493404,0.06617628502058004
multi_well,9,sampling_step,0.05,8,100000,32,0.05,0.18,1,equilibrium,0.13312172825602203,0.2841063790850779,0.0953667538639274
multi_well,9,sampling_step,0.05,16,100000,32,0.05,0.18,1,equilibrium,0.16221736862780212,0.38146544685538253,0.11757599934527166
ornstein_uhlenbeck,0,discretization,16,2,100000,16,0.02,0.18,1,equilibrium,0.03442533756444005,0.053512167300874325,0.03250291268150435
ornstein_uhlenbeck,0,discretization,16,4,100000,16,0.02,0.18,1,equilibrium,0.060241751314224413,0.1166658226945928,0.05885146430062889
ornstein_uhlenbeck,0,discretization,16,8,100000,16,0.02,0.18,1,equilibrium,0.0669410382330029,0.16154445846414467,0.06819484375412276
ornstein_uhlenbeck,0,discretization,16,16,100000,16,0.02,0.18,1,equilibrium,0.06248993321504782,0.1743667110068578,0.06787402803748598
double_well,0,discretization,16,2,100000,16,0.02,0.18,1,equilibrium,0.043104532261341366,0.05580340318659105,0.04757588062786498
double_well,0,discretization,16,4,100000,16,0.02,0.18,1,equilibrium,0.0904818661202495,0.12415045413687353,0.08032904650697413
double_well,0,discretization,16,8,100000,16,0.02,0.18,1,equilibrium,0.111908309247958,0.1694285832781538,0.09298003433451409
double_well,0,discretization,16,16,100000,16,0.02,0.18,1,equilibrium,0.1003474179286899,0.15577228961134296,0.09052847442385781
multi_well,0,discretization,16,2,100000,16,0.02,0.18,1,equilibrium,0.037170560695456004,0.0649071386762744,0.050770437548815085
multi_well,0,discretization,16,4,100000,16,0.02,0.18,1,equilibrium,0.09256477582010275,0.14500054112659388,0.0996686655868871
multi_well,0,discretization,16,8,100000,16,0.02,0.18,1,equilibrium,0.14986446806963344,0.2120399364067448,0.13325260571615916
multi_well,0,discretization,16,16,100000,16,0.02,0.18,1,equilibrium,0.18484594828847498,0.26422534140521425,0.1541373546450601
ornstein_uhlenbeck,1,discretization,16,2,100000,16,0.02,0.18,1,equilibrium,0.034309868717610464,0.050251855441618476,0.03222035921455132
ornstein_uhlenbeck,1,discretization,16,4,100000,16,0.02,0.18,1,equilibrium,0.05689078800177754,0.11315178464525322,0.057014033060446834
ornstein_uhlenbeck,1,discretization,16,8,100000,16,0.02,0.18,1,equilibrium,0.06646122379112325,0.16159138171119164,0.07029900250003131
ornstein_uhlenbeck,1,discretization,16,16,100000,16,0.02,0.18,1,equilibrium,0.062025958179820796,0.16325626577094804,0.066397176695803
double_well,1,discretization,16,2,100000,16,0.02,0.18,1,equilibrium,0.04434013943990012,0.06047720121073252,0.04751193193461116
double_well,1,discretization,16,4,100000,16,0.02,0.18,1,equilibrium,0.09248385012154008,0.12884919026554226,0.08316116333656891
double_well,1,discretization,16,8,100000,16,0.02,0.18,1,equilibrium,0.11675827433560161,0.16611260810926815,0.09734590044716461
double_well,1,discretization,16,16,100000,16,0.02,0.18,1,equilibrium,0.1033857960968597,0.14838059158367733,0.09129727620013846
multi_well,1,discretization,16,2,100000,16,0.02,0.18,1,equilibrium,0.039308697976509856,0.053653554273777604,0.044894042207751735
multi_well,1,discretization,16,4,100000,16,0.02,0.18,1,equilibrium,0.09694123812151745,0.13840490853758824,0.09496664711373777
multi_well,1,discretization,16,8,100000,16,0.02,0.18,1,equilibrium,0.14337315884368096,0.19916861781610812,0.1257022891905625
multi_well,1,discretization,16,16,100000,16,0.02,0.18,1,equilibrium,0.15068233911734819,0.21175151055100674,0.1257842882616236
ornstein_uhlenbeck,2,discretization,16,2,100000,16,0.02,0.18,1,equilibrium,0.033651539967350236,0.048045816125784624,0.03195268004578032
ornstein_uhlenbeck,2,discretization,16,4,100000,16,0.02,0.18,1,equilibrium,0.05756566255963505,0.10825975502326157,0.05534044637179057
ornstein_uhlenbeck,2,discretization,16,8,100000,16,0.02,0.18,1,equilibrium,0.0682286521082893,0.15220637935880726,0.06890976850818145
ornstein_uhlenbeck,2,discretization,16,16,100000,16,0.02,0.18,1,equilibrium,0.060203320725801354,0.1603287612183253,0.06396425150953618
double_well,2,discretization,16,2,100000,16,0.02,0.18,1,equilibrium,0.042309854349179554,0.056432741375931905,0.04550054709350193
double_well,2,discretization,16,4,100000,16,0.02,0.18,1,equilibrium,0.08783670155335331,0.1161819098395202,0.07837814278728944
double_well,2,discretization,16,8,100000,16,0.02,0.18,1,equilibrium,0.10764160257923042,0.14840771937871167,0.08970655805687613
double_well,2,discretization,16,16,100000,16,0.02,0.18,1,equilibrium,0.09331979208996742,0.12540007811579384,0.0826988194384455
multi_well,2,discretization,16,2,100000,16,0.02,0.18,1,equilibrium,0.041903815281016166,0.05956771635211899,0.05310281868314508
multi_well,2,discretization,16,4,100000,16,0.02,0.18,1,equilibrium,0.10486610478125015,0.14131116917462827,0.10302529347645437
multi_well,2,discretization,16,8,100000,16,0.02,0.18,1,equilibrium,0.16381116655119665,0.20731046789027302,0.13862783257239641
multi_well,2,discretization,16,16,100000,16,0.02,0.18,1,equilibrium,0.19011300488496063,0.275007824899297,0.15664501367180056
ornstein_uhlenbeck,3,discretization,16,2,100000,16,0.02,0.18,1,equilibrium,0.03303522881298376,0.04437122772337537,0.030110262286746427
ornstein_uhlenbeck,3,discretization,16,4,100000,16,0.02,0.18,1,equilibrium,0.05615118277259105,0.10251114881894297,0.054241748077799884
ornstein_uhlenbeck,3,discretization,16,8,100000,16,0.02,0.18,1,equilibrium,0.06349059972532564,0.146115672820469,0.06548457870221092
ornstein_uhlenbeck,3,discretization,16,16,100000,16,0.02,0.18,1,equilibrium,0.05965991359754722,0.1683011259934955,0.06391246921027875
double_well,3,discretization,16,2,100000,16,0.02,0.18,1,equilibrium,0.043539541254052926,0.05515895535659543,0.0454255417764501
double_well,3,discretization,16,4,100000,16,0.02,0.18,1,equilibrium,0.08993904489279562,0.12052028598103859,0.07934079739160631
double_well,3,discretization,16,8,100000,16,0.02,0.18,1,equilibrium,0.10666556833762267,0.1610150388043904,0.08916452174042319
double_well,3,discretization,16,16,100000,16,0.02,0.18,1,equilibrium,0.09079500206902553,0.1573532831000047,0.08357015797327431
multi_well,3,discretization,16,2,100000,16,0.02,0.18,1,equilibrium,0.04472837671543022,0.061267843265055855,0.051667393044382545
multi_well,3,discretization,16,4,100000,16,0.02,0.18,1,equilibrium,0.10962730177819419,0.14602725250750515,0.10358606654538101
multi_well,3,discretization,16,8,100000,16,0.02,0.18,1,equilibrium,0.17058125697225346,0.2093430447073098,0.14370176294104411
multi_well,3,discretization,16,16,100000,16,0.02,0.18,1,equilibrium,0.19176819674217244,0.2601242033778367,0.15956092324265597
ornstein_uhlenbeck,4,discretization,16,2,100000,16,0.02,0.18,1,equilibrium,0.033608138269996826,0.04685255993222237,0.03143869677299284
ornstein_uhlenbeck,4,discretization,16,4,100000,16,0.02,0.18,1,equilibrium,0.057136674408453623,0.10768956153068954,0.05582211356672299
ornstein_uhlenbeck,4,discretization,16,8,100000,16,0.02,0.18,1,equilibrium,0.0660718043398109,0.17223161871620785,0.0721460019345756
ornstein_uhlenbeck,4,discretization,16,16,100000,16,0.02,0.18,1,equilibrium,0.06368444610167444,0.18584409163418564,0.07146953024161683
double_well,4,discretization,16,2,100000,16,0.02,0.18,1,equilibrium,0.0419527489511476,0.05506767961411618,0.04530122782649246
double_well,4,discretization,16,4,100000,16,0.02,0.18,1,equilibrium,0.08660051648895253,0.11554387774822272,0.07721063714563375
double_well,4,discretization,16,8,100000,16,0.02,0.18,1,equilibrium,0.10451123754925498,0.14247770912441726,0.0872085125880595
double_well,4,discretization,16,16,100000,16,0.02,0.18,1,equilibrium,0.08831115316084634,0.11898795460556488,0.08095611084176131
multi_well,4,discretization,16,2,100000,16,0.02,0.18,1,equilibrium,0.037569683403088375,0.06162505844496102,0.049250941161702595
multi_well,4,discretization,16,4,100000,16,0.02,0.18,1,equilibrium,0.09772064999363242,0.1464985792485477,0.10442723218934842
multi_well,4,discretization,16,8,100000,16,0.02,0.18,1,equilibrium,0.1623637015354759,0.2335530258009989,0.1448618355256234
multi_well,4,discretization,16,16,100000,16,0.02,0.18,1,equilibrium,0.20177011757499924,0.26205726125384576,0.16559796536703986
ornstein_uhlenbeck,5,discretization,16,2,100000,16,0.02,0.18,1,equilibrium,0.0320431554375121,0.04527690062152989,0.03037445829355032
ornstein_uhlenbeck,5,discretization,16,4,100000,16,0.02,0.18,1,equilibrium,0.060499210211811996,0.11006249929557332,0.05696620066730444
ornstein_uhlenbeck,5,discretization,16,8,100000,16,0.02,0.18,1,equilibrium,0.06528732691129885,0.14810998495340671,0.06624157987211277
ornstein_uhlenbeck,5,discretization,16,16,100000,16,0.02,0.18,1,equilibrium,0.060017528320881836,0.1549492025358601,0.06291510694098887
double_well,5,discretization,16,2,100000,16,0.02,0.18,1,equilibrium,0.042548614371159504,0.05716928694226364,0.044693595518569045
double_well,5,discretization,16,4,100000,16,0.02,0.18,1,equilibrium,0.0907564957650243,0.12791361764032017,0.07994496376924777
double_well,5,discretization,16,8,100000,16,0.02,0.18,1,equilibrium,0.11068281576315064,0.15775096615440692,0.0917896503582516
double_well,5,discretization,16,16,100000,16,0.02,0.18,1,equilibrium,0.09601516532068041,0.1393246061655191,0.08567769696633767
multi_well,5,discretization,16,2,100000,16,0.02,0.18,1,equilibrium,0.03976481475465217,0.05651049142300191,0.041717686880502834
multi_well,5,discretization,16,4,100000,16,0.02,0.18,1,equilibrium,0.09023632186689388,0.12923071277401665,0.0800071729463698
multi_well,5,discretization,16,8,100000,16,0.02,0.18,1,equilibrium,0.12727288899281555,0.20325844762063516,0.10750116481127982
multi_well,5,discretization,16,16,100000,16,0.02,0.18,1,equilibrium,0.14204881247099943,0.30335998604830183,0.1315398626157282
ornstein_uhlenbeck,6,discretization,16,2,100000,16,0.02,0.18,1,equilibrium,0.03384388164689816,0.05067259423241177,0.032935386894478245
ornstein_uhlenbeck,6,discretization,16,4,100000,16,0.02,0.18,1,equilibrium,0.05751597634169177,0.11894056762953553,0.057338604535053385
ornstein_uhlenbeck,6,discretization,16,8,100000,16,0.02,0.18,1,equilibrium,0.06660860994811091,0.16345135709603775,0.07031621801809936
ornstein_uhlenbeck,6,discretization,16,16,100000,16,0.02,0.18,1,equilibrium,0.062104485296279086,0.15852701892124105,0.06634336521297979
double_well,6,discretization,16,2,100000,16,0.02,0.18,1,equilibrium,0.042986015179216,0.05641397500457401,0.04641426963405754
double_well,6,discretization,16,4,100000,16,0.02,0.18,1,equilibrium,0.09094487836900991,0.12242973114720157,0.08010599264640131
double_well,6,discretization,16,8,100000,16,0.02,0.18,1,equilibrium,0.10605342792212527,0.15891063042642412,0.08850691011975767
double_well,6,discretization,16,16,100000,16,0.02,0.18,1,equilibrium,0.09317557787236962,0.14746701743104418,0.08420059343417549
multi_well,6,discretization,16,2,100000,16,0.02,0.18,1,equilibrium,0.03666533247992055,0.05838612149156286,0.04142086400596636
multi_well,6,discretization,16,4,100000,16,0.02,0.18,1,equilibrium,0.08071340440626383,0.11656102369714616,0.07835347833212059
multi_well,6,discretization,16,8,100000,16,0.02,0.18,1,equilibrium,0.11200745277236823,0.17696576532281888,0.0995490335152834
multi_well,6,discretization,16,16,100000,16,0.02,0.18,1,equilibrium,0.11627381341386087,0.2074884403606298,0.10285868979265157
ornstein_uhlenbeck,7,discretization,16,2,100000,16,0.02,0.18,1,equilibrium,0.034482635982076126,0.050480031125023084,0.03251091343014673
ornstein_uhlenbeck,7,discretization,16,4,100000,16,0.02,0.18,1,equilibrium,0.0588988414376421,0.10702744647102802,0.057631733665343174
ornstein_uhlenbeck,7,discretization,16,8,100000,16,0.02,0.18,1,equilibrium,0.0668959394279017,0.15367351798138018,0.06901179213460636
ornstein_uhlenbeck,7,discretization,16,16,100000,16,0.02,0.18,1,equilibrium,0.059864237275055195,0.158936893311234,0.06516939253215487
double_well,7,discretization,16,2,100000,16,0.02,0.18,1,equilibrium,0.044332174993082694,0.059903723475764115,0.047974725643892394
double_well,7,discretization,16,4,100000,16,0.02,0.18,1,equilibrium,0.09110655649062283,0.11399067240973088,0.08116168149195448
double_well,7,discretization,16,8,100000,16,0.02,0.18,1,equilibrium,0.11001968988210505,0.1417703707153633,0.09133536982913226
double_well,7,discretization,16,16,100000,16,0.02,0.18,1,equilibrium,0.09216972256827946,0.13324258131152517,0.08300516421390101
multi_well,7,discretization,16,2,100000,16,0.02,0.18,1,equilibrium,0.04425740318791944,0.05671809760307944,0.046559185147064315
multi_well,7,discretization,16,4,100000,16,0.02,0.18,1,equilibrium,0.10175771997475858,0.1318039200484018,0.09247790173914788
multi_well,7,discretization,16,8,100000,16,0.02,0.18,1,equilibrium,0.14715445426913432,0.2107210661613364,0.12241278228977878
multi_well,7,discretization,16,16,100000,16,0.02,0.18,1,equilibrium,0.15239146320460262,0.22001559469068008,0.12609444712907986
ornstein_uhlenbeck,8,discretization,16,2,100000,16,0.02,0.18,1,equilibrium,0.03740933925769491,0.05447817522120041,0.0358221647762344
ornstein_uhlenbeck,8,discretization,16,4,100000,16,0.02,0.18,1,equilibrium,0.06038778612635385,0.10749963378183536,0.058087120712058286
ornstein_uhlenbeck,8,discretization,16,8,100000,16,0.02,0.18,1,equilibrium,0.06399520768637333,0.15030467227946376,0.06547886600823256
ornstein_uhlenbeck,8,discretization,16,16,100000,16,0.02,0.18,1,equilibrium,0.05684285071728412,0.14327445941164602,0.060175505702049034
double_well,8,discretization,16,2,100000,16,0.02,0.18,1,equilibrium,0.04214436988093377,0.05660434884807697,0.04532478247792607
double_well,8,discretization,16,4,100000,16,0.02,0.18,1,equilibrium,0.08787805033669864,0.12475336664347203,0.07775993809372696
double_well,8,discretization,16,8,100000,16,0.02,0.18,1,equilibrium,0.11218203230951138,0.17637630764829948,0.0935950898189103
double_well,8,discretization,16,16,100000,16,0.02,0.18,1,equilibrium,0.10015961704966837,0.17963671536132475,0.09094783536132278
multi_well,8,discretization,16,2,100000,16,0.02,0.18,1,equilibrium,0.04363131313674955,0.06119566688039213,0.05464658111361875
multi_well,8,discretization,16,4,100000,16,0.02,0.18,1,equilibrium,0.10105663630610362,0.1325261808693623,0.10154782683102835
multi_well,8,discretization,16,8,100000,16,0.02,0.18,1,equilibrium,0.15575681840551303,0.20495167836133887,0.1371434458450271
multi_well,8,discretization,16,16,100000,16,0.02,0.18,1,equilibrium,0.17589159764513068,0.2869477294084956,0.15426001365290692
ornstein_uhlenbeck,9,discretization,16,2,100000,16,0.02,0.18,1,equilibrium,0.035314943585537564,0.052006657827804226,0.03377198860196979
ornstein_uhlenbeck,9,discretization,16,4,100000,16,0.02,0.18,1,equilibrium,0.05912951934752647,0.10869462381333084,0.05813610595012764
ornstein_uhlenbeck,9,discretization,16,8,100000,16,0.02,0.18,1,equilibrium,0.06894675138213364,0.16375261507312616,0.07155386078671401
ornstein_uhlenbeck,9,discretization,16,16,100000,16,0.02,0.18,1,equilibrium,0.06394205702581368,0.18234274100634806,0.07109882026028282
double_well,9,discretization,16,2,100000,16,0.02,0.18,1,equilibrium,0.042045727859974916,0.05492505375914625,0.04594775725175529
double_well,9,discretization,16,4,100000,16,0.02,0.18,1,equilibrium,0.0907501990111698,0.12518069537361554,0.08073974739064388
double_well,9,discretization,16,8,100000,16,0.02,0.18,1,equilibrium,0.11496084556516004,0.17929017056759444,0.0962827787584874
double_well,9,discretization,16,16,100000,16,0.02,0.18,1,equilibrium,0.10263019493760935,0.17027395262497494,0.09262045865615048
multi_well,9,discretization,16,2,100000,16,0.02,0.18,1,equilibrium,0.04330277252458905,0.06280929357727805,0.043837694686309006
multi_well,9,discretization,16,4,100000,16,0.02,0.18,1,equilibrium,0.10332890525375915,0.1384937137426342,0.09360952208935482
multi_well,9,discretization,16,8,100000,16,0.02,0.18,1,equilibrium,0.149548317204864,0.2085918938235392,0.12934335217188345
multi_well,9,discretization,16,16,100000,16,0.02,0.18,1,equilibrium,0.15856211493741967,0.23204508267682392,0.13604241991087002
ornstein_uhlenbeck,0,discretization,64,2,100000,64,0.02,0.18,1,equilibrium,0.02316800856290805,0.06420562820905018,0.026288067690345234
ornstein_uhlenbeck,0,discretization,64,4,100000,64,0.02,0.18,1,equilibrium,0.05170176182995611,0.12718084063055668,0.035825837514093725
ornstein_uhlenbeck,0,discretization,64,8,100000,64,0.02,0.18,1,equilibrium,0.07110040379036517,0.16329454436659724,0.041275950183204506
ornstein_uhlenbeck,0,discretization,64,16,100000,64,0.02,0.18,1,equilibrium,0.07591322928619548,0.15229413495878313,0.04007600517817017
double_well,0,discretization,64,2,100000,64,0.02,0.18,1,equilibrium,0.014415710779632676,0.0474815977845055,0.025881622604021996
double_well,0,discretization,64,4,100000,64,0.02,0.18,1,equilibrium,0.03228229502478753,0.07308426716258815,0.02907232326510185
double_well,0,discretization,64,8,100000,64,0.02,0.18,1,equilibrium,0.05130439251682728,0.06955341911486282,0.03152864843004964
double_well,0,discretization,64,16,100000,64,0.02,0.18,1,equilibrium,0.06740550170642559,0.04059143138942867,0.03663155949630805
multi_well,0,discretization,64,2,100000,64,0.02,0.18,1,equilibrium,0.023983927274650915,0.06881224696222965,0.0342535914264848
multi_well,0,discretization,64,4,100000,64,0.02,0.18,1,equilibrium,0.0660587317796201,0.16639818608506762,0.05426571690403253
multi_well,0,discretization,64,8,100000,64,0.02,0.18,1,equilibrium,0.12292589253834302,0.2356116486198665,0.06810745691869487
multi_well,0,discretization,64,16,100000,64,0.02,0.18,1,equilibrium,0.16207908249075828,0.23303790513807768,0.0713276087432815
ornstein_uhlenbeck,1,discretization,64,2,100000,64,0.02,0.18,1,equilibrium,0.023182398103422784,0.0620375619355924,0.028223489723431534
ornstein_uhlenbeck,1,discretization,64,4,100000,64,0.02,0.18,1,equilibrium,0.054221900970688075,0.13093170105604196,0.03827163022951933
ornstein_uhlenbeck,1,discretization,64,8,100000,64,0.02,0.18,1,equilibrium,0.07974770364936691,0.1797394957673043,0.04356244257435514
ornstein_uhlenbeck,1,discretization,64,16,100000,64,0.02,0.18,1,equilibrium,0.08148537702848922,0.16158916130608017,0.04241119078296847
double_well,1,discretization,64,2,100000,64,0.02,0.18,1,equilibrium,0.01518388956760991,0.048240259993662105,0.025258773393458594
double_well,1,discretization,64,4,100000,64,0.02,0.18,1,equilibrium,0.03717588346124424,0.09933728115519735,0.030817738712134647
double_well,1,discretization,64,8,100000,64,0.02,0.18,1,equilibrium,0.0558632205812392,0.09190920099054906,0.03335895511072198
double_well,1,discretization,64,16,100000,64,0.02,0.18,1,equilibrium,0.06949676265093803,0.036685859786680264,0.03784002332929844
multi_well,1,discretization,64,2,100000,64,0.02,0.18,1,equilibrium,0.019544770261097993,0.0651005904143993,0.03318131835295508
multi_well,1,discretization,64,4,100000,64,0.02,0.18,1,equilibrium,0.05625152417134191,0.14081858844385098,0.05313068093326767
multi_well,1,discretization,64,8,100000,64,0.02,0.18,1,equilibrium,0.11608723645937857,0.2480909020857358,0.07076797599333207
multi_well,1,discretization,64,16,100000,64,0.02,0.18,1,equilibrium,0.18209642092413975,0.3132859009205666,0.0824041324738538
ornstein_uhlenbeck,2,discretization,64,2,100000,64,0.02,0.18,1,equilibrium,0.024493817673948468,0.060515599184983615,0.026985739278727456
ornstein_uhlenbeck,2,discretization,64,4,100000,64,0.02,0.18,1,equilibrium,0.05490167720964584,0.13549471175740146,0.03795038213617086
ornstein_uhlenbeck,2,discretization,64,8,100000,64,0.02,0.18,1,equilibrium,0.07238303186955088,0.18394197765491654,0.04277815523700176
ornstein_uhlenbeck,2,discretization,64,16,100000,64,0.02,0.18,1,equilibrium,0.07988053440927861,0.19496462762691913,0.04232396691864105
double_well,2,discretization,64,2,100000,64,0.02,0.18,1,equilibrium,0.013308796181336832,0.04086335737134056,0.023738515532932304
double_well,2,discretization,64,4,100000,64,0.02,0.18,1,equilibrium,0.031464669699378195,0.06586715626629625,0.029255598501512062
double_well,2,discretization,64,8,100000,64,0.02,0.18,1,equilibrium,0.04942955075531518,0.06573403761561969,0.03216140930389249
double_well,2,discretization,64,16,100000,64,0.02,0.18,1,equilibrium,0.06483106379415622,0.041696211117968965,0.03618964864963107
multi_well,2,discretization,64,2,100000,64,0.02,0.18,1,equilibrium,0.023934524786610067,0.0664434268639521,0.03208896685007272
multi_well,2,discretization,64,4,100000,64,0.02,0.18,1,equilibrium,0.06663769982397394,0.15248927544124125,0.054212313689071416
multi_well,2,discretization,64,8,100000,64,0.02,0.18,1,equilibrium,0.12395210230680047,0.22665565587539888,0.06806673960949174
multi_well,2,discretization,64,16,100000,64,0.02,0.18,1,equilibrium,0.16466068031268458,0.22776277373561188,0.07124077165125518
ornstein_uhlenbeck,3,discretization,64,2,100000,64,0.02,0.18,1,equilibrium,0.0205466822309859,0.05428167702881426,0.026231518795071705
ornstein_uhlenbeck,3,discretization,64,4,100000,64,0.02,0.18,1,equilibrium,0.04503772379396627,0.10731463326363144,0.03303812556256545
ornstein_uhlenbeck,3,discretization,64,8,100000,64,0.02,0.18,1,equilibrium,0.06717170946314686,0.17336025950541445,0.04063668668564491
ornstein_uhlenbeck,3,discretization,64,16,100000,64,0.02,0.18,1,equilibrium,0.074292451324973,0.14940883903256305,0.039974622792963266
double_well,3,discretization,64,2,100000,64,0.02,0.18,1,equilibrium,0.015034122968967195,0.05159539691139303,0.02479784551534181
double_well,3,discretization,64,4,100000,64,0.02,0.18,1,equilibrium,0.03544074508777263,0.07068966059850679,0.028864680225307842
double_well,3,discretization,64,8,100000,64,0.02,0.18,1,equilibrium,0.053163453922518256,0.05249211088999192,0.03154758871980534
double_well,3,discretization,64,16,100000,64,0.02,0.18,1,equilibrium,0.06674991605759949,0.0418175908695734,0.036687239657535564
multi_well,3,discretization,64,2,100000,64,0.02,0.18,1,equilibrium,0.021376442413050895,0.06496760203306462,0.033275909941171536
multi_well,3,discretization,64,4,100000,64,0.02,0.18,1,equilibrium,0.06311580425542458,0.1571740655881817,0.056089976135301214
multi_well,3,discretization,64,8,100000,64,0.02,0.18,1,equilibrium,0.1339363291803204,0.25258675466139363,0.08198990397239829
multi_well,3,discretization,64,16,100000,64,0.02,0.18,1,equilibrium,0.22197622199678196,0.368921638795177,0.10345159568967012
ornstein_uhlenbeck,4,discretization,64,2,100000,64,0.02,0.18,1,equilibrium,0.023822528103426797,0.06154790641725483,0.027133348158587596
ornstein_uhlenbeck,4,discretization,64,4,100000,64,0.02,0.18,1,equilibrium,0.0510001014375554,0.11209100411128509,0.034022708911794236
ornstein_uhlenbeck,4,discretization,64,8,100000,64,0.02,0.18,1,equilibrium,0.07312600973259245,0.15306080564413482,0.039847870742658664
ornstein_uhlenbeck,4,discretization,64,16,100000,64,0.02,0.18,1,equilibrium,0.07801203112925062,0.15973747585118617,0.03957561579909678
double_well,4,discretization,64,2,100000,64,0.02,0.18,1,equilibrium,0.01527316989605422,0.057975372556260396,0.025532766804770627
double_well,4,discretization,64,4,100000,64,0.02,0.18,1,equilibrium,0.03660815994558766,0.08303618386162476,0.03020616618618479
double_well,4,discretization,64,8,100000,64,0.02,0.18,1,equilibrium,0.056718363457644125,0.07076050548007146,0.032851075066664494
double_well,4,discretization,64,16,100000,64,0.02,0.18,1,equilibrium,0.07111148949979144,0.06409164532847095,0.03739994620049822
multi_well,4,discretization,64,2,100000,64,0.02,0.18,1,equilibrium,0.02201950016876096,0.060615397283539374,0.034844358769833605
multi_well,4,discretization,64,4,100000,64,0.02,0.18,1,equilibrium,0.0623676562798684,0.14738612969011344,0.058824735959115346
multi_well,4,discretization,64,8,100000,64,0.02,0.18,1,equilibrium,0.11711770616368664,0.22697625782200193,0.07332445052836387
multi_well,4,discretization,64,16,100000,64,0.02,0.18,1,equilibrium,0.17074532251278463,0.2541110917880486,0.0785149091321347
ornstein_uhlenbeck,5,discretization,64,2,100000,64,0.02,0.18,1,equilibrium,0.02318304791518909,0.07015776489247938,0.02732718755980913
ornstein_uhlenbeck,5,discretization,64,4,100000,64,0.02,0.18,1,equilibrium,0.04929828456181666,0.1336543042078469,0.034758143765784275
ornstein_uhlenbeck,5,discretization,64,8,100000,64,0.02,0.18,1,equilibrium,0.07183677390059826,0.16757895406965329,0.041111912566029994
ornstein_uhlenbeck,5,discretization,64,16,100000,64,0.02,0.18,1,equilibrium,0.07763052839420342,0.15785079853360404,0.0403074763930251
double_well,5,discretization,64,2,100000,64,0.02,0.18,1,equilibrium,0.01628547512963434,0.05870332251756638,0.026870938697113655
double_well,5,discretization,64,4,100000,64,0.02,0.18,1,equilibrium,0.03765625900318051,0.08574974554802273,0.030554125909730237
double_well,5,discretization,64,8,100000,64,0.02,0.18,1,equilibrium,0.058892727202801906,0.0814766396986831,0.03305601702448342
double_well,5,discretization,64,16,100000,64,0.02,0.18,1,equilibrium,0.07134320329299698,0.040545295763722844,0.03808477646200648
multi_well,5,discretization,64,2,100000,64,0.02,0.18,1,equilibrium,0.02463348362324376,0.06302348997479634,0.03398004760267711
multi_well,5,discretization,64,4,100000,64,0.02,0.18,1,equilibrium,0.06954886369681614,0.1481338795442425,0.057865338551521754
multi_well,5,discretization,64,8,100000,64,0.02,0.18,1,equilibrium,0.13240274112534683,0.21805080372807262,0.07496593137495378
multi_well,5,discretization,64,16,100000,64,0.02,0.18,1,equilibrium,0.19668698984227517,0.2774154523587332,0.08580093198276902
ornstein_uhlenbeck,6,discretization,64,2,100000,64,0.02,0.18,1,equilibrium,0.022234804269794906,0.0593991671109948,0.027287402843190596
ornstein_uhlenbeck,6,discretization,64,4,100000,64,0.02,0.18,1,equilibrium,0.050922242936533545,0.12440982257468103,0.036105450731977184
ornstein_uhlenbeck,6,discretization,64,8,100000,64,0.02,0.18,1,equilibrium,0.06864687708781089,0.1768429679107641,0.039872330845628016
ornstein_uhlenbeck,6,discretization,64,16,100000,64,0.02,0.18,1,equilibrium,0.07567727474286175,0.1750914105656486,0.04027776344117111
double_well,6,discretization,64,2,100000,64,0.02,0.18,1,equilibrium,0.015869525701411633,0.046565703321283125,0.02535001330907107
double_well,6,discretization,64,4,100000,64,0.02,0.18,1,equilibrium,0.03766747814975839,0.07914773567534311,0.030561419150844822
double_well,6,discretization,64,8,100000,64,0.02,0.18,1,equilibrium,0.055936469304723166,0.07334633522257389,0.03279257591425258
double_well,6,discretization,64,16,100000,64,0.02,0.18,1,equilibrium,0.0669546498647542,0.041741083933595796,0.03668677275871112
multi_well,6,discretization,64,2,100000,64,0.02,0.18,1,equilibrium,0.02272435167746678,0.06455900202194587,0.03265290801450975
multi_well,6,discretization,64,4,100000,64,0.02,0.18,1,equilibrium,0.06874739261173836,0.1550190212230459,0.05644041322669129
multi_well,6,discretization,64,8,100000,64,0.02,0.18,1,equilibrium,0.13205734876721642,0.2283622263654178,0.07497311593783156
multi_well,6,discretization,64,16,100000,64,0.02,0.18,1,equilibrium,0.19527109816537042,0.3483462470938114,0.08838145554919835
ornstein_uhlenbeck,7,discretization,64,2,100000,64,0.02,0.18,1,equilibrium,0.02277136488342124,0.060553060033187056,0.02698325860533246
ornstein_uhlenbeck,7,discretization,64,4,100000,64,0.02,0.18,1,equilibrium,0.04384983447305414,0.11605651318991728,0.032504821998760834
ornstein_uhlenbeck,7,discretization,64,8,100000,64,0.02,0.18,1,equilibrium,0.06378004226588964,0.159260551857676,0.037946595120929884
ornstein_uhlenbeck,7,discretization,64,16,100000,64,0.02,0.18,1,equilibrium,0.07105193852648661,0.1429746573677352,0.0377645405372691
double_well,7,discretization,64,2,100000,64,0.02,0.18,1,equilibrium,0.01684769703526394,0.0571739220410854,0.025534068295995607
double_well,7,discretization,64,4,100000,64,0.02,0.18,1,equilibrium,0.039571566004726,0.09183464701502025,0.03025916485673552
double_well,7,discretization,64,8,100000,64,0.02,0.18,1,equilibrium,0.05656384612674703,0.050555736442642635,0.031371872786991835
double_well,7,discretization,64,16,100000,64,0.02,0.18,1,equilibrium,0.07253396983377085,0.03875451803267127,0.03789389693792714
multi_well,7,discretization,64,2,100000,64,0.02,0.18,1,equilibrium,0.022928597092735148,0.06187305850221425,0.032565031121985846
multi_well,7,discretization,64,4,100000,64,0.02,0.18,1,equilibrium,0.0649782086937115,0.1366274268807275,0.05435345959111026
multi_well,7,discretization,64,8,100000,64,0.02,0.18,1,equilibrium,0.12367043503384478,0.23261378564404012,0.07118103713202636
multi_well,7,discretization,64,16,100000,64,0.02,0.18,1,equilibrium,0.18450671627471768,0.386779629765825,0.08361625065957079
ornstein_uhlenbeck,8,discretization,64,2,100000,64,0.02,0.18,1,equilibrium,0.022000281682504827,0.061818844311490984,0.026458540516396182
ornstein_uhlenbeck,8,discretization,64,4,100000,64,0.02,0.18,1,equilibrium,0.05059088590953287,0.13470264627070572,0.03653922556353903
ornstein_uhlenbeck,8,discretization,64,8,100000,64,0.02,0.18,1,equilibrium,0.07262392710130608,0.1924605930395366,0.04370088397941032
ornstein_uhlenbeck,8,discretization,64,16,100000,64,0.02,0.18,1,equilibrium,0.07985820080807006,0.18107657225431587,0.04218417382867719
double_well,8,discretization,64,2,100000,64,0.02,0.18,1,equilibrium,0.016084944169134724,0.06236121541888756,0.026014323923217723
double_well,8,discretization,64,4,100000,64,0.02,0.18,1,equilibrium,0.03636603677071447,0.09542250406534308,0.030423378395973852
double_well,8,discretization,64,8,100000,64,0.02,0.18,1,equilibrium,0.055386257488172476,0.08553536027728786,0.03253082303072043
double_well,8,discretization,64,16,100000,64,0.02,0.18,1,equilibrium,0.06702210609451063,0.037095404654347575,0.03606328464389043
multi_well,8,discretization,64,2,100000,64,0.02,0.18,1,equilibrium,0.021168555330480038,0.0647110741686101,0.030790330067714897
multi_well,8,discretization,64,4,100000,64,0.02,0.18,1,equilibrium,0.06075943673405701,0.14588571795641891,0.04976926351832911
multi_well,8,discretization,64,8,100000,64,0.02,0.18,1,equilibrium,0.12068549421252628,0.21946016970725563,0.06704084299394557
multi_well,8,discretization,64,16,100000,64,0.02,0.18,1,equilibrium,0.1795774095876349,0.37839556259516477,0.08169076507871666
ornstein_uhlenbeck,9,discretization,64,2,100000,64,0.02,0.18,1,equilibrium,0.02265210531766576,0.05696026499360263,0.02779946369340792
ornstein_uhlenbeck,9,discretization,64,4,100000,64,0.02,0.18,1,equilibrium,0.050579693491119716,0.11290479626186617,0.034559203382474125
ornstein_uhlenbeck,9,discretization,64,8,100000,64,0.02,0.18,1,equilibrium,0.06835718772466534,0.160425407977341,0.038553190734297436
ornstein_uhlenbeck,9,discretization,64,16,100000,64,0.02,0.18,1,equilibrium,0.07083043587166267,0.12760527304286548,0.03707813990376234
double_well,9,discretization,64,2,100000,64,0.02,0.18,1,equilibrium,0.015124051304293465,0.06752025624067182,0.02582207344734701
double_well,9,discretization,64,4,100000,64,0.02,0.18,1,equilibrium,0.03715556004015794,0.09535172731395414,0.0302013208619696
double_well,9,discretization,64,8,100000,64,0.02,0.18,1,equilibrium,0.059241217253461376,0.08799236732215496,0.03393590519824934
double_well,9,discretization,64,16,100000,64,0.02,0.18,1,equilibrium,0.07027161011949772,0.033463851030854766,0.03737591161615155
multi_well,9,discretization,64,2,100000,64,0.02,0.18,1,equilibrium,0.020552895202014865,0.07173797111177649,0.03311606447674064
multi_well,9,discretization,64,4,100000,64,0.02,0.18,1,equilibrium,0.05737384136800068,0.15299401446658212,0.05308734727110609
multi_well,9,discretization,64,8,100000,64,0.02,0.18,1,equilibrium,0.10662672526624353,0.20496037646579968,0.06458283077169383
multi_well,9,discretization,64,16,100000,64,0.02,0.18,1,equilibrium,0.15363605495248267,0.20840478547135752,0.06922038747461508
ornstein_uhlenbeck,0,diffusion_noise,0.05,2,100000,32,0.02,0.05,1,equilibrium,0.024411755110310435,0.049044111929385736,0.024052406307527533
ornstein_uhlenbeck,0,diffusion_noise,0.05,4,100000,32,0.02,0.05,1,equilibrium,0.048580293546459596,0.11129529935368532,0.03990838433007881
ornstein_uhlenbeck,0,diffusion_noise,0.05,8,100000,32,0.02,0.05,1,equilibrium,0.06230362345280096,0.14535355395522198,0.04605442417932192
ornstein_uhlenbeck,0,diffusion_noise,0.05,16,100000,32,0.02,0.05,1,equilibrium,0.06021789213535862,0.14435583064428045,0.043603929453971
double_well,0,diffusion_noise,0.05,2,100000,32,0.02,0.05,1,equilibrium,0.03130009382268768,0.056369830547257416,0.0312822258863498
double_well,0,diffusion_noise,0.05,4,100000,32,0.02,0.05,1,equilibrium,0.07256623705174407,0.1366718343898703,0.05634112104101239
double_well,0,diffusion_noise,0.05,8,100000,32,0.02,0.05,1,equilibrium,0.10365183135265738,0.2152255724068841,0.07174484925872332
double_well,0,diffusion_noise,0.05,16,100000,32,0.02,0.05,1,equilibrium,0.109590865016048,0.2543320828563361,0.07710344509342344
multi_well,0,diffusion_noise,0.05,2,100000,32,0.02,0.05,1,equilibrium,0.02011238613429992,0.054292571818447155,0.022263043206055357
multi_well,0,diffusion_noise,0.05,4,100000,32,0.02,0.05,1,equilibrium,0.03584721960856145,0.10173111576740418,0.030833068135013984
multi_well,0,diffusion_noise,0.05,8,100000,32,0.02,0.05,1,equilibrium,0.03982100912918829,0.1020633874868421,0.02914639341877919
multi_well,0,diffusion_noise,0.05,16,100000,32,0.02,0.05,1,equilibrium,0.03684559150754093,0.07733235008758046,0.025269220185248933
ornstein_uhlenbeck,1,diffusion_noise,0.05,2,100000,32,0.02,0.05,1,equilibrium,0.02511067391368171,0.05919286460482198,0.026368501580764803
ornstein_uhlenbeck,1,diffusion_noise,0.05,4,100000,32,0.02,0.05,1,equilibrium,0.04479974929777593,0.1171227835397105,0.03960584581536671
ornstein_uhlenbeck,1,diffusion_noise,0.05,8,100000,32,0.02,0.05,1,equilibrium,0.056517117324561925,0.16516697069152075,0.04796187133408044
ornstein_uhlenbeck,1,diffusion_noise,0.05,16,100000,32,0.02,0.05,1,equilibrium,0.05635493156857997,0.14892573094670614,0.04342364545915822
double_well,1,diffusion_noise,0.05,2,100000,32,0.02,0.05,1,equilibrium,0.024179124727673654,0.04944622328397352,0.029975878608978268
double_well,1,diffusion_noise,0.05,4,100000,32,0.02,0.05,1,equilibrium,0.059688192679791606,0.11625047069463046,0.05121269990289573
double_well,1,diffusion_noise,0.05,8,100000,32,0.02,0.05,1,equilibrium,0.09627171307746263,0.2049864779434497,0.06750762437614621
double_well,1,diffusion_noise,0.05,16,100000,32,0.02,0.05,1,equilibrium,0.10580792826582874,0.2658603641073088,0.07065768586566326
multi_well,1,diffusion_noise,0.05,2,100000,32,0.02,0.05,1,equilibrium,0.025180454253402748,0.06375953333281448,0.025424594095867597
multi_well,1,diffusion_noise,0.05,4,100000,32,0.02,0.05,1,equilibrium,0.03985255448794614,0.10336671806342862,0.033736308942308384
multi_well,1,diffusion_noise,0.05,8,100000,32,0.02,0.05,1,equilibrium,0.0428888681414655,0.12053482345967209,0.03484797215756297
multi_well,1,diffusion_noise,0.05,16,100000,32,0.02,0.05,1,equilibrium,0.036278194732730945,0.0808350188181086,0.027729102401120486
ornstein_uhlenbeck,2,diffusion_noise,0.05,2,100000,32,0.02,0.05,1,equilibrium,0.024134937574238367,0.05276794629292392,0.02527962554900338
ornstein_uhlenbeck,2,diffusion_noise,0.05,4,100000,32,0.02,0.05,1,equilibrium,0.04817492866250417,0.10782853039089402,0.03965151020812887
ornstein_uhlenbeck,2,diffusion_noise,0.05,8,100000,32,0.02,0.05,1,equilibrium,0.0600207983668824,0.14867981487682175,0.04724532036551503
ornstein_uhlenbeck,2,diffusion_noise,0.05,16,100000,32,0.02,0.05,1,equilibrium,0.05482423212857966,0.1371857321573773,0.03988077603982594
double_well,2,diffusion_noise,0.05,2,100000,32,0.02,0.05,1,equilibrium,0.025156031939059992,0.053125740840000435,0.029755470896986633
double_well,2,diffusion_noise,0.05,4,100000,32,0.02,0.05,1,equilibrium,0.060883020603833805,0.10833094126634812,0.050648801130891874
double_well,2,diffusion_noise,0.05,8,100000,32,0.02,0.05,1,equilibrium,0.0934619088467118,0.20515876708249742,0.06377971415782585
double_well,2,diffusion_noise,0.05,16,100000,32,0.02,0.05,1,equilibrium,0.10303849040678337,0.280958465378467,0.07123661402809739
multi_well,2,diffusion_noise,0.05,2,100000,32,0.02,0.05,1,equilibrium,0.019627082627723533,0.04893787970893926,0.022335084376496436
multi_well,2,diffusion_noise,0.05,4,100000,32,0.02,0.05,1,equilibrium,0.03601505052232649,0.09754029857381435,0.03103574316617955
multi_well,2,diffusion_noise,0.05,8,100000,32,0.02,0.05,1,equilibrium,0.03755751649794992,0.09298428116793875,0.029012826423129086
multi_well,2,diffusion_noise,0.05,16,100000,32,0.02,0.05,1,equilibrium,0.03283560197949037,0.06392070554881736,0.02326478499044163
ornstein_uhlenbeck,3,diffusion_noise,0.05,2,100000,32,0.02,0.05,1,equilibrium,0.026671736551224658,0.06048447031889925,0.026838791543835748
ornstein_uhlenbeck,3,diffusion_noise,0.05,4,100000,32,0.02,0.05,1,equilibrium,0.054264047038219757,0.12741459991425363,0.04441403397422257
ornstein_uhlenbeck,3,diffusion_noise,0.05,8,100000,32,0.02,0.05,1,equilibrium,0.06824715534517185,0.1852527243211342,0.05414099238996536
ornstein_uhlenbeck,3,diffusion_noise,0.05,16,100000,32,0.02,0.05,1,equilibrium,0.06325851692344953,0.19098042159323225,0.049072619069681085
double_well,3,diffusion_noise,0.05,2,100000,32,0.02,0.05,1,equilibrium,0.024819606143111447,0.058684818459862065,0.03138790092430429
double_well,3,diffusion_noise,0.05,4,100000,32,0.02,0.05,1,equilibrium,0.06080563660005576,0.1348522887481428,0.05301687480360455
double_well,3,diffusion_noise,0.05,8,100000,32,0.02,0.05,1,equilibrium,0.0982915449367192,0.2538400010781001,0.06997715131897313
double_well,3,diffusion_noise,0.05,16,100000,32,0.02,0.05,1,equilibrium,0.10662822501277885,0.32917450571808604,0.07784822915451059
multi_well,3,diffusion_noise,0.05,2,100000,32,0.02,0.05,1,equilibrium,0.02344206425280536,0.06111736017512803,0.02435938110588304
multi_well,3,diffusion_noise,0.05,4,100000,32,0.02,0.05,1,equilibrium,0.04028027947188957,0.11487358169231837,0.0350937521618652
multi_well,3,diffusion_noise,0.05,8,100000,32,0.02,0.05,1,equilibrium,0.04341857917713673,0.11531763665129563,0.033508154191866174
multi_well,3,diffusion_noise,0.05,16,100000,32,0.02,0.05,1,equilibrium,0.0355409788667991,0.06745021146982742,0.02458462154489785
ornstein_uhlenbeck,4,diffusion_noise,0.05,2,100000,32,0.02,0.05,1,equilibrium,0.022629894019097426,0.048245084975718,0.023750581215659167
ornstein_uhlenbeck,4,diffusion_noise,0.05,4,100000,32,0.02,0.05,1,equilibrium,0.04281522163384174,0.10411935380891546,0.03646960070042968
ornstein_uhlenbeck,4,diffusion_noise,0.05,8,100000,32,0.02,0.05,1,equilibrium,0.05543179472193611,0.14295701695643837,0.04473628891856635
ornstein_uhlenbeck,4,diffusion_noise,0.05,16,100000,32,0.02,0.05,1,equilibrium,0.047614560008331794,0.12988104228614383,0.037464194094886806
double_well,4,diffusion_noise,0.05,2,100000,32,0.02,0.05,1,equilibrium,0.02449700017439041,0.05955768871446965,0.031211858343034037
double_well,4,diffusion_noise,0.05,4,100000,32,0.02,0.05,1,equilibrium,0.0625537414343158,0.13770399986830484,0.05405920110471185
double_well,4,diffusion_noise,0.05,8,100000,32,0.02,0.05,1,equilibrium,0.09948151480821163,0.25076871807847273,0.0716751500040913
double_well,4,diffusion_noise,0.05,16,100000,32,0.02,0.05,1,equilibrium,0.11083835907897012,0.33732757296900445,0.08029938597908425
multi_well,4,diffusion_noise,0.05,2,100000,32,0.02,0.05,1,equilibrium,0.0223866229599407,0.05183580862683568,0.02368979661673684
multi_well,4,diffusion_noise,0.05,4,100000,32,0.02,0.05,1,equilibrium,0.03801932430316008,0.09893450067018128,0.03184209956254704
multi_well,4,diffusion_noise,0.05,8,100000,32,0.02,0.05,1,equilibrium,0.0397105129856536,0.11037696050674406,0.0315406830734457
multi_well,4,diffusion_noise,0.05,16,100000,32,0.02,0.05,1,equilibrium,0.03449010151260087,0.07241170151928393,0.024922741668991732
ornstein_uhlenbeck,5,diffusion_noise,0.05,2,100000,32,0.02,0.05,1,equilibrium,0.025474976345213594,0.05506691888669668,0.025477192239134513
ornstein_uhlenbeck,5,diffusion_noise,0.05,4,100000,32,0.02,0.05,1,equilibrium,0.047929166120979014,0.11115462903531015,0.0395897219241743
ornstein_uhlenbeck,5,diffusion_noise,0.05,8,100000,32,0.02,0.05,1,equilibrium,0.05502372903923616,0.15380851835802983,0.04514947332748655
ornstein_uhlenbeck,5,diffusion_noise,0.05,16,100000,32,0.02,0.05,1,equilibrium,0.05529214284170737,0.1491820474760911,0.04339398263337944
double_well,5,diffusion_noise,0.05,2,100000,32,0.02,0.05,1,equilibrium,0.023332425678836838,0.056853242801400916,0.03186889502860407
double_well,5,diffusion_noise,0.05,4,100000,32,0.02,0.05,1,equilibrium,0.05738038601408475,0.12347939631562477,0.053353468468004005
double_well,5,diffusion_noise,0.05,8,100000,32,0.02,0.05,1,equilibrium,0.08993832792346666,0.219698452854744,0.06783237191125438
double_well,5,diffusion_noise,0.05,16,100000,32,0.02,0.05,1,equilibrium,0.1020535554945773,0.2887473306439583,0.07405282838224514
multi_well,5,diffusion_noise,0.05,2,100000,32,0.02,0.05,1,equilibrium,0.019595641782237105,0.05089563758387616,0.022977411409390393
multi_well,5,diffusion_noise,0.05,4,100000,32,0.02,0.05,1,equilibrium,0.03453507194463488,0.09049352001190442,0.030888694493700537
multi_well,5,diffusion_noise,0.05,8,100000,32,0.02,0.05,1,equilibrium,0.03864364352816785,0.10180624482707365,0.03157847012772339
multi_well,5,diffusion_noise,0.05,16,100000,32,0.02,0.05,1,equilibrium,0.03531914650322537,0.08096574392581293,0.026011625861313278
ornstein_uhlenbeck,6,diffusion_noise,0.05,2,100000,32,0.02,0.05,1,equilibrium,0.025239663458740395,0.052347904459895234,0.024559269631865426
ornstein_uhlenbeck,6,diffusion_noise,0.05,4,100000,32,0.02,0.05,1,equilibrium,0.048889981615446526,0.11296148424102181,0.040612209510794306
ornstein_uhlenbeck,6,diffusion_noise,0.05,8,100000,32,0.02,0.05,1,equilibrium,0.058453440774740524,0.14956608915844977,0.046113788331721986
ornstein_uhlenbeck,6,diffusion_noise,0.05,16,100000,32,0.02,0.05,1,equilibrium,0.056540395632332846,0.14635871801271705,0.04258262825850597
double_well,6,diffusion_noise,0.05,2,100000,32,0.02,0.05,1,equilibrium,0.021758122959259538,0.048464529589317906,0.029241454437568946
double_well,6,diffusion_noise,0.05,4,100000,32,0.02,0.05,1,equilibrium,0.053434748238273475,0.11347984124564059,0.04907857819184017
double_well,6,diffusion_noise,0.05,8,100000,32,0.02,0.05,1,equilibrium,0.08051306766845176,0.18879779231205868,0.05978295115499429
double_well,6,diffusion_noise,0.05,16,100000,32,0.02,0.05,1,equilibrium,0.08552982714420666,0.22741712642412076,0.06005286573962852
multi_well,6,diffusion_noise,0.05,2,100000,32,0.02,0.05,1,equilibrium,0.021600858326509313,0.05638032612349875,0.02449099207401854
multi_well,6,diffusion_noise,0.05,4,100000,32,0.02,0.05,1,equilibrium,0.03592336296116245,0.0959447270717616,0.031630644045033365
multi_well,6,diffusion_noise,0.05,8,100000,32,0.02,0.05,1,equilibrium,0.038040228942260036,0.09889082330091711,0.031207344490627995
multi_well,6,diffusion_noise,0.05,16,100000,32,0.02,0.05,1,equilibrium,0.034074717439588904,0.08569880078258854,0.025678523288474874
ornstein_uhlenbeck,7,diffusion_noise,0.05,2,100000,32,0.02,0.05,1,equilibrium,0.025291013863533277,0.053187173104204954,0.02499397103829437
ornstein_uhlenbeck,7,diffusion_noise,0.05,4,100000,32,0.02,0.05,1,equilibrium,0.05071309448096424,0.11526877939929514,0.0416497938114587
ornstein_uhlenbeck,7,diffusion_noise,0.05,8,100000,32,0.02,0.05,1,equilibrium,0.05982931215930626,0.15922035534909035,0.04819029301056037
ornstein_uhlenbeck,7,diffusion_noise,0.05,16,100000,32,0.02,0.05,1,equilibrium,0.06267532536061451,0.1650274279728929,0.046535768535647816
double_well,7,diffusion_noise,0.05,2,100000,32,0.02,0.05,1,equilibrium,0.022703402911440865,0.04541663037785271,0.028476381144589974
double_well,7,diffusion_noise,0.05,4,100000,32,0.02,0.05,1,equilibrium,0.05577980336874795,0.11057408032935245,0.04840557041176823
double_well,7,diffusion_noise,0.05,8,100000,32,0.02,0.05,1,equilibrium,0.08014064225067861,0.1674405537879548,0.05701714566470676
double_well,7,diffusion_noise,0.05,16,100000,32,0.02,0.05,1,equilibrium,0.0815979811543483,0.19373119112005283,0.05672502946036092
multi_well,7,diffusion_noise,0.05,2,100000,32,0.02,0.05,1,equilibrium,0.021087069768541012,0.05499960318425334,0.02368949408113562
multi_well,7,diffusion_noise,0.05,4,100000,32,0.02,0.05,1,equilibrium,0.03681678971431952,0.09951217125921863,0.03198427322061072
multi_well,7,diffusion_noise,0.05,8,100000,32,0.02,0.05,1,equilibrium,0.042309854769791336,0.10555022315667831,0.032172295674755276
multi_well,7,diffusion_noise,0.05,16,100000,32,0.02,0.05,1,equilibrium,0.03873655633484351,0.09018724081643804,0.027065774793604034
ornstein_uhlenbeck,8,diffusion_noise,0.05,2,100000,32,0.02,0.05,1,equilibrium,0.023665229304586498,0.05168967252121015,0.024828345137317707
ornstein_uhlenbeck,8,diffusion_noise,0.05,4,100000,32,0.02,0.05,1,equilibrium,0.045156641162104466,0.11429532674153653,0.04002331712492352
ornstein_uhlenbeck,8,diffusion_noise,0.05,8,100000,32,0.02,0.05,1,equilibrium,0.05705447448738024,0.15206095190481317,0.04722910666356394
ornstein_uhlenbeck,8,diffusion_noise,0.05,16,100000,32,0.02,0.05,1,equilibrium,0.05770673468137069,0.15877138529644033,0.043620641841162766
double_well,8,diffusion_noise,0.05,2,100000,32,0.02,0.05,1,equilibrium,0.025187164675563728,0.055800642214728136,0.03195503641732884
double_well,8,diffusion_noise,0.05,4,100000,32,0.02,0.05,1,equilibrium,0.06407573923406631,0.13629754846423436,0.05494467734520409
double_well,8,diffusion_noise,0.05,8,100000,32,0.02,0.05,1,equilibrium,0.09497992768441046,0.22760728726682972,0.06811004986684503
double_well,8,diffusion_noise,0.05,16,100000,32,0.02,0.05,1,equilibrium,0.10250120110589928,0.2835558152455134,0.07174501235668684
multi_well,8,diffusion_noise,0.05,2,100000,32,0.02,0.05,1,equilibrium,0.019215928968596432,0.04995235845829715,0.022453894310870547
multi_well,8,diffusion_noise,0.05,4,100000,32,0.02,0.05,1,equilibrium,0.03756469235706177,0.09952300729927838,0.03187889747434531
multi_well,8,diffusion_noise,0.05,8,100000,32,0.02,0.05,1,equilibrium,0.042259571510401175,0.10761723242640409,0.03219919421560779
multi_well,8,diffusion_noise,0.05,16,100000,32,0.02,0.05,1,equilibrium,0.03591636357770025,0.07135128004430694,0.025599676614783583
ornstein_uhlenbeck,9,diffusion_noise,0.05,2,100000,32,0.02,0.05,1,equilibrium,0.022431799638701396,0.04848510888843771,0.0233505827086558
ornstein_uhlenbeck,9,diffusion_noise,0.05,4,100000,32,0.02,0.05,1,equilibrium,0.04244220132323336,0.10192001238588533,0.0368321838289711
ornstein_uhlenbeck,9,diffusion_noise,0.05,8,100000,32,0.02,0.05,1,equilibrium,0.052255049408370065,0.1438527960900977,0.0423464385883724
ornstein_uhlenbeck,9,diffusion_noise,0.05,16,100000,32,0.02,0.05,1,equilibrium,0.055018359721220045,0.1443123653708233,0.041599267298935184
double_well,9,diffusion_noise,0.05,2,100000,32,0.02,0.05,1,equilibrium,0.021704600461966442,0.048195266779544554,0.022457132393849413
double_well,9,diffusion_noise,0.05,4,100000,32,0.02,0.05,1,equilibrium,0.040264419870442804,0.10476920027697956,0.033980964888664755
double_well,9,diffusion_noise,0.05,8,100000,32,0.02,0.05,1,equilibrium,0.05035098150848106,0.17355414570287164,0.04282727900033204
double_well,9,diffusion_noise,0.05,16,100000,32,0.02,0.05,1,equilibrium,0.05033534317844613,0.20687829569838428,0.04372647131141914
multi_well,9,diffusion_noise,0.05,2,100000,32,0.02,0.05,1,equilibrium,0.024572024684081005,0.05677479695822096,0.024658624577060907
multi_well,9,diffusion_noise,0.05,4,100000,32,0.02,0.05,1,equilibrium,0.04265913603880207,0.11363954066479781,0.035453872787323995
multi_well,9,diffusion_noise,0.05,8,100000,32,0.02,0.05,1,equilibrium,0.0439679137800376,0.13274389872751158,0.034726785308485754
multi_well,9,diffusion_noise,0.05,16,100000,32,0.02,0.05,1,equilibrium,0.03735530171109458,0.092396852315417,0.026820112069816705
ornstein_uhlenbeck,0,diffusion_noise,0.5,2,100000,32,0.02,0.5,1,equilibrium,0.026249229179397468,0.05828676794234777,0.02741306353747121
ornstein_uhlenbeck,0,diffusion_noise,0.5,4,100000,32,0.02,0.5,1,equilibrium,0.048342308798122464,0.11876387012070055,0.041117101616433435
ornstein_uhlenbeck,0,diffusion_noise,0.5,8,100000,32,0.02,0.5,1,equilibrium,0.06298448673989651,0.1749670646128147,0.05107934520806991
ornstein_uhlenbeck,0,diffusion_noise,0.5,16,100000,32,0.02,0.5,1,equilibrium,0.06359735380388243,0.18693045060716526,0.050012385816445945
double_well,0,diffusion_noise,0.5,2,100000,32,0.02,0.5,1,equilibrium,0.016075652053315202,0.04409468398619554,0.020241223556603474
double_well,0,diffusion_noise,0.5,4,100000,32,0.02,0.5,1,equilibrium,0.02689191516886432,0.06528654933189415,0.02342085455590103
double_well,0,diffusion_noise,0.5,8,100000,32,0.02,0.5,1,equilibrium,0.028334702344145486,0.0439430892221018,0.022657815135499547
double_well,0,diffusion_noise,0.5,16,100000,32,0.02,0.5,1,equilibrium,0.03164010539158406,0.024291569333316526,0.022495774963077166
multi_well,0,diffusion_noise,0.5,2,100000,32,0.02,0.5,1,equilibrium,0.019314215016363073,0.05866116479240946,0.03920923244887477
multi_well,0,diffusion_noise,0.5,4,100000,32,0.02,0.5,1,equilibrium,0.059130097754912306,0.13391363255985078,0.07534740100656742
multi_well,0,diffusion_noise,0.5,8,100000,32,0.02,0.5,1,equilibrium,0.11881188904375768,0.2093150327672082,0.10351142382570373
multi_well,0,diffusion_noise,0.5,16,100000,32,0.02,0.5,1,equilibrium,0.1807941808868313,0.28134832440767404,0.11848160539183868
ornstein_uhlenbeck,1,diffusion_noise,0.5,2,100000,32,0.02,0.5,1,equilibrium,0.023582885722001536,0.052965487188932014,0.02534760357256942
ornstein_uhlenbeck,1,diffusion_noise,0.5,4,100000,32,0.02,0.5,1,equilibrium,0.044144573350547014,0.1079420511924154,0.03727642835218976
ornstein_uhlenbeck,1,diffusion_noise,0.5,8,100000,32,0.02,0.5,1,equilibrium,0.05601414921373574,0.14871929308361626,0.04466865031193746
ornstein_uhlenbeck,1,diffusion_noise,0.5,16,100000,32,0.02,0.5,1,equilibrium,0.0546875446082737,0.14281833419622808,0.04084923087626871
double_well,1,diffusion_noise,0.5,2,100000,32,0.02,0.5,1,equilibrium,0.0172109773179839,0.048339933139695646,0.02134491287584254
double_well,1,diffusion_noise,0.5,4,100000,32,0.02,0.5,1,equilibrium,0.029927746334201207,0.0703292328719396,0.026180985434671566
double_well,1,diffusion_noise,0.5,8,100000,32,0.02,0.5,1,equilibrium,0.032900929383942984,0.05495258394402042,0.02503038672724664
double_well,1,diffusion_noise,0.5,16,100000,32,0.02,0.5,1,equilibrium,0.02961838552525193,0.018671795591698445,0.021804289704507422
multi_well,1,diffusion_noise,0.5,2,100000,32,0.02,0.5,1,equilibrium,0.021307846610579675,0.0626412216177632,0.044048548939766646
multi_well,1,diffusion_noise,0.5,4,100000,32,0.02,0.5,1,equilibrium,0.06138412233111358,0.13294829866358093,0.08281134063523932
multi_well,1,diffusion_noise,0.5,8,100000,32,0.02,0.5,1,equilibrium,0.12135571683590232,0.1918486145460605,0.10775448416049105
multi_well,1,diffusion_noise,0.5,16,100000,32,0.02,0.5,1,equilibrium,0.18472380220749227,0.2832767672901677,0.1226544827033739
ornstein_uhlenbeck,2,diffusion_noise,0.5,2,100000,32,0.02,0.5,1,equilibrium,0.022473479878608628,0.04988613127209296,0.024233428622147633
ornstein_uhlenbeck,2,diffusion_noise,0.5,4,100000,32,0.02,0.5,1,equilibrium,0.04862951728872008,0.11465558981817858,0.03924982471305114
ornstein_uhlenbeck,2,diffusion_noise,0.5,8,100000,32,0.02,0.5,1,equilibrium,0.06387863924875381,0.17154584530109046,0.04929273778386402
ornstein_uhlenbeck,2,diffusion_noise,0.5,16,100000,32,0.02,0.5,1,equilibrium,0.0702985805787649,0.21136338035291366,0.05375104242684114
double_well,2,diffusion_noise,0.5,2,100000,32,0.02,0.5,1,equilibrium,0.014706581368353053,0.04399851604712013,0.021327882241093138
double_well,2,diffusion_noise,0.5,4,100000,32,0.02,0.5,1,equilibrium,0.02674537122800527,0.0684809430628523,0.02599647511397671
double_well,2,diffusion_noise,0.5,8,100000,32,0.02,0.5,1,equilibrium,0.026597310287299277,0.05101627844387471,0.023402245758993204
double_well,2,diffusion_noise,0.5,16,100000,32,0.02,0.5,1,equilibrium,0.027718305348414882,0.02027648990888553,0.0214332836585866
multi_well,2,diffusion_noise,0.5,2,100000,32,0.02,0.5,1,equilibrium,0.020187682658126496,0.06475793497329063,0.045771752507126506
multi_well,2,diffusion_noise,0.5,4,100000,32,0.02,0.5,1,equilibrium,0.059579815123066426,0.13211175031488265,0.08446863755351187
multi_well,2,diffusion_noise,0.5,8,100000,32,0.02,0.5,1,equilibrium,0.11880679817646146,0.1891733777820898,0.10930992631588195
multi_well,2,diffusion_noise,0.5,16,100000,32,0.02,0.5,1,equilibrium,0.1824400372740695,0.2819384068352533,0.12265636107265673
ornstein_uhlenbeck,3,diffusion_noise,0.5,2,100000,32,0.02,0.5,1,equilibrium,0.02412118291292612,0.0544396577744104,0.025495450575433728
ornstein_uhlenbeck,3,diffusion_noise,0.5,4,100000,32,0.02,0.5,1,equilibrium,0.045121008049131134,0.10951901974185074,0.03813704117332748
ornstein_uhlenbeck,3,diffusion_noise,0.5,8,100000,32,0.02,0.5,1,equilibrium,0.05664089042685828,0.15078092000683196,0.045698610361660466
ornstein_uhlenbeck,3,diffusion_noise,0.5,16,100000,32,0.02,0.5,1,equilibrium,0.056128080381161426,0.15301971473774434,0.04307668229244475
double_well,3,diffusion_noise,0.5,2,100000,32,0.02,0.5,1,equilibrium,0.016065543314353788,0.04079680499046423,0.019660051285877705
double_well,3,diffusion_noise,0.5,4,100000,32,0.02,0.5,1,equilibrium,0.027024284320422694,0.06511991067982131,0.02532774724654136
double_well,3,diffusion_noise,0.5,8,100000,32,0.02,0.5,1,equilibrium,0.026550491140216292,0.05069638035441276,0.02224309449635821
double_well,3,diffusion_noise,0.5,16,100000,32,0.02,0.5,1,equilibrium,0.029689037475264746,0.019016335884482816,0.02184876296731068
multi_well,3,diffusion_noise,0.5,2,100000,32,0.02,0.5,1,equilibrium,0.021352974384454063,0.06861013526203252,0.04617382279157659
multi_well,3,diffusion_noise,0.5,4,100000,32,0.02,0.5,1,equilibrium,0.06247196224653147,0.13563187374440377,0.08460147809797809
multi_well,3,diffusion_noise,0.5,8,100000,32,0.02,0.5,1,equilibrium,0.12380437238309101,0.1884224124539724,0.11200754144722076
multi_well,3,diffusion_noise,0.5,16,100000,32,0.02,0.5,1,equilibrium,0.1882880872550623,0.30135597008615744,0.12648135383993245
ornstein_uhlenbeck,4,diffusion_noise,0.5,2,100000,32,0.02,0.5,1,equilibrium,0.02270521328502238,0.05462354705615108,0.024324045574191298
ornstein_uhlenbeck,4,diffusion_noise,0.5,4,100000,32,0.02,0.5,1,equilibrium,0.04624829282221414,0.1094227051149933,0.039137369094880484
ornstein_uhlenbeck,4,diffusion_noise,0.5,8,100000,32,0.02,0.5,1,equilibrium,0.05787833880692944,0.15469978961402592,0.04762275419753141
ornstein_uhlenbeck,4,diffusion_noise,0.5,16,100000,32,0.02,0.5,1,equilibrium,0.057593402246354536,0.16172736881925248,0.045067695951020906
double_well,4,diffusion_noise,0.5,2,100000,32,0.02,0.5,1,equilibrium,0.014657054441952533,0.04189962668960323,0.019710593610030535
double_well,4,diffusion_noise,0.5,4,100000,32,0.02,0.5,1,equilibrium,0.028588831887287086,0.058663804006010456,0.02497004344372519
double_well,4,diffusion_noise,0.5,8,100000,32,0.02,0.5,1,equilibrium,0.03459337816132316,0.053680112044641626,0.024947371488679402
double_well,4,diffusion_noise,0.5,16,100000,32,0.02,0.5,1,equilibrium,0.03804761580344996,0.033472709911241794,0.025351760155066048
multi_well,4,diffusion_noise,0.5,2,100000,32,0.02,0.5,1,equilibrium,0.02237304054031536,0.0666843407508163,0.04813085470900441
multi_well,4,diffusion_noise,0.5,4,100000,32,0.02,0.5,1,equilibrium,0.06256686697722443,0.13866321328288556,0.08641160022971285
multi_well,4,diffusion_noise,0.5,8,100000,32,0.02,0.5,1,equilibrium,0.12088754100978527,0.19916606248708457,0.11031402426717068
multi_well,4,diffusion_noise,0.5,16,100000,32,0.02,0.5,1,equilibrium,0.18293124314368187,0.276559435186923,0.12197748208836265
ornstein_uhlenbeck,5,diffusion_noise,0.5,2,100000,32,0.02,0.5,1,equilibrium,0.02280521006275043,0.05194854380370495,0.02418873164284958
ornstein_uhlenbeck,5,diffusion_noise,0.5,4,100000,32,0.02,0.5,1,equilibrium,0.04736744330170632,0.11652156965944749,0.0399393004392491
ornstein_uhlenbeck,5,diffusion_noise,0.5,8,100000,32,0.02,0.5,1,equilibrium,0.05644081485132082,0.15323487355518262,0.04666003065107595
ornstein_uhlenbeck,5,diffusion_noise,0.5,16,100000,32,0.02,0.5,1,equilibrium,0.0563751928825356,0.14029044408475225,0.04251999533940673
double_well,5,diffusion_noise,0.5,2,100000,32,0.02,0.5,1,equilibrium,0.014076792967437093,0.03753406918047675,0.019272920798773675
double_well,5,diffusion_noise,0.5,4,100000,32,0.02,0.5,1,equilibrium,0.02736704142326244,0.07029279358007806,0.026299930693796596
double_well,5,diffusion_noise,0.5,8,100000,32,0.02,0.5,1,equilibrium,0.02816949768258372,0.05378108843976259,0.0234023004319201
double_well,5,diffusion_noise,0.5,16,100000,32,0.02,0.5,1,equilibrium,0.028596084823800612,0.03214756965744317,0.021523560650656852
multi_well,5,diffusion_noise,0.5,2,100000,32,0.02,0.5,1,equilibrium,0.02038672689791933,0.0625447592254873,0.04842238627531728
multi_well,5,diffusion_noise,0.5,4,100000,32,0.02,0.5,1,equilibrium,0.05923525827630628,0.1402506699859426,0.08527588960335762
multi_well,5,diffusion_noise,0.5,8,100000,32,0.02,0.5,1,equilibrium,0.11977321537898791,0.2014240756062895,0.1100364598810519
multi_well,5,diffusion_noise,0.5,16,100000,32,0.02,0.5,1,equilibrium,0.1936793158540438,0.3049174563059799,0.13174765344342707
ornstein_uhlenbeck,6,diffusion_noise,0.5,2,100000,32,0.02,0.5,1,equilibrium,0.023081668952169617,0.051314049373410775,0.02451203331099462
ornstein_uhlenbeck,6,diffusion_noise,0.5,4,100000,32,0.02,0.5,1,equilibrium,0.04533329171638976,0.12113587686648308,0.03961115157889298
ornstein_uhlenbeck,6,diffusion_noise,0.5,8,100000,32,0.02,0.5,1,equilibrium,0.058775826516682846,0.17089415232599747,0.048605414220446654
ornstein_uhlenbeck,6,diffusion_noise,0.5,16,100000,32,0.02,0.5,1,equilibrium,0.057087253722065696,0.14854670139084433,0.04364446467258548
double_well,6,diffusion_noise,0.5,2,100000,32,0.02,0.5,1,equilibrium,0.015935145631371876,0.04650175346631713,0.021200117641054846
double_well,6,diffusion_noise,0.5,4,100000,32,0.02,0.5,1,equilibrium,0.0310292873266299,0.07544990928443635,0.026373068894275136
double_well,6,diffusion_noise,0.5,8,100000,32,0.02,0.5,1,equilibrium,0.038773413483540395,0.07873373327463015,0.027303916461988653
double_well,6,diffusion_noise,0.5,16,100000,32,0.02,0.5,1,equilibrium,0.03459020672194849,0.043012295116934524,0.024074946156081797
multi_well,6,diffusion_noise,0.5,2,100000,32,0.02,0.5,1,equilibrium,0.01956925359640592,0.06364054015770515,0.04638123509788659
multi_well,6,diffusion_noise,0.5,4,100000,32,0.02,0.5,1,equilibrium,0.058416641227436325,0.13337389814658107,0.0861888562226448
multi_well,6,diffusion_noise,0.5,8,100000,32,0.02,0.5,1,equilibrium,0.12099040071617947,0.19715802785809378,0.11425474395125323
multi_well,6,diffusion_noise,0.5,16,100000,32,0.02,0.5,1,equilibrium,0.19320149509347082,0.30339598753734986,0.13118565221367384
ornstein_uhlenbeck,7,diffusion_noise,0.5,2,100000,32,0.02,0.5,1,equilibrium,0.024298624754988913,0.05402348729468104,0.02626794336887985
ornstein_uhlenbeck,7,diffusion_noise,0.5,4,100000,32,0.02,0.5,1,equilibrium,0.04936800222978495,0.11282617679937113,0.0402819778328981
ornstein_uhlenbeck,7,diffusion_noise,0.5,8,100000,32,0.02,0.5,1,equilibrium,0.05938609448768322,0.15243076715639509,0.047084933473925006
ornstein_uhlenbeck,7,diffusion_noise,0.5,16,100000,32,0.02,0.5,1,equilibrium,0.0600732446587357,0.17333637744988253,0.045774218297708245
double_well,7,diffusion_noise,0.5,2,100000,32,0.02,0.5,1,equilibrium,0.013870520443032448,0.04184094972650865,0.02068581584188367
double_well,7,diffusion_noise,0.5,4,100000,32,0.02,0.5,1,equilibrium,0.025658438258318778,0.0644442020928857,0.02382589993744762
double_well,7,diffusion_noise,0.5,8,100000,32,0.02,0.5,1,equilibrium,0.028151538256257734,0.04341782489701984,0.022708630289971308
double_well,7,diffusion_noise,0.5,16,100000,32,0.02,0.5,1,equilibrium,0.03306263266312791,0.0367501606917206,0.02317153937361843
multi_well,7,diffusion_noise,0.5,2,100000,32,0.02,0.5,1,equilibrium,0.019352752352044325,0.06378226483126392,0.04562597572219077
multi_well,7,diffusion_noise,0.5,4,100000,32,0.02,0.5,1,equilibrium,0.05547683092937554,0.12826868757028642,0.08406109776299371
multi_well,7,diffusion_noise,0.5,8,100000,32,0.02,0.5,1,equilibrium,0.110955356557893,0.1906350338046221,0.10612341214411415
multi_well,7,diffusion_noise,0.5,16,100000,32,0.02,0.5,1,equilibrium,0.1713270280342116,0.2698541218252548,0.11461763874701605
ornstein_uhlenbeck,8,diffusion_noise,0.5,2,100000,32,0.02,0.5,1,equilibrium,0.023717646625721428,0.051072191669890965,0.02431937721448513
ornstein_uhlenbeck,8,diffusion_noise,0.5,4,100000,32,0.02,0.5,1,equilibrium,0.04860088698162239,0.11091346472783126,0.0400390385447406
ornstein_uhlenbeck,8,diffusion_noise,0.5,8,100000,32,0.02,0.5,1,equilibrium,0.06214889891840404,0.1621057594473188,0.049889227798355126
ornstein_uhlenbeck,8,diffusion_noise,0.5,16,100000,32,0.02,0.5,1,equilibrium,0.06683245086163592,0.17710350075877887,0.05055213202102984
double_well,8,diffusion_noise,0.5,2,100000,32,0.02,0.5,1,equilibrium,0.01634847190585862,0.04596593708822316,0.021057967434645407
double_well,8,diffusion_noise,0.5,4,100000,32,0.02,0.5,1,equilibrium,0.0302531291596395,0.06976895340575417,0.026845439547117024
double_well,8,diffusion_noise,0.5,8,100000,32,0.02,0.5,1,equilibrium,0.03146179433331266,0.045096579764013295,0.024027827210020804
double_well,8,diffusion_noise,0.5,16,100000,32,0.02,0.5,1,equilibrium,0.033532745224600875,0.030767944536714442,0.02345737605802824
multi_well,8,diffusion_noise,0.5,2,100000,32,0.02,0.5,1,equilibrium,0.0218059146906954,0.06437059588787342,0.04619494933939923
multi_well,8,diffusion_noise,0.5,4,100000,32,0.02,0.5,1,equilibrium,0.062142065972492985,0.14033214270172423,0.08582184903406767
multi_well,8,diffusion_noise,0.5,8,100000,32,0.02,0.5,1,equilibrium,0.11859465002861905,0.19949214160152806,0.10877529513764601
multi_well,8,diffusion_noise,0.5,16,100000,32,0.02,0.5,1,equilibrium,0.171981229576688,0.2501330774594632,0.11356037307155545
ornstein_uhlenbeck,9,diffusion_noise,0.5,2,100000,32,0.02,0.5,1,equilibrium,0.023418682599818864,0.04761201684161398,0.024335843349952133
ornstein_uhlenbeck,9,diffusion_noise,0.5,4,100000,32,0.02,0.5,1,equilibrium,0.04499013031206768,0.10691797128316816,0.03788068043647829
ornstein_uhlenbeck,9,diffusion_noise,0.5,8,100000,32,0.02,0.5,1,equilibrium,0.05402486548054964,0.14351201038798428,0.04427788483703155
ornstein_uhlenbeck,9,diffusion_noise,0.5,16,100000,32,0.02,0.5,1,equilibrium,0.052931303676959356,0.13254219692200941,0.040066599365212494
double_well,9,diffusion_noise,0.5,2,100000,32,0.02,0.5,1,equilibrium,0.015820662137302544,0.037761154614825765,0.01967369713891727
double_well,9,diffusion_noise,0.5,4,100000,32,0.02,0.5,1,equilibrium,0.028025514663674565,0.06511121186621438,0.025671337331192357
double_well,9,diffusion_noise,0.5,8,100000,32,0.02,0.5,1,equilibrium,0.03147400383356558,0.054356973778176415,0.024144230254120436
double_well,9,diffusion_noise,0.5,16,100000,32,0.02,0.5,1,equilibrium,0.03264310648414745,0.02880605392421179,0.022942589426391057
multi_well,9,diffusion_noise,0.5,2,100000,32,0.02,0.5,1,equilibrium,0.020693460145907352,0.0646895428296379,0.04360537333005947
multi_well,9,diffusion_noise,0.5,4,100000,32,0.02,0.5,1,equilibrium,0.05868840448188242,0.13728319725042648,0.08290542268761282
multi_well,9,diffusion_noise,0.5,8,100000,32,0.02,0.5,1,equilibrium,0.11234663682478051,0.1877196859882157,0.10488690422928607
multi_well,9,diffusion_noise,0.5,16,100000,32,0.02,0.5,1,equilibrium,0.16293395727888116,0.22283557072358517,0.10896586562204146
ornstein_uhlenbeck,0,observation_interval,2,2,50000,32,0.02,0.18,2,equilibrium,0.02718019626458778,0.06567273175209654,0.03212421015819847
ornstein_uhlenbeck,0,observation_interval,2,4,50000,32,0.02,0.18,2,equilibrium,0.0441371854209197,0.11270156041318669,0.03966819998091737
ornstein_uhlenbeck,0,observation_interval,2,8,50000,32,0.02,0.18,2,equilibrium,0.0509556775352176,0.12880032448837536,0.040737247157216584
ornstein_uhlenbeck,0,observation_interval,2,16,50000,32,0.02,0.18,2,equilibrium,0.049867773810481145,0.09593812614871716,0.035087985117352616
double_well,0,observation_interval,2,2,50000,32,0.02,0.18,2,equilibrium,0.019638729702241307,0.03170008435314159,0.02454169001018833
double_well,0,observation_interval,2,4,50000,32,0.02,0.18,2,equilibrium,0.03847226142581453,0.05732201221844524,0.03257620672210303
double_well,0,observation_interval,2,8,50000,32,0.02,0.18,2,equilibrium,0.04866780246892551,0.049911324421415354,0.0350466254221155
double_well,0,observation_interval,2,16,50000,32,0.02,0.18,2,equilibrium,0.05081793779909839,0.037598916883364294,0.03536476494297186
multi_well,0,observation_interval,2,2,50000,32,0.02,0.18,2,equilibrium,0.029482026511614648,0.06330981052588669,0.03777627731652806
multi_well,0,observation_interval,2,4,50000,32,0.02,0.18,2,equilibrium,0.0731003261124299,0.12454673746687117,0.05944043195975358
multi_well,0,observation_interval,2,8,50000,32,0.02,0.18,2,equilibrium,0.12004154636686223,0.26155640701876015,0.08389469693057447
multi_well,0,observation_interval,2,16,50000,32,0.02,0.18,2,equilibrium,0.14965239488573215,0.4355684626330826,0.10721410991027475
ornstein_uhlenbeck,1,observation_interval,2,2,50000,32,0.02,0.18,2,equilibrium,0.027117440474504137,0.06489820658310186,0.02927928413377644
ornstein_uhlenbeck,1,observation_interval,2,4,50000,32,0.02,0.18,2,equilibrium,0.042640007412760916,0.11546946066807312,0.03865164475830665
ornstein_uhlenbeck,1,observation_interval,2,8,50000,32,0.02,0.18,2,equilibrium,0.04931925870633133,0.11355077535773261,0.03781499564675162
ornstein_uhlenbeck,1,observation_interval,2,16,50000,32,0.02,0.18,2,equilibrium,0.05195895222360356,0.11320578521941052,0.035941671878053826
double_well,1,observation_interval,2,2,50000,32,0.02,0.18,2,equilibrium,0.02054886158098853,0.04307828116800616,0.026259522179240005
double_well,1,observation_interval,2,4,50000,32,0.02,0.18,2,equilibrium,0.03860863615529793,0.06011784342527443,0.03157609098260629
double_well,1,observation_interval,2,8,50000,32,0.02,0.18,2,equilibrium,0.04363382572039342,0.06045503257781476,0.032981177134152606
double_well,1,observation_interval,2,16,50000,32,0.02,0.18,2,equilibrium,0.048177452769656126,0.02905263509780534,0.03338821995185093
multi_well,1,observation_interval,2,2,50000,32,0.02,0.18,2,equilibrium,0.031502719120328274,0.06947425402943774,0.038945786819348786
multi_well,1,observation_interval,2,4,50000,32,0.02,0.18,2,equilibrium,0.07354998060622782,0.12960128637629587,0.05783624047695412
multi_well,1,observation_interval,2,8,50000,32,0.02,0.18,2,equilibrium,0.10426278966890726,0.1567442555735427,0.06645834479029201
multi_well,1,observation_interval,2,16,50000,32,0.02,0.18,2,equilibrium,0.09676700867603252,0.12829742061230837,0.059534271451348736
ornstein_uhlenbeck,2,observation_interval,2,2,50000,32,0.02,0.18,2,equilibrium,0.018484903783384892,0.04607520287106581,0.026186662670624708
ornstein_uhlenbeck,2,observation_interval,2,4,50000,32,0.02,0.18,2,equilibrium,0.038800769279171504,0.09496022280041527,0.03469556442703365
ornstein_uhlenbeck,2,observation_interval,2,8,50000,32,0.02,0.18,2,equilibrium,0.052556646215002195,0.1307365921055368,0.040223181589058105
ornstein_uhlenbeck,2,observation_interval,2,16,50000,32,0.02,0.18,2,equilibrium,0.04501393485081412,0.08169720834095043,0.03175972548446649
double_well,2,observation_interval,2,2,50000,32,0.02,0.18,2,equilibrium,0.020483860214936082,0.044607542480048556,0.026499968891910003
double_well,2,observation_interval,2,4,50000,32,0.02,0.18,2,equilibrium,0.031647495538025275,0.04252129216020145,0.029731024045831965
double_well,2,observation_interval,2,8,50000,32,0.02,0.18,2,equilibrium,0.039857809171397585,0.03094007129262699,0.03115448355298139
double_well,2,observation_interval,2,16,50000,32,0.02,0.18,2,equilibrium,0.04765523138966147,0.04100094330325953,0.03369094039661479
multi_well,2,observation_interval,2,2,50000,32,0.02,0.18,2,equilibrium,0.03220017579880006,0.06434972611092038,0.03854642097633713
multi_well,2,observation_interval,2,4,50000,32,0.02,0.18,2,equilibrium,0.07359412120492834,0.1215992635750352,0.05714864351130592
multi_well,2,observation_interval,2,8,50000,32,0.02,0.18,2,equilibrium,0.10587224433893591,0.15918983029275355,0.06670348002287381
multi_well,2,observation_interval,2,16,50000,32,0.02,0.18,2,equilibrium,0.1087217699956492,0.12683839615944353,0.06487135707823963
ornstein_uhlenbeck,3,observation_interval,2,2,50000,32,0.02,0.18,2,equilibrium,0.020212207547719224,0.04796630684128278,0.02668644626649716
ornstein_uhlenbeck,3,observation_interval,2,4,50000,32,0.02,0.18,2,equilibrium,0.042218988972449786,0.10797679762660256,0.03738604689595837
ornstein_uhlenbeck,3,observation_interval,2,8,50000,32,0.02,0.18,2,equilibrium,0.047659550314498575,0.1141153185127729,0.03604882631931527
ornstein_uhlenbeck,3,observation_interval,2,16,50000,32,0.02,0.18,2,equilibrium,0.04408120744845094,0.10188691442492362,0.032640273282752555
double_well,3,observation_interval,2,2,50000,32,0.02,0.18,2,equilibrium,0.01985791543894025,0.04840774188108565,0.025873184516953047
double_well,3,observation_interval,2,4,50000,32,0.02,0.18,2,equilibrium,0.03778819580689311,0.05557477703061853,0.032146970899242025
double_well,3,observation_interval,2,8,50000,32,0.02,0.18,2,equilibrium,0.04792596773610674,0.04209064688448694,0.03406624272365876
double_well,3,observation_interval,2,16,50000,32,0.02,0.18,2,equilibrium,0.0536916420677893,0.034391506218826945,0.03502805990888134
multi_well,3,observation_interval,2,2,50000,32,0.02,0.18,2,equilibrium,0.03066195913126226,0.06861851797618834,0.03944678785018605
multi_well,3,observation_interval,2,4,50000,32,0.02,0.18,2,equilibrium,0.07499877298835349,0.13649088026081835,0.06374720936901349
multi_well,3,observation_interval,2,8,50000,32,0.02,0.18,2,equilibrium,0.12215283143329612,0.2368959575357623,0.08243260591442271
multi_well,3,observation_interval,2,16,50000,32,0.02,0.18,2,equilibrium,0.14085487727448057,0.3393882694399025,0.09338893667840044
ornstein_uhlenbeck,4,observation_interval,2,2,50000,32,0.02,0.18,2,equilibrium,0.020188705844062065,0.04937096166657551,0.02604450630503287
ornstein_uhlenbeck,4,observation_interval,2,4,50000,32,0.02,0.18,2,equilibrium,0.04136349231322962,0.09783790854391566,0.03622395204198461
ornstein_uhlenbeck,4,observation_interval,2,8,50000,32,0.02,0.18,2,equilibrium,0.04991578725644961,0.10771257324586356,0.03662773956942626
ornstein_uhlenbeck,4,observation_interval,2,16,50000,32,0.02,0.18,2,equilibrium,0.04656861754275997,0.07935932583755528,0.031719461205454845
double_well,4,observation_interval,2,2,50000,32,0.02,0.18,2,equilibrium,0.021285692838261552,0.044188590394723004,0.028892324181459168
double_well,4,observation_interval,2,4,50000,32,0.02,0.18,2,equilibrium,0.03768511840581151,0.07093237512412992,0.034057827466449205
double_well,4,observation_interval,2,8,50000,32,0.02,0.18,2,equilibrium,0.04864973782432152,0.057524335092308226,0.035727472048758833
double_well,4,observation_interval,2,16,50000,32,0.02,0.18,2,equilibrium,0.057108971906028205,0.04100391767113472,0.03782097284730388
multi_well,4,observation_interval,2,2,50000,32,0.02,0.18,2,equilibrium,0.03166463341973045,0.06996151497506364,0.036552507614322625
multi_well,4,observation_interval,2,4,50000,32,0.02,0.18,2,equilibrium,0.07118183327034074,0.12947762273604185,0.055175109126675594
multi_well,4,observation_interval,2,8,50000,32,0.02,0.18,2,equilibrium,0.09821739287224893,0.15627075682221458,0.06353036432334103
multi_well,4,observation_interval,2,16,50000,32,0.02,0.18,2,equilibrium,0.10109816097896784,0.1094753607525838,0.0656603291022504
ornstein_uhlenbeck,5,observation_interval,2,2,50000,32,0.02,0.18,2,equilibrium,0.029634522773416064,0.05878145947745761,0.030829293588246955
ornstein_uhlenbeck,5,observation_interval,2,4,50000,32,0.02,0.18,2,equilibrium,0.04870549879003165,0.10213841619952457,0.039183943211646644
ornstein_uhlenbeck,5,observation_interval,2,8,50000,32,0.02,0.18,2,equilibrium,0.05647758482642966,0.12099549803083953,0.04101020258462274
ornstein_uhlenbeck,5,observation_interval,2,16,50000,32,0.02,0.18,2,equilibrium,0.048676911824102206,0.08705604522113433,0.03363517190981616
double_well,5,observation_interval,2,2,50000,32,0.02,0.18,2,equilibrium,0.022236334226834346,0.056792617939412426,0.027084119911186925
double_well,5,observation_interval,2,4,50000,32,0.02,0.18,2,equilibrium,0.03776163683898609,0.0772537051363037,0.03362762726220487
double_well,5,observation_interval,2,8,50000,32,0.02,0.18,2,equilibrium,0.042880143487102375,0.06679922761388563,0.03386542985474046
double_well,5,observation_interval,2,16,50000,32,0.02,0.18,2,equilibrium,0.047778872161274744,0.04665140328390717,0.035206631245656705
multi_well,5,observation_interval,2,2,50000,32,0.02,0.18,2,equilibrium,0.029478808378020367,0.06981946282326412,0.038937755828269756
multi_well,5,observation_interval,2,4,50000,32,0.02,0.18,2,equilibrium,0.06955320623994873,0.11541622399298718,0.05976287485795689
multi_well,5,observation_interval,2,8,50000,32,0.02,0.18,2,equilibrium,0.10473608562229422,0.15966124619558486,0.06876642706210374
multi_well,5,observation_interval,2,16,50000,32,0.02,0.18,2,equilibrium,0.11019424550864274,0.17152616091359305,0.06635922642128139
ornstein_uhlenbeck,6,observation_interval,2,2,50000,32,0.02,0.18,2,equilibrium,0.025600222570677185,0.06210145001681722,0.030606150814672783
ornstein_uhlenbeck,6,observation_interval,2,4,50000,32,0.02,0.18,2,equilibrium,0.0431132217109924,0.1177376135987161,0.03944720397012095
ornstein_uhlenbeck,6,observation_interval,2,8,50000,32,0.02,0.18,2,equilibrium,0.049448013129706266,0.10883877735882286,0.0370855065963351
ornstein_uhlenbeck,6,observation_interval,2,16,50000,32,0.02,0.18,2,equilibrium,0.05013063901370422,0.08113342159640613,0.03439089648255631
double_well,6,observation_interval,2,2,50000,32,0.02,0.18,2,equilibrium,0.022343445218648908,0.04223496159063855,0.02752280930825255
double_well,6,observation_interval,2,4,50000,32,0.02,0.18,2,equilibrium,0.036899748777172434,0.04947204979128045,0.03159437700662161
double_well,6,observation_interval,2,8,50000,32,0.02,0.18,2,equilibrium,0.044947026088439666,0.0354960383742188,0.03247838337776561
double_well,6,observation_interval,2,16,50000,32,0.02,0.18,2,equilibrium,0.056433004446915694,0.04097111572975429,0.03719467235985983
multi_well,6,observation_interval,2,2,50000,32,0.02,0.18,2,equilibrium,0.026977566015399933,0.07381204078612191,0.03952760270509333
multi_well,6,observation_interval,2,4,50000,32,0.02,0.18,2,equilibrium,0.06781227115671543,0.15849629986706698,0.061652960013751736
multi_well,6,observation_interval,2,8,50000,32,0.02,0.18,2,equilibrium,0.11255896106214967,0.19707581102859492,0.07388279321999192
multi_well,6,observation_interval,2,16,50000,32,0.02,0.18,2,equilibrium,0.13513355539951122,0.24902376112587865,0.08223245372325927
ornstein_uhlenbeck,7,observation_interval,2,2,50000,32,0.02,0.18,2,equilibrium,0.020667311165177678,0.04668326914065968,0.025189731208266394
ornstein_uhlenbeck,7,observation_interval,2,4,50000,32,0.02,0.18,2,equilibrium,0.03408951672360823,0.08214224925602004,0.03234597338239087
ornstein_uhlenbeck,7,observation_interval,2,8,50000,32,0.02,0.18,2,equilibrium,0.042269131076503964,0.09445128107472611,0.03359956021546762
ornstein_uhlenbeck,7,observation_interval,2,16,50000,32,0.02,0.18,2,equilibrium,0.0443022400735921,0.06249100945244496,0.03161219871923164
double_well,7,observation_interval,2,2,50000,32,0.02,0.18,2,equilibrium,0.021038764492343688,0.03747187306388805,0.02573951683916939
double_well,7,observation_interval,2,4,50000,32,0.02,0.18,2,equilibrium,0.038385291965472,0.04409771859809536,0.031176313117664705
double_well,7,observation_interval,2,8,50000,32,0.02,0.18,2,equilibrium,0.0390377243766655,0.05604591522414751,0.03048637227530315
double_well,7,observation_interval,2,16,50000,32,0.02,0.18,2,equilibrium,0.04543334493125255,0.02502086926333065,0.031736934986491494
multi_well,7,observation_interval,2,2,50000,32,0.02,0.18,2,equilibrium,0.0253821748377712,0.05301224660494841,0.033846812951004814
multi_well,7,observation_interval,2,4,50000,32,0.02,0.18,2,equilibrium,0.060837063494685026,0.11654680229184722,0.053487253224214756
multi_well,7,observation_interval,2,8,50000,32,0.02,0.18,2,equilibrium,0.09488327458142438,0.15966322343964262,0.06309836334596787
multi_well,7,observation_interval,2,16,50000,32,0.02,0.18,2,equilibrium,0.10133991861818739,0.13028469555094427,0.06249354670238005
ornstein_uhlenbeck,8,observation_interval,2,2,50000,32,0.02,0.18,2,equilibrium,0.02450719586638378,0.057735077922382416,0.02788817083582022
ornstein_uhlenbeck,8,observation_interval,2,4,50000,32,0.02,0.18,2,equilibrium,0.04273776342367819,0.1078846494122534,0.03657735180435056
ornstein_uhlenbeck,8,observation_interval,2,8,50000,32,0.02,0.18,2,equilibrium,0.0498815412509959,0.10057922656272605,0.03598002137060772
ornstein_uhlenbeck,8,observation_interval,2,16,50000,32,0.02,0.18,2,equilibrium,0.053691012729593306,0.08967184133690252,0.03567610014318209
double_well,8,observation_interval,2,2,50000,32,0.02,0.18,2,equilibrium,0.01957571369554524,0.05108938593968382,0.02775892144071966
double_well,8,observation_interval,2,4,50000,32,0.02,0.18,2,equilibrium,0.03560524717469254,0.0493226354210608,0.030067367879432923
double_well,8,observation_interval,2,8,50000,32,0.02,0.18,2,equilibrium,0.04089016075162967,0.04667194487870849,0.031164695485538362
double_well,8,observation_interval,2,16,50000,32,0.02,0.18,2,equilibrium,0.04927564771774774,0.02551213907505434,0.033775123883937073
multi_well,8,observation_interval,2,2,50000,32,0.02,0.18,2,equilibrium,0.027213917436069032,0.056561356918351846,0.036399143777240815
multi_well,8,observation_interval,2,4,50000,32,0.02,0.18,2,equilibrium,0.06305228643506064,0.10594622328500247,0.05560459808998774
multi_well,8,observation_interval,2,8,50000,32,0.02,0.18,2,equilibrium,0.09374079194891194,0.1401927631414971,0.06348745818919611
multi_well,8,observation_interval,2,16,50000,32,0.02,0.18,2,equilibrium,0.09241408035844415,0.13143374675486957,0.058082700109035164
ornstein_uhlenbeck,9,observation_interval,2,2,50000,32,0.02,0.18,2,equilibrium,0.0218450281254925,0.050012014915508884,0.02657598419565932
ornstein_uhlenbeck,9,observation_interval,2,4,50000,32,0.02,0.18,2,equilibrium,0.03857747273314203,0.09103155258714479,0.033404665146201426
ornstein_uhlenbeck,9,observation_interval,2,8,50000,32,0.02,0.18,2,equilibrium,0.045882189539653936,0.08779547534116311,0.03376395729860186
ornstein_uhlenbeck,9,observation_interval,2,16,50000,32,0.02,0.18,2,equilibrium,0.042802650947825996,0.0619148601685979,0.03058255248901489
double_well,9,observation_interval,2,2,50000,32,0.02,0.18,2,equilibrium,0.018959492928691028,0.039770580540531675,0.026094063908768218
double_well,9,observation_interval,2,4,50000,32,0.02,0.18,2,equilibrium,0.0389895305452195,0.04681522333831156,0.03259763903942034
double_well,9,observation_interval,2,8,50000,32,0.02,0.18,2,equilibrium,0.049099864682516585,0.053036423382630926,0.03533732269910377
double_well,9,observation_interval,2,16,50000,32,0.02,0.18,2,equilibrium,0.04924712567148987,0.03734770957712495,0.0337840226105635
multi_well,9,observation_interval,2,2,50000,32,0.02,0.18,2,equilibrium,0.024849900773094902,0.06471093015469975,0.0377465843059297
multi_well,9,observation_interval,2,4,50000,32,0.02,0.18,2,equilibrium,0.06946203000802184,0.13446788339215981,0.06432350348761556
multi_well,9,observation_interval,2,8,50000,32,0.02,0.18,2,equilibrium,0.12472809605032557,0.1652781756538649,0.08312697169122633
multi_well,9,observation_interval,2,16,50000,32,0.02,0.18,2,equilibrium,0.16956484273841824,0.2815919973876282,0.10489119087650371
ornstein_uhlenbeck,0,observation_interval,4,2,50000,32,0.02,0.18,4,equilibrium,0.021673416811214503,0.047973290512648425,0.025985827111006162
ornstein_uhlenbeck,0,observation_interval,4,4,50000,32,0.02,0.18,4,equilibrium,0.033965149891691415,0.08212788552766848,0.030387915227674856
ornstein_uhlenbeck,0,observation_interval,4,8,50000,32,0.02,0.18,4,equilibrium,0.03111406932519037,0.06030552219108726,0.027989228566299443
ornstein_uhlenbeck,0,observation_interval,4,16,50000,32,0.02,0.18,4,equilibrium,0.03276201544626503,0.023136120517458433,0.026011888799774636
double_well,0,observation_interval,4,2,50000,32,0.02,0.18,4,equilibrium,0.014083101191725823,0.026768235417467368,0.02339223261972383
double_well,0,observation_interval,4,4,50000,32,0.02,0.18,4,equilibrium,0.023576819408895923,0.03273506291313785,0.025268195583726418
double_well,0,observation_interval,4,8,50000,32,0.02,0.18,4,equilibrium,0.032768723637288916,0.023518304533959686,0.026306820201865273
double_well,0,observation_interval,4,16,50000,32,0.02,0.18,4,equilibrium,0.04150457757021828,0.021703429162655552,0.028737257808886446
multi_well,0,observation_interval,4,2,50000,32,0.02,0.18,4,equilibrium,0.03357297480455897,0.07761841298306382,0.03655884173857333
multi_well,0,observation_interval,4,4,50000,32,0.02,0.18,4,equilibrium,0.0706583507095202,0.13058940396625757,0.05395404103398637
multi_well,0,observation_interval,4,8,50000,32,0.02,0.18,4,equilibrium,0.0880053710245938,0.17401105179516016,0.05781229400833171
multi_well,0,observation_interval,4,16,50000,32,0.02,0.18,4,equilibrium,0.09802201862543518,0.1755101216725495,0.06406244420400942
ornstein_uhlenbeck,1,observation_interval,4,2,50000,32,0.02,0.18,4,equilibrium,0.02216631086844136,0.04712245078800875,0.026831671325041245
ornstein_uhlenbeck,1,observation_interval,4,4,50000,32,0.02,0.18,4,equilibrium,0.038114097798373436,0.08370262641311649,0.03176679597034667
ornstein_uhlenbeck,1,observation_interval,4,8,50000,32,0.02,0.18,4,equilibrium,0.03982406785681193,0.064238006950181,0.029861242646449123
ornstein_uhlenbeck,1,observation_interval,4,16,50000,32,0.02,0.18,4,equilibrium,0.03733545480850941,0.025008097104626537,0.026404568905816318
double_well,1,observation_interval,4,2,50000,32,0.02,0.18,4,equilibrium,0.014750974419480938,0.03262966555531999,0.023125370057390366
double_well,1,observation_interval,4,4,50000,32,0.02,0.18,4,equilibrium,0.023477416591482923,0.029786646144230045,0.024896208987424007
double_well,1,observation_interval,4,8,50000,32,0.02,0.18,4,equilibrium,0.039120254377420144,0.02862162593856281,0.02864742509293256
double_well,1,observation_interval,4,16,50000,32,0.02,0.18,4,equilibrium,0.0483318967229781,0.025389216821130343,0.03220699438438837
multi_well,1,observation_interval,4,2,50000,32,0.02,0.18,4,equilibrium,0.02937837635820438,0.06090566851702084,0.03232168450931457
multi_well,1,observation_interval,4,4,50000,32,0.02,0.18,4,equilibrium,0.060704693677658066,0.10243930374907784,0.04614984089591307
multi_well,1,observation_interval,4,8,50000,32,0.02,0.18,4,equilibrium,0.07246701621483334,0.11148909486205258,0.04735057115745702
multi_well,1,observation_interval,4,16,50000,32,0.02,0.18,4,equilibrium,0.07663577521753631,0.10053988943894301,0.05400774379629088
ornstein_uhlenbeck,2,observation_interval,4,2,50000,32,0.02,0.18,4,equilibrium,0.02350649200941279,0.0458562850778963,0.026363340473626054
ornstein_uhlenbeck,2,observation_interval,4,4,50000,32,0.02,0.18,4,equilibrium,0.03628642645894174,0.063442960164661,0.029195971369990484
ornstein_uhlenbeck,2,observation_interval,4,8,50000,32,0.02,0.18,4,equilibrium,0.0387356326845592,0.04419448294326084,0.028263335560886588
ornstein_uhlenbeck,2,observation_interval,4,16,50000,32,0.02,0.18,4,equilibrium,0.036767706357658,0.02105071640166019,0.026594127658833094
double_well,2,observation_interval,4,2,50000,32,0.02,0.18,4,equilibrium,0.01356184652175164,0.02958664795356364,0.021962018863793103
double_well,2,observation_interval,4,4,50000,32,0.02,0.18,4,equilibrium,0.023289773709416366,0.024167827400748715,0.02431630557856994
double_well,2,observation_interval,4,8,50000,32,0.02,0.18,4,equilibrium,0.03555628123778346,0.03313550922831997,0.027986841037782532
double_well,2,observation_interval,4,16,50000,32,0.02,0.18,4,equilibrium,0.04523628071192268,0.02965895566727314,0.029821804920196475
multi_well,2,observation_interval,4,2,50000,32,0.02,0.18,4,equilibrium,0.034094170987257914,0.07636578070106143,0.03844767663915574
multi_well,2,observation_interval,4,4,50000,32,0.02,0.18,4,equilibrium,0.08971549594143081,0.16512905425301705,0.07118496467420629
multi_well,2,observation_interval,4,8,50000,32,0.02,0.18,4,equilibrium,0.1350365692615051,0.28225477260179105,0.09341917800872926
multi_well,2,observation_interval,4,16,50000,32,0.02,0.18,4,equilibrium,0.174258359295825,0.3767416242266631,0.12747693177214156
ornstein_uhlenbeck,3,observation_interval,4,2,50000,32,0.02,0.18,4,equilibrium,0.02517541590631121,0.058942129275764366,0.02932285750166381
ornstein_uhlenbeck,3,observation_interval,4,4,50000,32,0.02,0.18,4,equilibrium,0.04368105926909846,0.10010731157948421,0.03451971831280536
ornstein_uhlenbeck,3,observation_interval,4,8,50000,32,0.02,0.18,4,equilibrium,0.04765058688875558,0.09193110022944212,0.03369980809568131
ornstein_uhlenbeck,3,observation_interval,4,16,50000,32,0.02,0.18,4,equilibrium,0.03969654426198746,0.0476127414767355,0.02733587415373539
double_well,3,observation_interval,4,2,50000,32,0.02,0.18,4,equilibrium,0.016207649892278894,0.04367638421181452,0.02375223127465623
double_well,3,observation_interval,4,4,50000,32,0.02,0.18,4,equilibrium,0.0272846556770691,0.04965993179348946,0.026394175422864458
double_well,3,observation_interval,4,8,50000,32,0.02,0.18,4,equilibrium,0.03425577241093236,0.026512844603011704,0.028103350230733373
double_well,3,observation_interval,4,16,50000,32,0.02,0.18,4,equilibrium,0.04352397611801399,0.019860723353394352,0.029873968056013347
multi_well,3,observation_interval,4,2,50000,32,0.02,0.18,4,equilibrium,0.035046154647571146,0.0673669085926954,0.034533531065215006
multi_well,3,observation_interval,4,4,50000,32,0.02,0.18,4,equilibrium,0.07629799639806001,0.12723939042729737,0.0551047690988981
multi_well,3,observation_interval,4,8,50000,32,0.02,0.18,4,equilibrium,0.10211497205005787,0.2657503418207172,0.07348940408722
multi_well,3,observation_interval,4,16,50000,32,0.02,0.18,4,equilibrium,0.13435078998836453,0.4203129131168768,0.10374113651864679
ornstein_uhlenbeck,4,observation_interval,4,2,50000,32,0.02,0.18,4,equilibrium,0.025010429463154314,0.05238502053382621,0.026235209183863437
ornstein_uhlenbeck,4,observation_interval,4,4,50000,32,0.02,0.18,4,equilibrium,0.040050050463030236,0.0879595534354149,0.03088146770042575
ornstein_uhlenbeck,4,observation_interval,4,8,50000,32,0.02,0.18,4,equilibrium,0.044131425942337106,0.10291748034004136,0.032346419662754
ornstein_uhlenbeck,4,observation_interval,4,16,50000,32,0.02,0.18,4,equilibrium,0.04063071642583991,0.04281460847062875,0.0280928281896427
double_well,4,observation_interval,4,2,50000,32,0.02,0.18,4,equilibrium,0.015470336371128617,0.02503050943124413,0.022862056260069347
double_well,4,observation_interval,4,4,50000,32,0.02,0.18,4,equilibrium,0.023385561293323066,0.027487247281308996,0.025498308607588033
double_well,4,observation_interval,4,8,50000,32,0.02,0.18,4,equilibrium,0.032184780558904856,0.021712324269231698,0.025521299845266895
double_well,4,observation_interval,4,16,50000,32,0.02,0.18,4,equilibrium,0.0413332726290751,0.022854526099005512,0.0288485389423458
multi_well,4,observation_interval,4,2,50000,32,0.02,0.18,4,equilibrium,0.037227942707698275,0.08116831858820472,0.037278193103489336
multi_well,4,observation_interval,4,4,50000,32,0.02,0.18,4,equilibrium,0.07870412846181403,0.18748953084766795,0.059027673178164076
multi_well,4,observation_interval,4,8,50000,32,0.02,0.18,4,equilibrium,0.10276252579162956,0.25686721694086856,0.07164113205890052
multi_well,4,observation_interval,4,16,50000,32,0.02,0.18,4,equilibrium,0.11820889556890084,0.2988382542715017,0.08467040031879183
ornstein_uhlenbeck,5,observation_interval,4,2,50000,32,0.02,0.18,4,equilibrium,0.02262681315936843,0.05549175689062652,0.02701436865080592
ornstein_uhlenbeck,5,observation_interval,4,4,50000,32,0.02,0.18,4,equilibrium,0.03769496176682911,0.07925426565965826,0.029261590039125863
ornstein_uhlenbeck,5,observation_interval,4,8,50000,32,0.02,0.18,4,equilibrium,0.04087513203700713,0.07940024937053333,0.029628479388035332
ornstein_uhlenbeck,5,observation_interval,4,16,50000,32,0.02,0.18,4,equilibrium,0.04124246272987905,0.056012000012740745,0.028359946592923763
double_well,5,observation_interval,4,2,50000,32,0.02,0.18,4,equilibrium,0.013163192824026384,0.0269314510730973,0.02281960818729098
double_well,5,observation_interval,4,4,50000,32,0.02,0.18,4,equilibrium,0.025838046176839467,0.03131393894622152,0.025899025500519497
double_well,5,observation_interval,4,8,50000,32,0.02,0.18,4,equilibrium,0.03581655498598121,0.025993084479110612,0.02729399703237239
double_well,5,observation_interval,4,16,50000,32,0.02,0.18,4,equilibrium,0.04523854150209285,0.026090759005108502,0.03049562586588545
multi_well,5,observation_interval,4,2,50000,32,0.02,0.18,4,equilibrium,0.035569362946554654,0.06827349549974482,0.03756508189746086
multi_well,5,observation_interval,4,4,50000,32,0.02,0.18,4,equilibrium,0.07732612024865833,0.13998526153424085,0.05930550002620391
multi_well,5,observation_interval,4,8,50000,32,0.02,0.18,4,equilibrium,0.10351639336350112,0.20433946137006917,0.07027171335874462
multi_well,5,observation_interval,4,16,50000,32,0.02,0.18,4,equilibrium,0.10983669668916282,0.20447034850246668,0.07193224151012147
ornstein_uhlenbeck,6,observation_interval,4,2,50000,32,0.02,0.18,4,equilibrium,0.026125026195033912,0.05613248928684267,0.028467694418365923
ornstein_uhlenbeck,6,observation_interval,4,4,50000,32,0.02,0.18,4,equilibrium,0.039915868030758084,0.0922390093542586,0.03376152223870779
ornstein_uhlenbeck,6,observation_interval,4,8,50000,32,0.02,0.18,4,equilibrium,0.043436072155361216,0.0821974090283136,0.0318096933929617
ornstein_uhlenbeck,6,observation_interval,4,16,50000,32,0.02,0.18,4,equilibrium,0.03781242269299372,0.034958612631652355,0.02661978545888122
double_well,6,observation_interval,4,2,50000,32,0.02,0.18,4,equilibrium,0.01807325146765195,0.0426209123334465,0.025019787031276376
double_well,6,observation_interval,4,4,50000,32,0.02,0.18,4,equilibrium,0.024330381165503047,0.02696368411813352,0.026083721772710174
double_well,6,observation_interval,4,8,50000,32,0.02,0.18,4,equilibrium,0.036485856667613906,0.02785305333277295,0.02731854282186839
double_well,6,observation_interval,4,16,50000,32,0.02,0.18,4,equilibrium,0.04036603952910811,0.02010679775813217,0.02872662682087863
multi_well,6,observation_interval,4,2,50000,32,0.02,0.18,4,equilibrium,0.03387405081567031,0.0622874543181986,0.03621095747231793
multi_well,6,observation_interval,4,4,50000,32,0.02,0.18,4,equilibrium,0.07682022709340695,0.17347498450714877,0.05996902263308159
multi_well,6,observation_interval,4,8,50000,32,0.02,0.18,4,equilibrium,0.10628169331864772,0.28997583588440845,0.07753355578310346
multi_well,6,observation_interval,4,16,50000,32,0.02,0.18,4,equilibrium,0.12478283827366547,0.3520024154175687,0.08914313336019354
ornstein_uhlenbeck,7,observation_interval,4,2,50000,32,0.02,0.18,4,equilibrium,0.024079824144235193,0.060323473367496605,0.02644681492840575
ornstein_uhlenbeck,7,observation_interval,4,4,50000,32,0.02,0.18,4,equilibrium,0.036001336658007616,0.08029815424666731,0.030051930398514875
ornstein_uhlenbeck,7,observation_interval,4,8,50000,32,0.02,0.18,4,equilibrium,0.03763663276886077,0.0668338173201545,0.02778230939361242
ornstein_uhlenbeck,7,observation_interval,4,16,50000,32,0.02,0.18,4,equilibrium,0.0389351856905923,0.038693761429983,0.027059532273405414
double_well,7,observation_interval,4,2,50000,32,0.02,0.18,4,equilibrium,0.01389664685300082,0.026638174335514936,0.023960353000588484
double_well,7,observation_interval,4,4,50000,32,0.02,0.18,4,equilibrium,0.02320054460293618,0.026158811535196974,0.025257546751447493
double_well,7,observation_interval,4,8,50000,32,0.02,0.18,4,equilibrium,0.03752336182660514,0.024684126160647413,0.028816915905181373
double_well,7,observation_interval,4,16,50000,32,0.02,0.18,4,equilibrium,0.04272390155922899,0.02216303047976853,0.028765312948390232
multi_well,7,observation_interval,4,2,50000,32,0.02,0.18,4,equilibrium,0.03656498954515062,0.06535127924712025,0.036500297828885975
multi_well,7,observation_interval,4,4,50000,32,0.02,0.18,4,equilibrium,0.0731236161245465,0.11957453075885921,0.05273194163878943
multi_well,7,observation_interval,4,8,50000,32,0.02,0.18,4,equilibrium,0.08605290688716835,0.15904974999060273,0.057560252246095095
multi_well,7,observation_interval,4,16,50000,32,0.02,0.18,4,equilibrium,0.10002519892327125,0.15347260331487006,0.06384780183853549
ornstein_uhlenbeck,8,observation_interval,4,2,50000,32,0.02,0.18,4,equilibrium,0.02270404104663059,0.04158099420339412,0.025467412110483277
ornstein_uhlenbeck,8,observation_interval,4,4,50000,32,0.02,0.18,4,equilibrium,0.03693490324785248,0.07091631681669835,0.02996602051244119
ornstein_uhlenbeck,8,observation_interval,4,8,50000,32,0.02,0.18,4,equilibrium,0.040286424986623236,0.07838972726925636,0.030149193019057646
ornstein_uhlenbeck,8,observation_interval,4,16,50000,32,0.02,0.18,4,equilibrium,0.03553634974863296,0.03018797171318599,0.025313596294087297
double_well,8,observation_interval,4,2,50000,32,0.02,0.18,4,equilibrium,0.015431309999649881,0.03202047817911807,0.023652116448087
double_well,8,observation_interval,4,4,50000,32,0.02,0.18,4,equilibrium,0.027236475752311258,0.03607605109345846,0.0264863781341366
double_well,8,observation_interval,4,8,50000,32,0.02,0.18,4,equilibrium,0.0356073710397308,0.02804489783250816,0.027555597169321423
double_well,8,observation_interval,4,16,50000,32,0.02,0.18,4,equilibrium,0.03809117295075554,0.01957102412631833,0.02812238946495249
multi_well,8,observation_interval,4,2,50000,32,0.02,0.18,4,equilibrium,0.03310383550634087,0.06317878407155275,0.0367672415278924
multi_well,8,observation_interval,4,4,50000,32,0.02,0.18,4,equilibrium,0.08036143282096733,0.1629489326973922,0.06109384099442225
multi_well,8,observation_interval,4,8,50000,32,0.02,0.18,4,equilibrium,0.11197874520122834,0.3176520081632844,0.08330763760632141
multi_well,8,observation_interval,4,16,50000,32,0.02,0.18,4,equilibrium,0.14211047064187687,0.4730782147351457,0.11257608733694495
ornstein_uhlenbeck,9,observation_interval,4,2,50000,32,0.02,0.18,4,equilibrium,0.023547154207730354,0.05379636979198105,0.02629015644163983
ornstein_uhlenbeck,9,observation_interval,4,4,50000,32,0.02,0.18,4,equilibrium,0.03863553868741397,0.08033425056310961,0.03241713727047555
ornstein_uhlenbeck,9,observation_interval,4,8,50000,32,0.02,0.18,4,equilibrium,0.038348152671056,0.05910274825629119,0.028248970130478036
ornstein_uhlenbeck,9,observation_interval,4,16,50000,32,0.02,0.18,4,equilibrium,0.038744140775512484,0.03326254329930259,0.02666123078487795
double_well,9,observation_interval,4,2,50000,32,0.02,0.18,4,equilibrium,0.017603898558651285,0.03424174194681284,0.02361022341492342
double_well,9,observation_interval,4,4,50000,32,0.02,0.18,4,equilibrium,0.02993529827956059,0.03555758889557625,0.027322232073476057
double_well,9,observation_interval,4,8,50000,32,0.02,0.18,4,equilibrium,0.03960857276395638,0.029766359992813615,0.02902535552606497
double_well,9,observation_interval,4,16,50000,32,0.02,0.18,4,equilibrium,0.04576138296575592,0.022351764760193897,0.030027186124888892
multi_well,9,observation_interval,4,2,50000,32,0.02,0.18,4,equilibrium,0.035424139949688294,0.07802407319121119,0.03829460004980551
multi_well,9,observation_interval,4,4,50000,32,0.02,0.18,4,equilibrium,0.08824824448366922,0.15597394943936665,0.06590340948923842
multi_well,9,observation_interval,4,8,50000,32,0.02,0.18,4,equilibrium,0.13133411835403613,0.2832955794109895,0.09187944435807618
multi_well,9,observation_interval,4,16,50000,32,0.02,0.18,4,equilibrium,0.16937715561902714,0.4490851559975767,0.12627023117623745
ornstein_uhlenbeck,0,initial_distribution,non_equilibrium,2,100000,32,0.02,0.18,1,non_equilibrium,0.024977268211572822,0.05192187731090958,0.026473065541810007
ornstein_uhlenbeck,0,initial_distribution,non_equilibrium,4,100000,32,0.02,0.18,1,non_equilibrium,0.048660986518639884,0.11557295873545503,0.04154800191619337
ornstein_uhlenbeck,0,initial_distribution,non_equilibrium,8,100000,32,0.02,0.18,1,non_equilibrium,0.059601981698693275,0.16666262904589846,0.04912196395654132
ornstein_uhlenbeck,0,initial_distribution,non_equilibrium,16,100000,32,0.02,0.18,1,non_equilibrium,0.062209380000039484,0.17808212775220367,0.047936266298721976
double_well,0,initial_distribution,non_equilibrium,2,100000,32,0.02,0.18,1,non_equilibrium,0.021088668156987206,0.04968207020210624,0.027687744139169763
double_well,0,initial_distribution,non_equilibrium,4,100000,32,0.02,0.18,1,non_equilibrium,0.04754436999575656,0.08021903115909262,0.041669512350126336
double_well,0,initial_distribution,non_equilibrium,8,100000,32,0.02,0.18,1,non_equilibrium,0.060912545497619354,0.08277110662959142,0.04175952583888466
double_well,0,initial_distribution,non_equilibrium,16,100000,32,0.02,0.18,1,non_equilibrium,0.05636027688351598,0.05517832364191483,0.03736902662965478
multi_well,0,initial_distribution,non_equilibrium,2,100000,32,0.02,0.18,1,non_equilibrium,0.023095420475542694,0.06698600067504623,0.04066562990192634
multi_well,0,initial_distribution,non_equilibrium,4,100000,32,0.02,0.18,1,non_equilibrium,0.06805532987731708,0.14328201231848636,0.08101309935181882
multi_well,0,initial_distribution,non_equilibrium,8,100000,32,0.02,0.18,1,non_equilibrium,0.12758483210296473,0.20770544688117526,0.11098613373840824
multi_well,0,initial_distribution,non_equilibrium,16,100000,32,0.02,0.18,1,non_equilibrium,0.17093322141028783,0.2570645912082141,0.11313776318989462
ornstein_uhlenbeck,1,initial_distribution,non_equilibrium,2,100000,32,0.02,0.18,1,non_equilibrium,0.023167862607499444,0.05040509636970414,0.024343303243155062
ornstein_uhlenbeck,1,initial_distribution,non_equilibrium,4,100000,32,0.02,0.18,1,non_equilibrium,0.04932883590821406,0.11552345777807804,0.04109888536081995
ornstein_uhlenbeck,1,initial_distribution,non_equilibrium,8,100000,32,0.02,0.18,1,non_equilibrium,0.0651866924369612,0.17694274464005466,0.053514082114567894
ornstein_uhlenbeck,1,initial_distribution,non_equilibrium,16,100000,32,0.02,0.18,1,non_equilibrium,0.06820284988738065,0.186455815737044,0.052479423625677896
double_well,1,initial_distribution,non_equilibrium,2,100000,32,0.02,0.18,1,non_equilibrium,0.02397267232403661,0.05103500630266944,0.029699604557694343
double_well,1,initial_distribution,non_equilibrium,4,100000,32,0.02,0.18,1,non_equilibrium,0.05444804431568419,0.0931420186308915,0.04504225553165743
double_well,1,initial_distribution,non_equilibrium,8,100000,32,0.02,0.18,1,non_equilibrium,0.06958675464707362,0.09148018691369567,0.04807373055459389
double_well,1,initial_distribution,non_equilibrium,16,100000,32,0.02,0.18,1,non_equilibrium,0.06812765195938816,0.07215367283578089,0.0451163272133801
multi_well,1,initial_distribution,non_equilibrium,2,100000,32,0.02,0.18,1,non_equilibrium,0.022515637567494043,0.05751972683527762,0.03766245486856077
multi_well,1,initial_distribution,non_equilibrium,4,100000,32,0.02,0.18,1,non_equilibrium,0.06087812760359247,0.13573923888846617,0.06751489134170426
multi_well,1,initial_distribution,non_equilibrium,8,100000,32,0.02,0.18,1,non_equilibrium,0.10989149226166957,0.20309779356309837,0.08683077704259504
multi_well,1,initial_distribution,non_equilibrium,16,100000,32,0.02,0.18,1,non_equilibrium,0.1518516868953525,0.22348376224964292,0.09377417565466602
ornstein_uhlenbeck,2,initial_distribution,non_equilibrium,2,100000,32,0.02,0.18,1,non_equilibrium,0.026308800474380344,0.0597470793930045,0.02713751985597667
ornstein_uhlenbeck,2,initial_distribution,non_equilibrium,4,100000,32,0.02,0.18,1,non_equilibrium,0.052039626653838794,0.1284100910060736,0.043099371060555634
ornstein_uhlenbeck,2,initial_distribution,non_equilibrium,8,100000,32,0.02,0.18,1,non_equilibrium,0.06374725319006214,0.18406958222758651,0.05125630052170885
ornstein_uhlenbeck,2,initial_distribution,non_equilibrium,16,100000,32,0.02,0.18,1,non_equilibrium,0.06513566028137238,0.1834376278487963,0.049498706557615575
double_well,2,initial_distribution,non_equilibrium,2,100000,32,0.02,0.18,1,non_equilibrium,0.021443966592149206,0.04910004913975785,0.029840548575856336
double_well,2,initial_distribution,non_equilibrium,4,100000,32,0.02,0.18,1,non_equilibrium,0.048131927331016795,0.08204550714472486,0.04246869326466396
double_well,2,initial_distribution,non_equilibrium,8,100000,32,0.02,0.18,1,non_equilibrium,0.06477766861242518,0.08309725449768174,0.043908377798485124
double_well,2,initial_distribution,non_equilibrium,16,100000,32,0.02,0.18,1,non_equilibrium,0.0628441458216012,0.05057649930647862,0.039825097478436024
multi_well,2,initial_distribution,non_equilibrium,2,100000,32,0.02,0.18,1,non_equilibrium,0.021683015880977832,0.0575687285378117,0.03795173741513632
multi_well,2,initial_distribution,non_equilibrium,4,100000,32,0.02,0.18,1,non_equilibrium,0.06359621131256402,0.12992341204256141,0.07131376313305302
multi_well,2,initial_distribution,non_equilibrium,8,100000,32,0.02,0.18,1,non_equilibrium,0.12661894999292964,0.21495585877760193,0.0997349306736114
multi_well,2,initial_distribution,non_equilibrium,16,100000,32,0.02,0.18,1,non_equilibrium,0.18580985679929968,0.3181145143040967,0.11896353613603278
ornstein_uhlenbeck,3,initial_distribution,non_equilibrium,2,100000,32,0.02,0.18,1,non_equilibrium,0.026659763005841382,0.05728268285395399,0.02617935436290309
ornstein_uhlenbeck,3,initial_distribution,non_equilibrium,4,100000,32,0.02,0.18,1,non_equilibrium,0.04782462227094804,0.104740344877015,0.037962916762108175
ornstein_uhlenbeck,3,initial_distribution,non_equilibrium,8,100000,32,0.02,0.18,1,non_equilibrium,0.05611193170611123,0.13357014772591208,0.04194986647676561
ornstein_uhlenbeck,3,initial_distribution,non_equilibrium,16,100000,32,0.02,0.18,1,non_equilibrium,0.05410393299875722,0.13479303892823416,0.03894998550257637
double_well,3,initial_distribution,non_equilibrium,2,100000,32,0.02,0.18,1,non_equilibrium,0.022435079194499337,0.052524280259902745,0.030407979257551492
double_well,3,initial_distribution,non_equilibrium,4,100000,32,0.02,0.18,1,non_equilibrium,0.050377197785951386,0.09986902806170467,0.04413433500740407
double_well,3,initial_distribution,non_equilibrium,8,100000,32,0.02,0.18,1,non_equilibrium,0.06554767042615353,0.10232671021386303,0.04411231789768008
double_well,3,initial_distribution,non_equilibrium,16,100000,32,0.02,0.18,1,non_equilibrium,0.06040053420974564,0.06854837733433986,0.03912028203278375
multi_well,3,initial_distribution,non_equilibrium,2,100000,32,0.02,0.18,1,non_equilibrium,0.02632877747714757,0.06024526143605835,0.03879604584917812
multi_well,3,initial_distribution,non_equilibrium,4,100000,32,0.02,0.18,1,non_equilibrium,0.07122866478759346,0.14211353285334294,0.07324833479483928
multi_well,3,initial_distribution,non_equilibrium,8,100000,32,0.02,0.18,1,non_equilibrium,0.13077192496042445,0.2146679945492428,0.09992292927039306
multi_well,3,initial_distribution,non_equilibrium,16,100000,32,0.02,0.18,1,non_equilibrium,0.17826331089997277,0.2972179546569122,0.11315564321174558
ornstein_uhlenbeck,4,initial_distribution,non_equilibrium,2,100000,32,0.02,0.18,1,non_equilibrium,0.02457948299239802,0.057976750280091416,0.026368936257968063
ornstein_uhlenbeck,4,initial_distribution,non_equilibrium,4,100000,32,0.02,0.18,1,non_equilibrium,0.04954123934838691,0.12184094855152872,0.04277466620957783
ornstein_uhlenbeck,4,initial_distribution,non_equilibrium,8,100000,32,0.02,0.18,1,non_equilibrium,0.06262151501688065,0.16723084610121636,0.05095504337033831
ornstein_uhlenbeck,4,initial_distribution,non_equilibrium,16,100000,32,0.02,0.18,1,non_equilibrium,0.06046255242695173,0.16479143674222865,0.04685521625763618
double_well,4,initial_distribution,non_equilibrium,2,100000,32,0.02,0.18,1,non_equilibrium,0.020110716906517875,0.04648310984384707,0.02684650110666734
double_well,4,initial_distribution,non_equilibrium,4,100000,32,0.02,0.18,1,non_equilibrium,0.04740213282239023,0.07293535130460038,0.04007906170466025
double_well,4,initial_distribution,non_equilibrium,8,100000,32,0.02,0.18,1,non_equilibrium,0.06036967085195019,0.08172403636378145,0.040931092239546364
double_well,4,initial_distribution,non_equilibrium,16,100000,32,0.02,0.18,1,non_equilibrium,0.05532624272462505,0.04409035310581999,0.03613667056540878
multi_well,4,initial_distribution,non_equilibrium,2,100000,32,0.02,0.18,1,non_equilibrium,0.024014212148427777,0.056965512047095546,0.03635702780140166
multi_well,4,initial_distribution,non_equilibrium,4,100000,32,0.02,0.18,1,non_equilibrium,0.06735334433127624,0.1403343217908185,0.07028924896310501
multi_well,4,initial_distribution,non_equilibrium,8,100000,32,0.02,0.18,1,non_equilibrium,0.12328806403185806,0.21091731285205167,0.09257778815991674
multi_well,4,initial_distribution,non_equilibrium,16,100000,32,0.02,0.18,1,non_equilibrium,0.17209404898959113,0.3333419328528716,0.11008551426268806
ornstein_uhlenbeck,5,initial_distribution,non_equilibrium,2,100000,32,0.02,0.18,1,non_equilibrium,0.023218243971857382,0.04770248425556689,0.024230691149808543
ornstein_uhlenbeck,5,initial_distribution,non_equilibrium,4,100000,32,0.02,0.18,1,non_equilibrium,0.04687178185961845,0.11091809709561973,0.03974331662773531
ornstein_uhlenbeck,5,initial_distribution,non_equilibrium,8,100000,32,0.02,0.18,1,non_equilibrium,0.057432750708423685,0.15817705743815502,0.04610849740228141
ornstein_uhlenbeck,5,initial_distribution,non_equilibrium,16,100000,32,0.02,0.18,1,non_equilibrium,0.056966591494711935,0.1541821194963392,0.044557028357064925
double_well,5,initial_distribution,non_equilibrium,2,100000,32,0.02,0.18,1,non_equilibrium,0.02136544400919413,0.04361341827150805,0.027974978373331218
double_well,5,initial_distribution,non_equilibrium,4,100000,32,0.02,0.18,1,non_equilibrium,0.04943502864107841,0.08296392028400817,0.04282714506352769
double_well,5,initial_distribution,non_equilibrium,8,100000,32,0.02,0.18,1,non_equilibrium,0.06342085409484721,0.07882357448512844,0.04250651633630997
double_well,5,initial_distribution,non_equilibrium,16,100000,32,0.02,0.18,1,non_equilibrium,0.05731567074819873,0.06149893050950081,0.03789029669585326
multi_well,5,initial_distribution,non_equilibrium,2,100000,32,0.02,0.18,1,non_equilibrium,0.024841217944688618,0.06223432201041007,0.03975857641963519
multi_well,5,initial_distribution,non_equilibrium,4,100000,32,0.02,0.18,1,non_equilibrium,0.06708124546823414,0.14323471451754222,0.0704853182773875
multi_well,5,initial_distribution,non_equilibrium,8,100000,32,0.02,0.18,1,non_equilibrium,0.12380780744118959,0.21940246604363572,0.0920382177409593
multi_well,5,initial_distribution,non_equilibrium,16,100000,32,0.02,0.18,1,non_equilibrium,0.1686551193313611,0.23045827759204252,0.10129927591205339
ornstein_uhlenbeck,6,initial_distribution,non_equilibrium,2,100000,32,0.02,0.18,1,non_equilibrium,0.022038412399282843,0.05089074745339228,0.02555295208239189
ornstein_uhlenbeck,6,initial_distribution,non_equilibrium,4,100000,32,0.02,0.18,1,non_equilibrium,0.04451728334760864,0.1123970376635044,0.03986702661661514
ornstein_uhlenbeck,6,initial_distribution,non_equilibrium,8,100000,32,0.02,0.18,1,non_equilibrium,0.056978845695419736,0.15887162275075156,0.047559131269595906
ornstein_uhlenbeck,6,initial_distribution,non_equilibrium,16,100000,32,0.02,0.18,1,non_equilibrium,0.05528228489366968,0.15153238512319883,0.04409154552613292
double_well,6,initial_distribution,non_equilibrium,2,100000,32,0.02,0.18,1,non_equilibrium,0.02353798996767393,0.06125332101593095,0.0319253528477623
double_well,6,initial_distribution,non_equilibrium,4,100000,32,0.02,0.18,1,non_equilibrium,0.04923413062425529,0.08358849333549573,0.04070291036155845
double_well,6,initial_distribution,non_equilibrium,8,100000,32,0.02,0.18,1,non_equilibrium,0.06444771917798033,0.07580817827078873,0.04252702573074946
double_well,6,initial_distribution,non_equilibrium,16,100000,32,0.02,0.18,1,non_equilibrium,0.06567544808101158,0.06453062206968749,0.04221046415447302
multi_well,6,initial_distribution,non_equilibrium,2,100000,32,0.02,0.18,1,non_equilibrium,0.022040831723123544,0.06555295231336378,0.04063246092507383
multi_well,6,initial_distribution,non_equilibrium,4,100000,32,0.02,0.18,1,non_equilibrium,0.06098963777985301,0.1510208163525419,0.07240418506230267
multi_well,6,initial_distribution,non_equilibrium,8,100000,32,0.02,0.18,1,non_equilibrium,0.11136605286878432,0.19845612836470694,0.08989817746988295
multi_well,6,initial_distribution,non_equilibrium,16,100000,32,0.02,0.18,1,non_equilibrium,0.15305554133755378,0.20856445023053624,0.09408129564095799
ornstein_uhlenbeck,7,initial_distribution,non_equilibrium,2,100000,32,0.02,0.18,1,non_equilibrium,0.02473055944055803,0.052306745861654735,0.02596537176091509
ornstein_uhlenbeck,7,initial_distribution,non_equilibrium,4,100000,32,0.02,0.18,1,non_equilibrium,0.04908808405888919,0.11238222639565709,0.03960061561972173
ornstein_uhlenbeck,7,initial_distribution,non_equilibrium,8,100000,32,0.02,0.18,1,non_equilibrium,0.05823867097487026,0.147660146555116,0.045355616568936816
ornstein_uhlenbeck,7,initial_distribution,non_equilibrium,16,100000,32,0.02,0.18,1,non_equilibrium,0.05773629665391115,0.15928316328938397,0.04395199849613589
double_well,7,initial_distribution,non_equilibrium,2,100000,32,0.02,0.18,1,non_equilibrium,0.02387762792195268,0.05133748124864579,0.029500897430729735
double_well,7,initial_distribution,non_equilibrium,4,100000,32,0.02,0.18,1,non_equilibrium,0.05726884775620744,0.09011377404059712,0.047335501075988995
double_well,7,initial_distribution,non_equilibrium,8,100000,32,0.02,0.18,1,non_equilibrium,0.07782541880626183,0.10147302906861655,0.051220659166884064
double_well,7,initial_distribution,non_equilibrium,16,100000,32,0.02,0.18,1,non_equilibrium,0.06907687531953438,0.08698590435983128,0.04679666235378702
multi_well,7,initial_distribution,non_equilibrium,2,100000,32,0.02,0.18,1,non_equilibrium,0.025982611766872776,0.06484096531379957,0.0415974198120978
multi_well,7,initial_distribution,non_equilibrium,4,100000,32,0.02,0.18,1,non_equilibrium,0.06898021672987398,0.13677407946788378,0.07127191209181405
multi_well,7,initial_distribution,non_equilibrium,8,100000,32,0.02,0.18,1,non_equilibrium,0.12245934396529569,0.20581091213357672,0.09138693450039813
multi_well,7,initial_distribution,non_equilibrium,16,100000,32,0.02,0.18,1,non_equilibrium,0.1593345358524238,0.3054408620814098,0.10000854967184417
ornstein_uhlenbeck,8,initial_distribution,non_equilibrium,2,100000,32,0.02,0.18,1,non_equilibrium,0.024549292835438923,0.05112625577936647,0.02426150386742959
ornstein_uhlenbeck,8,initial_distribution,non_equilibrium,4,100000,32,0.02,0.18,1,non_equilibrium,0.0495955025009372,0.10999270820529317,0.04029003907940797
ornstein_uhlenbeck,8,initial_distribution,non_equilibrium,8,100000,32,0.02,0.18,1,non_equilibrium,0.0643173015560417,0.17099320442404609,0.051417293664384425
ornstein_uhlenbeck,8,initial_distribution,non_equilibrium,16,100000,32,0.02,0.18,1,non_equilibrium,0.06160125914410759,0.18543561485564156,0.04747843539049157
double_well,8,initial_distribution,non_equilibrium,2,100000,32,0.02,0.18,1,non_equilibrium,0.022568512459468386,0.04978425355367744,0.029943587020259513
double_well,8,initial_distribution,non_equilibrium,4,100000,32,0.02,0.18,1,non_equilibrium,0.050152645281443343,0.08613721908543392,0.04273296795135685
double_well,8,initial_distribution,non_equilibrium,8,100000,32,0.02,0.18,1,non_equilibrium,0.06642687660068156,0.0799701888532588,0.04430567936718425
double_well,8,initial_distribution,non_equilibrium,16,100000,32,0.02,0.18,1,non_equilibrium,0.06024555430416621,0.06881987646680085,0.040493216519011124
multi_well,8,initial_distribution,non_equilibrium,2,100000,32,0.02,0.18,1,non_equilibrium,0.02267880593648619,0.06051658726962983,0.041446121431704695
multi_well,8,initial_distribution,non_equilibrium,4,100000,32,0.02,0.18,1,non_equilibrium,0.06410703647510056,0.1431988421784307,0.08227108397879683
multi_well,8,initial_distribution,non_equilibrium,8,100000,32,0.02,0.18,1,non_equilibrium,0.12699388481139484,0.22571715190251823,0.11393301171392131
multi_well,8,initial_distribution,non_equilibrium,16,100000,32,0.02,0.18,1,non_equilibrium,0.18693369298431828,0.2824274261163429,0.12400920169507859
ornstein_uhlenbeck,9,initial_distribution,non_equilibrium,2,100000,32,0.02,0.18,1,non_equilibrium,0.02416508874638378,0.0541409523040145,0.02631243378871118
ornstein_uhlenbeck,9,initial_distribution,non_equilibrium,4,100000,32,0.02,0.18,1,non_equilibrium,0.046894674547172166,0.10989570247620029,0.03918997060682939
ornstein_uhlenbeck,9,initial_distribution,non_equilibrium,8,100000,32,0.02,0.18,1,non_equilibrium,0.05621522808682331,0.14677547662726909,0.04523089497047554
ornstein_uhlenbeck,9,initial_distribution,non_equilibrium,16,100000,32,0.02,0.18,1,non_equilibrium,0.051420585043978714,0.13096635251307717,0.03842230571608177
double_well,9,initial_distribution,non_equilibrium,2,100000,32,0.02,0.18,1,non_equilibrium,0.021248931942154742,0.04421001419055193,0.027786098420536316
double_well,9,initial_distribution,non_equilibrium,4,100000,32,0.02,0.18,1,non_equilibrium,0.047567890756913984,0.07902363044161659,0.04158671452173524
double_well,9,initial_distribution,non_equilibrium,8,100000,32,0.02,0.18,1,non_equilibrium,0.06265096835459415,0.07988430461817539,0.04330413097739645
double_well,9,initial_distribution,non_equilibrium,16,100000,32,0.02,0.18,1,non_equilibrium,0.0600329691753833,0.08002259818550728,0.04066920856636626
multi_well,9,initial_distribution,non_equilibrium,2,100000,32,0.02,0.18,1,non_equilibrium,0.025193965730466283,0.06919060342105482,0.04303640553231859
multi_well,9,initial_distribution,non_equilibrium,4,100000,32,0.02,0.18,1,non_equilibrium,0.070198309038396,0.15541676583236763,0.08073752669206079
multi_well,9,initial_distribution,non_equilibrium,8,100000,32,0.02,0.18,1,non_equilibrium,0.1281923530245529,0.24723847386712883,0.10535889974771075
multi_well,9,initial_distribution,non_equilibrium,16,100000,32,0.02,0.18,1,non_equilibrium,0.16915180388317053,0.2675159334498951,0.10949425518784241
