states,replicate,chain,lag,direct_singular_values,mae,max_error,one_step_power_prediction
8,0,reversible,2,"[0.5582236234585047, 0.5392132599094345, 0.4835194853069719, 0.47866944529512273, 0.4191522401198037, 0.3920996586133379, 0.34961954860879246]",1.189524669241239e-16,2.220446049250313e-16,"[0.5582236234585048, 0.5392132599094344, 0.48351948530697175, 0.47866944529512295, 0.41915224011980357, 0.39209965861333784, 0.3496195486087925]"
8,0,reversible,4,"[0.3116136137871424, 0.2907509396621593, 0.23379109267151893, 0.2291244378591406, 0.1756886003974495, 0.15374214228469613, 0.1222338287694157]",1.0507467911630945e-16,2.220446049250313e-16,"[0.31161361378714264, 0.2907509396621592, 0.23379109267151885, 0.2291244378591407, 0.17568860039744946, 0.15374214228469607, 0.12223382876941585]"
8,0,reversible,8,"[0.09710304429748236, 0.08453610891442868, 0.05465827501254273, 0.05249800802426719, 0.03086648430961471, 0.023636646314287742, 0.014941108895630849]",5.600678651010834e-17,1.5265566588595902e-16,"[0.09710304429748248, 0.08453610891442853, 0.054658275012542716, 0.052498008024267226, 0.030866484309614677, 0.023636646314287732, 0.014941108895630873]"
8,0,reversible,16,"[0.009429001211838824, 0.007146353710392176, 0.002987527027346773, 0.002756040846516038, 0.0009527398536356729, 0.0005586910489867443, 0.00022323673503110654]",2.0448827403199818e-17,5.377642775528102e-17,"[0.009429001211838844, 0.007146353710392122, 0.002987527027346752, 0.0027560408465160256, 0.000952739853635689, 0.0005586910489867318, 0.0002232367350311]"
8,0,metastable_reversible,2,"[0.9874645145667971, 0.3874561726579724, 0.2848506491663207, 0.16967721993398963, 0.14199019026044143, 0.028878032694673164, 0.005239773439405821]",1.3629970168389198e-16,3.3306690738754696e-16,"[0.9874645145667974, 0.38745617265797216, 0.28485064916632075, 0.16967721993398951, 0.14199019026044127, 0.028878032694673147, 0.005239773439405773]"
8,0,metastable_reversible,4,"[0.9750861675286405, 0.15012228573076436, 0.08113989233047436, 0.028790358964527463, 0.020161214130196323, 0.0008339407723146294, 2.745522569635784e-05]",8.588672075745104e-17,4.440892098500626e-16,"[0.975086167528641, 0.15012228573076433, 0.08113989233047433, 0.02879035896452745, 0.02016121413019631, 0.0008339407723146112, 2.7455225696302204e-05]"
8,0,metastable_reversible,8,"[0.9507930341056924, 0.02253670067302925, 0.00658368212740094, 0.0008288847693063802, 0.0004064745552036274, 6.954572116885108e-07, 7.537894050615675e-10]",7.989403212402724e-17,4.440892098500626e-16,"[0.9507930341056928, 0.02253670067302925, 0.006583682127400968, 0.0008288847693063461, 0.0004064745552036273, 6.954572117286901e-07, 7.537894180348928e-10]"
8,0,metastable_reversible,16,"[0.904007393703908, 0.0005079028772257337, 4.334487035468647e-05, 6.870499607960186e-07, 1.6522156404295863e-07, 4.836228082996475e-13, 6.432902503589442e-18]",1.7444225694681441e-16,1.1102230246251565e-15,"[0.9040073937039091, 0.0005079028772257172, 4.334487035465893e-05, 6.870499607880346e-07, 1.6522156402798666e-07, 4.836607333454441e-13, 5.681984867413824e-19]"
8,0,directed_cycle_normal,2,"[0.81611222920257, 0.8161122292025699, 0.5266000000000002, 0.5266000000000001, 0.49000000000000005, 0.4554877707974305, 0.4554877707974304]",2.7755575615628914e-16,4.440892098500626e-16,"[0.8161122292025695, 0.8161122292025695, 0.5266, 0.5265999999999996, 0.4900000000000001, 0.4554877707974304, 0.4554877707974301]"
8,0,directed_cycle_normal,4,"[0.6660391706539875, 0.6660391706539874, 0.2773075600000001, 0.27730755999999995, 0.24009999999999992, 0.20746910934601256, 0.20746910934601237]",1.942890293094024e-16,3.885780586188048e-16,"[0.6660391706539873, 0.6660391706539873, 0.2773075599999999, 0.27730755999999956, 0.2401000000000001, 0.20746910934601248, 0.2074691093460122]"
8,0,directed_cycle_normal,8,"[0.4436081768454517, 0.4436081768454515, 0.0768994828331536, 0.07689948283315357, 0.057648010000000034, 0.04304343133282775, 0.04304343133282772]",1.5463820700136108e-16,3.885780586188048e-16,"[0.4436081768454513, 0.4436081768454513, 0.07689948283315355, 0.07689948283315337, 0.05764801000000004, 0.04304343133282768, 0.04304343133282757]"
8,0,directed_cycle_normal,16,"[0.19678821456414547, 0.19678821456414544, 0.005913530460006532, 0.005913530460006505, 0.0033232930569600952, 0.0018527369809038495, 0.0018527369809038209]",1.0368070489454239e-16,3.0531133177191805e-16,"[0.19678821456414516, 0.19678821456414516, 0.005913530460006478, 0.00591353046000645, 0.003323293056960105, 0.0018527369809038519, 0.001852736980903842]"
8,0,directed_nonnormal,2,"[0.6688417918060352, 0.5366008523360463, 0.44450121809967713, 0.3693035010688139, 0.2977678081334187, 0.19623287684409646, 0.11531443880828875]",0.02741482908900607,0.06628067676656169,"[0.7351224685725969, 0.5409514417830178, 0.5057938198915825, 0.3886180138502127, 0.2920602432982431, 0.1799638679636315, 0.0966255896877242]"
8,0,directed_nonnormal,4,"[0.36455719080163806, 0.3025022090105163, 0.17410159831295027, 0.13896455412283018, 0.061695743395888715, 0.04690141126866158, 0.020412047082217354]",0.04695717120730441,0.1758478529986307,"[0.5404050438002688, 0.2926284623671257, 0.25582738824051854, 0.15102396068888413, 0.08529918571542894, 0.03238699377243139, 0.009336504582500434]"
8,0,directed_nonnormal,8,"[0.12368456661719751, 0.09328014438676317, 0.024144716232011997, 0.020645117278267313, 0.003031583836086841, 0.002004053553771654, 0.0007107785162264341]",0.03218441993528899,0.16835304474757284,"[0.29203761136477036, 0.0856314169873483, 0.065447652573965, 0.022808236702157623, 0.007275951083715236, 0.00104891736561551, 8.717031781905159e-05]"
8,0,directed_nonnormal,16,"[0.012146472408942672, 0.010608871253345904, 0.0005487412996468379, 0.000434424849568331, 6.183970211741074e-06, 5.274727941421381e-06, 6.155249355692431e-07]",0.011469658340143619,0.07313949404269797,"[0.08528596645164065, 0.007332739575261123, 0.004283395227442426, 0.00052021566146165, 5.293946417261692e-05, 1.1002276398897813e-06, 7.598664308674464e-09]"
8,1,reversible,2,"[0.545592482770961, 0.48967617532501584, 0.4653367880297409, 0.43195082795944706, 0.38297115708355267, 0.35187304217482274, 0.33409543048452384]",1.427429603089487e-16,4.440892098500626e-16,"[0.545592482770961, 0.4896761753250157, 0.46533678802974043, 0.4319508279594469, 0.3829711570835525, 0.35187304217482274, 0.3340954304845238]"
8,1,reversible,4,"[0.2976711572561814, 0.23978275668093565, 0.216538326293836, 0.18658151777485188, 0.14666690715791508, 0.12381463780936461, 0.11161975667063923]",1.3877787807814457e-16,3.885780586188048e-16,"[0.29767115725618126, 0.2397827566809355, 0.2165383262938356, 0.18658151777485169, 0.14666690715791506, 0.12381463780936458, 0.11161975667063928]"
8,1,reversible,8,"[0.08860811786223426, 0.0574957704015088, 0.04688884675413578, 0.034812662775167355, 0.0215111816552685, 0.01533006453586413, 0.012458970079212728]",5.724587470723463e-17,1.6653345369377348e-16,"[0.0886081178622342, 0.05749577040150872, 0.04688884675413561, 0.0348126627751673, 0.021511181655268472, 0.015330064535864135, 0.012458970079212721]"
8,1,reversible,16,"[0.007851398551087616, 0.003305763614063019, 0.0021985639499328465, 0.0012119214894975112, 0.0004627309362059826, 0.0002350108786737564, 0.0001552259354347208]",1.5844840320752443e-17,3.2959746043559335e-17,"[0.007851398551087588, 0.003305763614063006, 0.0021985639499328136, 0.0012119214894975188, 0.0004627309362059588, 0.00023501087867375926, 0.00015522593543471785]"
8,1,metastable_reversible,2,"[0.9901574115591733, 0.31204525959998786, 0.14691431288130288, 0.07144419445317286, 0.04465194730325886, 0.036541728956005326, 0.03641107611117928]",9.71445146547012e-17,3.885780586188048e-16,"[0.9901574115591734, 0.31204525959998825, 0.14691431288130288, 0.07144419445317284, 0.04465194730325891, 0.03654172895600533, 0.03641107611117938]"
8,1,metastable_reversible,4,"[0.9804116996655615, 0.09737224403882404, 0.02158381532938538, 0.005104272921062813, 0.001993796397973023, 0.0013352979550941538, 0.0013257664635741412]",1.3196289299394996e-16,7.771561172376096e-16,"[0.9804116996655623, 0.09737224403882407, 0.021583815329385362, 0.005104272921062772, 0.001993796397973011, 0.0013352979550941585, 0.0013257664635740974]"
8,1,metastable_reversible,8,"[0.9612071008411152, 0.009481353909156302, 0.00046586108417301646, 2.6053602052715823e-05, 3.975224076604249e-06, 1.783020628890267e-06, 1.7576567161037779e-06]",2.571467090504336e-16,1.5543122344752192e-15,"[0.9612071008411167, 0.009481353909156309, 0.00046586108417301055, 2.6053602052694688e-05, 3.975224076570152e-06, 1.7830206288786417e-06, 1.7576567159377687e-06]"
8,1,metastable_reversible,16,"[0.9239190907073821, 8.989607195067661e-05, 2.1702654976098253e-07, 6.787901873032316e-10, 1.580241364621922e-11, 3.179175243592537e-12, 3.089357153739946e-12]",3.711301954005461e-16,2.55351295663786e-15,"[0.9239190907073846, 8.989607195067362e-05, 2.170265497468528e-07, 6.787901799201768e-10, 1.580240645894302e-11, 3.1791625630067865e-12, 3.089357131081142e-12]"
8,1,directed_cycle_normal,2,"[0.81611222920257, 0.8161122292025699, 0.5266000000000002, 0.5266000000000001, 0.49000000000000005, 0.4554877707974305, 0.4554877707974304]",2.7755575615628914e-16,4.440892098500626e-16,"[0.8161122292025695, 0.8161122292025695, 0.5266, 0.5265999999999996, 0.4900000000000001, 0.4554877707974304, 0.4554877707974301]"
8,1,directed_cycle_normal,4,"[0.6660391706539875, 0.6660391706539874, 0.2773075600000001, 0.27730755999999995, 0.24009999999999992, 0.20746910934601256, 0.20746910934601237]",1.942890293094024e-16,3.885780586188048e-16,"[0.6660391706539873, 0.6660391706539873, 0.2773075599999999, 0.27730755999999956, 0.2401000000000001, 0.20746910934601248, 0.2074691093460122]"
8,1,directed_cycle_normal,8,"[0.4436081768454517, 0.4436081768454515, 0.0768994828331536, 0.07689948283315357, 0.057648010000000034, 0.04304343133282775, 0.04304343133282772]",1.5463820700136108e-16,3.885780586188048e-16,"[0.4436081768454513, 0.4436081768454513, 0.07689948283315355, 0.07689948283315337, 0.05764801000000004, 0.04304343133282768, 0.04304343133282757]"
8,1,directed_cycle_normal,16,"[0.19678821456414547, 0.19678821456414544, 0.005913530460006532, 0.005913530460006505, 0.0033232930569600952, 0.0018527369809038495, 0.0018527369809038209]",1.0368070489454239e-16,3.0531133177191805e-16,"[0.19678821456414516, 0.19678821456414516, 0.005913530460006478, 0.00591353046000645, 0.003323293056960105, 0.0018527369809038519, 0.001852736980903842]"
8,1,directed_nonnormal,2,"[0.5331564355380074, 0.4815727977624484, 0.3753095377624622, 0.32465874610789175, 0.2808474480869058, 0.17290337697496289, 0.07828516451978927]",0.0179368417628101,0.031090942859413995,"[0.5623583264743299, 0.5071395576542124, 0.40640048062187617, 0.3149613296368588, 0.29616318936265834, 0.17287027149732687, 0.0636331290920406]"
8,1,directed_nonnormal,4,"[0.2490521608683645, 0.20317104340522302, 0.12328528720806031, 0.12126999380909724, 0.05439096040571762, 0.027765423108601944, 0.012380144676352366]",0.03270442623546462,0.06719472648664454,"[0.31624688735500905, 0.25719053093771016, 0.16516135064969195, 0.09920063916661805, 0.08771263473346183, 0.029884130767559504, 0.004049175118044304]"
8,1,directed_nonnormal,8,"[0.047829777175754144, 0.036457707288960015, 0.016303404907335284, 0.015656961481995423, 0.0011557124342245356, 0.0008754968222491163, 0.0004441903108300559]",0.01509225611598601,0.05218231658597764,"[0.10001209376173179, 0.06614696920402126, 0.027278271748430505, 0.009840766811065554, 0.007693506291885695, 0.0008930612717325966, 1.6395819136589103e-05]"
8,1,directed_nonnormal,16,"[0.0017590942151177263, 0.00167477408456148, 0.0002482070459535907, 0.0002427844442457821, 1.237308591588965e-06, 8.109372646244795e-07, 2.2467167270978668e-07]",0.0016634290660569543,0.008243324683487702,"[0.010002418898605429, 0.004375421534877737, 0.0007441041095812218, 9.68406914297693e-05, 5.919003906328478e-05, 7.975584350686427e-07, 2.688228851597414e-10]"
8,2,reversible,2,"[0.6429710074687603, 0.5118359959978371, 0.4558637776537322, 0.452751295328335, 0.4162469046969623, 0.39928342444609555, 0.360414026767581]",1.5067312477055697e-16,2.220446049250313e-16,"[0.6429710074687601, 0.5118359959978374, 0.4558637776537321, 0.4527512953283352, 0.4162469046969621, 0.3992834244460955, 0.36041402676758094]"
8,2,reversible,4,"[0.41341171644539226, 0.2619760867990978, 0.20781178377673115, 0.2049837354214852, 0.17326148566980198, 0.15942725303740082, 0.1298982706908225]",1.5463820700136108e-16,3.3306690738754696e-16,"[0.41341171644539243, 0.2619760867990981, 0.2078117837767313, 0.2049837354214854, 0.17326148566980182, 0.15942725303740085, 0.12989827069082255]"
8,2,reversible,8,"[0.1709092472943255, 0.06863147005456843, 0.04318573747646685, 0.04201833178734546, 0.030019542416506978, 0.02541704901105141, 0.016873560728466217]",6.294568041401557e-17,1.6653345369377348e-16,"[0.17090924729432555, 0.0686314700545686, 0.04318573747646692, 0.04201833178734553, 0.03001954241650694, 0.025417049011051438, 0.01687356072846621]"
8,2,reversible,16,"[0.029209970810712936, 0.004710278681851107, 0.0018650079213863246, 0.0017655402061914698, 0.000901172926896484, 0.0006460263804301712, 0.00028471705165725164]",1.8237829401452593e-17,3.903127820947816e-17,"[0.02920997081071293, 0.004710278681851146, 0.0018650079213863198, 0.0017655402061914518, 0.0009011729268964593, 0.0006460263804301909, 0.00028471705165723717]"
8,2,metastable_reversible,2,"[0.9896045370975592, 0.23536404818310747, 0.20383898094407418, 0.14710727127076365, 0.07915355115344062, 0.04267317444266592, 0.0292396532916043]",5.947623346206196e-17,2.220446049250313e-16,"[0.9896045370975591, 0.23536404818310744, 0.2038389809440744, 0.14710727127076365, 0.07915355115344064, 0.04267317444266593, 0.029239653291604273]"
8,2,metastable_reversible,4,"[0.9793171398440746, 0.05539623517714017, 0.04155033015231867, 0.021640549260730016, 0.006265284660200218, 0.001820999817014168, 0.0008549573246131625]",1.0049005278694219e-16,3.3306690738754696e-16,"[0.9793171398440743, 0.05539623517714012, 0.04155033015231874, 0.021640549260730044, 0.006265284660200344, 0.001820999817014197, 0.0008549573246132245]"
8,2,metastable_reversible,8,"[0.9590620603923786, 0.0030687428718010165, 0.0017264299357666864, 0.0004683133723060947, 3.925379187327065e-05, 3.316040333529819e-06, 7.309520269085113e-07]",8.062439244233861e-17,4.440892098500626e-16,"[0.9590620603923782, 0.0030687428718010165, 0.0017264299357666873, 0.00046831337230608357, 3.925379187334174e-05, 3.316040333565739e-06, 7.309520269098025e-07]"
8,2,metastable_reversible,16,"[0.9198000356840746, 9.417182813226747e-06, 2.980560323161245e-06, 2.1931741467264548e-07, 1.5408601513786785e-09, 1.0996112396484885e-11, 5.342264215426164e-13]",1.4992973685726148e-16,8.881784197001252e-16,"[0.9198000356840738, 9.41718281322955e-06, 2.9805603231113684e-06, 2.1931741468069645e-07, 1.5408601764356301e-09, 1.0996123493834778e-11, 5.342908656435487e-13]"
8,2,directed_cycle_normal,2,"[0.81611222920257, 0.8161122292025699, 0.5266000000000002, 0.5266000000000001, 0.49000000000000005, 0.4554877707974305, 0.4554877707974304]",2.7755575615628914e-16,4.440892098500626e-16,"[0.8161122292025695, 0.8161122292025695, 0.5266, 0.5265999999999996, 0.4900000000000001, 0.4554877707974304, 0.4554877707974301]"
8,2,directed_cycle_normal,4,"[0.6660391706539875, 0.6660391706539874, 0.2773075600000001, 0.27730755999999995, 0.24009999999999992, 0.20746910934601256, 0.20746910934601237]",1.942890293094024e-16,3.885780586188048e-16,"[0.6660391706539873, 0.6660391706539873, 0.2773075599999999, 0.27730755999999956, 0.2401000000000001, 0.20746910934601248, 0.2074691093460122]"
8,2,directed_cycle_normal,8,"[0.4436081768454517, 0.4436081768454515, 0.0768994828331536, 0.07689948283315357, 0.057648010000000034, 0.04304343133282775, 0.04304343133282772]",1.5463820700136108e-16,3.885780586188048e-16,"[0.4436081768454513, 0.4436081768454513, 0.07689948283315355, 0.07689948283315337, 0.05764801000000004, 0.04304343133282768, 0.04304343133282757]"
8,2,directed_cycle_normal,16,"[0.19678821456414547, 0.19678821456414544, 0.005913530460006532, 0.005913530460006505, 0.0033232930569600952, 0.0018527369809038495, 0.0018527369809038209]",1.0368070489454239e-16,3.0531133177191805e-16,"[0.19678821456414516, 0.19678821456414516, 0.005913530460006478, 0.00591353046000645, 0.003323293056960105, 0.0018527369809038519, 0.001852736980903842]"
8,2,directed_nonnormal,2,"[0.6270273267050227, 0.46614891941964287, 0.38919044663763425, 0.343012527514025, 0.23675272990182364, 0.20119797517135754, 0.1091304886766]",0.03158162282180098,0.06478142619724891,"[0.6633902781374428, 0.5309303456168918, 0.4445367773139313, 0.3114510791325981, 0.23921419373649946, 0.1865718134515091, 0.09319891116591035]"
8,2,directed_nonnormal,4,"[0.31749088425341115, 0.2578937935641453, 0.12326629076300584, 0.11173706607200516, 0.054112881757624305, 0.04121396253340407, 0.016358264688878764]",0.036122665648564374,0.12259577687386258,"[0.44008666112727374, 0.28188703189687214, 0.19761294638465576, 0.0970017746928599, 0.057223430485003494, 0.03480904157458472, 0.00868603704251125]"
8,2,directed_nonnormal,8,"[0.09247247748613688, 0.06831438698359783, 0.012628751591080128, 0.01165589847741257, 0.002763467864097395, 0.002119848401736508, 0.0003107434250119979]",0.020381844442845194,0.10120379181601497,"[0.19367626930215184, 0.0794602987516282, 0.039050876578824834, 0.009409344293564353, 0.0032745209964720272, 0.0012116693753411673, 7.544723950387758e-05]"
8,2,directed_nonnormal,16,"[0.006289107755666901, 0.006220954820755607, 0.00014970046875310245, 0.00013699603735452544, 6.829088518863626e-06, 4.816077047057453e-06, 1.0858019469617893e-07]",0.004677921254819213,0.031221389535132746,"[0.037510497290799645, 0.006313939077698006, 0.0015249709615746101, 8.853576003483206e-05, 1.072248775633616e-05, 1.4681426751396546e-06, 5.692285948755467e-09]"
8,3,reversible,2,"[0.6061361383749954, 0.49862338872280765, 0.46056261055663683, 0.4314254943237217, 0.41925123835536265, 0.3765615531780203, 0.30979410636980975]",8.723180907769087e-17,3.3306690738754696e-16,"[0.6061361383749957, 0.49862338872280765, 0.46056261055663694, 0.4314254943237216, 0.4192512383553626, 0.3765615531780203, 0.3097941063698098]"
8,3,reversible,4,"[0.36740101824415144, 0.2486252837814162, 0.2121179182427444, 0.18612795715246763, 0.17577160086250504, 0.14179860333184305, 0.09597238834146897]",9.71445146547012e-17,4.440892098500626e-16,"[0.3674010182441519, 0.24862528378141613, 0.2121179182427444, 0.18612795715246755, 0.17577160086250504, 0.14179860333184305, 0.09597238834146904]"
8,3,reversible,8,"[0.13498350820683935, 0.0618145317353897, 0.044994011239635645, 0.034643616433750836, 0.030895655669767798, 0.020106843906861394, 0.009210699323965727]",5.92284158226367e-17,2.7755575615628914e-16,"[0.13498350820683963, 0.061814531735389706, 0.0449940112396356, 0.0346436164337508, 0.030895655669767787, 0.020106843906861366, 0.009210699323965742]"
8,3,reversible,16,"[0.018220547487825877, 0.0038210363336654853, 0.00202446104743243, 0.0012001801596088354, 0.0009545415392648819, 0.0004042851718948912, 8.48369820365158e-05]",2.327743342820218e-17,6.591949208711867e-17,"[0.018220547487825943, 0.003821036333665501, 0.0020244610474324546, 0.0012001801596088486, 0.0009545415392648544, 0.00040428517189488813, 8.483698203650296e-05]"
8,3,metastable_reversible,2,"[0.987128789257779, 0.4296897658374617, 0.33547188107973047, 0.2540857542369457, 0.15266933005308514, 0.09974345739324045, 0.07777253301417525]",1.6851599480917554e-16,5.551115123125783e-16,"[0.9871287892577796, 0.42968976583746166, 0.33547188107973047, 0.2540857542369453, 0.152669330053085, 0.09974345739324042, 0.07777253301417524]"
8,3,metastable_reversible,4,"[0.974423246581529, 0.18463329486545274, 0.11254138299517291, 0.06455957050615752, 0.0233079243388578, 0.00994875729275726, 0.006048566891440983]",1.5748810985475157e-16,6.661338147750939e-16,"[0.9744232465815297, 0.18463329486545266, 0.11254138299517283, 0.06455957050615735, 0.023307924338857804, 0.009948757292757167, 0.006048566891440977]"
8,3,metastable_reversible,8,"[0.9495006634784865, 0.03408945357287325, 0.012665562886466211, 0.004167938143939499, 0.0005432593369859268, 9.897777167018797e-05, 3.658516144024425e-05]",3.3389070743110514e-16,2.220446049250313e-15,"[0.9495006634784887, 0.034089453572873185, 0.012665562886466177, 0.004167938143939502, 0.0005432593369859199, 9.89777716701889e-05, 3.658516144023595e-05]"
8,3,metastable_reversible,16,"[0.901551509946086, 0.001162090844897074, 0.0001604164832311307, 1.737170837172182e-05, 2.9513070720877143e-07, 9.79659926916298e-09, 1.3384740534168228e-09]",6.262152782683055e-16,4.218847493575595e-15,"[0.9015515099460902, 0.0011620908448970763, 0.00016041648323102944, 1.737170837170586e-05, 2.951307072223813e-07, 9.79659928479605e-09, 1.3384740376081277e-09]"
8,3,directed_cycle_normal,2,"[0.81611222920257, 0.8161122292025699, 0.5266000000000002, 0.5266000000000001, 0.49000000000000005, 0.4554877707974305, 0.4554877707974304]",2.7755575615628914e-16,4.440892098500626e-16,"[0.8161122292025695, 0.8161122292025695, 0.5266, 0.5265999999999996, 0.4900000000000001, 0.4554877707974304, 0.4554877707974301]"
8,3,directed_cycle_normal,4,"[0.6660391706539875, 0.6660391706539874, 0.2773075600000001, 0.27730755999999995, 0.24009999999999992, 0.20746910934601256, 0.20746910934601237]",1.942890293094024e-16,3.885780586188048e-16,"[0.6660391706539873, 0.6660391706539873, 0.2773075599999999, 0.27730755999999956, 0.2401000000000001, 0.20746910934601248, 0.2074691093460122]"
8,3,directed_cycle_normal,8,"[0.4436081768454517, 0.4436081768454515, 0.0768994828331536, 0.07689948283315357, 0.057648010000000034, 0.04304343133282775, 0.04304343133282772]",1.5463820700136108e-16,3.885780586188048e-16,"[0.4436081768454513, 0.4436081768454513, 0.07689948283315355, 0.07689948283315337, 0.05764801000000004, 0.04304343133282768, 0.04304343133282757]"
8,3,directed_cycle_normal,16,"[0.19678821456414547, 0.19678821456414544, 0.005913530460006532, 0.005913530460006505, 0.0033232930569600952, 0.0018527369809038495, 0.0018527369809038209]",1.0368070489454239e-16,3.0531133177191805e-16,"[0.19678821456414516, 0.19678821456414516, 0.005913530460006478, 0.00591353046000645, 0.003323293056960105, 0.0018527369809038519, 0.001852736980903842]"
8,3,directed_nonnormal,2,"[0.48285846686734507, 0.46312329915777817, 0.4158712065673416, 0.3620121560537574, 0.30112120485105914, 0.2040593460514079, 0.09240955260802239]",0.024563627188482602,0.08217743221638002,"[0.5650358990837251, 0.49172990675622985, 0.4226057794330302, 0.3761109368809338, 0.30182869130936724, 0.17480458425699927, 0.08204380404905752]"
8,3,directed_nonnormal,4,"[0.21086776566752216, 0.1885648632772225, 0.1578484799783549, 0.1267889820825687, 0.06885109353150513, 0.04183931492094747, 0.015941826482828828]",0.03425594820107463,0.10839780158583137,"[0.31926556725335353, 0.2417983011984905, 0.17859564481019893, 0.14145943684145376, 0.09110055889752529, 0.030556642677262356, 0.0067311857828401475]"
8,3,directed_nonnormal,8,"[0.037432663847472354, 0.030945110786580285, 0.020844861116773215, 0.01912421333307948, 0.002346180642049085, 0.0022591352048209777, 0.0005456619993551107]",0.01596230850695252,0.06449783858613323,"[0.10193050243360559, 0.058466418462475925, 0.03189640434517074, 0.020010772271501245, 0.008299311831441473, 0.0009337084117058912, 4.530886204310933e-05]"
8,3,directed_nonnormal,16,"[0.0011951905870769986, 0.0010797570453543516, 0.00042355808628193015, 0.00035006038902684293, 5.489441112479058e-06, 4.432169771577283e-06, 3.8312616037279806e-07]",0.0017492464987018449,0.009194636739290277,"[0.010389827326367276, 0.0034183220878293455, 0.0010173806101506269, 0.000400431006901883, 6.887857687550442e-05, 8.718113980903379e-07, 2.0528929796415127e-09]"
8,4,reversible,2,"[0.5907021078550583, 0.5192122724383882, 0.4879480985815329, 0.43301451791279094, 0.4209125953915141, 0.3746876358184723, 0.312364204882331]",1.6653345369377348e-16,4.996003610813204e-16,"[0.5907021078550584, 0.519212272438388, 0.4879480985815328, 0.43301451791279144, 0.42091259539151393, 0.3746876358184723, 0.31236420488233113]"
8,4,reversible,4,"[0.34892898022440894, 0.269581383850635, 0.23809334690933318, 0.18750157272324677, 0.17716741295922045, 0.14039082443523612, 0.09757139649177088]",1.4472550142435077e-16,4.163336342344337e-16,"[0.34892898022440905, 0.2695813838506348, 0.23809334690933326, 0.1875015727232472, 0.17716741295922034, 0.14039082443523615, 0.09757139649177092]"
8,4,reversible,8,"[0.12175143324044596, 0.07267412251882334, 0.05668844184248805, 0.03515683977369101, 0.031388292214662925, 0.019709583585605272, 0.00952017741335437]",5.377642775528102e-17,1.457167719820518e-16,"[0.12175143324044604, 0.0726741225188233, 0.05668844184248811, 0.035156839773691155, 0.03138829221466291, 0.0197095835856053, 0.009520177413354368]"
8,4,reversible,16,"[0.014823411496102768, 0.005281528083880947, 0.0032135794385291625, 0.0012360033828729756, 0.0009852248881530906, 0.0003884676851179521, 9.063377798175459e-05]",1.3761623289333867e-17,2.2551405187698492e-17,"[0.01482341149610279, 0.005281528083880939, 0.0032135794385291573, 0.0012360033828729923, 0.0009852248881530683, 0.0003884676851179619, 9.063377798174266e-05]"
8,4,metastable_reversible,2,"[0.9883834910726749, 0.30753224086221337, 0.1759620335903536, 0.12825395831619982, 0.073970596065453, 0.02422696595412423, 0.017077512948158683]",8.029291517378364e-17,3.3306690738754696e-16,"[0.9883834910726752, 0.30753224086221337, 0.17596203359035367, 0.12825395831619976, 0.07397059606545302, 0.02422696595412422, 0.01707751294815875]"
8,4,metastable_reversible,4,"[0.9769019254250089, 0.09457607916973435, 0.030962637265252772, 0.01644907782377354, 0.005471649082278421, 0.0005869458793421907, 0.00029164144849450936]",6.997750593270727e-17,2.220446049250313e-16,"[0.9769019254250091, 0.09457607916973443, 0.03096263726525275, 0.016449077823773507, 0.005471649082278413, 0.0005869458793422941, 0.00029164144849452974]"
8,4,metastable_reversible,8,"[0.9543373718990896, 0.008944634751119843, 0.000958684906419599, 0.00027057216125255163, 2.9938943679604054e-05, 3.445054653009542e-07, 8.505473445168845e-08]",6.393610961086498e-17,3.3306690738754696e-16,"[0.95433737189909, 0.008944634751119875, 0.0009586849064196183, 0.0002705721612525574, 2.9938943679598193e-05, 3.445054652768989e-07, 8.505473447998744e-08]"
8,4,metastable_reversible,16,"[0.9107598194032612, 8.000649083099916e-05, 9.190767498291913e-07, 7.320929447306868e-08, 8.963403189911638e-10, 1.1871809287686417e-13, 7.24423486420745e-15]",1.3846804944636937e-16,7.771561172376096e-16,"[0.910759819403262, 8.000649083094129e-05, 9.190767497967924e-07, 7.320929444487991e-08, 8.963403486501526e-10, 1.1868401560565261e-13, 7.234307857461163e-15]"
8,4,directed_cycle_normal,2,"[0.81611222920257, 0.8161122292025699, 0.5266000000000002, 0.5266000000000001, 0.49000000000000005, 0.4554877707974305, 0.4554877707974304]",2.7755575615628914e-16,4.440892098500626e-16,"[0.8161122292025695, 0.8161122292025695, 0.5266, 0.5265999999999996, 0.4900000000000001, 0.4554877707974304, 0.4554877707974301]"
8,4,directed_cycle_normal,4,"[0.6660391706539875, 0.6660391706539874, 0.2773075600000001, 0.27730755999999995, 0.24009999999999992, 0.20746910934601256, 0.20746910934601237]",1.942890293094024e-16,3.885780586188048e-16,"[0.6660391706539873, 0.6660391706539873, 0.2773075599999999, 0.27730755999999956, 0.2401000000000001, 0.20746910934601248, 0.2074691093460122]"
8,4,directed_cycle_normal,8,"[0.4436081768454517, 0.4436081768454515, 0.0768994828331536, 0.07689948283315357, 0.057648010000000034, 0.04304343133282775, 0.04304343133282772]",1.5463820700136108e-16,3.885780586188048e-16,"[0.4436081768454513, 0.4436081768454513, 0.07689948283315355, 0.07689948283315337, 0.05764801000000004, 0.04304343133282768, 0.04304343133282757]"
8,4,directed_cycle_normal,16,"[0.19678821456414547, 0.19678821456414544, 0.005913530460006532, 0.005913530460006505, 0.0033232930569600952, 0.0018527369809038495, 0.0018527369809038209]",1.0368070489454239e-16,3.0531133177191805e-16,"[0.19678821456414516, 0.19678821456414516, 0.005913530460006478, 0.00591353046000645, 0.003323293056960105, 0.0018527369809038519, 0.001852736980903842]"
8,4,directed_nonnormal,2,"[0.557952650093887, 0.4055450002664897, 0.37779434880738877, 0.36974650328505504, 0.2355692375594898, 0.19970848473642308, 0.0821123996892245]",0.025748118096199066,0.07265575169642835,"[0.577184303818472, 0.47820075196291806, 0.4099378365865704, 0.3414946221985544, 0.24138666001785777, 0.20392798523448835, 0.0641952702589599]"
8,4,directed_nonnormal,4,"[0.24516820654954014, 0.18790491795583775, 0.11581512182918503, 0.10741557201556724, 0.05436049563200865, 0.036829091167983975, 0.012993624500589183]",0.029674088004477954,0.08797351402487402,"[0.33314172057441416, 0.2286759591779003, 0.16804902986527773, 0.11661857699053343, 0.05826751963457686, 0.0415866231617977, 0.004121032723620901]"
8,4,directed_nonnormal,8,"[0.05305450850724326, 0.03707739956174805, 0.008818364722026588, 0.00835236762284291, 0.002753247106111331, 0.0023863392301214565, 0.00023349225090872532]",0.014189869557126436,0.057928897480037767,"[0.11098340598728103, 0.05229269430593272, 0.028240476438661004, 0.013599892499296974, 0.0033951038443658, 0.0017294472260013692, 1.6982910709154303e-05]"
8,4,directed_nonnormal,16,"[0.0020600254041457052, 0.001824904879398136, 7.378173860249868e-05, 6.903531583245842e-05, 7.311950029115732e-06, 4.92610417423633e-06, 7.162890539294811e-08]",0.0017161139666921914,0.01025729100039194,"[0.012317316404537645, 0.002734525877773728, 0.0007975245094825672, 0.0001849570759924341, 1.1526730114027433e-05, 2.990987707523831e-06, 2.8841925615510795e-10]"
8,5,reversible,2,"[0.564775795774238, 0.5174813575131934, 0.5023361718143916, 0.4432016691459687, 0.43429583158442986, 0.4135503459327962, 0.36967035286494987]",1.5067312477055697e-16,3.3306690738754696e-16,"[0.564775795774238, 0.5174813575131931, 0.5023361718143913, 0.4432016691459688, 0.4342958315844297, 0.41355034593279605, 0.3696703528649498]"
8,5,reversible,4,"[0.31897169949242377, 0.26778695537369734, 0.25234162951313777, 0.19642771953377267, 0.1886128693316115, 0.1710238886211354, 0.13665616978729653]",1.1102230246251565e-16,1.6653345369377348e-16,"[0.31897169949242377, 0.2677869553736972, 0.2523416295131376, 0.1964277195337728, 0.18861286933161134, 0.1710238886211353, 0.1366561697872965]"
8,5,reversible,8,"[0.10174294507708512, 0.07170985346831457, 0.0636762979853457, 0.038583849001238436, 0.03557481447750355, 0.029249170479094547, 0.018674908740934394]",5.947623346206196e-17,9.71445146547012e-17,"[0.10174294507708509, 0.07170985346831447, 0.0636762979853456, 0.038583849001238506, 0.03557481447750349, 0.02924917047909449, 0.018674908740934408]"
8,5,reversible,16,"[0.010351626872958737, 0.005142303084447142, 0.004054670925118541, 0.0014887134037503572, 0.00126556742510878, 0.0008555139737151468, 0.0003487522164821691]",1.964729222568375e-17,5.925164872633282e-17,"[0.010351626872958753, 0.005142303084447134, 0.0040546709251185285, 0.0014887134037503739, 0.001265567425108792, 0.0008555139737151327, 0.0003487522164822283]"
8,5,metastable_reversible,2,"[0.9894400157876171, 0.3741192486780428, 0.24186555544990834, 0.23338308802643987, 0.1449493374543338, 0.08601439774460748, 0.024725718353577016]",2.4087874552135094e-16,8.881784197001252e-16,"[0.9894400157876162, 0.3741192486780433, 0.24186555544990834, 0.23338308802643978, 0.144949337454334, 0.08601439774460747, 0.02472571835357701]"
8,5,metastable_reversible,4,"[0.9789915448417995, 0.13996521223142327, 0.058498946913092674, 0.05446766577675701, 0.021010310428450335, 0.007398476619367496, 0.0006113611481003601]",2.86988315056913e-16,1.4432899320127035e-15,"[0.9789915448417981, 0.1399652122314236, 0.05849894691309268, 0.054467665776756935, 0.02101031042845039, 0.007398476619367535, 0.0006113611481004149]"
8,5,metastable_reversible,8,"[0.9584244448717335, 0.019590260634987384, 0.0034221267899408117, 0.002966726615168468, 0.0004414331442998166, 5.473745628729095e-05, 3.737624533830573e-07]",4.759877673038016e-16,3.1086244689504383e-15,"[0.9584244448717304, 0.019590260634987457, 0.003422126789940836, 0.002966726615168499, 0.00044143314429985123, 5.4737456287328065e-05, 3.737624534066575e-07]"
8,5,metastable_reversible,16,"[0.9185774165276906, 0.00038377831174672943, 1.171095176644917e-05, 8.801466809077622e-06, 1.9486322087555527e-07, 2.99618915054799e-09, 1.3973821547165357e-13]",8.98039244276093e-16,6.106226635438361e-15,"[0.9185774165276845, 0.0003837783117467391, 1.171095176643077e-05, 8.801466809149138e-06, 1.9486322088645327e-07, 2.996189120807151e-09, 1.396983715765638e-13]"
8,5,directed_cycle_normal,2,"[0.81611222920257, 0.8161122292025699, 0.5266000000000002, 0.5266000000000001, 0.49000000000000005, 0.4554877707974305, 0.4554877707974304]",2.7755575615628914e-16,4.440892098500626e-16,"[0.8161122292025695, 0.8161122292025695, 0.5266, 0.5265999999999996, 0.4900000000000001, 0.4554877707974304, 0.4554877707974301]"
8,5,directed_cycle_normal,4,"[0.6660391706539875, 0.6660391706539874, 0.2773075600000001, 0.27730755999999995, 0.24009999999999992, 0.20746910934601256, 0.20746910934601237]",1.942890293094024e-16,3.885780586188048e-16,"[0.6660391706539873, 0.6660391706539873, 0.2773075599999999, 0.27730755999999956, 0.2401000000000001, 0.20746910934601248, 0.2074691093460122]"
8,5,directed_cycle_normal,8,"[0.4436081768454517, 0.4436081768454515, 0.0768994828331536, 0.07689948283315357, 0.057648010000000034, 0.04304343133282775, 0.04304343133282772]",1.5463820700136108e-16,3.885780586188048e-16,"[0.4436081768454513, 0.4436081768454513, 0.07689948283315355, 0.07689948283315337, 0.05764801000000004, 0.04304343133282768, 0.04304343133282757]"
8,5,directed_cycle_normal,16,"[0.19678821456414547, 0.19678821456414544, 0.005913530460006532, 0.005913530460006505, 0.0033232930569600952, 0.0018527369809038495, 0.0018527369809038209]",1.0368070489454239e-16,3.0531133177191805e-16,"[0.19678821456414516, 0.19678821456414516, 0.005913530460006478, 0.00591353046000645, 0.003323293056960105, 0.0018527369809038519, 0.001852736980903842]"
8,5,directed_nonnormal,2,"[0.4857558866277901, 0.42933767624224495, 0.356035702627659, 0.29005387344116584, 0.22080457474872026, 0.18562793411017137, 0.10608942625364698]",0.022292647513278255,0.0518549382310447,"[0.5233308520984058, 0.4590968889717707, 0.4078906408587037, 0.28692942556376394, 0.21564891813830794, 0.1895822883616534, 0.08146446883118155]"
8,5,directed_nonnormal,4,"[0.2021976062094112, 0.1695231047336477, 0.11528459918604161, 0.08927990996382892, 0.04537390116592455, 0.026437551814696952, 0.02072374710507852]",0.02795539258561098,0.07167757454863224,"[0.27387518075804346, 0.21076995346355837, 0.166374774900124, 0.08232849525435157, 0.04650445589422264, 0.0359414440604411, 0.00663645968194655]"
8,5,directed_nonnormal,8,"[0.03582703724467915, 0.02906428847982513, 0.010594286062855483, 0.00928804283456393, 0.0011893607744098316, 0.0011042691785192852, 0.0005716051242332076]",0.010832141135866906,0.03918057739057181,"[0.07500761463525096, 0.04442397328303056, 0.027680565723066933, 0.006777981130845788, 0.002162664418017699, 0.001291787401149817, 4.404259711010211e-05]"
8,5,directed_nonnormal,16,"[0.001041748313884225, 0.000977214351694091, 0.00010784314390204777, 8.786954911736517e-05, 1.3541535944964544e-06, 9.809958053718266e-07, 4.61725312501224e-07]",0.0008979197934192367,0.004584393939386089,"[0.005626142253270314, 0.0019734894022514133, 0.000766213718749028, 4.5941028210101545e-05, 4.677117384959832e-06, 1.6687146897693978e-06, 1.9397503602027742e-09]"
8,6,reversible,2,"[0.602639064028552, 0.5203501022564373, 0.500615943883908, 0.4436126941040813, 0.39858445958646427, 0.3892416201459265, 0.34202968902771314]",2.854859206178974e-16,8.881784197001252e-16,"[0.602639064028552, 0.5203501022564382, 0.5006159438839084, 0.4436126941040811, 0.3985844595864645, 0.3892416201459268, 0.34202968902771314]"
8,6,reversible,4,"[0.3631738414932089, 0.2707642289182851, 0.25061632327077615, 0.19679222237028104, 0.1588695714238338, 0.15150903885382574, 0.11698430817639412]",2.4187001607905194e-16,6.106226635438361e-16,"[0.3631738414932092, 0.2707642289182857, 0.2506163232707766, 0.19679222237028104, 0.15886957142383393, 0.15150903885382594, 0.11698430817639414]"
8,6,reversible,8,"[0.1318952391449344, 0.07331326766171349, 0.06280854148976221, 0.03872717878543418, 0.025239540724392634, 0.022954988854410142, 0.013685328359509561]",1.2192627859722702e-16,3.469446951953614e-16,"[0.13189523914493465, 0.07331326766171384, 0.06280854148976239, 0.03872717878543414, 0.02523954072439267, 0.02295498885441014, 0.013685328359509558]"
8,6,reversible,16,"[0.01739635410909946, 0.005374835215238054, 0.003944912884071161, 0.0014997943766789793, 0.0006370344159782556, 0.0005269315133060729, 0.00018728821230759238]",2.4200941350122868e-17,4.2500725161431774e-17,"[0.0173963541090995, 0.005374835215238096, 0.0039449128840712035, 0.0014997943766789801, 0.000637034415978276, 0.0005269315133060937, 0.00018728821230759655]"
8,6,metastable_reversible,2,"[0.9887466040700612, 0.3108343472717334, 0.2055885679400849, 0.16220122389652614, 0.13069514400271895, 0.05520475628721589, 0.034001514064242955]",1.2688263138573217e-16,4.440892098500626e-16,"[0.9887466040700617, 0.31083434727173326, 0.20558856794008495, 0.16220122389652605, 0.130695144002719, 0.05520475628721594, 0.03400151406424292]"
8,6,metastable_reversible,4,"[0.9776198470600788, 0.09661799144384456, 0.042266659267654924, 0.026309237033531097, 0.017081220665891444, 0.0030475651167309113, 0.001156102958660969]",1.22514845490862e-16,5.551115123125783e-16,"[0.9776198470600793, 0.09661799144384446, 0.04226665926765493, 0.026309237033530972, 0.017081220665891454, 0.0030475651167309083, 0.001156102958660909]"
8,6,metastable_reversible,8,"[0.955740565365772, 0.00933503627064282, 0.0017864704856480349, 0.0006921759532865159, 0.0002917680994368597, 9.287653140734738e-06, 1.3365740510225436e-06]",1.3623753551579887e-16,8.881784197001252e-16,"[0.9557405653657729, 0.009335036270642801, 0.0017864704856480403, 0.0006921759532865176, 0.00029176809943687733, 9.287653140715074e-06, 1.3365740510245072e-06]"
8,6,metastable_reversible,16,"[0.9134400282856855, 8.71429021742138e-05, 3.191476796136066e-06, 4.791075503341242e-07, 8.512862383886267e-08, 8.626055555771453e-11, 1.7865029279958545e-12]",2.6804489328695035e-16,1.6653345369377348e-15,"[0.9134400282856872, 8.714290217421665e-05, 3.191476796091545e-06, 4.791075503080994e-07, 8.512862384900753e-08, 8.626050086223456e-11, 1.7864301938720619e-12]"
8,6,directed_cycle_normal,2,"[0.81611222920257, 0.8161122292025699, 0.5266000000000002, 0.5266000000000001, 0.49000000000000005, 0.4554877707974305, 0.4554877707974304]",2.7755575615628914e-16,4.440892098500626e-16,"[0.8161122292025695, 0.8161122292025695, 0.5266, 0.5265999999999996, 0.4900000000000001, 0.4554877707974304, 0.4554877707974301]"
8,6,directed_cycle_normal,4,"[0.6660391706539875, 0.6660391706539874, 0.2773075600000001, 0.27730755999999995, 0.24009999999999992, 0.20746910934601256, 0.20746910934601237]",1.942890293094024e-16,3.885780586188048e-16,"[0.6660391706539873, 0.6660391706539873, 0.2773075599999999, 0.27730755999999956, 0.2401000000000001, 0.20746910934601248, 0.2074691093460122]"
8,6,directed_cycle_normal,8,"[0.4436081768454517, 0.4436081768454515, 0.0768994828331536, 0.07689948283315357, 0.057648010000000034, 0.04304343133282775, 0.04304343133282772]",1.5463820700136108e-16,3.885780586188048e-16,"[0.4436081768454513, 0.4436081768454513, 0.07689948283315355, 0.07689948283315337, 0.05764801000000004, 0.04304343133282768, 0.04304343133282757]"
8,6,directed_cycle_normal,16,"[0.19678821456414547, 0.19678821456414544, 0.005913530460006532, 0.005913530460006505, 0.0033232930569600952, 0.0018527369809038495, 0.0018527369809038209]",1.0368070489454239e-16,3.0531133177191805e-16,"[0.19678821456414516, 0.19678821456414516, 0.005913530460006478, 0.00591353046000645, 0.003323293056960105, 0.0018527369809038519, 0.001852736980903842]"
8,6,directed_nonnormal,2,"[0.600548187894266, 0.4279415906288291, 0.39033652203521774, 0.3558542227216586, 0.27685599778591863, 0.18390327726964623, 0.06015662210958163]",0.015363494902610162,0.03674891193483326,"[0.6248556162922638, 0.4397463552754401, 0.4026669042531119, 0.3612460836654026, 0.2749640946248154, 0.2206521892044795, 0.04508740909349398]"
8,6,directed_nonnormal,4,"[0.2918678739426515, 0.21053011530301569, 0.13194146941987261, 0.12435345926113843, 0.04581763330823703, 0.02983293859841326, 0.008675062975330883]",0.029622660600167234,0.09857666726933334,"[0.39044454121198485, 0.19337685697803358, 0.1621406357807848, 0.13049873296359107, 0.07560525333284444, 0.048687388600729416, 0.0020328744587640836]"
8,6,directed_nonnormal,8,"[0.07273171594205002, 0.04853831317591617, 0.013345058460506192, 0.012937212596487701, 0.0015746368517668464, 0.001303656597306094, 0.00011422699159100703]",0.01617351132930593,0.07971522382018734,"[0.15244693976223736, 0.03739460881470286, 0.026289585771397114, 0.017029919305102652, 0.0057161543315235866, 0.0023704618087584364, 4.132578565095367e-06]"
8,6,directed_nonnormal,16,"[0.0038634363773429724, 0.003194208400811626, 0.00016614696038436727, 0.00015943701439409425, 1.9276829738022937e-06, 1.5825734629716772e-06, 2.0480760308526258e-08]",0.00312326641592866,0.019376633065528247,"[0.02324006944287122, 0.0013983567684046525, 0.0006911423200316457, 0.00029001815153830796, 3.267442034179586e-05, 5.619089186782318e-06, 1.7078205596685677e-11]"
8,7,reversible,2,"[0.6037306462389744, 0.5527343245713012, 0.5112080415391042, 0.4598140243576726, 0.4329549461163637, 0.36301581219895457, 0.3468328289911446]",1.7446361815538174e-16,3.3306690738754696e-16,"[0.6037306462389748, 0.5527343245713012, 0.5112080415391038, 0.4598140243576726, 0.43295494611636365, 0.3630158121989544, 0.34683282899114426]"
8,7,reversible,4,"[0.36449069320813, 0.30551523355929266, 0.2613336617342464, 0.21142893699599827, 0.1874499853666235, 0.13178047990646669, 0.12029301126600056]",1.4076041919354663e-16,2.3592239273284576e-16,"[0.36449069320813005, 0.30551523355929255, 0.26133366173424616, 0.21142893699599832, 0.18744998536662336, 0.13178047990646652, 0.12029301126600032]"
8,7,reversible,8,"[0.1328534654353431, 0.09333955793678911, 0.06829528275542952, 0.04470219539925782, 0.035137497013947375, 0.017366094884378673, 0.014470408559442165]",6.715858028424496e-17,1.3877787807814457e-16,"[0.13285346543534318, 0.09333955793678907, 0.06829528275542938, 0.04470219539925783, 0.035137497013947305, 0.017366094884378628, 0.01447040855944208]"
8,7,reversible,16,"[0.01765004327817994, 0.008712273075835197, 0.004664245646644084, 0.0019982862735134005, 0.0012346436964051832, 0.00030158125153322614, 0.00020939272387717294]",1.8427564781637557e-17,3.2959746043559335e-17,"[0.017650043278179924, 0.008712273075835204, 0.004664245646644051, 0.0019982862735134278, 0.0012346436964051559, 0.0003015812515332416, 0.0002093927238771746]"
8,7,metastable_reversible,2,"[0.9884936572272225, 0.32242410009457734, 0.2523069584569254, 0.21625727964171723, 0.1619329054364881, 0.14024621140158658, 0.023771455573902336]",1.5265566588595902e-16,3.3306690738754696e-16,"[0.9884936572272228, 0.3224241000945772, 0.2523069584569257, 0.21625727964171734, 0.1619329054364882, 0.14024621140158666, 0.023771455573902405]"
8,7,metastable_reversible,4,"[0.9771197103784497, 0.10395730032179805, 0.06365880128578463, 0.0467672109980359, 0.026222265863102622, 0.019668999812498537, 0.0005650821001020158]",1.2590684943049522e-16,5.551115123125783e-16,"[0.9771197103784502, 0.10395730032179797, 0.06365880128578484, 0.04676721099803593, 0.02622226586310263, 0.019668999812498537, 0.0005650821001020157]"
8,7,metastable_reversible,8,"[0.9547629284100656, 0.010807120290196516, 0.004052442981142991, 0.0021871720245347824, 0.0006876072269952838, 0.00038686955362396245, 3.193177798607512e-07]",1.4773102389341669e-16,7.771561172376096e-16,"[0.9547629284100664, 0.010807120290196495, 0.004052442981143041, 0.002187172024534813, 0.0006876072269952375, 0.00038686955362406746, 3.193177798557045e-07]"
8,7,metastable_reversible,16,"[0.9115722494661638, 0.00011679384896675069, 1.6422294115388084e-05, 4.783721464875768e-06, 4.7280369865492335e-07, 1.4966805161138707e-07, 1.0189626763160395e-13]",2.940445007692517e-16,1.7763568394002505e-15,"[0.9115722494661656, 0.00011679384896677677, 1.6422294115415497e-05, 4.783721464907712e-06, 4.7280369861608006e-07, 1.4966805152128519e-07, 1.0196384453197617e-13]"
8,7,directed_cycle_normal,2,"[0.81611222920257, 0.8161122292025699, 0.5266000000000002, 0.5266000000000001, 0.49000000000000005, 0.4554877707974305, 0.4554877707974304]",2.7755575615628914e-16,4.440892098500626e-16,"[0.8161122292025695, 0.8161122292025695, 0.5266, 0.5265999999999996, 0.4900000000000001, 0.4554877707974304, 0.4554877707974301]"
8,7,directed_cycle_normal,4,"[0.6660391706539875, 0.6660391706539874, 0.2773075600000001, 0.27730755999999995, 0.24009999999999992, 0.20746910934601256, 0.20746910934601237]",1.942890293094024e-16,3.885780586188048e-16,"[0.6660391706539873, 0.6660391706539873, 0.2773075599999999, 0.27730755999999956, 0.2401000000000001, 0.20746910934601248, 0.2074691093460122]"
8,7,directed_cycle_normal,8,"[0.4436081768454517, 0.4436081768454515, 0.0768994828331536, 0.07689948283315357, 0.057648010000000034, 0.04304343133282775, 0.04304343133282772]",1.5463820700136108e-16,3.885780586188048e-16,"[0.4436081768454513, 0.4436081768454513, 0.07689948283315355, 0.07689948283315337, 0.05764801000000004, 0.04304343133282768, 0.04304343133282757]"
8,7,directed_cycle_normal,16,"[0.19678821456414547, 0.19678821456414544, 0.005913530460006532, 0.005913530460006505, 0.0033232930569600952, 0.0018527369809038495, 0.0018527369809038209]",1.0368070489454239e-16,3.0531133177191805e-16,"[0.19678821456414516, 0.19678821456414516, 0.005913530460006478, 0.00591353046000645, 0.003323293056960105, 0.0018527369809038519, 0.001852736980903842]"
8,7,directed_nonnormal,2,"[0.4526118921880445, 0.41579604773813783, 0.3323826445038767, 0.2897043286742738, 0.1851317737881444, 0.15730662172516607, 0.06418274675982313]",0.015506723595859948,0.043466884508305825,"[0.47756030906081587, 0.4153675862620883, 0.37584952901218255, 0.3004689294807648, 0.16998493547968868, 0.16186936887911182, 0.05495363071482271]"
8,7,directed_nonnormal,4,"[0.18110569657937206, 0.17273372511439206, 0.09691331754860763, 0.07916384788296098, 0.031226910492702455, 0.02264074436372337, 0.006761646893971811]",0.016037664572002015,0.04695815221088992,"[0.22806384879026198, 0.17253023171719337, 0.14126286845867944, 0.09028157758331683, 0.028894878290033923, 0.02620169258132198, 0.0030199015287411066]"
8,7,directed_nonnormal,8,"[0.030555064841556876, 0.02857910653867756, 0.00718881312266347, 0.006445452598888675, 0.0008041711185922399, 0.0006741710238268542, 6.000985843654955e-05]",0.005315902104576014,0.021458054283470602,"[0.05201311912502748, 0.029766680856388436, 0.01995519800517417, 0.008150763250932455, 0.0008349139913958737, 0.0006865286941261032, 9.119805243292871e-06]"
8,7,directed_nonnormal,16,"[0.0008658914659774371, 0.0008571681127075298, 4.913795004165639e-05, 4.0595189359081e-05, 5.853363558200978e-07, 4.488272385490276e-07, 4.455141224530124e-09]",0.00032048723037571844,0.0018394730951368616,"[0.0027053645611142987, 0.0008860552892060818, 0.0003982099274257072, 6.643494157275102e-05, 6.97081373028589e-07, 4.7132164785849257e-07, 8.317084767559215e-11]"
8,8,reversible,2,"[0.5655799025250192, 0.5118121699823889, 0.508424310752838, 0.4438435514630985, 0.42425430267575615, 0.40616210090370697, 0.3610544512768621]",1.189524669241239e-16,3.3306690738754696e-16,"[0.5655799025250196, 0.5118121699823889, 0.5084243107528379, 0.4438435514630987, 0.42425430267575615, 0.40616210090370675, 0.3610544512768621]"
8,8,reversible,4,"[0.3198806261402101, 0.2619516973420817, 0.2584952797644982, 0.19699709817537608, 0.1799917133388921, 0.164967652210513, 0.13036031678683593]",1.3877787807814457e-16,4.996003610813204e-16,"[0.3198806261402106, 0.2619516973420817, 0.2584952797644982, 0.19699709817537633, 0.17999171333889208, 0.16496765221051285, 0.130360316786836]"
8,8,reversible,8,"[0.10232361497985286, 0.0686186917403975, 0.06681980966052622, 0.03880785668951878, 0.032397016870669926, 0.027214326275848764, 0.016993812192764215]",8.029291517378364e-17,3.3306690738754696e-16,"[0.10232361497985319, 0.06861869174039756, 0.06681980966052621, 0.03880785668951886, 0.032397016870669905, 0.027214326275848726, 0.016993812192764232]"
8,8,reversible,16,"[0.01047012218254515, 0.004708524856163654, 0.004464886963068962, 0.0015060497408342294, 0.001049566702118473, 0.0007406195546483769, 0.0002887896528429149]",2.962195221255039e-17,8.673617379884035e-17,"[0.010470122182545236, 0.0047085248561637046, 0.004464886963068952, 0.0015060497408342338, 0.0010495667021184704, 0.0007406195546483504, 0.00028878965284294227]"
8,8,metastable_reversible,2,"[0.9887086266908339, 0.47956786745262614, 0.19959066366996037, 0.19449758816552654, 0.08211379695694095, 0.07172623610894585, 0.06377637192565401]",8.921435019309294e-17,1.6653345369377348e-16,"[0.988708626690834, 0.4795678674526262, 0.19959066366996028, 0.19449758816552662, 0.0821137969569409, 0.07172623610894568, 0.0637763719256541]"
8,8,metastable_reversible,4,"[0.9775447484928748, 0.2299853394930597, 0.039836433024215134, 0.03782931180220682, 0.00674267565068581, 0.0051446529463562395, 0.004067425615999352]",6.430867743085449e-17,2.220446049250313e-16,"[0.977544748492875, 0.22998533949305966, 0.039836433024215204, 0.037829311802206805, 0.006742675650685716, 0.005144652946356224, 0.0040674256159993595]"
8,8,metastable_reversible,8,"[0.955593735305998, 0.052893256381738, 0.0015869413960928089, 0.0014310568314285647, 4.546367493041916e-05, 2.646745393844417e-05, 1.6543951141683535e-05]",6.341905082682397e-17,2.220446049250313e-16,"[0.9555937353059982, 0.052893256381737905, 0.0015869413960927835, 0.001431056831428583, 4.5463674930350054e-05, 2.646745393845177e-05, 1.654395114168777e-05]"
8,8,metastable_reversible,16,"[0.9131593869560694, 0.002797696570664216, 2.5183829946017274e-06, 2.0479236547825e-06, 2.066945743673155e-09, 7.005261178064824e-10, 2.737023345345146e-10]",1.2492279515214485e-16,7.771561172376096e-16,"[0.9131593869560701, 0.0027976965706642573, 2.518382994632913e-06, 2.047923654778416e-06, 2.06694573817254e-09, 7.005261179840662e-10, 2.73702319378552e-10]"
8,8,directed_cycle_normal,2,"[0.81611222920257, 0.8161122292025699, 0.5266000000000002, 0.5266000000000001, 0.49000000000000005, 0.4554877707974305, 0.4554877707974304]",2.7755575615628914e-16,4.440892098500626e-16,"[0.8161122292025695, 0.8161122292025695, 0.5266, 0.5265999999999996, 0.4900000000000001, 0.4554877707974304, 0.4554877707974301]"
8,8,directed_cycle_normal,4,"[0.6660391706539875, 0.6660391706539874, 0.2773075600000001, 0.27730755999999995, 0.24009999999999992, 0.20746910934601256, 0.20746910934601237]",1.942890293094024e-16,3.885780586188048e-16,"[0.6660391706539873, 0.6660391706539873, 0.2773075599999999, 0.27730755999999956, 0.2401000000000001, 0.20746910934601248, 0.2074691093460122]"
8,8,directed_cycle_normal,8,"[0.4436081768454517, 0.4436081768454515, 0.0768994828331536, 0.07689948283315357, 0.057648010000000034, 0.04304343133282775, 0.04304343133282772]",1.5463820700136108e-16,3.885780586188048e-16,"[0.4436081768454513, 0.4436081768454513, 0.07689948283315355, 0.07689948283315337, 0.05764801000000004, 0.04304343133282768, 0.04304343133282757]"
8,8,directed_cycle_normal,16,"[0.19678821456414547, 0.19678821456414544, 0.005913530460006532, 0.005913530460006505, 0.0033232930569600952, 0.0018527369809038495, 0.0018527369809038209]",1.0368070489454239e-16,3.0531133177191805e-16,"[0.19678821456414516, 0.19678821456414516, 0.005913530460006478, 0.00591353046000645, 0.003323293056960105, 0.0018527369809038519, 0.001852736980903842]"
8,8,directed_nonnormal,2,"[0.5424267779395447, 0.40257705892386314, 0.3333299435368008, 0.2775814351096574, 0.19352263550290488, 0.18205623663230497, 0.11060028188151949]",0.023881429443598,0.0667762597742449,"[0.5669498104899844, 0.4176640815457498, 0.4001062033110457, 0.27703351194817855, 0.20824680205003354, 0.15299860795229067, 0.09414630911152648]"
8,8,directed_nonnormal,4,"[0.23856774553215204, 0.18975128311203235, 0.0882227452567676, 0.07231773810056745, 0.04189910222345048, 0.025075685736733345, 0.020427608352969615]",0.02702331690995682,0.08286434208247723,"[0.32143208761462927, 0.1744432850134547, 0.16008497392797982, 0.0767475667423416, 0.043366730564065856, 0.023408574035338744, 0.008863527519323094]"
8,8,directed_nonnormal,8,"[0.05089454817686501, 0.0369628109561636, 0.006713669740094733, 0.0058849681131752105, 0.0010570131951202495, 0.0008985812832200346, 0.0005442716299504662]",0.01135930423512099,0.05242403877143369,"[0.1033185869482987, 0.030430459686285397, 0.025627198877521983, 0.005890189000870179, 0.0018806733198162835, 0.0005479613383679353, 7.85621200857978e-05]"
8,8,directed_nonnormal,16,"[0.0019049863395375706, 0.0018014562788200056, 4.2870123941883023e-05, 3.506765531145346e-05, 1.0003857969472134e-06, 5.911724278357308e-07, 4.838702098850878e-07]",0.0014661070220157424,0.008769744069455587,"[0.010674730408993157, 0.0009260128767186406, 0.0006567533223080641, 3.469432646597203e-05, 3.536932135868801e-06, 3.002616283459788e-07, 6.1720067123753146e-09]"
8,9,reversible,2,"[0.5670976480599892, 0.547253760204167, 0.5121844012997548, 0.44310133847286837, 0.4112029596785029, 0.4027721558758409, 0.3375773894933244]",2.061842760018148e-16,3.885780586188048e-16,"[0.5670976480599892, 0.5472537602041669, 0.5121844012997546, 0.4431013384728683, 0.4112029596785026, 0.40277215587584053, 0.337577389493324]"
8,9,reversible,4,"[0.32159974243517125, 0.2994866780575999, 0.2623328609347883, 0.1963387961564474, 0.1690878740483604, 0.16222540954887263, 0.11395849389712764]",1.5463820700136108e-16,2.7755575615628914e-16,"[0.3215997424351713, 0.29948667805759976, 0.2623328609347881, 0.19633879615644742, 0.16908787404836026, 0.16222540954887238, 0.11395849389712737]"
8,9,reversible,8,"[0.1034263943343685, 0.08969227033397648, 0.06881852992623093, 0.038548922876163016, 0.028590709150194193, 0.026317083503299456, 0.01298653833130166]",4.931571024562637e-17,7.979727989493313e-17,"[0.10342639433436854, 0.08969227033397642, 0.06881852992623086, 0.038548922876163016, 0.02859070915019414, 0.026317083503299376, 0.012986538331301613]"
8,9,reversible,16,"[0.0106970190450083, 0.008044703357663139, 0.004735990061207556, 0.0014860194549123466, 0.000817428649710994, 0.000692588884119645, 0.0001686501778303767]",1.393587006705475e-17,3.122502256758253e-17,"[0.0106970190450083, 0.008044703357663108, 0.004735990061207532, 0.0014860194549123642, 0.000817428649710995, 0.0006925888841196321, 0.0001686501778303661]"
8,9,metastable_reversible,2,"[0.9889692313266193, 0.2891377361031324, 0.2735211198204517, 0.20061406413385854, 0.13988351953161882, 0.05564438609720333, 0.049151408475020954]",9.218816186619604e-17,1.6653345369377348e-16,"[0.9889692313266192, 0.2891377361031323, 0.2735211198204515, 0.20061406413385843, 0.13988351953161887, 0.055644386097203416, 0.04915140847502096]"
8,9,metastable_reversible,4,"[0.9780601405107637, 0.08360063043884457, 0.0748138029878339, 0.04024600272830392, 0.019567399036552826, 0.003096297704134612, 0.0024158609550784184]",8.989584870151239e-17,3.3306690738754696e-16,"[0.9780601405107641, 0.08360063043884458, 0.07481380298783379, 0.040246002728303865, 0.019567399036552798, 0.0030962977041346443, 0.0024158609550783625]"
8,9,metastable_reversible,8,"[0.9566016384559345, 0.00698906540977231, 0.005597105117502426, 0.0016197407356066545, 0.00038288310505576437, 9.587059472663425e-06, 5.836384154275572e-06]",1.8534230430638222e-16,1.1102230246251565e-15,"[0.9566016384559356, 0.006989065409772267, 0.005597105117502408, 0.0016197407356066424, 0.00038288310505568744, 9.58705947262947e-06, 5.836384154272137e-06]"
8,9,metastable_reversible,16,"[0.9150866946965783, 4.884703530207681e-05, 3.1327585696409815e-05, 2.6235600505734154e-06, 1.465994720733563e-07, 9.191169636393678e-11, 3.406338528758313e-11]",3.3605072039711566e-16,2.220446049250313e-15,"[0.9150866946965805, 4.8847035302075196e-05, 3.132758569637164e-05, 2.6235600505835467e-06, 1.4659947213708457e-07, 9.191170933173446e-11, 3.4063379996238883e-11]"
8,9,directed_cycle_normal,2,"[0.81611222920257, 0.8161122292025699, 0.5266000000000002, 0.5266000000000001, 0.49000000000000005, 0.4554877707974305, 0.4554877707974304]",2.7755575615628914e-16,4.440892098500626e-16,"[0.8161122292025695, 0.8161122292025695, 0.5266, 0.5265999999999996, 0.4900000000000001, 0.4554877707974304, 0.4554877707974301]"
8,9,directed_cycle_normal,4,"[0.6660391706539875, 0.6660391706539874, 0.2773075600000001, 0.27730755999999995, 0.24009999999999992, 0.20746910934601256, 0.20746910934601237]",1.942890293094024e-16,3.885780586188048e-16,"[0.6660391706539873, 0.6660391706539873, 0.2773075599999999, 0.27730755999999956, 0.2401000000000001, 0.20746910934601248, 0.2074691093460122]"
8,9,directed_cycle_normal,8,"[0.4436081768454517, 0.4436081768454515, 0.0768994828331536, 0.07689948283315357, 0.057648010000000034, 0.04304343133282775, 0.04304343133282772]",1.5463820700136108e-16,3.885780586188048e-16,"[0.4436081768454513, 0.4436081768454513, 0.07689948283315355, 0.07689948283315337, 0.05764801000000004, 0.04304343133282768, 0.04304343133282757]"
8,9,directed_cycle_normal,16,"[0.19678821456414547, 0.19678821456414544, 0.005913530460006532, 0.005913530460006505, 0.0033232930569600952, 0.0018527369809038495, 0.0018527369809038209]",1.0368070489454239e-16,3.0531133177191805e-16,"[0.19678821456414516, 0.19678821456414516, 0.005913530460006478, 0.00591353046000645, 0.003323293056960105, 0.0018527369809038519, 0.001852736980903842]"
8,9,directed_nonnormal,2,"[0.4944550946467655, 0.4429561425451164, 0.37730199069977133, 0.33818570278464843, 0.24972449424899684, 0.2105823422702226, 0.0779131016768387]",0.02284877659060952,0.03721712244548758,"[0.5252438893849936, 0.480173264990604, 0.4112332061079311, 0.3356215233173532, 0.26717922354258966, 0.18336611578923415, 0.06714393337632399]"
8,9,directed_nonnormal,4,"[0.20149835318172657, 0.19102096351074732, 0.12503323419155676, 0.12232515678844486, 0.05901695191824005, 0.043715581884992805, 0.008632651468036363]",0.02775366218044414,0.07438279015454877,"[0.27588114333627534, 0.2305663644117368, 0.16911274980580815, 0.11264180691386065, 0.0713847374928211, 0.03362313241963082, 0.004508307789244234]"
8,9,directed_nonnormal,8,"[0.03433519499627362, 0.030715032425612257, 0.01582806908182977, 0.014744480709028633, 0.0031448854704757907, 0.0024375199320573037, 9.111735928300492e-05]",0.011768153718414944,0.041775210252256875,"[0.0761104052485305, 0.053160848398045815, 0.028599122146881862, 0.012688176664819466, 0.005095780746918977, 0.0011305150337080291, 2.032483912256023e-05]"
8,9,directed_nonnormal,16,"[0.001059822739622374, 0.0010050831033041531, 0.00023967039591919227, 0.0002219835964677436, 8.67255953513305e-06, 6.142260347314217e-06, 9.78944582105162e-09]",0.0010307664145643317,0.004732971047473165,"[0.005792793787095539, 0.00282607580240001, 0.0008179097875722686, 0.0001609898270776692, 2.5966981420670126e-05, 1.2780642414398662e-06, 4.130990853579549e-10]"
8,10,reversible,2,"[0.6062763442498338, 0.5140913171451916, 0.44149885079159457, 0.4335453159048656, 0.4031245335012504, 0.37414264679761755, 0.3412298642043773]",1.030921380009074e-16,2.7755575615628914e-16,"[0.6062763442498338, 0.5140913171451915, 0.4414988507915947, 0.4335453159048658, 0.4031245335012501, 0.37414264679761755, 0.34122986420437734]"
8,10,reversible,4,"[0.3675710055969429, 0.2642898823640781, 0.19492123525029867, 0.18796154094304973, 0.1625093895106006, 0.13998272015272686, 0.11643782022493768]",1.0903976134711358e-16,1.6653345369377348e-16,"[0.367571005596943, 0.2642898823640779, 0.19492123525029878, 0.18796154094304987, 0.16250938951060054, 0.1399827201527268, 0.1164378202249378]"
8,10,reversible,8,"[0.13510844415554785, 0.06984914192001823, 0.0379942879515023, 0.03532954087368577, 0.026409301679108144, 0.019595161941356604, 0.013557765978734888]",4.931571024562637e-17,8.326672684688674e-17,"[0.1351084441555479, 0.06984914192001815, 0.03799428795150232, 0.03532954087368582, 0.02640930167910808, 0.019595161941356628, 0.013557765978734935]"
8,10,reversible,16,"[0.018254291682132783, 0.004878902626962842, 0.0014435659169416604, 0.001248176458345442, 0.0006974512151781451, 0.0003839703715079807, 0.00018381301833415408]",1.0621309139741923e-17,2.42861286636753e-17,"[0.018254291682132807, 0.004878902626962838, 0.0014435659169416745, 0.0012481764583454368, 0.0006974512151781409, 0.0003839703715079913, 0.00018381301833414246]"
8,10,metastable_reversible,2,"[0.988953128505288, 0.3318966182651951, 0.17053175425495148, 0.1341463067589798, 0.10594454827529422, 0.023393154261567548, 0.022149247826762027]",5.253733955815473e-17,1.1102230246251565e-16,"[0.988953128505288, 0.3318966182651952, 0.17053175425495154, 0.13414630675897982, 0.1059445482752941, 0.023393154261567482, 0.022149247826761975]"
8,10,metastable_reversible,4,"[0.978028290380397, 0.11015536521587259, 0.02908107920927113, 0.017995231617074364, 0.011224247309256107, 0.0005472396663055498, 0.0004905891792912917]",7.463957527439494e-17,2.220446049250313e-16,"[0.9780282903803967, 0.11015536521587269, 0.029081079209271183, 0.017995231617074316, 0.011224247309256124, 0.0005472396663054929, 0.0004905891792913201]"
8,10,metastable_reversible,8,"[0.9565393367844018, 0.012134204485842336, 0.0008457091679759253, 0.0003238283609521636, 0.00012598372765930716, 2.9947125237680526e-07, 2.4067774284999356e-07]",4.9756810215703225e-17,2.220446049250313e-16,"[0.9565393367844016, 0.012134204485842293, 0.0008457091679759047, 0.00032382836095215105, 0.00012598372765934332, 2.9947125237814723e-07, 2.4067774283773107e-07]"
8,10,metastable_reversible,16,"[0.9149675028159431, 0.00014723891850421136, 7.152239968373194e-07, 1.0486480735151558e-07, 1.5871899638042158e-08, 8.96644512811212e-14, 5.795652205306303e-14]",3.308426182023257e-17,1.1102230246251565e-16,"[0.914967502815943, 0.00014723891850423524, 7.15223996798497e-07, 1.0486480735695663e-07, 1.587189963494359e-08, 8.968303100093594e-14, 5.7925775897465e-14]"
8,10,directed_cycle_normal,2,"[0.81611222920257, 0.8161122292025699, 0.5266000000000002, 0.5266000000000001, 0.49000000000000005, 0.4554877707974305, 0.4554877707974304]",2.7755575615628914e-16,4.440892098500626e-16,"[0.8161122292025695, 0.8161122292025695, 0.5266, 0.5265999999999996, 0.4900000000000001, 0.4554877707974304, 0.4554877707974301]"
8,10,directed_cycle_normal,4,"[0.6660391706539875, 0.6660391706539874, 0.2773075600000001, 0.27730755999999995, 0.24009999999999992, 0.20746910934601256, 0.20746910934601237]",1.942890293094024e-16,3.885780586188048e-16,"[0.6660391706539873, 0.6660391706539873, 0.2773075599999999, 0.27730755999999956, 0.2401000000000001, 0.20746910934601248, 0.2074691093460122]"
8,10,directed_cycle_normal,8,"[0.4436081768454517, 0.4436081768454515, 0.0768994828331536, 0.07689948283315357, 0.057648010000000034, 0.04304343133282775, 0.04304343133282772]",1.5463820700136108e-16,3.885780586188048e-16,"[0.4436081768454513, 0.4436081768454513, 0.07689948283315355, 0.07689948283315337, 0.05764801000000004, 0.04304343133282768, 0.04304343133282757]"
8,10,directed_cycle_normal,16,"[0.19678821456414547, 0.19678821456414544, 0.005913530460006532, 0.005913530460006505, 0.0033232930569600952, 0.0018527369809038495, 0.0018527369809038209]",1.0368070489454239e-16,3.0531133177191805e-16,"[0.19678821456414516, 0.19678821456414516, 0.005913530460006478, 0.00591353046000645, 0.003323293056960105, 0.0018527369809038519, 0.001852736980903842]"
8,10,directed_nonnormal,2,"[0.5360185905075743, 0.44698377956581686, 0.31054611322172165, 0.2829359309126001, 0.21143413942341047, 0.16849312458250282, 0.1443073966398416]",0.012272584100045947,0.04313701552091209,"[0.5791556060284864, 0.456778866101702, 0.3179667459856264, 0.28642575380300317, 0.20682313649310297, 0.15707659223633647, 0.13826940092709886]"
8,10,directed_nonnormal,4,"[0.2401176229753939, 0.2153062770277255, 0.08762134187323856, 0.08054526220416039, 0.04025355849144994, 0.031557824238792456, 0.025270943279940106]",0.01892834760015914,0.09530359301882935,"[0.33542121599422325, 0.2086469325171566, 0.10110285155268789, 0.08203971244161859, 0.0427758097888447, 0.02467305582858031, 0.019118427232738808]"
8,10,directed_nonnormal,8,"[0.054535360521106795, 0.046136885387453114, 0.006972343274012002, 0.006878414374722992, 0.0013265285597488599, 0.0010069808444839172, 0.0008511291233324897]",0.00933711359989262,0.05797203161793658,"[0.11250739213904337, 0.04353354244881891, 0.010221786592084843, 0.006730514417503469, 0.0018297699030914224, 0.0006087596839202409, 0.0003655142598535289]"
8,10,directed_nonnormal,16,"[0.002491233855621815, 0.002444919338172762, 4.901665922472089e-05, 4.68567015804968e-05, 1.4408501778768064e-06, 1.0581930525411853e-06, 8.8242023786608e-07]",0.0015395426030694079,0.010166679430306663,"[0.012657913285928479, 0.0018951693181431177, 0.00010448492113412546, 4.529982432422206e-05, 3.348057898259193e-06, 3.705883527666717e-07, 1.3360067415627304e-07]"
8,11,reversible,2,"[0.4837148466050952, 0.4612463026588871, 0.44739373541833277, 0.39971750507957976, 0.3854002720411406, 0.34271643548056724, 0.32710121266475517]",2.1411444046342305e-16,8.326672684688674e-16,"[0.48371484660509523, 0.4612463026588871, 0.44739373541833194, 0.3997175050795799, 0.38540027204114086, 0.3427164354805671, 0.3271012126647552]"
8,11,reversible,4,"[0.23398005282619067, 0.21274815171649364, 0.20016115449156907, 0.15977408386704395, 0.14853336968938521, 0.11745455514850578, 0.10699520332675333]",1.6653345369377348e-16,6.38378239159465e-16,"[0.2339800528261908, 0.2127481517164937, 0.20016115449156843, 0.15977408386704398, 0.14853336968938538, 0.11745455514850574, 0.10699520332675343]"
8,11,reversible,8,"[0.05474666512054697, 0.045261776058784176, 0.04006448776739779, 0.025527757875553198, 0.022062161911283573, 0.013795572525133349, 0.011447973534933284]",7.16192977938996e-17,2.636779683484747e-16,"[0.054746665120547044, 0.045261776058784224, 0.04006448776739752, 0.025527757875553204, 0.02206216191128363, 0.013795572525133377, 0.011447973534933306]"
8,11,reversible,16,"[0.0029971973418213317, 0.0020486283719955934, 0.001605163180063958, 0.0006516664221528518, 0.00048673898819973023, 0.00019031782129623183, 0.00013105609805652793]",2.2543660886466452e-17,6.071532165918825e-17,"[0.0029971973418213226, 0.0020486283719955327, 0.0016051631800639455, 0.0006516664221528687, 0.0004867389881996941, 0.0001903178212962149, 0.00013105609805653338]"
8,11,metastable_reversible,2,"[0.9891034903352367, 0.2972976483433513, 0.19692882315085428, 0.13694550430923746, 0.05257467580905763, 0.016618184255359828, 0.014429155659839377]",9.070125602964448e-17,4.440892098500626e-16,"[0.9891034903352371, 0.2972976483433514, 0.1969288231508543, 0.13694550430923744, 0.05257467580905761, 0.01661818425535981, 0.014429155659839335]"
8,11,metastable_reversible,4,"[0.9783257145933479, 0.088385891710487, 0.03878096138758052, 0.018754071150511427, 0.002764096536427585, 0.00027616404794511296, 0.0002082005330558427]",1.3339558872187725e-16,6.661338147750939e-16,"[0.9783257145933486, 0.08838589171048701, 0.038780961387580457, 0.018754071150511368, 0.0027640965364275076, 0.0002761640479450887, 0.00020820053305587355]"
8,11,metastable_reversible,8,"[0.9571212038345844, 0.007812065853457985, 0.0015039629661450142, 0.0003517151847184754, 7.640229662691598e-06, 7.626658134905244e-08, 4.334746197176153e-08]",2.557326943694602e-16,1.6653345369377348e-15,"[0.9571212038345861, 0.007812065853457937, 0.0015039629661450062, 0.00035171518471844275, 7.640229662690542e-06, 7.626658137741724e-08, 4.334746196474989e-08]"
8,11,metastable_reversible,16,"[0.9160809988297647, 6.1028372898772535e-05, 2.2619046035193864e-06, 1.2370357117446972e-07, 5.83731259516324e-11, 5.880348466255358e-15, 1.8618043201030363e-15]",4.000622995639217e-16,2.6645352591003757e-15,"[0.9160809988297673, 6.102837289876348e-05, 2.2619046035356846e-06, 1.237035711615283e-07, 5.837310929865645e-11, 5.816591434998207e-15, 1.8790024587854385e-15]"
8,11,directed_cycle_normal,2,"[0.81611222920257, 0.8161122292025699, 0.5266000000000002, 0.5266000000000001, 0.49000000000000005, 0.4554877707974305, 0.4554877707974304]",2.7755575615628914e-16,4.440892098500626e-16,"[0.8161122292025695, 0.8161122292025695, 0.5266, 0.5265999999999996, 0.4900000000000001, 0.4554877707974304, 0.4554877707974301]"
8,11,directed_cycle_normal,4,"[0.6660391706539875, 0.6660391706539874, 0.2773075600000001, 0.27730755999999995, 0.24009999999999992, 0.20746910934601256, 0.20746910934601237]",1.942890293094024e-16,3.885780586188048e-16,"[0.6660391706539873, 0.6660391706539873, 0.2773075599999999, 0.27730755999999956, 0.2401000000000001, 0.20746910934601248, 0.2074691093460122]"
8,11,directed_cycle_normal,8,"[0.4436081768454517, 0.4436081768454515, 0.0768994828331536, 0.07689948283315357, 0.057648010000000034, 0.04304343133282775, 0.04304343133282772]",1.5463820700136108e-16,3.885780586188048e-16,"[0.4436081768454513, 0.4436081768454513, 0.07689948283315355, 0.07689948283315337, 0.05764801000000004, 0.04304343133282768, 0.04304343133282757]"
8,11,directed_cycle_normal,16,"[0.19678821456414547, 0.19678821456414544, 0.005913530460006532, 0.005913530460006505, 0.0033232930569600952, 0.0018527369809038495, 0.0018527369809038209]",1.0368070489454239e-16,3.0531133177191805e-16,"[0.19678821456414516, 0.19678821456414516, 0.005913530460006478, 0.00591353046000645, 0.003323293056960105, 0.0018527369809038519, 0.001852736980903842]"
8,11,directed_nonnormal,2,"[0.5563212037419774, 0.5020539917575177, 0.453298444044163, 0.3914510563101297, 0.29876070113527015, 0.21474245589876784, 0.1150957059882676]",0.018473651833717113,0.07612143014035821,"[0.6324426338823356, 0.509027576582854, 0.46224224764001437, 0.3981986208413023, 0.29057371709084245, 0.20257402436382085, 0.10492194182434093]"
8,11,directed_nonnormal,4,"[0.2712022841271536, 0.24923125808691862, 0.17138766984886994, 0.1494010143182238, 0.07183629398136969, 0.05589924536875398, 0.019270706934954876]",0.03226035197129497,0.12878140102487234,"[0.3999836851520259, 0.25910907372181335, 0.21366789550329238, 0.15856214163991525, 0.08443308506398894, 0.04103623534695388, 0.011008613876190383]"
8,11,directed_nonnormal,8,"[0.06874685639490745, 0.05977590807687981, 0.02341548709345547, 0.02200330105388061, 0.004667733264400721, 0.003472120486530603, 0.0005227356099765644]",0.01837567666835625,0.09124009199288753,"[0.15998694838779498, 0.0671375120849761, 0.04565396956880587, 0.02514195276143654, 0.007128945853422794, 0.0016839726114505872, 0.00012118957947505146]"
8,11,directed_nonnormal,16,"[0.004248262170949013, 0.0038887243755318505, 0.0005351998231025288, 0.00047800835861702766, 1.686812738485276e-05, 1.3652793127569787e-05, 3.3055796697025093e-07]",0.003387794831895295,0.021347561483489964,"[0.02559582365443898, 0.004507445528960314, 0.0020842849373894526, 0.0006321177886583066, 5.082186898103404e-05, 2.83576375611571e-06, 1.4686914173339814e-08]"
8,12,reversible,2,"[0.553669981734257, 0.5035974771223216, 0.4723338536056757, 0.4403614853921936, 0.41842389743184377, 0.38227715357445813, 0.33177008412299447]",1.9032394707859825e-16,3.885780586188048e-16,"[0.553669981734257, 0.5035974771223213, 0.4723338536056753, 0.4403614853921938, 0.41842389743184405, 0.3822771535744581, 0.3317700841229946]"
8,12,reversible,4,"[0.30655044867361214, 0.2536104189639673, 0.22309926926198798, 0.1939182378168191, 0.17507855794205415, 0.1461358221449899, 0.11007138871897884]",2.557478038868664e-16,4.440892098500626e-16,"[0.3065504486736125, 0.25361041896396685, 0.22309926926198753, 0.1939182378168193, 0.17507855794205437, 0.1461358221449898, 0.11007138871897888]"
8,12,reversible,8,"[0.09397317758199294, 0.06431824460707897, 0.049773283945233, 0.037604282957980434, 0.030652501451069233, 0.02135567851399211, 0.012115710614524587]",9.664887937585068e-17,1.8041124150158794e-16,"[0.09397317758199313, 0.06431824460707881, 0.04977328394523282, 0.03760428295798049, 0.030652501451069288, 0.02135567851399209, 0.012115710614524553]"
8,12,reversible,16,"[0.008830958104856816, 0.004136836589336037, 0.0024773797946927955, 0.0014140820967838586, 0.0009395758452078258, 0.0004560650047929845, 0.00014679044369490435]",9.420942448775829e-18,2.47198095326695e-17,"[0.008830958104856816, 0.004136836589336022, 0.002477379794692771, 0.0014140820967838616, 0.0009395758452078049, 0.0004560650047929834, 0.00014679044369490292]"
8,12,metastable_reversible,2,"[0.9894219787354132, 0.3635412689514612, 0.2807836400185451, 0.24133258719548273, 0.13042938933857065, 0.07911999745779259, 0.04085457856780677]",1.5463820700136108e-16,3.3306690738754696e-16,"[0.9894219787354128, 0.363541268951461, 0.28078364001854494, 0.2413325871954825, 0.13042938933857076, 0.07911999745779258, 0.04085457856780678]"
8,12,metastable_reversible,4,"[0.978955852004701, 0.13216225423083852, 0.0788394525020638, 0.05824141764246521, 0.01701182560323244, 0.006259973997721125, 0.001669096589953087]",2.0231212538579513e-16,1.2212453270876722e-15,"[0.9789558520046998, 0.13216225423083847, 0.07883945250206383, 0.05824141764246516, 0.017011825603232472, 0.006259973997721103, 0.0016690965899530971]"
8,12,metastable_reversible,8,"[0.9583545601742498, 0.017466861443376773, 0.006215659270825161, 0.0033920627290040567, 0.0002894022103547613, 3.9187274452144716e-05, 2.7858834266117044e-06]",3.136527307294183e-16,2.1094237467877974e-15,"[0.9583545601742477, 0.017466861443376783, 0.006215659270825178, 0.003392062729004052, 0.0002894022103547959, 3.918727445214433e-05, 2.7858834265930574e-06]"
8,12,metastable_reversible,16,"[0.918443463006779, 0.0003050912486821456, 3.86344201710107e-05, 1.1506089557510714e-05, 8.375363936806259e-08, 1.5356425115299143e-09, 7.761111153447021e-12]",4.783468660449422e-16,3.219646771412954e-15,"[0.9184434630067758, 0.0003050912486821225, 3.8634420170994985e-05, 1.1506089557498417e-05, 8.375363935824153e-08, 1.535642478987684e-09, 7.761146466565875e-12]"
8,12,directed_cycle_normal,2,"[0.81611222920257, 0.8161122292025699, 0.5266000000000002, 0.5266000000000001, 0.49000000000000005, 0.4554877707974305, 0.4554877707974304]",2.7755575615628914e-16,4.440892098500626e-16,"[0.8161122292025695, 0.8161122292025695, 0.5266, 0.5265999999999996, 0.4900000000000001, 0.4554877707974304, 0.4554877707974301]"
8,12,directed_cycle_normal,4,"[0.6660391706539875, 0.6660391706539874, 0.2773075600000001, 0.27730755999999995, 0.24009999999999992, 0.20746910934601256, 0.20746910934601237]",1.942890293094024e-16,3.885780586188048e-16,"[0.6660391706539873, 0.6660391706539873, 0.2773075599999999, 0.27730755999999956, 0.2401000000000001, 0.20746910934601248, 0.2074691093460122]"
8,12,directed_cycle_normal,8,"[0.4436081768454517, 0.4436081768454515, 0.0768994828331536, 0.07689948283315357, 0.057648010000000034, 0.04304343133282775, 0.04304343133282772]",1.5463820700136108e-16,3.885780586188048e-16,"[0.4436081768454513, 0.4436081768454513, 0.07689948283315355, 0.07689948283315337, 0.05764801000000004, 0.04304343133282768, 0.04304343133282757]"
8,12,directed_cycle_normal,16,"[0.19678821456414547, 0.19678821456414544, 0.005913530460006532, 0.005913530460006505, 0.0033232930569600952, 0.0018527369809038495, 0.0018527369809038209]",1.0368070489454239e-16,3.0531133177191805e-16,"[0.19678821456414516, 0.19678821456414516, 0.005913530460006478, 0.00591353046000645, 0.003323293056960105, 0.0018527369809038519, 0.001852736980903842]"
8,12,directed_nonnormal,2,"[0.5231619154444388, 0.4314072262089912, 0.3827638036679015, 0.2982789746137334, 0.2430492923286382, 0.15645834074941858, 0.09203595394232124]",0.02578070904526658,0.0765616202977018,"[0.5342799809292381, 0.4383248492370421, 0.41862213999736947, 0.37484059491143523, 0.22218124028338596, 0.14103589351463905, 0.07831713504550696]"
8,12,directed_nonnormal,4,"[0.23757792879567138, 0.20607325703118318, 0.10711692559019119, 0.07389584812763118, 0.05108493291161594, 0.023620413616981268, 0.017392783369095263]",0.030466839461845245,0.06812757050578604,"[0.28545509802174707, 0.1921286734586757, 0.17524449609597723, 0.1405054715935587, 0.049364503533863686, 0.019891123259472607, 0.006133573641736174]"
8,12,directed_nonnormal,8,"[0.05403962745685491, 0.043669599775802065, 0.006667737763398031, 0.005094770448520134, 0.001918398354326737, 0.000815850375475387, 0.0005271892604774411]",0.010617041266990557,0.027444985529750332,"[0.08148461298660524, 0.036913427164990444, 0.030710633411932975, 0.019741787547728328, 0.0024368542091448404, 0.0003956567845235322, 3.762072561860075e-05]"
8,12,directed_nonnormal,16,"[0.002443822470924972, 0.0022533854550851255, 3.8423312494968895e-05, 2.6832144034241185e-05, 2.5966561029065093e-06, 6.090925674811934e-07, 4.872681840109492e-07]",0.0009083728228227965,0.004195919682651863,"[0.006639742153576836, 0.0013626011050650545, 0.0009431430045621339, 0.0003897381755796413, 5.9382584366269255e-06, 1.565442911395008e-07, 1.415318996070043e-09]"
8,13,reversible,2,"[0.5761526284957578, 0.54448646204385, 0.4857397975991408, 0.4534777241117942, 0.41652045313244107, 0.39187088001868187, 0.36491465452335714]",6.344131569286608e-17,2.220446049250313e-16,"[0.5761526284957578, 0.5444864620438502, 0.4857397975991408, 0.4534777241117942, 0.41652045313244085, 0.39187088001868187, 0.36491465452335714]"
8,13,reversible,4,"[0.33195185132257043, 0.29646550734902866, 0.2359431509716543, 0.20564204626561253, 0.17348928787765408, 0.15356278660661615, 0.13316270508590095]",1.4670804253975283e-16,4.996003610813204e-16,"[0.3319518513225706, 0.29646550734902916, 0.2359431509716543, 0.20564204626561253, 0.17348928787765386, 0.15356278660661615, 0.13316270508590108]"
8,13,reversible,8,"[0.11019203159648193, 0.08789179704771702, 0.055669170490432886, 0.04228865119230836, 0.030098533008295528, 0.023581529430389117, 0.017732306025794654]",7.335402126987641e-17,2.498001805406602e-16,"[0.11019203159648203, 0.08789179704771727, 0.05566917049043286, 0.04228865119230832, 0.030098533008295455, 0.023581529430389127, 0.017732306025794668]"
8,13,reversible,16,"[0.01214228382736014, 0.007724967988277092, 0.0030990565430929016, 0.0017883300196647421, 0.0009059216892514421, 0.0005560885302763229, 0.0003144346769924285]",2.1304572689340162e-17,4.683753385137379e-17,"[0.012142283827360094, 0.007724967988277123, 0.0030990565430928803, 0.00178833001966472, 0.000905921689251451, 0.0005560885302763086, 0.0003144346769924339]"
8,13,metastable_reversible,2,"[0.9886914213694551, 0.2445330798194671, 0.20500176300308495, 0.18773472307730193, 0.1667326631184939, 0.043167954396397736, 0.02886438127908426]",6.39369509717166e-17,1.3877787807814457e-16,"[0.9886914213694551, 0.24453307981946704, 0.20500176300308492, 0.1877347230773018, 0.16673266311849397, 0.043167954396397666, 0.02886438127908436]"
8,13,metastable_reversible,4,"[0.9775107266895532, 0.05979642712599397, 0.04202572283437304, 0.035244326248911294, 0.02779978095058521, 0.0018634722867695102, 0.0008331525066243735]",8.1346140141341e-17,2.220446049250313e-16,"[0.9775107266895534, 0.05979642712599384, 0.042025722834372996, 0.03524432624891119, 0.0277997809505852, 0.0018634722867694685, 0.0008331525066243557]"
8,13,metastable_reversible,8,"[0.9555272207931388, 0.003575612697034321, 0.0017661613797515107, 0.0012421625327397178, 0.0007728278209004863, 3.47252896361424e-06, 6.941430992765292e-07]",2.7686285295425842e-17,5.640688857297925e-17,"[0.9555272207931388, 0.003575612697034292, 0.00176616137975154, 0.0012421625327396902, 0.0007728278209005199, 3.472528963557833e-06, 6.941430992944472e-07]"
8,13,metastable_reversible,16,"[0.9130322696766596, 1.2785006159257268e-05, 3.1193260193092115e-06, 1.5429677577077953e-06, 5.972628407762124e-07, 1.2058440754738375e-11, 4.818488946510347e-13]",3.9407597905506926e-17,1.1102230246251565e-16,"[0.9130322696766597, 1.2785006159192843e-05, 3.1193260193258633e-06, 1.5429677577422822e-06, 5.97262840757846e-07, 1.2058457402748037e-11, 4.818346422981008e-13]"
8,13,directed_cycle_normal,2,"[0.81611222920257, 0.8161122292025699, 0.5266000000000002, 0.5266000000000001, 0.49000000000000005, 0.4554877707974305, 0.4554877707974304]",2.7755575615628914e-16,4.440892098500626e-16,"[0.8161122292025695, 0.8161122292025695, 0.5266, 0.5265999999999996, 0.4900000000000001, 0.4554877707974304, 0.4554877707974301]"
8,13,directed_cycle_normal,4,"[0.6660391706539875, 0.6660391706539874, 0.2773075600000001, 0.27730755999999995, 0.24009999999999992, 0.20746910934601256, 0.20746910934601237]",1.942890293094024e-16,3.885780586188048e-16,"[0.6660391706539873, 0.6660391706539873, 0.2773075599999999, 0.27730755999999956, 0.2401000000000001, 0.20746910934601248, 0.2074691093460122]"
8,13,directed_cycle_normal,8,"[0.4436081768454517, 0.4436081768454515, 0.0768994828331536, 0.07689948283315357, 0.057648010000000034, 0.04304343133282775, 0.04304343133282772]",1.5463820700136108e-16,3.885780586188048e-16,"[0.4436081768454513, 0.4436081768454513, 0.07689948283315355, 0.07689948283315337, 0.05764801000000004, 0.04304343133282768, 0.04304343133282757]"
8,13,directed_cycle_normal,16,"[0.19678821456414547, 0.19678821456414544, 0.005913530460006532, 0.005913530460006505, 0.0033232930569600952, 0.0018527369809038495, 0.0018527369809038209]",1.0368070489454239e-16,3.0531133177191805e-16,"[0.19678821456414516, 0.19678821456414516, 0.005913530460006478, 0.00591353046000645, 0.003323293056960105, 0.0018527369809038519, 0.001852736980903842]"
8,13,directed_nonnormal,2,"[0.46962611105229063, 0.3861666123979444, 0.32952615993309553, 0.3056837846813088, 0.22296791935845658, 0.14054145844425836, 0.0750771043550297]",0.02709944848740174,0.04768639586181522,"[0.48277560707374406, 0.4239824927706395, 0.37721255579491075, 0.27948361900623503, 0.2587482923608533, 0.12495558825099998, 0.061599146069910106]"
8,13,directed_nonnormal,4,"[0.1937010705355993, 0.15882957695307243, 0.09315331896798974, 0.07784970836652377, 0.03650960035304028, 0.019714841692131356, 0.011501861146524203]",0.02170708559056722,0.0491359932813389,"[0.23307228678542213, 0.17976115417600536, 0.14228931224932864, 0.07811109329282234, 0.0669506787996576, 0.015613899035153445, 0.003794454796542122]"
8,13,directed_nonnormal,8,"[0.03341539868196964, 0.026031056021407883, 0.00641575840623344, 0.005687140381499865, 0.0008027163326035639, 0.0005227678524927866, 0.0002561669377917062]",0.006519345903126375,0.020907292185416412,"[0.05432269086738605, 0.03231407255068957, 0.02024624838038695, 0.0061013428953999955, 0.004482393391734922, 0.0002437938430799657, 1.4397887203001515e-05]"
8,13,directed_nonnormal,16,"[0.0009092679861306791, 0.0008105828283972434, 3.73393088434366e-05, 3.2030789897886097e-05, 4.391494836956673e-07, 2.550404610651612e-07, 1.1789738754298462e-07]",0.00038186229562417755,0.0020416867569429094,"[0.0029509547430735883, 0.001044199284811229, 0.00040991057348032116, 3.7226385127248003e-05, 2.0091850518268892e-05, 5.943543792369893e-08, 2.0729915591035477e-10]"
8,14,reversible,2,"[0.5589008070020974, 0.5021491855630482, 0.4746003629153589, 0.4571578142844579, 0.41345380001805715, 0.3593619786769542, 0.34043390255674133]",1.427429603089487e-16,3.3306690738754696e-16,"[0.5589008070020975, 0.5021491855630482, 0.47460036291535906, 0.45715781428445756, 0.4134538000180573, 0.35936197867695435, 0.3404339025567413]"
8,14,reversible,4,"[0.3123701120675958, 0.2521538045616326, 0.2252455044793905, 0.20899326716134303, 0.1709440447493717, 0.1291410317186158, 0.11589524201001287]",8.128418573148467e-17,4.440892098500626e-16,"[0.31237011206759585, 0.2521538045616326, 0.2252455044793905, 0.2089932671613426, 0.17094404474937172, 0.1291410317186158, 0.11589524201001283]"
8,14,reversible,8,"[0.09757508691312236, 0.06358154115490601, 0.050735537288175106, 0.043678185718772466, 0.02922186643527518, 0.01667740607334851, 0.013431707120559454]",3.9650822308041306e-17,1.5265566588595902e-16,"[0.09757508691312239, 0.06358154115490602, 0.050735537288175134, 0.043678185718772314, 0.029221866435275204, 0.01667740607334853, 0.013431707120559444]"
8,14,reversible,16,"[0.00952089758610339, 0.004042612375633003, 0.002574094743919794, 0.0019077839076835689, 0.0008539174779610727, 0.00027813587333537363, 0.0001804107561725033]",8.820759103292783e-18,1.6046192152785466e-17,"[0.009520897586103388, 0.004042612375633008, 0.0025740947439198093, 0.0019077839076835656, 0.0008539174779610636, 0.0002781358733353624, 0.00018041075617248725]"
8,14,metastable_reversible,2,"[0.9898492089897445, 0.3410692199064694, 0.3052068708053474, 0.15720295383711266, 0.09148319936255594, 0.06641216397236145, 0.03264418418320358]",4.9563527885051634e-17,1.1102230246251565e-16,"[0.9898492089897445, 0.34106921990646927, 0.3052068708053475, 0.15720295383711275, 0.09148319936255592, 0.06641216397236147, 0.03264418418320352]"
8,14,metastable_reversible,4,"[0.9798014565376225, 0.11632821276760752, 0.093151233986792, 0.02471276869511334, 0.008369175765609114, 0.004410575523491867, 0.0010656427609868706]",1.0148132334464322e-16,4.440892098500626e-16,"[0.979801456537623, 0.11632821276760749, 0.09315123398679205, 0.024712768695113404, 0.00836917576560915, 0.004410575523491827, 0.0010656427609869149]"
8,14,metastable_reversible,8,"[0.9600108942332469, 0.013532253085705761, 0.008677152393262071, 0.0006107209365781746, 7.004310299568532e-05, 1.9453176448388962e-05, 1.1355944940035437e-06]",8.063073006385467e-17,4.440892098500626e-16,"[0.9600108942332474, 0.013532253085705758, 0.008677152393262083, 0.000610720936578177, 7.004310299565951e-05, 1.9453176448425202e-05, 1.1355944940438148e-06]"
8,14,metastable_reversible,16,"[0.9216209170465192, 0.00018312187357555508, 7.529297365586748e-05, 3.729800623684179e-07, 4.906036283518336e-09, 3.784260383064223e-10, 1.2895596645803407e-12]",3.4136106351496444e-17,1.1102230246251565e-16,"[0.9216209170465193, 0.000183121873575593, 7.52929736558939e-05, 3.729800623749257e-07, 4.906036277260565e-09, 3.7842607393356494e-10, 1.2895748549026277e-12]"
8,14,directed_cycle_normal,2,"[0.81611222920257, 0.8161122292025699, 0.5266000000000002, 0.5266000000000001, 0.49000000000000005, 0.4554877707974305, 0.4554877707974304]",2.7755575615628914e-16,4.440892098500626e-16,"[0.8161122292025695, 0.8161122292025695, 0.5266, 0.5265999999999996, 0.4900000000000001, 0.4554877707974304, 0.4554877707974301]"
8,14,directed_cycle_normal,4,"[0.6660391706539875, 0.6660391706539874, 0.2773075600000001, 0.27730755999999995, 0.24009999999999992, 0.20746910934601256, 0.20746910934601237]",1.942890293094024e-16,3.885780586188048e-16,"[0.6660391706539873, 0.6660391706539873, 0.2773075599999999, 0.27730755999999956, 0.2401000000000001, 0.20746910934601248, 0.2074691093460122]"
8,14,directed_cycle_normal,8,"[0.4436081768454517, 0.4436081768454515, 0.0768994828331536, 0.07689948283315357, 0.057648010000000034, 0.04304343133282775, 0.04304343133282772]",1.5463820700136108e-16,3.885780586188048e-16,"[0.4436081768454513, 0.4436081768454513, 0.07689948283315355, 0.07689948283315337, 0.05764801000000004, 0.04304343133282768, 0.04304343133282757]"
8,14,directed_cycle_normal,16,"[0.19678821456414547, 0.19678821456414544, 0.005913530460006532, 0.005913530460006505, 0.0033232930569600952, 0.0018527369809038495, 0.0018527369809038209]",1.0368070489454239e-16,3.0531133177191805e-16,"[0.19678821456414516, 0.19678821456414516, 0.005913530460006478, 0.00591353046000645, 0.003323293056960105, 0.0018527369809038519, 0.001852736980903842]"
8,14,directed_nonnormal,2,"[0.5221498042091435, 0.47278506354519406, 0.35444570837769396, 0.2890115347575377, 0.23498269781575648, 0.19728553266476048, 0.0999811552432161]",0.02197392685172784,0.08793975936545118,"[0.6100895635745947, 0.480467005576404, 0.3471253519728528, 0.3051694509176501, 0.21444213020958314, 0.19964925907003986, 0.08816793525418855]"
8,14,directed_nonnormal,4,"[0.24661542898896183, 0.2211352977119319, 0.09056153521859578, 0.08031705010494729, 0.054604169794841166, 0.041525685116315374, 0.01527473296563443]",0.027976951425025747,0.1255938465936775,"[0.37220927558263933, 0.23084854344755623, 0.12049600998227697, 0.09312839377338003, 0.045985427208823815, 0.03985982664721589, 0.007773584806986783]"
8,14,directed_nonnormal,8,"[0.05729048352949211, 0.05024495672391956, 0.006332049079010349, 0.006210901203535802, 0.0022890350574506194, 0.0020799215339160964, 0.00035020223170433495]",0.013699979337215399,0.08124926130026103,"[0.13853974482975315, 0.05329105001185826, 0.01451928842164899, 0.00867289772680973, 0.0021146595155780335, 0.0015888057803461024, 6.042862075141574e-05]"
8,14,directed_nonnormal,16,"[0.002935590299499572, 0.0027404869090752087, 3.932162569361363e-05, 3.775347981780911e-05, 4.863003560749785e-06, 4.0554503292677675e-06, 1.5126171576118692e-07]",0.002366877637333873,0.016257670597993545,"[0.019193260897493118, 0.0028399360113663783, 0.00021080973627103042, 7.521915497970138e-05, 4.471784866824723e-06, 2.524303807661187e-06, 3.651618205918433e-09]"
8,15,reversible,2,"[0.5266639985415212, 0.5056415228328776, 0.44572305725468936, 0.41299227319608495, 0.3655948660237999, 0.3590320470441373, 0.30192703356465417]",1.9825411154020654e-16,4.440892098500626e-16,"[0.5266639985415213, 0.5056415228328777, 0.4457230572546898, 0.4129922731960851, 0.36559486602379976, 0.3590320470441372, 0.30192703356465445]"
8,15,reversible,4,"[0.2773749673597437, 0.25567334961275145, 0.19866904376846722, 0.17056261771966974, 0.1336596060629602, 0.12890401080470357, 0.09115993359715187]",9.1196891308495e-17,2.498001805406602e-16,"[0.27737496735974365, 0.25567334961275157, 0.19866904376846747, 0.1705626177196698, 0.13365960606296012, 0.12890401080470357, 0.09115993359715195]"
8,15,reversible,8,"[0.07693687251781889, 0.06536886170220425, 0.03946938895187708, 0.029091606563386163, 0.01786489029290572, 0.016616244001539153, 0.008310133493437136]",5.352861011585576e-17,1.6653345369377348e-16,"[0.07693687251781886, 0.06536886170220431, 0.039469388951877245, 0.02909160656338622, 0.017864890292905684, 0.016616244001539136, 0.008310133493437153]"
8,15,reversible,16,"[0.005919282352823115, 0.004273088080241902, 0.0015578326642345555, 0.0008463215724388577, 0.000319154305177594, 0.00027609956471868406, 6.905831867874394e-05]",1.0290240262072244e-17,3.832654679736258e-17,"[0.005919282352823111, 0.0042730880802419125, 0.0015578326642345696, 0.0008463215724388561, 0.0003191543051775557, 0.00027609956471868525, 6.905831867874599e-05]"
8,15,metastable_reversible,2,"[0.9876735017490555, 0.23161000457282518, 0.2223876480816006, 0.13451772245902072, 0.11415768207458608, 0.0679062872779253, 0.024647781125865388]",1.1399611413561874e-16,2.220446049250313e-16,"[0.9876735017490553, 0.2316100045728253, 0.22238764808160072, 0.13451772245902066, 0.11415768207458589, 0.06790628727792536, 0.02464778112586534]"
8,15,metastable_reversible,4,"[0.9754989460572419, 0.053643194218224034, 0.049456266019265775, 0.018095017655562057, 0.013031976376642267, 0.004611263851872118, 0.0006075131144285847]",1.2988742026376343e-16,5.551115123125783e-16,"[0.9754989460572413, 0.05364319421822415, 0.04945626601926589, 0.01809501765556211, 0.01303197637664223, 0.004611263851872127, 0.0006075131144285637]"
8,15,metastable_reversible,8,"[0.9515981937587897, 0.0028775922859342225, 0.002445922248568407, 0.00032742966395514446, 0.00016983240828140431, 2.126375431154833e-05, 3.690721842235107e-07]",2.110715426655595e-16,1.2212453270876722e-15,"[0.9515981937587885, 0.002877592285934117, 0.0024459222485683943, 0.0003274296639551044, 0.00016983240828136114, 2.1263754311582566e-05, 3.690721842026931e-07]"
8,15,metastable_reversible,16,"[0.9055391223649916, 8.280537364067435e-06, 5.9825356460708355e-06, 1.0721018481623979e-07, 2.8843046868124316e-08, 4.5214724353072536e-10, 1.362022817343544e-13]",3.950751950664794e-16,2.6645352591003757e-15,"[0.9055391223649889, 8.280537364067537e-06, 5.9825356460418695e-06, 1.072101848377526e-07, 2.8843046902646944e-08, 4.5214724742334613e-10, 1.3621427715214662e-13]"
8,15,directed_cycle_normal,2,"[0.81611222920257, 0.8161122292025699, 0.5266000000000002, 0.5266000000000001, 0.49000000000000005, 0.4554877707974305, 0.4554877707974304]",2.7755575615628914e-16,4.440892098500626e-16,"[0.8161122292025695, 0.8161122292025695, 0.5266, 0.5265999999999996, 0.4900000000000001, 0.4554877707974304, 0.4554877707974301]"
8,15,directed_cycle_normal,4,"[0.6660391706539875, 0.6660391706539874, 0.2773075600000001, 0.27730755999999995, 0.24009999999999992, 0.20746910934601256, 0.20746910934601237]",1.942890293094024e-16,3.885780586188048e-16,"[0.6660391706539873, 0.6660391706539873, 0.2773075599999999, 0.27730755999999956, 0.2401000000000001, 0.20746910934601248, 0.2074691093460122]"
8,15,directed_cycle_normal,8,"[0.4436081768454517, 0.4436081768454515, 0.0768994828331536, 0.07689948283315357, 0.057648010000000034, 0.04304343133282775, 0.04304343133282772]",1.5463820700136108e-16,3.885780586188048e-16,"[0.4436081768454513, 0.4436081768454513, 0.07689948283315355, 0.07689948283315337, 0.05764801000000004, 0.04304343133282768, 0.04304343133282757]"
8,15,directed_cycle_normal,16,"[0.19678821456414547, 0.19678821456414544, 0.005913530460006532, 0.005913530460006505, 0.0033232930569600952, 0.0018527369809038495, 0.0018527369809038209]",1.0368070489454239e-16,3.0531133177191805e-16,"[0.19678821456414516, 0.19678821456414516, 0.005913530460006478, 0.00591353046000645, 0.003323293056960105, 0.0018527369809038519, 0.001852736980903842]"
8,15,directed_nonnormal,2,"[0.5548320488373961, 0.41975926784208273, 0.3394805763305015, 0.2879350614645858, 0.25540465968688875, 0.19298515623275467, 0.07725258205285916]",0.022260321565153125,0.03473420082773737,"[0.5846664634172181, 0.44358329395124935, 0.36467103671636236, 0.3226692622923232, 0.23052664943248188, 0.18697636537764772, 0.0659002341088879]"
8,15,directed_nonnormal,4,"[0.22908830243089764, 0.18952605306809076, 0.10571156406883103, 0.08575089795130433, 0.04750038152584785, 0.04502926057960444, 0.008925841327681431]",0.026559838122990714,0.11274657101389954,"[0.3418348734447972, 0.19676613867264048, 0.1329849650197865, 0.10411545282827205, 0.0531425360985664, 0.03496016120983562, 0.004342840855606232]"
8,15,directed_nonnormal,8,"[0.04180930709027616, 0.03023911108399745, 0.009661853112220333, 0.009238948480937903, 0.002482702156141937, 0.0019886346798116787, 0.00010133128958675301]",0.013476303217201216,0.07504177361274433,"[0.1168510807030205, 0.03871691332814078, 0.01768500092131384, 0.010840027517636143, 0.002824129142987433, 0.0012222128718176952, 1.8860266697122668e-05]"
8,15,directed_nonnormal,16,"[0.0012752413119362627, 0.0011524532276977267, 9.642295842467306e-05, 8.492818256466559e-05, 4.851102258994042e-06, 4.3926662227863455e-06, 1.2430246271990225e-08]",0.0018543471074688373,0.012378933749527544,"[0.013654175061463807, 0.0014989993776587651, 0.00031275925758687134, 0.00011750619658310877, 7.975705416270933e-06, 1.4938043040368575e-06, 3.557096598865944e-10]"
8,16,reversible,2,"[0.5774007801074084, 0.5678432860498611, 0.5273572183470454, 0.4499040661339432, 0.41178994692802356, 0.37912419022036437, 0.31949132130694347]",1.7446361815538174e-16,3.3306690738754696e-16,"[0.5774007801074086, 0.5678432860498615, 0.5273572183470454, 0.44990406613394335, 0.4117899469280233, 0.37912419022036437, 0.3194913213069437]"
8,16,reversible,4,"[0.3333916608686441, 0.32244599751190456, 0.2781056357427334, 0.20241366872385566, 0.1695709603909844, 0.14373515161024705, 0.10207470439045671]",8.326672684688674e-17,2.220446049250313e-16,"[0.333391660868644, 0.3224459975119048, 0.27810563574273334, 0.20241366872385566, 0.1695709603909842, 0.14373515161024703, 0.10207470439045674]"
8,16,reversible,8,"[0.11114999953675293, 0.10397142131144713, 0.07734274463186994, 0.040971293286250786, 0.0287543106079208, 0.02065979380842068, 0.010419245276399107]",5.129825136102844e-17,1.8041124150158794e-16,"[0.11114999953675295, 0.1039714213114473, 0.07734274463186987, 0.040971293286250786, 0.02875431060792074, 0.020659793808420694, 0.01041924527639913]"
8,16,reversible,16,"[0.012354322397020157, 0.010810056449522442, 0.005981900147190654, 0.0016786468735479699, 0.0008268103785368068, 0.0004268270802064466, 0.00010856067212977858]",1.940721888749053e-17,3.642919299551295e-17,"[0.012354322397020182, 0.010810056449522478, 0.005981900147190636, 0.0016786468735479785, 0.0008268103785367831, 0.0004268270802064581, 0.00010856067212976557]"
8,16,metastable_reversible,2,"[0.9889549189363723, 0.39507092310111347, 0.30274210620164255, 0.17952598689085866, 0.11370935718196792, 0.07996436449545131, 0.003376150371265031]",1.0501272470645314e-16,2.7755575615628914e-16,"[0.9889549189363722, 0.3950709231011132, 0.3027421062016424, 0.17952598689085858, 0.11370935718196794, 0.07996436449545125, 0.0033761503712650444]"
8,16,metastable_reversible,4,"[0.978031831688447, 0.15608103427996584, 0.09165278286740663, 0.03222957996913677, 0.012929817910736333, 0.006394299589161375, 1.1398391329417967e-05]",1.3427674499643522e-16,5.551115123125783e-16,"[0.9780318316884464, 0.15608103427996567, 0.09165278286740652, 0.03222957996913673, 0.012929817910736364, 0.006394299589161385, 1.1398391329393096e-05]"
8,16,metastable_reversible,8,"[0.9565462637958585, 0.024361289261903896, 0.008400232607339938, 0.001038745824986948, 0.0001671801912047852, 4.0887067235966486e-05, 1.2992333235764155e-10]",1.3558611388160235e-16,7.771561172376096e-16,"[0.9565462637958577, 0.024361289261903823, 0.008400232607339967, 0.0010387458249869795, 0.00016718019120479886, 4.088706723594945e-05, 1.2992332489798371e-10]"
8,16,metastable_reversible,16,"[0.9149807547818166, 0.0005934724145022266, 7.056390785740799e-05, 1.0789928889112147e-06, 2.794921631450327e-08, 1.6717523185383646e-09, 1.8892025727161776e-17]",3.1256411373843495e-16,1.9984014443252818e-15,"[0.9149807547818146, 0.0005934724145021504, 7.056390785741763e-05, 1.0789928889278805e-06, 2.7949216331273107e-08, 1.6717522671570509e-09, 1.6880070352547034e-20]"
8,16,directed_cycle_normal,2,"[0.81611222920257, 0.8161122292025699, 0.5266000000000002, 0.5266000000000001, 0.49000000000000005, 0.4554877707974305, 0.4554877707974304]",2.7755575615628914e-16,4.440892098500626e-16,"[0.8161122292025695, 0.8161122292025695, 0.5266, 0.5265999999999996, 0.4900000000000001, 0.4554877707974304, 0.4554877707974301]"
8,16,directed_cycle_normal,4,"[0.6660391706539875, 0.6660391706539874, 0.2773075600000001, 0.27730755999999995, 0.24009999999999992, 0.20746910934601256, 0.20746910934601237]",1.942890293094024e-16,3.885780586188048e-16,"[0.6660391706539873, 0.6660391706539873, 0.2773075599999999, 0.27730755999999956, 0.2401000000000001, 0.20746910934601248, 0.2074691093460122]"
8,16,directed_cycle_normal,8,"[0.4436081768454517, 0.4436081768454515, 0.0768994828331536, 0.07689948283315357, 0.057648010000000034, 0.04304343133282775, 0.04304343133282772]",1.5463820700136108e-16,3.885780586188048e-16,"[0.4436081768454513, 0.4436081768454513, 0.07689948283315355, 0.07689948283315337, 0.05764801000000004, 0.04304343133282768, 0.04304343133282757]"
8,16,directed_cycle_normal,16,"[0.19678821456414547, 0.19678821456414544, 0.005913530460006532, 0.005913530460006505, 0.0033232930569600952, 0.0018527369809038495, 0.0018527369809038209]",1.0368070489454239e-16,3.0531133177191805e-16,"[0.19678821456414516, 0.19678821456414516, 0.005913530460006478, 0.00591353046000645, 0.003323293056960105, 0.0018527369809038519, 0.001852736980903842]"
8,16,directed_nonnormal,2,"[0.5520393167836627, 0.44946334873449295, 0.4123463110951481, 0.3114247672429006, 0.22335144901405168, 0.13645161597350045, 0.08822342772016667]",0.02829742213950004,0.06668768405794706,"[0.5858262094167213, 0.4561340415582206, 0.4443124574683389, 0.37811245130084764, 0.17427744860076544, 0.13152073861065577, 0.08325776640772145]"
8,16,directed_nonnormal,4,"[0.24146424258281912, 0.22424876731150592, 0.10844941037268489, 0.08702313912768968, 0.04098350075258555, 0.029919016213856762, 0.011712798894999824]",0.04154882444409782,0.10172810505674501,"[0.34319234763956413, 0.20805826386823653, 0.19741355986155448, 0.14296902582873589, 0.030372629090792445, 0.01729770468469244, 0.00693185566720271]"
8,16,directed_nonnormal,8,"[0.055021986397085956, 0.048150734941755785, 0.007704171194638317, 0.006824744924224078, 0.001356205816166819, 0.0009516038054926151, 0.00029963355921293756]",0.01626321715379474,0.06275900108126949,"[0.11778098747835544, 0.04328824116386474, 0.03897211361721155, 0.02044014234641775, 0.0009224965978868514, 0.00029921058735883074, 4.805062299093034e-05]"
8,16,directed_nonnormal,16,"[0.002629556301018009, 0.0025704681424850964, 5.5776007392424356e-05, 4.425479591561577e-05, 1.3908672491741627e-06, 1.092665038124872e-06, 1.1443854494684335e-07]",0.0019682357743472136,0.01124280471035851,"[0.01387236101137652, 0.0018738718230609135, 0.001518825639792846, 0.0004177994191418202, 8.509999731128154e-07, 8.952697558761649e-08, 2.308862369816523e-09]"
8,17,reversible,2,"[0.5991294577334778, 0.5458069583827256, 0.4908402729689865, 0.45472317011583435, 0.4084290481487581, 0.3914832499709358, 0.34984846707743134]",1.5860328923216522e-16,2.7755575615628914e-16,"[0.5991294577334779, 0.5458069583827254, 0.4908402729689868, 0.45472317011583435, 0.4084290481487579, 0.39148324997093553, 0.3498484670774313]"
8,17,reversible,4,"[0.3589561071240114, 0.2979052358190024, 0.24092417356826926, 0.20677316144019411, 0.16681428737170056, 0.1532591350078062, 0.12239394991642853]",1.308477136165363e-16,2.498001805406602e-16,"[0.3589561071240113, 0.2979052358190022, 0.2409241735682695, 0.20677316144019406, 0.16681428737170043, 0.153259135007806, 0.12239394991642853]"
8,17,reversible,8,"[0.1288494868416247, 0.08874752952837552, 0.05804445740955354, 0.04275514029197254, 0.027827006471328262, 0.023488362463340965, 0.014980278976145229]",6.046750401976298e-17,2.0816681711721685e-16,"[0.1288494868416247, 0.08874752952837531, 0.05804445740955365, 0.042755140291972554, 0.02782700647132825, 0.023488362463340903, 0.014980278976145215]"
8,17,reversible,16,"[0.016602190259350037, 0.007876123997389899, 0.0033691590359694844, 0.0018280020213862645, 0.0007743422891553515, 0.000551703171209286, 0.0002244087582031019]",1.8539857149502126e-17,5.204170427930421e-17,"[0.01660219025935002, 0.007876123997389847, 0.0033691590359694874, 0.0018280020213862548, 0.0007743422891553443, 0.000551703171209282, 0.00022440875820313832]"
8,17,metastable_reversible,2,"[0.9893817891094716, 0.2425935994787186, 0.2178303549806705, 0.12109995309036028, 0.0602847019501237, 0.028797968258181348, 0.007063650029038441]",1.4373423086664974e-16,4.440892098500626e-16,"[0.9893817891094712, 0.24259359947871875, 0.21783035498067047, 0.12109995309036015, 0.060284701950123705, 0.028797968258181192, 0.0070636500290383476]"
8,17,metastable_reversible,4,"[0.9788763246214589, 0.058851654508041, 0.04745006355100481, 0.014665198638487469, 0.0036342452892152415, 0.0008293229757992252, 4.989515173273675e-05]",1.5089577343097809e-16,8.881784197001252e-16,"[0.978876324621458, 0.058851654508041015, 0.0474500635510049, 0.014665198638487429, 0.0036342452892152485, 0.0008293229757992114, 4.9895151732733456e-05]"
8,17,metastable_reversible,8,"[0.9581988589044157, 0.0034635172383338042, 0.0022515085309944127, 0.00021506805110633708, 1.3207738822156704e-05, 6.877765981930706e-07, 2.489526144110591e-09]",2.4005458878569575e-16,1.5543122344752192e-15,"[0.9581988589044141, 0.0034635172383338246, 0.002251508530994404, 0.00021506805110629352, 1.3207738822183226e-05, 6.877765981884594e-07, 2.4895261664324944e-09]"
8,17,metastable_reversible,16,"[0.9181450532057246, 1.1995951660224534e-05, 5.069290665193695e-06, 4.625426665438177e-08, 1.7444435737902077e-10, 4.730690772948402e-13, 3.846816354012324e-17]",4.862325792168338e-16,3.219646771412954e-15,"[0.9181450532057214, 1.1995951660235563e-05, 5.069290665140579e-06, 4.625426660665929e-08, 1.7444436479500593e-10, 4.730366490156895e-13, 6.197740533352071e-18]"
8,17,directed_cycle_normal,2,"[0.81611222920257, 0.8161122292025699, 0.5266000000000002, 0.5266000000000001, 0.49000000000000005, 0.4554877707974305, 0.4554877707974304]",2.7755575615628914e-16,4.440892098500626e-16,"[0.8161122292025695, 0.8161122292025695, 0.5266, 0.5265999999999996, 0.4900000000000001, 0.4554877707974304, 0.4554877707974301]"
8,17,directed_cycle_normal,4,"[0.6660391706539875, 0.6660391706539874, 0.2773075600000001, 0.27730755999999995, 0.24009999999999992, 0.20746910934601256, 0.20746910934601237]",1.942890293094024e-16,3.885780586188048e-16,"[0.6660391706539873, 0.6660391706539873, 0.2773075599999999, 0.27730755999999956, 0.2401000000000001, 0.20746910934601248, 0.2074691093460122]"
8,17,directed_cycle_normal,8,"[0.4436081768454517, 0.4436081768454515, 0.0768994828331536, 0.07689948283315357, 0.057648010000000034, 0.04304343133282775, 0.04304343133282772]",1.5463820700136108e-16,3.885780586188048e-16,"[0.4436081768454513, 0.4436081768454513, 0.07689948283315355, 0.07689948283315337, 0.05764801000000004, 0.04304343133282768, 0.04304343133282757]"
8,17,directed_cycle_normal,16,"[0.19678821456414547, 0.19678821456414544, 0.005913530460006532, 0.005913530460006505, 0.0033232930569600952, 0.0018527369809038495, 0.0018527369809038209]",1.0368070489454239e-16,3.0531133177191805e-16,"[0.19678821456414516, 0.19678821456414516, 0.005913530460006478, 0.00591353046000645, 0.003323293056960105, 0.0018527369809038519, 0.001852736980903842]"
8,17,directed_nonnormal,2,"[0.5205629757473195, 0.4944620486753916, 0.34448346173315975, 0.3094013106026462, 0.2512976357458908, 0.1666114565863516, 0.10921956079236518]",0.017947736070536242,0.03362306297873924,"[0.5479848849000302, 0.5023102735620647, 0.3638124854096633, 0.31470946408950995, 0.28492069872463005, 0.15151813839103678, 0.09220910067541664]"
8,17,directed_nonnormal,4,"[0.24963944300757235, 0.2493290471480874, 0.10645662896262091, 0.09545469857363086, 0.04139608327092855, 0.03531738525653979, 0.017020684202843427]",0.02054090355453981,0.050647991071327,"[0.30028743407889935, 0.25231561092599625, 0.1323595245399565, 0.09904204678750655, 0.08117980456173139, 0.02295774626148538, 0.00850251824736912]"
8,17,directed_nonnormal,8,"[0.0594565604024614, 0.05831837817568834, 0.010450098643400352, 0.009807604637179449, 0.001433699640044922, 0.0010502175980251192, 0.0004629518197887891]",0.0070288170012452545,0.030715982663227906,"[0.09017254306568931, 0.06366316751695873, 0.01751904373644335, 0.009809327031858639, 0.006590160668680904, 0.0005270581134067459, 7.229281654684486e-05]"
8,17,directed_nonnormal,16,"[0.003456372894087013, 0.0033444735784706517, 0.00010677613507482347, 9.680842652950048e-05, 1.4612634538975879e-06, 1.341962962029504e-06, 2.618899752824475e-07]",0.0008038937181943753,0.00467471462884658,"[0.008131087522933593, 0.004052998898292349, 0.0003069168934394149, 9.62228968179526e-05, 4.343021763902875e-05, 2.7779025490787815e-07, 5.226251324275766e-09]"
8,18,reversible,2,"[0.5054676000875528, 0.4851370304038378, 0.451760166178924, 0.41091983963056355, 0.3739157926074637, 0.35832462248691005, 0.3409127815573825]",1.5860328923216522e-16,4.996003610813204e-16,"[0.5054676000875529, 0.48513703040383777, 0.4517601661789235, 0.4109198396305635, 0.3739157926074634, 0.35832462248691, 0.3409127815573825]"
8,18,reversible,4,"[0.25549749473827016, 0.23535793826905427, 0.20408724774600912, 0.1688551146020082, 0.1398130199612678, 0.12839653508038656, 0.11622152462919164]",1.6851599480917554e-16,5.273559366969494e-16,"[0.2554974947382703, 0.23535793826905418, 0.2040872477460086, 0.16885511460200803, 0.13981301996126758, 0.12839653508038656, 0.11622152462919162]"
8,18,reversible,8,"[0.06527896981753238, 0.05539335910625997, 0.04165160469254093, 0.02851204972725731, 0.019547680550689884, 0.01648567022064898, 0.013507442787133814]",8.05407328132089e-17,2.42861286636753e-16,"[0.06527896981753246, 0.05539335910625992, 0.041651604692540686, 0.028512049727257262, 0.019547680550689804, 0.016485670220648938, 0.013507442787133795]"
8,18,reversible,16,"[0.004261343900438298, 0.0030684242330750954, 0.001734856173463697, 0.0008129369796495734, 0.0003821118149118163, 0.0002717773226239985, 0.00018245101064772804]",1.7536970139953034e-17,3.526367566009103e-17,"[0.004261343900438314, 0.0030684242330750694, 0.0017348561734636771, 0.0008129369796495909, 0.0003821118149118165, 0.0002717773226239912, 0.00018245101064769278]"
8,18,metastable_reversible,2,"[0.9899390761773997, 0.32434756858032177, 0.2938011910233892, 0.15602145111500695, 0.07907624878335678, 0.05926506945804522, 0.02763295034172241]",1.338215252896394e-16,4.440892098500626e-16,"[0.9899390761774002, 0.32434756858032154, 0.2938011910233891, 0.15602145111500695, 0.07907624878335685, 0.05926506945804518, 0.027632950341722362]"
8,18,metastable_reversible,4,"[0.9799793745429642, 0.1052013452439665, 0.08631913984676191, 0.02434269320803252, 0.0062530531216473395, 0.0035123484578669004, 0.000763579944588143]",8.215154746947307e-17,3.3306690738754696e-16,"[0.9799793745429646, 0.10520134524396639, 0.08631913984676196, 0.024342693208032506, 0.0062530531216473464, 0.00351234845786692, 0.000763579944588094]"
8,18,metastable_reversible,8,"[0.960359574529619, 0.011067323041140288, 0.007450993903884881, 0.0005925667126204055, 3.910067334223562e-05, 1.2336591689509868e-05, 5.830543317148936e-07]",1.8680889647778802e-16,9.992007221626409e-16,"[0.96035957452962, 0.01106732304114021, 0.007450993903884848, 0.000592566712620392, 3.910067334214363e-05, 1.233659168948013e-05, 5.830543317771566e-07]"
8,18,metastable_reversible,16,"[0.922290512390711, 0.0001224856392969621, 5.5517310155686545e-05, 3.5113530888621905e-07, 1.5288627210984476e-09, 1.5219149719570183e-10, 3.399437023317613e-13]",2.590305922768231e-16,1.6653345369377348e-15,"[0.9222905123907127, 0.000122485639296953, 5.5517310155729174e-05, 3.5113530890573824e-07, 1.528862655809021e-09, 1.521914945129502e-10, 3.3995235380410657e-13]"
8,18,directed_cycle_normal,2,"[0.81611222920257, 0.8161122292025699, 0.5266000000000002, 0.5266000000000001, 0.49000000000000005, 0.4554877707974305, 0.4554877707974304]",2.7755575615628914e-16,4.440892098500626e-16,"[0.8161122292025695, 0.8161122292025695, 0.5266, 0.5265999999999996, 0.4900000000000001, 0.4554877707974304, 0.4554877707974301]"
8,18,directed_cycle_normal,4,"[0.6660391706539875, 0.6660391706539874, 0.2773075600000001, 0.27730755999999995, 0.24009999999999992, 0.20746910934601256, 0.20746910934601237]",1.942890293094024e-16,3.885780586188048e-16,"[0.6660391706539873, 0.6660391706539873, 0.2773075599999999, 0.27730755999999956, 0.2401000000000001, 0.20746910934601248, 0.2074691093460122]"
8,18,directed_cycle_normal,8,"[0.4436081768454517, 0.4436081768454515, 0.0768994828331536, 0.07689948283315357, 0.057648010000000034, 0.04304343133282775, 0.04304343133282772]",1.5463820700136108e-16,3.885780586188048e-16,"[0.4436081768454513, 0.4436081768454513, 0.07689948283315355, 0.07689948283315337, 0.05764801000000004, 0.04304343133282768, 0.04304343133282757]"
8,18,directed_cycle_normal,16,"[0.19678821456414547, 0.19678821456414544, 0.005913530460006532, 0.005913530460006505, 0.0033232930569600952, 0.0018527369809038495, 0.0018527369809038209]",1.0368070489454239e-16,3.0531133177191805e-16,"[0.19678821456414516, 0.19678821456414516, 0.005913530460006478, 0.00591353046000645, 0.003323293056960105, 0.0018527369809038519, 0.001852736980903842]"
8,18,directed_nonnormal,2,"[0.5832419955020385, 0.4440407702715603, 0.369594105830799, 0.3376454987670774, 0.26525811134432686, 0.1768875390829961, 0.12000525733312833]",0.023364162154634233,0.059209672109959754,"[0.6193077075999063, 0.4684720172745027, 0.42880377794075875, 0.3298793437761642, 0.26056665551494584, 0.15736902268911038, 0.10813888067563861]"
8,18,directed_nonnormal,4,"[0.2689884389713628, 0.2223214871483173, 0.12730461295555187, 0.11477866303168772, 0.049938350790450586, 0.04076793739812844, 0.018615484808738526]",0.03154520415276132,0.11455359772128815,"[0.38354203669265097, 0.219466030969242, 0.18387267997626755, 0.10882038145019272, 0.06789498196624447, 0.024765009302125735, 0.011694017513780006]"
8,18,directed_nonnormal,8,"[0.0681238947478192, 0.05124928879426444, 0.01428301733204149, 0.01355804791721088, 0.0017966561498136547, 0.0014499094477906668, 0.0006227087906387463]",0.015348928821246294,0.0789805991625276,"[0.1471044939103468, 0.048165338749392286, 0.0338091624416549, 0.011841875418965447, 0.004609728576196662, 0.0006133056857343742, 0.0001367500456125935]"
8,18,directed_nonnormal,16,"[0.0036244141634245637, 0.0032758561767087485, 0.0001972794515941751, 0.00018234028866696494, 3.001223080673204e-06, 2.2780857280207847e-06, 4.1190313088380593e-07]",0.002854244013226534,0.018015317965194694,"[0.02163973212861926, 0.00231989985684371, 0.001143059465006208, 0.00014023001343829809, 2.1249597546204103e-05, 3.76143864154111e-07, 1.8700574975046403e-08]"
8,19,reversible,2,"[0.5954039861352927, 0.5661172005558266, 0.5171777575109777, 0.5001021356534775, 0.40568511747668584, 0.36945610551369684, 0.33693551858716836]",1.6653345369377348e-16,3.3306690738754696e-16,"[0.595403986135293, 0.5661172005558267, 0.5171777575109776, 0.5001021356534777, 0.40568511747668606, 0.36945610551369684, 0.3369355185871682]"
8,19,reversible,4,"[0.3545059067057961, 0.320488684765166, 0.26747283286408374, 0.25010214608516923, 0.16458041454207237, 0.13649781390134785, 0.11352554368560408]",1.308477136165363e-16,2.220446049250313e-16,"[0.35450590670579624, 0.3204886847651661, 0.2674728328640836, 0.2501021460851694, 0.1645804145420726, 0.13649781390134788, 0.11352554368560397]"
8,19,reversible,8,"[0.12567443788929858, 0.10271299706250596, 0.07154171632033811, 0.06255108347640732, 0.0270867128508404, 0.018631653199847005, 0.012888049069111937]",6.938893903907228e-17,1.249000902703301e-16,"[0.1256744378892987, 0.10271299706250601, 0.07154171632033798, 0.06255108347640742, 0.027086712850840456, 0.018631653199847, 0.012888049069111975]"
8,19,reversible,16,"[0.01579406433879115, 0.010549959765562372, 0.005118217174059717, 0.003912638044072464, 0.0007336900130638724, 0.00034713850095936013, 0.00016610180880788838]",2.133942204488434e-17,5.0334085857639543e-17,"[0.015794064338791197, 0.010549959765562368, 0.005118217174059714, 0.00391263804407249, 0.0007336900130638854, 0.00034713850095936897, 0.00016610180880783805]"
8,19,metastable_reversible,2,"[0.9886535392574136, 0.3675015955226068, 0.2994415740913017, 0.16763943843115536, 0.07076909690193076, 0.04511799939811783, 0.032150881270555855]",8.524926796228881e-17,1.1102230246251565e-16,"[0.9886535392574135, 0.3675015955226069, 0.29944157409130157, 0.16763943843115547, 0.07076909690193081, 0.0451179993981179, 0.03215088127055588]"
8,19,metastable_reversible,4,"[0.9774358206862106, 0.13505742271166166, 0.08966525629427655, 0.02810298131751311, 0.005008265076314863, 0.002035633869688597, 0.001033679166473404]",1.1610256407073345e-16,4.440892098500626e-16,"[0.9774358206862102, 0.1350574227116618, 0.08966525629427644, 0.028102981317513164, 0.005008265076314873, 0.002035633869688567, 0.0010336791664733811]"
8,19,metastable_reversible,8,"[0.955380783560526, 0.01824050742951643, 0.008039858186318314, 0.0007897775589324494, 2.5082719074588374e-05, 4.1438052514313775e-06, 1.0684926192204353e-06]",1.582365542171808e-16,8.881784197001252e-16,"[0.9553807835605251, 0.018240507429516495, 0.008039858186318279, 0.000789777558932494, 2.508271907463522e-05, 4.14380525142325e-06, 1.068492619201104e-06]"
8,19,metastable_reversible,16,"[0.9127524415967245, 0.0003327161112862359, 6.46393196560926e-05, 6.237485925860343e-07, 6.291427987094015e-10, 1.7171095279812754e-11, 1.1416793078496266e-12]",2.1567044940337297e-16,1.4432899320127035e-15,"[0.9127524415967231, 0.0003327161112862465, 6.463931965610905e-05, 6.23748592593369e-07, 6.291427961770694e-10, 1.7171121961722904e-11, 1.1416764772872354e-12]"
8,19,directed_cycle_normal,2,"[0.81611222920257, 0.8161122292025699, 0.5266000000000002, 0.5266000000000001, 0.49000000000000005, 0.4554877707974305, 0.4554877707974304]",2.7755575615628914e-16,4.440892098500626e-16,"[0.8161122292025695, 0.8161122292025695, 0.5266, 0.5265999999999996, 0.4900000000000001, 0.4554877707974304, 0.4554877707974301]"
8,19,directed_cycle_normal,4,"[0.6660391706539875, 0.6660391706539874, 0.2773075600000001, 0.27730755999999995, 0.24009999999999992, 0.20746910934601256, 0.20746910934601237]",1.942890293094024e-16,3.885780586188048e-16,"[0.6660391706539873, 0.6660391706539873, 0.2773075599999999, 0.27730755999999956, 0.2401000000000001, 0.20746910934601248, 0.2074691093460122]"
8,19,directed_cycle_normal,8,"[0.4436081768454517, 0.4436081768454515, 0.0768994828331536, 0.07689948283315357, 0.057648010000000034, 0.04304343133282775, 0.04304343133282772]",1.5463820700136108e-16,3.885780586188048e-16,"[0.4436081768454513, 0.4436081768454513, 0.07689948283315355, 0.07689948283315337, 0.05764801000000004, 0.04304343133282768, 0.04304343133282757]"
8,19,directed_cycle_normal,16,"[0.19678821456414547, 0.19678821456414544, 0.005913530460006532, 0.005913530460006505, 0.0033232930569600952, 0.0018527369809038495, 0.0018527369809038209]",1.0368070489454239e-16,3.0531133177191805e-16,"[0.19678821456414516, 0.19678821456414516, 0.005913530460006478, 0.00591353046000645, 0.003323293056960105, 0.0018527369809038519, 0.001852736980903842]"
8,19,directed_nonnormal,2,"[0.4783045460120783, 0.40881307389636384, 0.3701447417079255, 0.33791495458347814, 0.24731050819818873, 0.16433315422308759, 0.0974562116645581]",0.027035717412284103,0.060255985247252286,"[0.5385605312593306, 0.453213283731028, 0.40470916526560013, 0.3105289780991774, 0.24915144267145303, 0.16343415989347906, 0.07755271370533404]"
8,19,directed_nonnormal,4,"[0.18516871658895617, 0.17579169756741958, 0.11057014185898188, 0.10373037236062296, 0.043254246006591925, 0.03047026445423706, 0.019070249954912896]",0.03294976667159915,0.1048787292413762,"[0.2900474458303324, 0.20540228055026127, 0.16378950844997883, 0.09642824623931938, 0.06207644138526634, 0.02671072462008728, 0.006014423403061506]"
8,19,directed_nonnormal,8,"[0.02907300499944508, 0.027107317938171973, 0.009653820821049678, 0.009184474491015329, 0.001709334235740823, 0.0012585958518351082, 0.0005857320174721202]",0.012951893042766522,0.05505451583325452,"[0.0841275208326996, 0.042190096855248244, 0.02682700307828569, 0.009298406672790813, 0.0038534845750584083, 0.0007134628097301366, 3.6173288871293945e-05]"
8,19,directed_nonnormal,16,"[0.0007801421703601527, 0.0007495649416118785, 8.646874885880281e-05, 8.291227534294135e-05, 2.094154089097909e-06, 1.4842981103902036e-06, 5.949681845791979e-07]",0.0011398326395201564,0.006297297591096152,"[0.007077439761456305, 0.0017800042726552276, 0.0007196880941623497, 8.646036665260072e-05, 1.4849343370213081e-05, 5.090291808680211e-07, 1.3085068277660784e-09]"
20,0,reversible,2,"[0.539116517658424, 0.5108669563114774, 0.49975220167128576, 0.4886748480390058, 0.47642851290628413, 0.46993769733162266, 0.4665698386700243, 0.45445284316864415]",3.122502256758253e-16,4.996003610813204e-16,"[0.5391165176584238, 0.5108669563114769, 0.4997522016712856, 0.4886748480390056, 0.47642851290628374, 0.4699376973316224, 0.46656983867002394, 0.45445284316864365]"
20,0,reversible,4,"[0.2906466196121461, 0.2609850470509528, 0.24975226307529735, 0.23880310710594527, 0.22698412791009323, 0.22084143937334763, 0.21768741435657235, 0.20652738666406423]",2.185751579730777e-16,4.440892098500626e-16,"[0.29064661961214566, 0.26098504705095255, 0.2497522630752973, 0.2388031071059452, 0.22698412791009298, 0.22084143937334755, 0.21768741435657216, 0.20652738666406384]"
20,0,reversible,8,"[0.08447545749196742, 0.06811319478418802, 0.06237619291123254, 0.05702692396345357, 0.05152179432310553, 0.048770941344492, 0.047387810369250036, 0.042653561442287886]",8.760353553682876e-17,1.5959455978986625e-16,"[0.08447545749196728, 0.06811319478418791, 0.06237619291123251, 0.057026923963453546, 0.05152179432310545, 0.04877094134449194, 0.04738781036924994, 0.04265356144228773]"
20,0,reversible,16,"[0.007136102918477198, 0.0046394073037087325, 0.0038907894420993068, 0.003252070056733509, 0.0026544952902723866, 0.0023786047196278897, 0.002245604571592004, 0.0018193263037110394]",1.4013313079375145e-17,2.688821387764051e-17,"[0.007136102918477171, 0.004639407303708723, 0.003890789442099293, 0.003252070056733512, 0.002654495290272381, 0.0023786047196278737, 0.002245604571591992, 0.0018193263037110145]"
20,0,metastable_reversible,2,"[0.9864364339438192, 0.1602628257190624, 0.1406418987630818, 0.10891590884913704, 0.08410600861260321, 0.07704489791060953, 0.06070971717662569, 0.059972297072402994]",7.632783294297951e-17,2.220446049250313e-16,"[0.9864364339438191, 0.16026282571906236, 0.14064189876308203, 0.108915908849137, 0.08410600861260331, 0.07704489791060956, 0.06070971717662575, 0.059972297072403015]"
20,0,metastable_reversible,4,"[0.9730568382117977, 0.025684173307458546, 0.01978014368768495, 0.01186267520043351, 0.007073820684743313, 0.005935916294056259, 0.003685669759665876, 0.0035966764161405036]",1.1844908734404136e-16,7.771561172376096e-16,"[0.9730568382117984, 0.02568417330745856, 0.01978014368768501, 0.01186267520043352, 0.007073820684743302, 0.00593591629405625, 0.003685669759665888, 0.003596676416140559]"
20,0,metastable_reversible,8,"[0.9468396103907414, 0.0006596767584875501, 0.0003912540843054617, 0.0001407230629109795, 5.003893907988789e-05, 3.523510225006026e-05, 1.3584161577314414e-05, 1.2936081242400517e-05]",1.0657707355532509e-16,7.771561172376096e-16,"[0.9468396103907422, 0.0006596767584875667, 0.0003912540843054652, 0.00014072306291098045, 5.0038939079902196e-05, 3.523510225004248e-05, 1.3584161577315605e-05, 1.2936081242421695e-05]"
20,0,metastable_reversible,16,"[0.8965052478048908, 4.3517342567962714e-07, 1.53079758437562e-07, 1.9802980435528985e-08, 2.503895431950028e-09, 1.2415124415806788e-09, 1.8452944793149148e-10, 1.6734224245203642e-10]",2.0967597572321725e-16,1.5543122344752192e-15,"[0.8965052478048924, 4.3517342568866344e-07, 1.5307975848570806e-07, 1.9802980435047757e-08, 2.5038954242421634e-09, 1.2415124305709489e-09, 1.8452944575861757e-10, 1.6734219791053442e-10]"
20,0,directed_cycle_normal,2,"[0.9666640674410089, 0.9666640674410087, 0.875843989351356, 0.8758439893513554, 0.7519405835488367, 0.7519405835488361, 0.6262546777798677, 0.6262546777798675]",9.575673587391975e-16,3.885780586188048e-15,"[0.9666640674410084, 0.966664067441008, 0.8758439893513555, 0.8758439893513549, 0.7519405835488406, 0.7519405835488356, 0.6262546777798673, 0.6262546777798668]"
20,0,directed_cycle_normal,4,"[0.9344394192815951, 0.9344394192815944, 0.7671026936828982, 0.7671026936828979, 0.565414641187765, 0.5654146411877646, 0.39219492144116563, 0.39219492144116547]",1.4918621893400541e-15,5.995204332975845e-15,"[0.9344394192815944, 0.9344394192815936, 0.7671026936828974, 0.7671026936828963, 0.565414641187771, 0.5654146411877634, 0.39219492144116547, 0.3921949214411648]"
20,0,directed_cycle_normal,8,"[0.873177028307324, 0.8731770283073229, 0.5884465426555582, 0.5884465426555578, 0.31969371646948885, 0.3196937164694888, 0.15381685640424203, 0.15381685640424203]",1.817990202823694e-15,6.938893903907228e-15,"[0.8731770283073234, 0.8731770283073218, 0.5884465426555571, 0.5884465426555554, 0.3196937164694958, 0.31969371646948724, 0.15381685640424192, 0.15381685640424142]"
20,0,directed_cycle_normal,16,"[0.7624381227636087, 0.7624381227636085, 0.3462693335632799, 0.34626933356327944, 0.10220407235007394, 0.10220407235007381, 0.023659625314083207, 0.023659625314083197]",1.6952585168983347e-15,4.427014310692812e-15,"[0.7624381227636082, 0.7624381227636055, 0.3462693335632783, 0.3462693335632764, 0.10220407235007836, 0.10220407235007292, 0.023659625314083183, 0.023659625314083024]"
20,0,directed_nonnormal,2,"[0.340666578223537, 0.3061824219130014, 0.291810474664, 0.24607201978591947, 0.2297418094242809, 0.22342316598568374, 0.20327516510926452, 0.18806763865611414]",0.024193789897714243,0.04643084608377607,"[0.36873295943395007, 0.34529515084715046, 0.32034876442835364, 0.29250286586969554, 0.25283325769143083, 0.23209679365230942, 0.20958413847964097, 0.2013956625409842]"
20,0,directed_nonnormal,4,"[0.09461363395608473, 0.0767358728997101, 0.06829133220237145, 0.05695164264419414, 0.049116751501837946, 0.03986308150596913, 0.038402724528507265, 0.03517365185836401]",0.023313075587289258,0.042492868298846284,"[0.13596399537291906, 0.11922874119855638, 0.10262333087077281, 0.0855579265419851, 0.06392465619486148, 0.053868921623682696, 0.04392551110225332, 0.04056021289032199]"
20,0,directed_nonnormal,8,"[0.006141341919849507, 0.005008230155682136, 0.0031793345145211963, 0.003085487423391944, 0.0029290818723290723, 0.0017748910796371194, 0.0015289008885735805, 0.0013526172129081136]",0.004514540789209348,0.012344866117917647,"[0.018486208037767154, 0.014215492727792333, 0.010531548039012113, 0.007320158794163719, 0.004086361669631242, 0.0029018607168984694, 0.0019294505255941796, 0.001645130869708242]"
20,0,directed_nonnormal,16,"[1.7216180985061006e-05, 1.6004121789355007e-05, 1.3668457957845559e-05, 9.382007105466378e-06, 8.389529091548506e-06, 6.547409782599873e-06, 2.0187720603631026e-06, 1.7886931628363511e-06]",8.310644503359159e-05,0.0003245237066305459,"[0.0003417398876156069, 0.00020208023349391674, 0.00011091350409801988, 5.358472477177244e-05, 1.669835169503143e-05, 8.420795620278499e-06, 3.722779330715656e-06, 2.7064555784669966e-06]"
20,1,reversible,2,"[0.5336985224786713, 0.5218082806974653, 0.5008464316230389, 0.49665616300149773, 0.47545836791384194, 0.4727738264212042, 0.4554573212164874, 0.44640728010951675]",1.0408340855860843e-16,2.220446049250313e-16,"[0.5336985224786716, 0.5218082806974654, 0.500846431623039, 0.4966561630014978, 0.475458367913842, 0.4727738264212042, 0.4554573212164875, 0.4464072801095169]"
20,1,reversible,4,"[0.284834112895917, 0.27228388180444485, 0.25084714806953123, 0.2466673442473702, 0.22606065961929428, 0.22351509094894687, 0.20744137144969854, 0.19927945973477673]",1.1102230246251565e-16,2.7755575615628914e-16,"[0.2848341128959171, 0.2722838818044449, 0.2508471480695315, 0.24666734424737036, 0.22606065961929434, 0.2235150909489469, 0.2074413714496987, 0.1992794597347767]"
20,1,reversible,8,"[0.08113047186920407, 0.0741385122904969, 0.06292429169461737, 0.06084477871805064, 0.051103421827510424, 0.04995899588191599, 0.043031922588931765, 0.03971230307218448]",4.85722573273506e-17,1.1102230246251565e-16,"[0.08113047186920402, 0.07413851229049692, 0.06292429169461745, 0.06084477871805071, 0.05110342182751045, 0.049958995881916005, 0.043031922588931876, 0.03971230307218449]"
20,1,reversible,16,"[0.006582153465719702, 0.0054965190046481595, 0.003959466485269287, 0.0037020870972485505, 0.002611559722480471, 0.002495901269529297, 0.001851746361699806, 0.001577067015297028]",7.453889935837843e-18,1.951563910473908e-17,"[0.006582153465719706, 0.005496519004648162, 0.003959466485269303, 0.003702087097248557, 0.002611559722480472, 0.0024959012695293004, 0.0018517463616998255, 0.001577067015297034]"
20,1,metastable_reversible,2,"[0.986909815694736, 0.11059496423338788, 0.08155003143592945, 0.06369874512022361, 0.05813310321777098, 0.05595600225799368, 0.05001267794083762, 0.04989343853242219]",5.204170427930421e-17,1.734723475976807e-16,"[0.9869098156947361, 0.11059496423338792, 0.08155003143592944, 0.06369874512022364, 0.058133103217771154, 0.05595600225799369, 0.050012677940837615, 0.04989343853242222]"
20,1,metastable_reversible,4,"[0.9739909843146182, 0.012231246113784336, 0.006650407627201086, 0.004057530129891206, 0.003379457689727998, 0.0031310741886965672, 0.002501267954813946, 0.0024893552085885726]",4.277177570455315e-17,2.220446049250313e-16,"[0.973990984314618, 0.012231246113784355, 0.006650407627201081, 0.004057530129891214, 0.003379457689728035, 0.0031310741886965946, 0.002501267954813945, 0.0024893552085885947]"
20,1,metastable_reversible,8,"[0.9486584375261585, 0.0001496033814960037, 4.4227921607934406e-05, 1.6463550754971734e-05, 1.1420734276626643e-05, 9.803625575124326e-06, 6.2563413817971755e-06, 6.196889354534112e-06]",2.6974293600905228e-17,1.1102230246251565e-16,"[0.9486584375261584, 0.0001496033814959649, 4.4227921607934304e-05, 1.6463550754975014e-05, 1.1420734276661945e-05, 9.803625575122038e-06, 6.256341381779136e-06, 6.196889354527166e-06]"
20,1,metastable_reversible,16,"[0.8999528310895725, 2.2381171799577472e-08, 1.956109026022732e-09, 2.710485124966511e-10, 1.304331853865575e-10, 9.611107647612296e-11, 3.9141822786790946e-11, 3.8401430295025775e-11]",5.613663228318905e-17,3.3306690738754696e-16,"[0.8999528310895721, 2.238117175502721e-08, 1.956109049757582e-09, 2.710485034616383e-10, 1.3043317141812104e-10, 9.61110744171869e-11, 3.9141807485362076e-11, 3.840143767225212e-11]"
20,1,directed_cycle_normal,2,"[0.9666640674410089, 0.9666640674410087, 0.875843989351356, 0.8758439893513554, 0.7519405835488367, 0.7519405835488361, 0.6262546777798677, 0.6262546777798675]",9.575673587391975e-16,3.885780586188048e-15,"[0.9666640674410084, 0.966664067441008, 0.8758439893513555, 0.8758439893513549, 0.7519405835488406, 0.7519405835488356, 0.6262546777798673, 0.6262546777798668]"
20,1,directed_cycle_normal,4,"[0.9344394192815951, 0.9344394192815944, 0.7671026936828982, 0.7671026936828979, 0.565414641187765, 0.5654146411877646, 0.39219492144116563, 0.39219492144116547]",1.4918621893400541e-15,5.995204332975845e-15,"[0.9344394192815944, 0.9344394192815936, 0.7671026936828974, 0.7671026936828963, 0.565414641187771, 0.5654146411877634, 0.39219492144116547, 0.3921949214411648]"
20,1,directed_cycle_normal,8,"[0.873177028307324, 0.8731770283073229, 0.5884465426555582, 0.5884465426555578, 0.31969371646948885, 0.3196937164694888, 0.15381685640424203, 0.15381685640424203]",1.817990202823694e-15,6.938893903907228e-15,"[0.8731770283073234, 0.8731770283073218, 0.5884465426555571, 0.5884465426555554, 0.3196937164694958, 0.31969371646948724, 0.15381685640424192, 0.15381685640424142]"
20,1,directed_cycle_normal,16,"[0.7624381227636087, 0.7624381227636085, 0.3462693335632799, 0.34626933356327944, 0.10220407235007394, 0.10220407235007381, 0.023659625314083207, 0.023659625314083197]",1.6952585168983347e-15,4.427014310692812e-15,"[0.7624381227636082, 0.7624381227636055, 0.3462693335632783, 0.3462693335632764, 0.10220407235007836, 0.10220407235007292, 0.023659625314083183, 0.023659625314083024]"
20,1,directed_nonnormal,2,"[0.3610177678309034, 0.28850975923819083, 0.2851258988522719, 0.24745538360728506, 0.2337499327126117, 0.20681334655477948, 0.19103336377710056, 0.18969959704054137]",0.020177217060737055,0.03912832100669905,"[0.3766795300037214, 0.31724261894919514, 0.2919932479518137, 0.2777328908819124, 0.2609287277406128, 0.24594166756147853, 0.2041098661460275, 0.1901942368648193]"
20,1,directed_nonnormal,4,"[0.11648206376046605, 0.07895935520516553, 0.06899070041529362, 0.052717765384559044, 0.04530875865587412, 0.03836002463289088, 0.03517620438154566, 0.03211215303147923]",0.017903090957420514,0.025405404563358408,"[0.14188746832382446, 0.10064287927774425, 0.08526005684944937, 0.07713555867762424, 0.06808380096033487, 0.06048730384292082, 0.04166083745814926, 0.036173847736590985]"
20,1,directed_nonnormal,8,"[0.008994300532444207, 0.007278631790828331, 0.0038741166545349977, 0.002969737590529548, 0.0018908558279290245, 0.0014426972292250948, 0.0008752678871114736, 0.0007981402636015815]",0.003336844658013988,0.011137753134900081,"[0.020132053667344288, 0.010128989149314602, 0.007269277293971338, 0.005949894412509213, 0.004635403953206494, 0.0036587139261858243, 0.0017356253777143327, 0.0013085472600700685]"
20,1,directed_nonnormal,16,"[5.587832779820924e-05, 4.2152600552862884e-05, 1.3524058209974302e-05, 1.0535854692563095e-05, 3.4205554428622904e-06, 2.8837791481058994e-06, 6.071579272408353e-07, 5.418102904760324e-07]",6.32741683340995e-05,0.0003494212570666214,"[0.00040529958486483064, 0.00010259642118693294, 5.284239237664725e-05, 3.540124352000835e-05, 2.1486969809402395e-05, 1.3386187593666089e-05, 3.01239545176602e-06, 1.7122959318368836e-06]"
20,2,reversible,2,"[0.5226804557256276, 0.5100173260611082, 0.49736268862319516, 0.4875553538089189, 0.48047335203436914, 0.47653481314538815, 0.4688670890324288, 0.4661298205997599]",1.942890293094024e-16,5.551115123125783e-16,"[0.5226804557256274, 0.5100173260611076, 0.49736268862319505, 0.48755535380891885, 0.48047335203436925, 0.4765348131453879, 0.4688670890324289, 0.4661298205997597]"
20,2,reversible,4,"[0.2731948587975497, 0.26011767288252263, 0.24736964403449338, 0.23771022302774003, 0.2308546420151429, 0.2270854281395101, 0.21983634717774367, 0.21727700965236443]",1.700029006457271e-16,4.440892098500626e-16,"[0.2731948587975495, 0.2601176728825222, 0.24736964403449324, 0.23771022302774003, 0.2308546420151429, 0.2270854281395098, 0.2198363471777436, 0.21727700965236418]"
20,2,reversible,8,"[0.07463543087341318, 0.06766120374581909, 0.06119174078975201, 0.05650615013189794, 0.05329386573993977, 0.05156779167330459, 0.04832801954045347, 0.047209298923473676]",1.0842021724855044e-16,2.7755575615628914e-16,"[0.07463543087341303, 0.06766120374581881, 0.061191740789751904, 0.0565061501318979, 0.05329386573993978, 0.05156779167330447, 0.04832801954045342, 0.04720929892347356]"
20,2,reversible,16,"[0.0055704475416600225, 0.004578038492333236, 0.0037444291408802073, 0.003192945002728578, 0.002840236125506718, 0.0026592371380613367, 0.002335597472702448, 0.002228717904845884]",1.0462550964485118e-17,2.949029909160572e-17,"[0.005570447541660014, 0.004578038492333207, 0.0037444291408801865, 0.003192945002728585, 0.0028402361255067273, 0.0026592371380613302, 0.0023355974727024475, 0.002228717904845882]"
20,2,metastable_reversible,2,"[0.987097467385871, 0.11575881361345704, 0.11265088370494708, 0.10771145037197273, 0.07734176682535468, 0.06953383867981454, 0.04355003235762714, 0.03547582925811897]",8.413408858487514e-17,4.440892098500626e-16,"[0.9870974673858706, 0.11575881361345698, 0.1126508837049471, 0.10771145037197266, 0.07734176682535465, 0.06953383867981451, 0.04355003235762715, 0.03547582925811899]"
20,2,metastable_reversible,4,"[0.9743614101196001, 0.013400102929195088, 0.012690221599505523, 0.01160175654123393, 0.0059817488956675335, 0.004834954721550473, 0.0018966053183503944, 0.0012585344615512364]",5.128276275856436e-17,3.3306690738754696e-16,"[0.9743614101195998, 0.013400102929195076, 0.012690221599505514, 0.011601756541233929, 0.005981748895667531, 0.0048349547215504685, 0.0018966053183503719, 0.0012585344615512113]"
20,2,metastable_reversible,8,"[0.9493801575302558, 0.0001795627585130058, 0.0001610417242445524, 0.0001346007548420615, 3.578131985080388e-05, 2.337678715945119e-05, 3.5971117336020506e-06, 1.5839089909060466e-06]",1.1855168420977754e-16,8.881784197001252e-16,"[0.949380157530255, 0.00017956275851302244, 0.0001610417242445563, 0.00013460075484206425, 3.578131985081972e-05, 2.337678715944317e-05, 3.5971117335949156e-06, 1.5839089909119974e-06]"
20,2,metastable_reversible,16,"[0.9013226835121732, 3.224278424701009e-08, 2.593443696258437e-08, 1.811736319767862e-08, 1.280302845036887e-09, 5.46474188022539e-10, 1.293922123381989e-11, 2.508775121359977e-12]",1.872484587541586e-16,1.4432899320127035e-15,"[0.9013226835121717, 3.224278424480601e-08, 2.593443694765971e-08, 1.8117363204053485e-08, 1.2803028502666653e-09, 5.464741778979069e-10, 1.293921282396622e-11, 2.508767691491862e-12]"
20,2,directed_cycle_normal,2,"[0.9666640674410089, 0.9666640674410087, 0.875843989351356, 0.8758439893513554, 0.7519405835488367, 0.7519405835488361, 0.6262546777798677, 0.6262546777798675]",9.575673587391975e-16,3.885780586188048e-15,"[0.9666640674410084, 0.966664067441008, 0.8758439893513555, 0.8758439893513549, 0.7519405835488406, 0.7519405835488356, 0.6262546777798673, 0.6262546777798668]"
20,2,directed_cycle_normal,4,"[0.9344394192815951, 0.9344394192815944, 0.7671026936828982, 0.7671026936828979, 0.565414641187765, 0.5654146411877646, 0.39219492144116563, 0.39219492144116547]",1.4918621893400541e-15,5.995204332975845e-15,"[0.9344394192815944, 0.9344394192815936, 0.7671026936828974, 0.7671026936828963, 0.565414641187771, 0.5654146411877634, 0.39219492144116547, 0.3921949214411648]"
20,2,directed_cycle_normal,8,"[0.873177028307324, 0.8731770283073229, 0.5884465426555582, 0.5884465426555578, 0.31969371646948885, 0.3196937164694888, 0.15381685640424203, 0.15381685640424203]",1.817990202823694e-15,6.938893903907228e-15,"[0.8731770283073234, 0.8731770283073218, 0.5884465426555571, 0.5884465426555554, 0.3196937164694958, 0.31969371646948724, 0.15381685640424192, 0.15381685640424142]"
20,2,directed_cycle_normal,16,"[0.7624381227636087, 0.7624381227636085, 0.3462693335632799, 0.34626933356327944, 0.10220407235007394, 0.10220407235007381, 0.023659625314083207, 0.023659625314083197]",1.6952585168983347e-15,4.427014310692812e-15,"[0.7624381227636082, 0.7624381227636055, 0.3462693335632783, 0.3462693335632764, 0.10220407235007836, 0.10220407235007292, 0.023659625314083183, 0.023659625314083024]"
20,2,directed_nonnormal,2,"[0.3392860740163713, 0.31376775981509103, 0.2642663354873362, 0.23989080174899224, 0.23595491668660393, 0.2089890798738604, 0.18148677324509024, 0.17739465645520638]",0.01727577634470315,0.02340701955655977,"[0.3597874975961502, 0.33613602259988457, 0.28767335504389596, 0.2582351907126775, 0.2548392801866199, 0.21808760119380835, 0.19952474051603075, 0.18495892023710972]"
20,2,directed_nonnormal,4,"[0.0943400088782914, 0.08668311526742434, 0.05929870887425069, 0.05444029071322002, 0.048843681857849666, 0.04245614600502916, 0.03289113378742175, 0.028935006882349578]",0.016314116818541086,0.03510703454820836,"[0.12944704342649976, 0.11298742568927012, 0.08275595920221143, 0.0666854137224129, 0.06494305872603456, 0.0475622017944696, 0.0398101220779894, 0.03420980217527751]"
20,2,directed_nonnormal,8,"[0.006778416646718058, 0.005168898983388261, 0.0030556463983020424, 0.002432503009761036, 0.0021901669188822163, 0.0016886329288975557, 0.001120135139406525, 0.0010305927271042955]",0.0033235145188831223,0.009978120405144059,"[0.016756537051862117, 0.012766158363888334, 0.006848548783478082, 0.004446944403329375, 0.004217600876693173, 0.002262163039537847, 0.0015848458198644193, 0.001170310564871622]"
20,2,directed_nonnormal,16,"[2.498701835826075e-05, 1.904063638247435e-05, 8.563819636605504e-06, 6.0419233542390474e-06, 4.164517492210579e-06, 3.667331039577029e-06, 1.4318782491969057e-06, 1.3135513521758283e-06]",5.850131178838396e-05,0.0002557945156121672,"[0.00028078153397042795, 0.0001629747993718761, 4.690262043967912e-05, 1.977531452630245e-05, 1.7788157155083024e-05, 5.117381617451112e-06, 2.5117362727417233e-06, 1.3696268182501355e-06]"
20,3,reversible,2,"[0.5139126753175344, 0.510028338181068, 0.49122657844623496, 0.48254289705579806, 0.4758837753786978, 0.4642757525067084, 0.45373858476982337, 0.4498258748610646]",2.706168622523819e-16,5.551115123125783e-16,"[0.5139126753175338, 0.5100283381810676, 0.4912265784462346, 0.4825428970557979, 0.4758837753786975, 0.46427575250670816, 0.45373858476982315, 0.4498258748610646]"
20,3,reversible,4,"[0.2641062378520253, 0.2601289057477418, 0.24130355137199497, 0.23284764749900255, 0.22646536766868272, 0.21555197436567017, 0.20587870330892205, 0.20234331769452213]",1.700029006457271e-16,3.885780586188048e-16,"[0.2641062378520249, 0.2601289057477415, 0.24130355137199466, 0.23284764749900236, 0.22646536766868264, 0.21555197436567014, 0.205878703308922, 0.20234331769452216]"
20,3,reversible,8,"[0.06975210487235058, 0.06766704760551752, 0.058227403904737025, 0.05421802694581976, 0.051286562753311636, 0.04646265365293857, 0.0423860404761632, 0.0409428182156263]",9.974659986866641e-17,2.0816681711721685e-16,"[0.06975210487235037, 0.06766704760551738, 0.05822740390473686, 0.054218026945819654, 0.05128656275331161, 0.046462653652938515, 0.04238604047616313, 0.04094281821562633]"
20,3,reversible,16,"[0.004865356134123395, 0.004578829331647384, 0.003390430565485392, 0.0029395944458976385, 0.00263031151904938, 0.002158778184472926, 0.0017965764272469369, 0.0016763143634378238]",1.4446993948369347e-17,3.0357660829594124e-17,"[0.004865356134123365, 0.004578829331647356, 0.0033904305654853654, 0.0029395944458976263, 0.0026303115190493697, 0.002158778184472921, 0.0017965764272469395, 0.0016763143634378232]"
20,3,metastable_reversible,2,"[0.9869718096477889, 0.1496962097025865, 0.13335344145538308, 0.10553355389334264, 0.07056324566911357, 0.06845350397504367, 0.05160319114419545, 0.04525072470626632]",2.194425197110661e-16,1.3322676295501878e-15,"[0.9869718096477875, 0.14969620970258665, 0.1333534414553831, 0.10553355389334254, 0.07056324566911358, 0.0684535039750436, 0.05160319114419537, 0.04525072470626632]"
20,3,metastable_reversible,4,"[0.9741133530394306, 0.02240895519932075, 0.017783140347994348, 0.011137330997359033, 0.004979171639359642, 0.004685882206461339, 0.002662889336264376, 0.002047628086442328]",2.7603787311480943e-16,1.9984014443252818e-15,"[0.9741133530394286, 0.022408955199320794, 0.01778314034799429, 0.011137330997359036, 0.004979171639359676, 0.0046858822064613104, 0.0026628893362643635, 0.0020476280864423014]"
20,3,metastable_reversible,8,"[0.9488968245697226, 0.0005021612731251781, 0.00031624008063647305, 0.0001240401417447208, 2.4792150214183268e-05, 2.1957492052821628e-05, 7.0909796171990456e-06, 4.19278078038772e-06]",5.366442882383032e-16,4.218847493575595e-15,"[0.9488968245697184, 0.0005021612731251665, 0.0003162400806364625, 0.00012404014174473442, 2.4792150214203732e-05, 2.195749205283072e-05, 7.090979617190462e-06, 4.192780780387361e-06]"
20,3,metastable_reversible,16,"[0.9004051836785029, 2.5216594422431266e-07, 1.000077885683446e-07, 1.538595675941764e-08, 6.146507207643087e-10, 4.821314318164707e-10, 5.0281983086549866e-11, 1.7579417348187754e-11]",1.010337993640635e-15,7.993605777301127e-15,"[0.9004051836784949, 2.52165944226688e-07, 1.0000778860095629e-07, 1.5385956764053803e-08, 6.146507122436421e-10, 4.821314572501242e-10, 5.0281991931410584e-11, 1.757941067238565e-11]"
20,3,directed_cycle_normal,2,"[0.9666640674410089, 0.9666640674410087, 0.875843989351356, 0.8758439893513554, 0.7519405835488367, 0.7519405835488361, 0.6262546777798677, 0.6262546777798675]",9.575673587391975e-16,3.885780586188048e-15,"[0.9666640674410084, 0.966664067441008, 0.8758439893513555, 0.8758439893513549, 0.7519405835488406, 0.7519405835488356, 0.6262546777798673, 0.6262546777798668]"
20,3,directed_cycle_normal,4,"[0.9344394192815951, 0.9344394192815944, 0.7671026936828982, 0.7671026936828979, 0.565414641187765, 0.5654146411877646, 0.39219492144116563, 0.39219492144116547]",1.4918621893400541e-15,5.995204332975845e-15,"[0.9344394192815944, 0.9344394192815936, 0.7671026936828974, 0.7671026936828963, 0.565414641187771, 0.5654146411877634, 0.39219492144116547, 0.3921949214411648]"
20,3,directed_cycle_normal,8,"[0.873177028307324, 0.8731770283073229, 0.5884465426555582, 0.5884465426555578, 0.31969371646948885, 0.3196937164694888, 0.15381685640424203, 0.15381685640424203]",1.817990202823694e-15,6.938893903907228e-15,"[0.8731770283073234, 0.8731770283073218, 0.5884465426555571, 0.5884465426555554, 0.3196937164694958, 0.31969371646948724, 0.15381685640424192, 0.15381685640424142]"
20,3,directed_cycle_normal,16,"[0.7624381227636087, 0.7624381227636085, 0.3462693335632799, 0.34626933356327944, 0.10220407235007394, 0.10220407235007381, 0.023659625314083207, 0.023659625314083197]",1.6952585168983347e-15,4.427014310692812e-15,"[0.7624381227636082, 0.7624381227636055, 0.3462693335632783, 0.3462693335632764, 0.10220407235007836, 0.10220407235007292, 0.023659625314083183, 0.023659625314083024]"
20,3,directed_nonnormal,2,"[0.31034079962317646, 0.27406622318163615, 0.2539917848815137, 0.2415717136174672, 0.21355432497637, 0.2006845262466598, 0.18068114159404383, 0.16461109569308324]",0.025418359999725873,0.07198292959208491,"[0.38232372921526137, 0.30060858883715735, 0.2660889264372242, 0.2558209273955238, 0.24489350286992928, 0.22816387819249548, 0.19293499850258475, 0.17201393836158113]"
20,3,directed_nonnormal,4,"[0.07990136283256992, 0.07257692969357807, 0.06398326264796707, 0.0530427278882952, 0.0406048858715891, 0.03426173661145122, 0.029935673613583284, 0.02747477789118766]",0.018730944489641087,0.0662700710884946,"[0.14617143392106452, 0.09036552368266713, 0.07080331677251452, 0.06544434689350587, 0.05997282774790406, 0.05205875531183991, 0.03722391364719237, 0.029588794990661832]"
20,3,directed_nonnormal,8,"[0.004867957915651137, 0.004664369257007759, 0.003659257786791834, 0.0029840595346467672, 0.0015325819320048365, 0.0012369774827267288, 0.00088177143030145, 0.0007378714974154425]",0.0033539014929567824,0.01649813017888899,"[0.021366088094540128, 0.008165927870442676, 0.0050131096659890365, 0.004282962540317531, 0.0035967400680797707, 0.0027101140046180204, 0.0013856197472136348, 0.0008754967889994148]"
20,3,directed_nonnormal,16,"[1.5510344825037934e-05, 1.3507967622018038e-05, 1.1060579870442637e-05, 1.0412758746454881e-05, 2.145618430143233e-06, 1.8543786562974778e-06, 9.024243685605703e-07, 8.115408911565088e-07]",6.66899134947246e-05,0.0004409993756386115,"[0.0004565097204636494, 6.668237798527246e-05, 2.5131268523232706e-05, 1.8343768121763193e-05, 1.2936539117330474e-05, 7.344717918026724e-06, 1.919942083868377e-06, 7.664946275482857e-07]"
20,4,reversible,2,"[0.5360179312413698, 0.5238648185271843, 0.5142794050816052, 0.49502126259734464, 0.4852414694835155, 0.47868002053689596, 0.4720847769231704, 0.46039576582132086]",1.0408340855860843e-16,2.220446049250313e-16,"[0.5360179312413699, 0.5238648185271843, 0.514279405081605, 0.49502126259734475, 0.4852414694835156, 0.47868002053689596, 0.4720847769231702, 0.4603957658213208]"
20,4,reversible,4,"[0.2873152226122779, 0.27443434809051964, 0.2644833064910895, 0.24504605042346925, 0.2354592837065216, 0.22913456206120308, 0.22286403660259957, 0.21196426118620054]",6.938893903907228e-17,1.942890293094024e-16,"[0.2873152226122779, 0.27443434809051975, 0.26448330649108953, 0.24504605042346933, 0.2354592837065216, 0.22913456206120314, 0.22286403660259937, 0.2119642611862005]"
20,4,reversible,8,"[0.08255003714474281, 0.07531421141186849, 0.06995141941245964, 0.06004756682814141, 0.05544107428358825, 0.05250264753097933, 0.04966837881080483, 0.04492884802021182]",3.8163916471489756e-17,8.326672684688674e-17,"[0.08255003714474278, 0.07531421141186855, 0.0699514194124596, 0.060047566828141476, 0.055441074283588236, 0.05250264753097935, 0.04966837881080475, 0.04492884802021182]"
20,4,reversible,16,"[0.006814508632598426, 0.005672230440591627, 0.004893201077817845, 0.003605710281980102, 0.0030737127177183454, 0.0027565279977622426, 0.002466947853693611, 0.002018601384423275]",1.1275702593849246e-17,1.6479873021779667e-17,"[0.006814508632598413, 0.005672230440591631, 0.004893201077817829, 0.0036057102819801166, 0.003073712717718349, 0.002756527997762252, 0.002466947853693598, 0.0020186013844232915]"
20,4,metastable_reversible,2,"[0.986949813430293, 0.10608385137624735, 0.10287548412701794, 0.08499748652598135, 0.07601555209620312, 0.06847182000525909, 0.06325071461481725, 0.04828362343674029]",5.0306980803327406e-17,1.1102230246251565e-16,"[0.9869498134302931, 0.10608385137624737, 0.10287548412701787, 0.08499748652598135, 0.07601555209620312, 0.06847182000525898, 0.06325071461481718, 0.048283623436740274]"
20,4,metastable_reversible,4,"[0.9740699342300898, 0.011253783522817726, 0.010583365234368307, 0.007224572715734373, 0.005778364160490566, 0.004688390134832575, 0.0040006528992850435, 0.00233130829218097]",7.909254848281755e-17,5.551115123125783e-16,"[0.9740699342300904, 0.011253783522817742, 0.010583365234368307, 0.007224572715734383, 0.00577836416049057, 0.004688390134832583, 0.004000652899285049, 0.002331308292180934]"
20,4,metastable_reversible,8,"[0.9488122367710116, 0.0001266476435784638, 0.0001120076196840224, 5.219445092492415e-05, 3.338949237124586e-05, 2.198100205641979e-05, 1.600522362054695e-05, 5.434998353177457e-06]",1.3688550059486005e-16,9.992007221626409e-16,"[0.9488122367710126, 0.00012664764357844409, 0.00011200761968403573, 5.2194450924933666e-05, 3.3389492371241884e-05, 2.1981002056395485e-05, 1.6005223620557865e-05, 5.434998353191584e-06]"
20,4,metastable_reversible,16,"[0.9002446606464105, 1.6039625620598015e-08, 1.2545706882603816e-08, 2.724260700160535e-09, 1.1148582105549688e-09, 4.831644705970133e-10, 2.5616719623374756e-10, 2.953923546919675e-11]",1.9244733968498722e-16,1.4432899320127035e-15,"[0.900244660646412, 1.6039625623972614e-08, 1.2545706867283589e-08, 2.724260707355309e-09, 1.1148582008092199e-09, 4.831644514032625e-10, 2.5616718314406347e-10, 2.953920709919524e-11]"
20,4,directed_cycle_normal,2,"[0.9666640674410089, 0.9666640674410087, 0.875843989351356, 0.8758439893513554, 0.7519405835488367, 0.7519405835488361, 0.6262546777798677, 0.6262546777798675]",9.575673587391975e-16,3.885780586188048e-15,"[0.9666640674410084, 0.966664067441008, 0.8758439893513555, 0.8758439893513549, 0.7519405835488406, 0.7519405835488356, 0.6262546777798673, 0.6262546777798668]"
20,4,directed_cycle_normal,4,"[0.9344394192815951, 0.9344394192815944, 0.7671026936828982, 0.7671026936828979, 0.565414641187765, 0.5654146411877646, 0.39219492144116563, 0.39219492144116547]",1.4918621893400541e-15,5.995204332975845e-15,"[0.9344394192815944, 0.9344394192815936, 0.7671026936828974, 0.7671026936828963, 0.565414641187771, 0.5654146411877634, 0.39219492144116547, 0.3921949214411648]"
20,4,directed_cycle_normal,8,"[0.873177028307324, 0.8731770283073229, 0.5884465426555582, 0.5884465426555578, 0.31969371646948885, 0.3196937164694888, 0.15381685640424203, 0.15381685640424203]",1.817990202823694e-15,6.938893903907228e-15,"[0.8731770283073234, 0.8731770283073218, 0.5884465426555571, 0.5884465426555554, 0.3196937164694958, 0.31969371646948724, 0.15381685640424192, 0.15381685640424142]"
20,4,directed_cycle_normal,16,"[0.7624381227636087, 0.7624381227636085, 0.3462693335632799, 0.34626933356327944, 0.10220407235007394, 0.10220407235007381, 0.023659625314083207, 0.023659625314083197]",1.6952585168983347e-15,4.427014310692812e-15,"[0.7624381227636082, 0.7624381227636055, 0.3462693335632783, 0.3462693335632764, 0.10220407235007836, 0.10220407235007292, 0.023659625314083183, 0.023659625314083024]"
20,4,directed_nonnormal,2,"[0.3299962513763738, 0.30691758965873495, 0.2504198357498522, 0.24203461823615152, 0.23260530504407578, 0.22529541269934433, 0.20246220275926688, 0.18570969119746986]",0.0188205975481601,0.054859443458837864,"[0.3597220885057639, 0.3297047421673216, 0.3052792792086901, 0.25564780865082415, 0.2458446989384891, 0.2266598373958015, 0.21424619307024814, 0.18890103916941162]"
20,4,directed_nonnormal,4,"[0.09302074403011132, 0.07363111577787101, 0.059098553972711174, 0.05487078845521544, 0.05048622558188825, 0.04220946091365514, 0.04144315020204735, 0.03586461663268884]",0.017474142822270194,0.03637923692883735,"[0.12939998095894867, 0.10870521700762, 0.09319543831417734, 0.06535580206796841, 0.06043961599615633, 0.05137468188829118, 0.04590143124509404, 0.03568360259928358]"
20,4,directed_nonnormal,8,"[0.006032647965333204, 0.004858626232836752, 0.0031507141700789403, 0.002950340516352881, 0.0021176819624737467, 0.0018815917410616378, 0.0017663583539521373, 0.001534131651957304]",0.003427505948750948,0.010711707106843073,"[0.016744355072176278, 0.011816824204673757, 0.008685389722571634, 0.004271380863947464, 0.0036529471817628367, 0.002639357939123114, 0.0021069413903480956, 0.001273319494463598]"
20,4,directed_nonnormal,16,"[2.2060255704667258e-05, 1.748652010115257e-05, 8.63648845126546e-06, 8.032921014625021e-06, 5.408709131690981e-06, 4.876574644013854e-06, 3.3968844085035893e-06, 2.9288122521448373e-06]",5.873125023903711e-05,0.00025831317107844826,"[0.0002803734267831155, 0.00013963733428416357, 7.543599463295298e-05, 1.8244694484896583e-05, 1.3344023112749051e-05, 6.966210330812211e-06, 4.439202022361967e-06, 1.6213425349810333e-06]"
20,5,reversible,2,"[0.5398416490540301, 0.5275888871219909, 0.5216855863748807, 0.5097812896720684, 0.5019146235164997, 0.49066446370485445, 0.4835714527932822, 0.47188099831340474]",9.71445146547012e-17,2.220446049250313e-16,"[0.53984164905403, 0.5275888871219911, 0.5216855863748807, 0.5097812896720684, 0.5019146235164996, 0.4906644637048545, 0.48357145279328234, 0.47188099831340463]"
20,5,reversible,4,"[0.2914290060533743, 0.27835003381462076, 0.2721558510313031, 0.2598769632997174, 0.2519182892997098, 0.2407516159427724, 0.23384134995660566, 0.2226716765692555]",1.249000902703301e-16,3.885780586188048e-16,"[0.2914290060533744, 0.27835003381462115, 0.27215585103130313, 0.2598769632997173, 0.2519182892997096, 0.2407516159427725, 0.2338413499566057, 0.2226716765692554]"
20,5,reversible,8,"[0.08493086556925779, 0.0774787413246005, 0.07406880725057284, 0.06753603605388259, 0.06346282448369225, 0.05796134057905616, 0.05468177694952768, 0.04958267554616313]",7.112366251504909e-17,2.3592239273284576e-16,"[0.08493086556925775, 0.07747874132460074, 0.07406880725057285, 0.06753603605388261, 0.06346282448369217, 0.05796134057905623, 0.05468177694952773, 0.04958267554616308]"
20,5,reversible,16,"[0.0072132519263433505, 0.006002955357244362, 0.005486188207522517, 0.004561116165871331, 0.004027530091447928, 0.0033595170017213212, 0.002990096730357886, 0.002458441714316069]",1.5016200088924236e-17,3.209238430557093e-17,"[0.007213251926343331, 0.006002955357244394, 0.0054861882075225125, 0.004561116165871333, 0.004027530091447919, 0.00335951700172135, 0.002990096730357902, 0.0024584417143160785]"
20,5,metastable_reversible,2,"[0.9866283918622133, 0.12343470575993619, 0.11248738456564343, 0.07934477668405196, 0.07774221959395285, 0.06515077081441582, 0.05524277663619245, 0.04374944300587368]",1.6219664500383146e-16,8.881784197001252e-16,"[0.9866283918622124, 0.12343470575993623, 0.11248738456564343, 0.07934477668405195, 0.07774221959395283, 0.06515077081441567, 0.05524277663619258, 0.04374944300587362]"
20,5,metastable_reversible,4,"[0.9734355836286169, 0.015236126586042035, 0.012653411686418979, 0.006295593587042042, 0.006043852707394387, 0.004244622937712555, 0.003051764370476273, 0.0019140137633241903]",1.9423481920077812e-16,1.4432899320127035e-15,"[0.9734355836286155, 0.015236126586042035, 0.012653411686418956, 0.0062955935870420724, 0.006043852707394383, 0.004244622937712516, 0.003051764370476264, 0.0019140137633241842]"
20,5,metastable_reversible,8,"[0.9475768354743859, 0.00023213955334591612, 0.0001601088273060037, 3.96344986132353e-05, 3.652815554867679e-05, 1.801682388339428e-05, 9.313265772901198e-06, 3.663448686189654e-06]",3.458085063757382e-16,2.6645352591003757e-15,"[0.9475768354743832, 0.00023213955334589693, 0.0001601088273060038, 3.963449861320527e-05, 3.652815554867842e-05, 1.8016823883355227e-05, 9.31326577290839e-06, 3.6634486861944065e-06]"
20,5,metastable_reversible,16,"[0.8979018591276514, 5.388877224412181e-08, 2.5634836594470667e-08, 1.5708934742757182e-09, 1.3343061524451462e-09, 3.2460591781193383e-10, 8.673691521374313e-11, 1.342087708650749e-11]",6.496710480691114e-16,5.10702591327572e-15,"[0.8979018591276463, 5.388877222763253e-08, 2.5634836581303748e-08, 1.5708934803201703e-09, 1.3343061477884461e-09, 3.246059428438394e-10, 8.67369193568269e-11, 1.3420856276379522e-11]"
20,5,directed_cycle_normal,2,"[0.9666640674410089, 0.9666640674410087, 0.875843989351356, 0.8758439893513554, 0.7519405835488367, 0.7519405835488361, 0.6262546777798677, 0.6262546777798675]",9.575673587391975e-16,3.885780586188048e-15,"[0.9666640674410084, 0.966664067441008, 0.8758439893513555, 0.8758439893513549, 0.7519405835488406, 0.7519405835488356, 0.6262546777798673, 0.6262546777798668]"
20,5,directed_cycle_normal,4,"[0.9344394192815951, 0.9344394192815944, 0.7671026936828982, 0.7671026936828979, 0.565414641187765, 0.5654146411877646, 0.39219492144116563, 0.39219492144116547]",1.4918621893400541e-15,5.995204332975845e-15,"[0.9344394192815944, 0.9344394192815936, 0.7671026936828974, 0.7671026936828963, 0.565414641187771, 0.5654146411877634, 0.39219492144116547, 0.3921949214411648]"
20,5,directed_cycle_normal,8,"[0.873177028307324, 0.8731770283073229, 0.5884465426555582, 0.5884465426555578, 0.31969371646948885, 0.3196937164694888, 0.15381685640424203, 0.15381685640424203]",1.817990202823694e-15,6.938893903907228e-15,"[0.8731770283073234, 0.8731770283073218, 0.5884465426555571, 0.5884465426555554, 0.3196937164694958, 0.31969371646948724, 0.15381685640424192, 0.15381685640424142]"
20,5,directed_cycle_normal,16,"[0.7624381227636087, 0.7624381227636085, 0.3462693335632799, 0.34626933356327944, 0.10220407235007394, 0.10220407235007381, 0.023659625314083207, 0.023659625314083197]",1.6952585168983347e-15,4.427014310692812e-15,"[0.7624381227636082, 0.7624381227636055, 0.3462693335632783, 0.3462693335632764, 0.10220407235007836, 0.10220407235007292, 0.023659625314083183, 0.023659625314083024]"
20,5,directed_nonnormal,2,"[0.2895077740111152, 0.2553406403772675, 0.2261217359267623, 0.21280047198046959, 0.2077075028370235, 0.20085555915839665, 0.18339015681802173, 0.16767118888845828]",0.022352798549854194,0.030097593015739776,"[0.3092019333160628, 0.2854382333930073, 0.2546260121540355, 0.23836057851720452, 0.22709206796080544, 0.22024320838726344, 0.20224462476703292, 0.18501075990093635]"
20,5,directed_nonnormal,4,"[0.07323187748612493, 0.05175337656148337, 0.046220130366943835, 0.041381284515858846, 0.03777330042764212, 0.034821618942037245, 0.02926799379881887, 0.027244774748664536]",0.016530797869446508,0.02972160852103751,"[0.09560583556639098, 0.08147498508252088, 0.06483440606546705, 0.05681576539105642, 0.05157080733071508, 0.04850707084071555, 0.040902888247157945, 0.03422898127912192]"
20,5,directed_nonnormal,8,"[0.003931215231081471, 0.0025370022986719253, 0.001902019188177678, 0.0017005635040273582, 0.0010199275608127106, 0.0009161272245544358, 0.0007980704405914858, 0.0007691374209113726]",0.002186658880400461,0.005209260563266317,"[0.009140475794347788, 0.006638173194197, 0.00420350020986187, 0.003228031196971564, 0.0026595481687417357, 0.0023529359215461966, 0.0016730462669594913, 0.0011716231594064786]"
20,5,directed_nonnormal,16,"[8.258819139949807e-06, 6.3174013677708985e-06, 3.1078641267935306e-06, 2.999788113681043e-06, 1.185092373551526e-06, 1.0324964818085748e-06, 4.73204243745618e-07, 4.515428140414925e-07]",1.858229005207576e-05,7.528947860710802e-05,"[8.354829774705784e-05, 4.40653433561556e-05, 1.7669414014308784e-05, 1.042018540862167e-05, 7.07319646185752e-06, 5.53630745090245e-06, 2.7990838113870897e-06, 1.372700827657619e-06]"
20,6,reversible,2,"[0.5362088989310215, 0.5151746603331709, 0.5060362933834086, 0.4956948005083084, 0.47496090000976826, 0.46872392554938164, 0.4638586286911673, 0.45351468812798673]",3.0531133177191805e-16,4.440892098500626e-16,"[0.5362088989310212, 0.5151746603331707, 0.5060362933834084, 0.495694800508308, 0.4749609000097678, 0.46872392554938125, 0.4638586286911671, 0.45351468812798645]"
20,6,reversible,4,"[0.2875199832928183, 0.2654049306493981, 0.2560727302212191, 0.24571333525097155, 0.225587856538089, 0.21970211838242232, 0.2151648274112503, 0.205675572347825]",2.393918396847994e-16,4.163336342344337e-16,"[0.28751998329281814, 0.26540493064939785, 0.256072730221219, 0.24571333525097128, 0.22558785653808866, 0.2197021183824219, 0.21516482741125006, 0.20567557234782483]"
20,6,reversible,8,"[0.08266774079270252, 0.0704397772130119, 0.06557324316294931, 0.06037504312015638, 0.05088988101744937, 0.04826902082172385, 0.046295902954913086, 0.042302441060605336]",1.1015494072452725e-16,1.942890293094024e-16,"[0.08266774079270241, 0.0704397772130117, 0.0655732431629492, 0.06037504312015621, 0.05088988101744927, 0.04826902082172373, 0.04629590295491303, 0.04230244106060533]"
20,6,reversible,16,"[0.0068339553677694755, 0.004961762213818743, 0.004299850218907272, 0.0036451458317607608, 0.00258977998997015, 0.0023298983710880253, 0.002143310630410727, 0.0017894965196860008]",1.9949319973733282e-17,4.2500725161431774e-17,"[0.006833955367769433, 0.004961762213818722, 0.004299850218907264, 0.0036451458317607213, 0.002589779989970143, 0.002329898371087999, 0.0021433106304107248, 0.0017894965196859874]"
20,6,metastable_reversible,2,"[0.9864204465034639, 0.12012593825919687, 0.08783975498830594, 0.08637537280560471, 0.0579267593227789, 0.04385106948086785, 0.039884214830610276, 0.03379460462297915]",7.632783294297951e-17,3.3306690738754696e-16,"[0.9864204465034643, 0.1201259382591968, 0.0878397549883059, 0.08637537280560473, 0.057926759322778985, 0.04385106948086785, 0.03988421483061033, 0.03379460462297917]"
20,6,metastable_reversible,4,"[0.9730252972800931, 0.014430241042652385, 0.0077158225564056306, 0.007460705027307176, 0.0033555094456391554, 0.0019229162946159135, 0.0015907505926542843, 0.0011420753016234911]",1.0945020931241167e-16,7.771561172376096e-16,"[0.9730252972800939, 0.014430241042652362, 0.0077158225564056115, 0.0074607050273072, 0.003355509445639162, 0.0019229162946159, 0.001590750592654277, 0.001142075301623485]"
20,6,metastable_reversible,8,"[0.9467782291470135, 0.0002082318565490458, 5.9533917721990483e-05, 5.5662119504492846e-05, 1.1259443639760768e-05, 3.6976070760786104e-06, 2.53048744802476e-06, 1.304335994572428e-06]",2.0759551986407343e-16,1.5543122344752192e-15,"[0.946778229147015, 0.00020823185654904875, 5.953391772193763e-05, 5.5662119504486924e-05, 1.1259443639773636e-05, 3.697607076099343e-06, 2.5304874480299332e-06, 1.3043359945783743e-06]"
20,6,metastable_reversible,16,"[0.896389015186755, 4.336050607424394e-08, 3.5442873022284386e-09, 3.0982715761083827e-09, 1.2677506096982384e-10, 1.3672311196705476e-11, 6.403352274876118e-12, 1.7013076740909938e-12]",3.513221919009244e-16,2.6645352591003757e-15,"[0.8963890151867576, 4.336050608186362e-08, 3.5442873593224388e-09, 3.0982715477317835e-09, 1.26775071077239e-10, 1.367229808921993e-11, 6.403366724637044e-12, 1.7012923867527571e-12]"
20,6,directed_cycle_normal,2,"[0.9666640674410089, 0.9666640674410087, 0.875843989351356, 0.8758439893513554, 0.7519405835488367, 0.7519405835488361, 0.6262546777798677, 0.6262546777798675]",9.575673587391975e-16,3.885780586188048e-15,"[0.9666640674410084, 0.966664067441008, 0.8758439893513555, 0.8758439893513549, 0.7519405835488406, 0.7519405835488356, 0.6262546777798673, 0.6262546777798668]"
20,6,directed_cycle_normal,4,"[0.9344394192815951, 0.9344394192815944, 0.7671026936828982, 0.7671026936828979, 0.565414641187765, 0.5654146411877646, 0.39219492144116563, 0.39219492144116547]",1.4918621893400541e-15,5.995204332975845e-15,"[0.9344394192815944, 0.9344394192815936, 0.7671026936828974, 0.7671026936828963, 0.565414641187771, 0.5654146411877634, 0.39219492144116547, 0.3921949214411648]"
20,6,directed_cycle_normal,8,"[0.873177028307324, 0.8731770283073229, 0.5884465426555582, 0.5884465426555578, 0.31969371646948885, 0.3196937164694888, 0.15381685640424203, 0.15381685640424203]",1.817990202823694e-15,6.938893903907228e-15,"[0.8731770283073234, 0.8731770283073218, 0.5884465426555571, 0.5884465426555554, 0.3196937164694958, 0.31969371646948724, 0.15381685640424192, 0.15381685640424142]"
20,6,directed_cycle_normal,16,"[0.7624381227636087, 0.7624381227636085, 0.3462693335632799, 0.34626933356327944, 0.10220407235007394, 0.10220407235007381, 0.023659625314083207, 0.023659625314083197]",1.6952585168983347e-15,4.427014310692812e-15,"[0.7624381227636082, 0.7624381227636055, 0.3462693335632783, 0.3462693335632764, 0.10220407235007836, 0.10220407235007292, 0.023659625314083183, 0.023659625314083024]"
20,6,directed_nonnormal,2,"[0.30881087983016253, 0.28486475888982393, 0.25887307007325755, 0.2406846925097155, 0.19198768424455454, 0.1799572521424788, 0.17729133403037456, 0.16332203523340455]",0.026541745213755553,0.03751554274259378,"[0.34274135927968014, 0.3191679858552604, 0.2963886128158513, 0.27508276245509883, 0.2151581151155039, 0.20347133195109704, 0.19357992299199447, 0.17253557819933027]"
20,6,directed_nonnormal,4,"[0.07233516743525309, 0.07010528035908652, 0.05782494684371454, 0.04756904762731979, 0.04214140334692994, 0.03190614284870764, 0.028938701238241594, 0.027068045261643272]",0.019987894169737088,0.04513647192562968,"[0.11747163936088277, 0.1018682031949037, 0.08784620980690461, 0.07567052619992833, 0.04629301450005643, 0.04140058292595352, 0.03747318658558651, 0.029768525744577213]"
20,6,directed_nonnormal,8,"[0.0040638193732459435, 0.003658793187775467, 0.0026285237763820912, 0.0020048954901478004, 0.0017148662060087856, 0.0009017885392637291, 0.0007775602804777144, 0.00071220881150832]",0.0034130878275361633,0.00973576668088736,"[0.013799586054133303, 0.010377130822158187, 0.007716956577438704, 0.0057260285353740396, 0.0021430431915024344, 0.0017140082666087541, 0.0014042397128781804, 0.0008861651250055563]"
20,6,directed_nonnormal,16,"[1.0585295514388511e-05, 7.058195097387072e-06, 3.1635882917589873e-06, 2.5955349851863343e-06, 2.3961299161751896e-06, 1.938183860914988e-06, 6.037581360667683e-07, 5.663401902338254e-07]",4.64791064047681e-05,0.00017984327975104186,"[0.00019042857526543037, 0.00010768484410018547, 5.955141881807448e-05, 3.278740278791777e-05, 4.59263412064494e-06, 2.9378243380031463e-06, 1.9718891712241947e-06, 7.852886287761133e-07]"
20,7,reversible,2,"[0.5287172777317, 0.5211191942289756, 0.49392218337418264, 0.4876052275859571, 0.4848898075540585, 0.47313116220416707, 0.4719998104132189, 0.45418652855482283]",1.3183898417423734e-16,4.440892098500626e-16,"[0.5287172777317, 0.5211191942289751, 0.4939221833741827, 0.4876052275859571, 0.48488980755405875, 0.4731311622041671, 0.4719998104132191, 0.45418652855482294]"
20,7,reversible,4,"[0.2795419597720196, 0.27156521459385663, 0.24395912322911975, 0.23775885796915283, 0.23511812546981203, 0.22385309664866582, 0.22278382103011463, 0.2062854027206809]",1.1102230246251565e-16,2.7755575615628914e-16,"[0.27954195977201957, 0.27156521459385635, 0.24395912322911975, 0.237758857969153, 0.23511812546981212, 0.22385309664866587, 0.22278382103011476, 0.20628540272068102]"
20,7,reversible,8,"[0.07814370727318143, 0.0737476657774074, 0.05951605380672085, 0.05652927454279582, 0.05528053292443829, 0.050110208879196885, 0.04963263091277813, 0.04255366737563348]",5.898059818321144e-17,1.5265566588595902e-16,"[0.07814370727318141, 0.07374766577740725, 0.059516053806720835, 0.056529274542795875, 0.05528053292443831, 0.05011020887919695, 0.049632630912778204, 0.042553667375633555]"
20,7,reversible,16,"[0.006106438986396669, 0.005438718207616171, 0.0035421606607244855, 0.003195558880334774, 0.0030559373204099064, 0.002511033033916744, 0.002463398051324056, 0.00181081460711606]",5.7462715141731735e-18,1.5612511283791264e-17,"[0.006106438986396665, 0.005438718207616165, 0.00354216066072449, 0.0031955588803347897, 0.0030559373204099077, 0.0025110330339167485, 0.0024633980513240664, 0.0018108146071160595]"
20,7,metastable_reversible,2,"[0.9864163079796249, 0.1365552974029744, 0.0779909943687393, 0.0764673360854013, 0.06867805421786213, 0.062372865392749305, 0.054926665854374494, 0.0400432664728342]",1.1102230246251565e-16,5.551115123125783e-16,"[0.9864163079796243, 0.13655529740297456, 0.07799099436873924, 0.07646733608540134, 0.06867805421786215, 0.06237286539274927, 0.054926665854374494, 0.040043266472834224]"
20,7,metastable_reversible,4,"[0.9730171326481538, 0.018647349248814792, 0.006082595202624743, 0.005847253487997741, 0.004716675131151615, 0.0038903743373020177, 0.003016938621878099, 0.0016034631898144108]",9.554531645028508e-17,6.661338147750939e-16,"[0.9730171326481531, 0.01864734924881483, 0.006082595202624717, 0.005847253487997722, 0.004716675131151612, 0.003890374337302019, 0.003016938621878109, 0.0016034631898144097]"
20,7,metastable_reversible,8,"[0.9467623404268353, 0.00034772363400728095, 3.699796439899522e-05, 3.419037335293119e-05, 2.2247024292791278e-05, 1.513501248435402e-05, 9.101918648177322e-06, 2.57109420108276e-06]",2.201443923869847e-16,1.6653345369377348e-15,"[0.9467623404268336, 0.000347723634007275, 3.699796439899322e-05, 3.419037335290153e-05, 2.224702429282408e-05, 1.5135012484338124e-05, 9.101918648179784e-06, 2.5710942010898014e-06]"
20,7,metastable_reversible,16,"[0.8963589292504988, 1.2091172564192252e-07, 1.3688493563493045e-09, 1.1689816007555014e-09, 4.94930076074119e-10, 2.290686299079955e-10, 8.284492660737766e-11, 6.610533745072132e-12]",4.0115053180638707e-16,3.1086244689504383e-15,"[0.8963589292504957, 1.2091172564722534e-07, 1.3688493696691697e-09, 1.168981630010799e-09, 4.949300898855046e-10, 2.290686029010709e-10, 8.28449230780829e-11, 6.610525390877604e-12]"
20,7,directed_cycle_normal,2,"[0.9666640674410089, 0.9666640674410087, 0.875843989351356, 0.8758439893513554, 0.7519405835488367, 0.7519405835488361, 0.6262546777798677, 0.6262546777798675]",9.575673587391975e-16,3.885780586188048e-15,"[0.9666640674410084, 0.966664067441008, 0.8758439893513555, 0.8758439893513549, 0.7519405835488406, 0.7519405835488356, 0.6262546777798673, 0.6262546777798668]"
20,7,directed_cycle_normal,4,"[0.9344394192815951, 0.9344394192815944, 0.7671026936828982, 0.7671026936828979, 0.565414641187765, 0.5654146411877646, 0.39219492144116563, 0.39219492144116547]",1.4918621893400541e-15,5.995204332975845e-15,"[0.9344394192815944, 0.9344394192815936, 0.7671026936828974, 0.7671026936828963, 0.565414641187771, 0.5654146411877634, 0.39219492144116547, 0.3921949214411648]"
20,7,directed_cycle_normal,8,"[0.873177028307324, 0.8731770283073229, 0.5884465426555582, 0.5884465426555578, 0.31969371646948885, 0.3196937164694888, 0.15381685640424203, 0.15381685640424203]",1.817990202823694e-15,6.938893903907228e-15,"[0.8731770283073234, 0.8731770283073218, 0.5884465426555571, 0.5884465426555554, 0.3196937164694958, 0.31969371646948724, 0.15381685640424192, 0.15381685640424142]"
20,7,directed_cycle_normal,16,"[0.7624381227636087, 0.7624381227636085, 0.3462693335632799, 0.34626933356327944, 0.10220407235007394, 0.10220407235007381, 0.023659625314083207, 0.023659625314083197]",1.6952585168983347e-15,4.427014310692812e-15,"[0.7624381227636082, 0.7624381227636055, 0.3462693335632783, 0.3462693335632764, 0.10220407235007836, 0.10220407235007292, 0.023659625314083183, 0.023659625314083024]"
20,7,directed_nonnormal,2,"[0.31761508582517467, 0.290377263317355, 0.2786700597657994, 0.259093779358691, 0.24628437800825184, 0.23662591649963632, 0.21581359804492847, 0.1909802125231185]",0.021369001048180444,0.03349234966933773,"[0.34169964346602166, 0.32386961298669276, 0.29861770412263483, 0.28646785817578646, 0.2697459771641617, 0.2467835531370366, 0.23472738505426433, 0.20450056762180044]"
20,7,directed_nonnormal,4,"[0.08912940956298553, 0.07595582007456275, 0.0702712760566289, 0.06409125276695551, 0.05340083004183828, 0.05203556718244673, 0.04725774119675109, 0.03855865176193203]",0.016596054080924016,0.028935706141587414,"[0.11675864634480632, 0.10489152621615017, 0.08917253321547347, 0.08206383376782252, 0.07276289219624846, 0.06090212209894057, 0.05509694529441287, 0.041820482157638575]"
20,7,directed_nonnormal,8,"[0.0061541269589033805, 0.005223253650950467, 0.004232000492304509, 0.003059311155903203, 0.0026873817869650487, 0.0025216150041186074, 0.0021234566344168373, 0.001933909411566598]",0.0031930023248452795,0.007478454537368171,"[0.013632581496271551, 0.011002232271953316, 0.007951740680064719, 0.006734472812672806, 0.005294438480762874, 0.0037090684761542647, 0.0030356733807755244, 0.0017489527278973663]"
20,7,directed_nonnormal,16,"[2.7682801975283183e-05, 2.2864630912840692e-05, 1.2441577787452751e-05, 9.836005639362653e-06, 7.3983809107701534e-06, 7.125478447791401e-06, 4.875573525601982e-06, 4.571456695659185e-06]",4.697143120504896e-05,0.00015816447627720233,"[0.0001858472782524855, 0.00012104911496601103, 6.32301798429961e-05, 4.535312406462918e-05, 2.8031078826582692e-05, 1.3757188960801319e-05, 9.215312874749101e-06, 3.058835644419639e-06]"
20,8,reversible,2,"[0.5514749842312632, 0.534499929758915, 0.5165343727847139, 0.5055030130104434, 0.502772210772277, 0.4922825884318038, 0.4816659761732148, 0.4730139424703985]",1.3877787807814457e-16,4.440892098500626e-16,"[0.5514749842312634, 0.5344999297589149, 0.5165343727847139, 0.5055030130104434, 0.5027722107722772, 0.49228258843180384, 0.48166597617321527, 0.47301394247039846]"
20,8,reversible,4,"[0.3041246582328721, 0.2856901749122851, 0.26680775826809794, 0.25553329616263665, 0.25277989592484296, 0.24234214687311673, 0.23200211260289597, 0.22374218977138938]",1.3530843112619095e-16,4.440892098500626e-16,"[0.30412465823287227, 0.28569017491228504, 0.2668077582680978, 0.25553329616263654, 0.25277989592484307, 0.24234214687311675, 0.2320021126028964, 0.22374218977138943]"
20,8,reversible,8,"[0.0924918077452613, 0.08161887604141206, 0.07118637987204779, 0.06529726544774175, 0.06389767578377442, 0.05872971615107129, 0.05382498025220679, 0.05006056748369644]",6.245004513516506e-17,2.2898349882893854e-16,"[0.09249180774526136, 0.081618876041412, 0.07118637987204773, 0.06529726544774173, 0.06389767578377449, 0.058729716151071296, 0.05382498025220702, 0.05006056748369644]"
20,8,reversible,16,"[0.00855473449998638, 0.00666164092626339, 0.005067500679287479, 0.0042637328749528525, 0.00408291297056836, 0.003449179559185409, 0.002897128499150451, 0.0025060604167897347]",8.944667923005412e-18,2.42861286636753e-17,"[0.00855473449998639, 0.006661640926263379, 0.005067500679287483, 0.0042637328749528455, 0.004082912970568361, 0.0034491795591854047, 0.0028971284991504754, 0.0025060604167897248]"
20,8,metastable_reversible,2,"[0.9875882208972622, 0.09502535715308374, 0.08032570645059038, 0.06673055159261881, 0.0595456949974392, 0.05883091524991123, 0.05027998747972208, 0.047797120612176974]",6.505213034913027e-17,1.1102230246251565e-16,"[0.9875882208972623, 0.09502535715308383, 0.0803257064505903, 0.06673055159261893, 0.05954569499743914, 0.05883091524991127, 0.050279987479722094, 0.047797120612176995]"
20,8,metastable_reversible,4,"[0.9753304940550191, 0.009029818502071124, 0.0064522191167864, 0.004452966515855179, 0.0035456897927280523, 0.0034610765891422333, 0.002528077140961023, 0.0022845647388149938]",6.131163285405528e-17,4.440892098500626e-16,"[0.9753304940550196, 0.009029818502071138, 0.006452219116786404, 0.0044529665158551755, 0.003545689792728049, 0.003461076589142242, 0.0025280771409610103, 0.0022845647388149946]"
20,8,metastable_reversible,8,"[0.951269572633608, 8.153762218035243e-05, 4.1631131531036776e-05, 1.9828910791314066e-05, 1.2571916106258661e-05, 1.1979051155901374e-05, 6.391174030650596e-06, 5.2192360458656255e-06]",9.227153410914721e-17,6.661338147750939e-16,"[0.9512695726336087, 8.153762218034627e-05, 4.163113153102392e-05, 1.9828910791327378e-05, 1.2571916106255876e-05, 1.1979051155908496e-05, 6.391174030649597e-06, 5.2192360458368255e-06]"
20,8,metastable_reversible,16,"[0.9049137998185269, 6.64838382759269e-09, 1.7331511086570823e-09, 3.931857018252644e-10, 1.580530765603635e-10, 1.4349765909013818e-10, 4.084711089842682e-11, 2.7240433145402492e-11]",1.982401131618348e-16,1.5543122344752192e-15,"[0.9049137998185285, 6.648383830824895e-09, 1.733151112553414e-09, 3.931857031704194e-10, 1.580530745827359e-10, 1.4349766659587267e-10, 4.084710549004981e-11, 2.724042490216242e-11]"
20,8,directed_cycle_normal,2,"[0.9666640674410089, 0.9666640674410087, 0.875843989351356, 0.8758439893513554, 0.7519405835488367, 0.7519405835488361, 0.6262546777798677, 0.6262546777798675]",9.575673587391975e-16,3.885780586188048e-15,"[0.9666640674410084, 0.966664067441008, 0.8758439893513555, 0.8758439893513549, 0.7519405835488406, 0.7519405835488356, 0.6262546777798673, 0.6262546777798668]"
20,8,directed_cycle_normal,4,"[0.9344394192815951, 0.9344394192815944, 0.7671026936828982, 0.7671026936828979, 0.565414641187765, 0.5654146411877646, 0.39219492144116563, 0.39219492144116547]",1.4918621893400541e-15,5.995204332975845e-15,"[0.9344394192815944, 0.9344394192815936, 0.7671026936828974, 0.7671026936828963, 0.565414641187771, 0.5654146411877634, 0.39219492144116547, 0.3921949214411648]"
20,8,directed_cycle_normal,8,"[0.873177028307324, 0.8731770283073229, 0.5884465426555582, 0.5884465426555578, 0.31969371646948885, 0.3196937164694888, 0.15381685640424203, 0.15381685640424203]",1.817990202823694e-15,6.938893903907228e-15,"[0.8731770283073234, 0.8731770283073218, 0.5884465426555571, 0.5884465426555554, 0.3196937164694958, 0.31969371646948724, 0.15381685640424192, 0.15381685640424142]"
20,8,directed_cycle_normal,16,"[0.7624381227636087, 0.7624381227636085, 0.3462693335632799, 0.34626933356327944, 0.10220407235007394, 0.10220407235007381, 0.023659625314083207, 0.023659625314083197]",1.6952585168983347e-15,4.427014310692812e-15,"[0.7624381227636082, 0.7624381227636055, 0.3462693335632783, 0.3462693335632764, 0.10220407235007836, 0.10220407235007292, 0.023659625314083183, 0.023659625314083024]"
20,8,directed_nonnormal,2,"[0.35092263903185017, 0.3180536621668739, 0.27915040536062136, 0.2604338741053326, 0.2466236114970102, 0.2164333890194764, 0.1981815163308733, 0.18510917495414753]",0.02557131706404202,0.052061595191624566,"[0.37657482795055586, 0.34176744879328835, 0.3312120005522459, 0.29502386878639625, 0.2696882640263047, 0.2284490101860595, 0.21379519258796528, 0.20296819609570577]"
20,8,directed_nonnormal,4,"[0.10074669154343315, 0.07907513288937144, 0.06748090680433577, 0.05776286615921748, 0.04719784039595165, 0.04404130714911467, 0.03602412364401839, 0.03424758773049501]",0.02507534865710276,0.0422204825054852,"[0.14180860104599077, 0.11680498905467297, 0.10970138930982097, 0.08703908315369274, 0.07273175975352184, 0.052188950254990325, 0.04570838437372516, 0.04119608862634487]"
20,8,directed_nonnormal,8,"[0.006190457522306236, 0.006026320447061331, 0.004074821568610283, 0.0029643717093127283, 0.0020109191223469146, 0.0018893458530383673, 0.0012394367576004334, 0.0011787280068346982]",0.004948606268755042,0.013919221808314737,"[0.020109679330620973, 0.013643405468062274, 0.012034394816504902, 0.007575801996235439, 0.005289908876844018, 0.0027236865287178546, 0.002089256402056203, 0.0016971177181096613]"
20,8,directed_nonnormal,16,"[3.110210584360313e-05, 2.6433464576777597e-05, 9.60900837185774e-06, 9.130781142258679e-06, 4.981981376483358e-06, 4.055044441446116e-06, 1.8431806350496916e-06, 1.6952035720257967e-06]",9.331964814590319e-05,0.0003732970969368012,"[0.00040439920278040434, 0.00018614251276595156, 0.00014482665859952008, 5.739277588616486e-05, 2.7983135925313143e-05, 7.418468306719118e-06, 4.3649923135328296e-06, 2.8802085491217436e-06]"
20,9,reversible,2,"[0.527961158620571, 0.5206176481634166, 0.5191739999785654, 0.4999140203933669, 0.4886297710438687, 0.48210466271805963, 0.4764650086670241, 0.4653571954421735]",2.0816681711721685e-16,3.885780586188048e-16,"[0.5279611586205707, 0.5206176481634168, 0.5191739999785657, 0.49991402039336685, 0.48862977104386907, 0.48210466271805963, 0.47646500866702424, 0.46535719544217374]"
20,9,reversible,4,"[0.27874298501197564, 0.27104273557920705, 0.2695416422537435, 0.24991402778585972, 0.2387590531503835, 0.23242490581449396, 0.22701890448406722, 0.21655731934980527]",2.2898349882893854e-16,3.885780586188048e-16,"[0.2787429850119754, 0.2710427355792073, 0.2695416422537438, 0.24991402778585958, 0.2387590531503839, 0.23242490581449407, 0.22701890448406747, 0.2165573193498055]"
20,9,reversible,8,"[0.07769765169338644, 0.0734641645102599, 0.07265269690884499, 0.062457021284151454, 0.05700588546126769, 0.0540213368428764, 0.05153758299314609, 0.04689707256397355]",1.0668549377257364e-16,1.942890293094024e-16,"[0.07769765169338635, 0.07346416451026008, 0.07265269690884518, 0.0624570212841514, 0.05700588546126784, 0.05402133684287643, 0.051537582993146154, 0.046897072563973644]"
20,9,reversible,16,"[0.006036925078666813, 0.005396983467190534, 0.0052784143681284925, 0.003900879507688946, 0.0032496709772231566, 0.002918304834291524, 0.0026561224607754216, 0.0021993354150706083]",1.6479873021779667e-17,3.165870343657673e-17,"[0.0060369250786667834, 0.005396983467190557, 0.005278414368128523, 0.003900879507688941, 0.0032496709772231883, 0.0029183048342915187, 0.0026561224607754277, 0.002199335415070609]"
20,9,metastable_reversible,2,"[0.9872367515855989, 0.13084919997857833, 0.10833118015161382, 0.10638732392498979, 0.0855968585366066, 0.06491310383847296, 0.0605921399520917, 0.06054382285575144]",1.1275702593849246e-16,4.440892098500626e-16,"[0.9872367515855993, 0.13084919997857822, 0.10833118015161373, 0.10638732392498973, 0.08559685853660652, 0.064913103838473, 0.060592139952091624, 0.06054382285575143]"
20,9,metastable_reversible,4,"[0.9746364036812857, 0.017121513135033975, 0.011735644593041413, 0.01131826269192074, 0.007326822191335838, 0.004213711049944383, 0.0036714074239738853, 0.003665554485988597]",1.0196921432226169e-16,6.661338147750939e-16,"[0.9746364036812863, 0.017121513135033954, 0.011735644593041389, 0.011318262691920692, 0.007326822191335828, 0.004213711049944377, 0.003671407423973858, 0.0036655544859886093]"
20,9,metastable_reversible,8,"[0.94991611938079, 0.0002931462120331443, 0.00013772535401418827, 0.0001281030703633444, 5.3682323423455666e-05, 1.775536081238747e-05, 1.3479232472817732e-05, 1.3436289689756897e-05]",1.6325734201203066e-16,1.2212453270876722e-15,"[0.9499161193807912, 0.00029314621203314017, 0.0001377253540141816, 0.00012810307036332383, 5.368232342345114e-05, 1.7755360812423347e-05, 1.3479232472810361e-05, 1.3436289689751218e-05]"
20,9,metastable_reversible,16,"[0.9023406338594596, 8.59347016261495e-08, 1.8968273151298566e-08, 1.6410396631652248e-08, 2.8817918596609757e-09, 3.15252843486252e-10, 1.8168970505758102e-10, 1.8053386174355852e-10]",2.5734572516444684e-16,1.9984014443252818e-15,"[0.9023406338594616, 8.593470162937877e-08, 1.8968273138331646e-08, 1.6410396636510694e-08, 2.881791848140011e-09, 3.1525283757933866e-10, 1.8168970805606533e-10, 1.805338806269149e-10]"
20,9,directed_cycle_normal,2,"[0.9666640674410089, 0.9666640674410087, 0.875843989351356, 0.8758439893513554, 0.7519405835488367, 0.7519405835488361, 0.6262546777798677, 0.6262546777798675]",9.575673587391975e-16,3.885780586188048e-15,"[0.9666640674410084, 0.966664067441008, 0.8758439893513555, 0.8758439893513549, 0.7519405835488406, 0.7519405835488356, 0.6262546777798673, 0.6262546777798668]"
20,9,directed_cycle_normal,4,"[0.9344394192815951, 0.9344394192815944, 0.7671026936828982, 0.7671026936828979, 0.565414641187765, 0.5654146411877646, 0.39219492144116563, 0.39219492144116547]",1.4918621893400541e-15,5.995204332975845e-15,"[0.9344394192815944, 0.9344394192815936, 0.7671026936828974, 0.7671026936828963, 0.565414641187771, 0.5654146411877634, 0.39219492144116547, 0.3921949214411648]"
20,9,directed_cycle_normal,8,"[0.873177028307324, 0.8731770283073229, 0.5884465426555582, 0.5884465426555578, 0.31969371646948885, 0.3196937164694888, 0.15381685640424203, 0.15381685640424203]",1.817990202823694e-15,6.938893903907228e-15,"[0.8731770283073234, 0.8731770283073218, 0.5884465426555571, 0.5884465426555554, 0.3196937164694958, 0.31969371646948724, 0.15381685640424192, 0.15381685640424142]"
20,9,directed_cycle_normal,16,"[0.7624381227636087, 0.7624381227636085, 0.3462693335632799, 0.34626933356327944, 0.10220407235007394, 0.10220407235007381, 0.023659625314083207, 0.023659625314083197]",1.6952585168983347e-15,4.427014310692812e-15,"[0.7624381227636082, 0.7624381227636055, 0.3462693335632783, 0.3462693335632764, 0.10220407235007836, 0.10220407235007292, 0.023659625314083183, 0.023659625314083024]"
20,9,directed_nonnormal,2,"[0.31108224286492026, 0.28488310418698415, 0.2593413325327477, 0.2558938166807253, 0.22232810874813894, 0.214899596812069, 0.19399786737822006, 0.19040353687477715]",0.017223008577892693,0.036567269243917344,"[0.32562317215644426, 0.3052634165392141, 0.29590860177666506, 0.2796815816589883, 0.23692456545853793, 0.2234315705343479, 0.20844175584185512, 0.1953390107356714]"
20,9,directed_nonnormal,4,"[0.08389572344830115, 0.07472673065807527, 0.05630028617298514, 0.04916123296096936, 0.04513630514533885, 0.039333590906667035, 0.03669443599753329, 0.03489108145671293]",0.016565089477914872,0.03126161443243581,"[0.10603045024522532, 0.09318575347719377, 0.08756190060542095, 0.07822178711927334, 0.056133249717717035, 0.04992166671144528, 0.04344796557843555, 0.03815732911519074]"
20,9,directed_nonnormal,8,"[0.004129470545758642, 0.0032074984238289997, 0.0030319187476494786, 0.0025231324832489495, 0.0021078363909077147, 0.0018601708209154539, 0.0013851661452807763, 0.001200073542341413]",0.002906666294672844,0.007112985833446563,"[0.011242456379205205, 0.00868358465111233, 0.007667086437633617, 0.006118647980132917, 0.0031509417238715794, 0.002492172807248624, 0.00188772571290492, 0.0014559817652049832]"
20,9,directed_nonnormal,16,"[1.1330013706651885e-05, 8.843404983856276e-06, 6.816529737136137e-06, 6.009895754212194e-06, 5.480231146470449e-06, 4.245048972175229e-06, 1.2122435376397727e-06, 1.1857014831329864e-06]",3.4339902046652066e-05,0.00011506281173167991,"[0.0001263928254383318, 7.540464239303364e-05, 5.878421444214535e-05, 3.7437853104784624e-05, 9.9284337472348e-06, 6.210925301189486e-06, 3.5635083671623883e-06, 2.1198829006094186e-06]"
20,10,reversible,2,"[0.5173534808275038, 0.507727667585442, 0.49747036014966134, 0.48249762900090903, 0.47303037232252015, 0.46239017192046494, 0.45515164173255307, 0.44884908237583776]",1.249000902703301e-16,3.3306690738754696e-16,"[0.517353480827504, 0.5077276675854423, 0.4974703601496614, 0.48249762900090915, 0.47303037232252004, 0.46239017192046505, 0.455151641732553, 0.44884908237583776]"
20,10,reversible,4,"[0.2676546241243342, 0.257787384431753, 0.24747675922743376, 0.23280396199149875, 0.22375773313958203, 0.2138046710886371, 0.20716301697183834, 0.20146549874963166]",1.734723475976807e-16,4.440892098500626e-16,"[0.26765462412433455, 0.2577873844317534, 0.2474767592274338, 0.23280396199149894, 0.22375773313958192, 0.21380467108863724, 0.20716301697183828, 0.2014654987496316]"
20,10,reversible,8,"[0.07163899781513866, 0.0664543355721644, 0.06124474635771323, 0.05419768471893919, 0.05006752313976439, 0.04571243737932031, 0.04291651560087418, 0.04058834718643779]",7.45931094670027e-17,2.220446049250313e-16,"[0.0716389978151388, 0.06645433557216462, 0.06124474635771325, 0.054197684718939286, 0.050067523139764356, 0.045712437379320355, 0.04291651560087416, 0.04058834718643781]"
20,10,reversible,16,"[0.0051321460079574496, 0.004416178716337852, 0.003750918956420631, 0.0029373890288935433, 0.0025067568733508454, 0.002089626931158289, 0.0018418273113200731, 0.0016474139273268172]",5.204170427930421e-18,1.214306433183765e-17,"[0.005132146007957462, 0.004416178716337864, 0.003750918956420631, 0.002937389028893545, 0.0025067568733508393, 0.002089626931158285, 0.0018418273113200753, 0.0016474139273268142]"
20,10,metastable_reversible,2,"[0.9866482154632974, 0.1381518831805344, 0.08985144173658065, 0.08853782218818827, 0.08057247262696625, 0.06493957954566416, 0.05343017307608681, 0.0433715820739127]",4.7704895589362195e-17,1.1102230246251565e-16,"[0.9866482154632975, 0.1381518831805344, 0.08985144173658072, 0.08853782218818818, 0.0805724726269663, 0.06493957954566416, 0.05343017307608682, 0.043371582073912666]"
20,10,metastable_reversible,4,"[0.9734747010769096, 0.019085942826328053, 0.008073281582142154, 0.007838945957827222, 0.006491923345223215, 0.004217148991567625, 0.002854783394940575, 0.0018810941315941573]",1.3362791775883842e-17,2.7755575615628914e-17,"[0.9734747010769096, 0.019085942826328025, 0.008073281582142159, 0.007838945957827225, 0.006491923345223234, 0.004217148991567644, 0.002854783394940593, 0.0018810941315941427]"
20,10,metastable_reversible,8,"[0.9476529936367776, 0.00036427321356988213, 6.517787550458509e-05, 6.144907372974995e-05, 4.2145068720241205e-05, 1.778434561709648e-05, 8.149788232019497e-06, 3.5385151319104584e-06]",1.3860714799971362e-16,9.992007221626409e-16,"[0.9476529936367786, 0.0003642732135698621, 6.51778755045558e-05, 6.144907372973579e-05, 4.2145068720254426e-05, 1.778434561708e-05, 8.149788232028537e-06, 3.538515131917922e-06]"
20,10,metastable_reversible,16,"[0.898046196348747, 1.3269497412278706e-07, 4.24815545169369e-09, 3.77598868919225e-09, 1.776206853036081e-09, 3.1628294230621996e-10, 6.641904045873028e-11, 1.2521088332921083e-11]",1.4919881373868513e-16,1.1102230246251565e-15,"[0.8980461963487482, 1.326949741245144e-07, 4.248155455287376e-09, 3.775988662242506e-09, 1.7762068174349682e-09, 3.1628294902775256e-10, 6.641904822691082e-11, 1.2521089338812109e-11]"
20,10,directed_cycle_normal,2,"[0.9666640674410089, 0.9666640674410087, 0.875843989351356, 0.8758439893513554, 0.7519405835488367, 0.7519405835488361, 0.6262546777798677, 0.6262546777798675]",9.575673587391975e-16,3.885780586188048e-15,"[0.9666640674410084, 0.966664067441008, 0.8758439893513555, 0.8758439893513549, 0.7519405835488406, 0.7519405835488356, 0.6262546777798673, 0.6262546777798668]"
20,10,directed_cycle_normal,4,"[0.9344394192815951, 0.9344394192815944, 0.7671026936828982, 0.7671026936828979, 0.565414641187765, 0.5654146411877646, 0.39219492144116563, 0.39219492144116547]",1.4918621893400541e-15,5.995204332975845e-15,"[0.9344394192815944, 0.9344394192815936, 0.7671026936828974, 0.7671026936828963, 0.565414641187771, 0.5654146411877634, 0.39219492144116547, 0.3921949214411648]"
20,10,directed_cycle_normal,8,"[0.873177028307324, 0.8731770283073229, 0.5884465426555582, 0.5884465426555578, 0.31969371646948885, 0.3196937164694888, 0.15381685640424203, 0.15381685640424203]",1.817990202823694e-15,6.938893903907228e-15,"[0.8731770283073234, 0.8731770283073218, 0.5884465426555571, 0.5884465426555554, 0.3196937164694958, 0.31969371646948724, 0.15381685640424192, 0.15381685640424142]"
20,10,directed_cycle_normal,16,"[0.7624381227636087, 0.7624381227636085, 0.3462693335632799, 0.34626933356327944, 0.10220407235007394, 0.10220407235007381, 0.023659625314083207, 0.023659625314083197]",1.6952585168983347e-15,4.427014310692812e-15,"[0.7624381227636082, 0.7624381227636055, 0.3462693335632783, 0.3462693335632764, 0.10220407235007836, 0.10220407235007292, 0.023659625314083183, 0.023659625314083024]"
20,10,directed_nonnormal,2,"[0.3397565767740537, 0.2685013664906759, 0.24900720602125892, 0.2383045019252619, 0.2245102505682253, 0.20216087419828413, 0.19203257406344906, 0.1886636716903471]",0.0185257073251296,0.029309382253055127,"[0.3576044243911531, 0.29781074874373104, 0.2736790180168599, 0.2583013083518431, 0.24723535459001855, 0.22108370600180266, 0.1998232603635202, 0.19560485987366424]"
20,10,directed_nonnormal,4,"[0.09792815396012368, 0.0651760443099021, 0.05611505205689629, 0.0555852775850854, 0.047481528997543626, 0.03965129744351312, 0.03312798922002127, 0.03005608752891454]",0.015158053539452883,0.029952770384004276,"[0.12788092434412796, 0.08869124206730171, 0.07490020490267274, 0.06671956589627394, 0.061125320559252204, 0.04887800505949152, 0.03992933538230718, 0.03826126120619583]"
20,10,directed_nonnormal,8,"[0.005786721828926613, 0.00465189331698083, 0.0034256928078091704, 0.0025991725156962017, 0.0018853417671679039, 0.001540369312396557, 0.0010043625872765637, 0.0009511675079066763]",0.0027025158599333623,0.010566808982181961,"[0.016353530811108574, 0.007866136419440709, 0.005610040694462361, 0.0044515004733872415, 0.00373630481347134, 0.0023890593785956785, 0.001594351824072768, 0.001463924109088746]"
20,10,directed_nonnormal,16,"[1.82668194822508e-05, 1.3316647292243718e-05, 1.1903115969292191e-05, 9.413869312381983e-06, 3.098748233833873e-06, 2.4386272855829556e-06, 8.959458424031218e-07, 8.292326687667139e-07]",4.3099011130023086e-05,0.00024917115050762667,"[0.00026743796998987746, 6.18761021692515e-05, 3.147255659352373e-05, 1.9815856464566832e-05, 1.3959973659169105e-05, 5.707604714455969e-06, 2.5419577389241627e-06, 2.1430737971712785e-06]"
20,11,reversible,2,"[0.5279770524628203, 0.5213185067545396, 0.5135946994126654, 0.499498139421502, 0.4854045284548945, 0.47413538893597906, 0.472887881208719, 0.4605337046576114]",2.3592239273284576e-16,4.440892098500626e-16,"[0.5279770524628205, 0.5213185067545393, 0.5135946994126652, 0.49949813942150156, 0.4854045284548943, 0.47413538893597873, 0.47288788120871905, 0.46053370465761156]"
20,11,reversible,4,"[0.2787597679273277, 0.27177298548478285, 0.2637795152647861, 0.24949839128554213, 0.23561755624451833, 0.22480436704147191, 0.22362294819407139, 0.212091293125664]",1.8388068845354155e-16,3.3306690738754696e-16,"[0.2787597679273279, 0.27177298548478257, 0.26377951526478594, 0.2494983912855418, 0.23561755624451827, 0.22480436704147183, 0.22362294819407158, 0.2120912931256642]"
20,11,reversible,8,"[0.0777070082148976, 0.073860555639312, 0.06957963267332556, 0.06224944725407343, 0.055515632810638746, 0.05053700344091684, 0.05000722295900834, 0.04498271661971632]",9.194034422677078e-17,1.6653345369377348e-16,"[0.07770700821489769, 0.07386055563931183, 0.06957963267332544, 0.06224944725407332, 0.05551563281063874, 0.050537003440916786, 0.050007222959008425, 0.04498271661971641]"
20,11,reversible,16,"[0.006038379125710171, 0.005455381679347906, 0.004841325282954911, 0.003874993683437666, 0.0030819854863656736, 0.00255398871678725, 0.0025007223480719683, 0.002023444794489705]",1.1600963245594897e-17,2.5153490401663703e-17,"[0.0060383791257101775, 0.0054553816793478805, 0.004841325282954897, 0.0038749936834376556, 0.0030819854863656684, 0.002553988716787235, 0.0025007223480719796, 0.002023444794489711]"
20,11,metastable_reversible,2,"[0.98686458055015, 0.12498272095530423, 0.10407046929903346, 0.09766869842593714, 0.08466853215541835, 0.08304679889839088, 0.06651040647250214, 0.0582661866504905]",1.1188966420050406e-16,5.551115123125783e-16,"[0.9868645805501495, 0.12498272095530423, 0.10407046929903349, 0.09766869842593705, 0.08466853215541842, 0.08304679889839083, 0.0665104064725022, 0.058266186650490534]"
20,11,metastable_reversible,4,"[0.9739017003444237, 0.015620680537391438, 0.010830662580121084, 0.009539174652216658, 0.0071687603373531035, 0.0068967708072697744, 0.004423634169137469, 0.0033949485067898207]",1.63877158371184e-16,1.2212453270876722e-15,"[0.9739017003444225, 0.015620680537391442, 0.010830662580121072, 0.009539174652216638, 0.007168760337353124, 0.0068967708072697675, 0.004423634169137463, 0.003394948506789801]"
20,11,metastable_reversible,8,"[0.9484845219337594, 0.00024400566045125946, 0.00011730325192444064, 9.099585304550921e-05, 5.1391124774433695e-05, 4.756544756800096e-05, 1.9568539262351017e-05, 1.152567536377456e-05]",2.9079636342953154e-16,2.220446049250313e-15,"[0.9484845219337572, 0.00024400566045123978, 0.00011730325192443486, 9.099585304549242e-05, 5.1391124774407274e-05, 4.7565447568008475e-05, 1.956853926236049e-05, 1.15256753637543e-05]"
20,11,metastable_reversible,16,"[0.8996228883479119, 5.953876232747878e-08, 1.3760052911642168e-08, 8.280245279009019e-09, 2.6410477189020863e-09, 2.2624717842352624e-09, 3.8292773935517125e-10, 1.328411883585616e-10]",4.930803465120693e-16,3.885780586188048e-15,"[0.899622888347908, 5.953876233224573e-08, 1.376005291204743e-08, 8.280245271476853e-09, 2.6410477055786973e-09, 2.2624718023449633e-09, 3.82927728862544e-10, 1.328411925906528e-10]"
20,11,directed_cycle_normal,2,"[0.9666640674410089, 0.9666640674410087, 0.875843989351356, 0.8758439893513554, 0.7519405835488367, 0.7519405835488361, 0.6262546777798677, 0.6262546777798675]",9.575673587391975e-16,3.885780586188048e-15,"[0.9666640674410084, 0.966664067441008, 0.8758439893513555, 0.8758439893513549, 0.7519405835488406, 0.7519405835488356, 0.6262546777798673, 0.6262546777798668]"
20,11,directed_cycle_normal,4,"[0.9344394192815951, 0.9344394192815944, 0.7671026936828982, 0.7671026936828979, 0.565414641187765, 0.5654146411877646, 0.39219492144116563, 0.39219492144116547]",1.4918621893400541e-15,5.995204332975845e-15,"[0.9344394192815944, 0.9344394192815936, 0.7671026936828974, 0.7671026936828963, 0.565414641187771, 0.5654146411877634, 0.39219492144116547, 0.3921949214411648]"
20,11,directed_cycle_normal,8,"[0.873177028307324, 0.8731770283073229, 0.5884465426555582, 0.5884465426555578, 0.31969371646948885, 0.3196937164694888, 0.15381685640424203, 0.15381685640424203]",1.817990202823694e-15,6.938893903907228e-15,"[0.8731770283073234, 0.8731770283073218, 0.5884465426555571, 0.5884465426555554, 0.3196937164694958, 0.31969371646948724, 0.15381685640424192, 0.15381685640424142]"
20,11,directed_cycle_normal,16,"[0.7624381227636087, 0.7624381227636085, 0.3462693335632799, 0.34626933356327944, 0.10220407235007394, 0.10220407235007381, 0.023659625314083207, 0.023659625314083197]",1.6952585168983347e-15,4.427014310692812e-15,"[0.7624381227636082, 0.7624381227636055, 0.3462693335632783, 0.3462693335632764, 0.10220407235007836, 0.10220407235007292, 0.023659625314083183, 0.023659625314083024]"
20,11,directed_nonnormal,2,"[0.33836841323179606, 0.31485459480459177, 0.29410488936065265, 0.2631055221015082, 0.24931313707737432, 0.22453897831618375, 0.20592508022432343, 0.1980127177828688]",0.02415874984480453,0.04285463486529173,"[0.3812230480970878, 0.32746091449791687, 0.3113868582868731, 0.2921247219717961, 0.2740457052970781, 0.26030846692384185, 0.23239940279359195, 0.19348122177618818]"
20,11,directed_nonnormal,4,"[0.09773971957693055, 0.08833623333788289, 0.07935796572822464, 0.07021017901355882, 0.060560664359739724, 0.04151647110433034, 0.03670878522791267, 0.03423958794223931]",0.020062087184641822,0.04759129282350395,"[0.1453310124004345, 0.10723065052381203, 0.09696177551376922, 0.08533685318709917, 0.075101048591773, 0.06776049795224087, 0.0540094824188182, 0.03743498318000651]"
20,11,directed_nonnormal,8,"[0.007173542051652284, 0.006344134785721478, 0.005503034828087565, 0.005393637448002216, 0.0027798914635376727, 0.002637382062814262, 0.0011495432539127216, 0.0009841348473266847]",0.003986029249731857,0.013947561113682963,"[0.021121103165335248, 0.011498412411759909, 0.009401585910782575, 0.0072823785118765185, 0.005640167499583848, 0.004591485082735639, 0.002917024191148632, 0.0014013779656873704]"
20,11,directed_nonnormal,16,"[4.3158023596076654e-05, 3.6094932181151765e-05, 2.0360636796118544e-05, 1.8406006984279853e-05, 1.1145345861323573e-05, 1.0492658765056405e-05, 1.2505431420523612e-06, 1.0550698186058097e-06]",8.014252990223207e-05,0.000402942975324658,"[0.00044610099892073465, 0.00013221348799091434, 8.838981763782543e-05, 5.3033036790240856e-05, 3.181148942336192e-05, 2.1081735264983894e-05, 8.50903013174633e-06, 1.9638602027140727e-06]"
20,12,reversible,2,"[0.5486812824721686, 0.5288764527250522, 0.521183718919514, 0.5164392240135379, 0.511474566673337, 0.4986116352762897, 0.4882398701338714, 0.4762181990374659]",1.3877787807814457e-16,2.220446049250313e-16,"[0.5486812824721685, 0.528876452725052, 0.5211837189195142, 0.5164392240135378, 0.5114745666733369, 0.49861163527628966, 0.4882398701338715, 0.4762181990374657]"
20,12,reversible,4,"[0.3010511497353038, 0.27971030224703447, 0.27163246886677495, 0.26670947209970475, 0.26160623235367786, 0.24861356283289565, 0.23837817078833945, 0.22678377309448733]",1.942890293094024e-16,3.885780586188048e-16,"[0.30105114973530356, 0.27971030224703425, 0.2716324688667752, 0.26670947209970514, 0.26160623235367775, 0.2486135628328957, 0.2383781707883397, 0.2267837730944873]"
20,12,reversible,8,"[0.09063179475694828, 0.07823785318312741, 0.07378419814265944, 0.07113394250770325, 0.06843782080628646, 0.06180870362446614, 0.056824152308394715, 0.051430879738971896]",1.0668549377257364e-16,1.8041124150158794e-16,"[0.09063179475694816, 0.07823785318312725, 0.07378419814265962, 0.07113394250770338, 0.06843782080628642, 0.06180870362446619, 0.056824152308394854, 0.05143087973897191]"
20,12,reversible,16,"[0.008214122220865592, 0.006121161670704598, 0.005444107895555233, 0.005060037776689215, 0.004683735316713367, 0.0038203158437371087, 0.003228984285567637, 0.002645135390724599]",1.680513367352532e-17,3.469446951953614e-17,"[0.008214122220865577, 0.006121161670704574, 0.005444107895555254, 0.00506003777668925, 0.0046837353167133704, 0.0038203158437370996, 0.0032289842855676566, 0.002645135390724591]"
20,12,metastable_reversible,2,"[0.9871081969730183, 0.10746328733851675, 0.10315893927655466, 0.0742297505179833, 0.0567155466455616, 0.053102709932531945, 0.05265357379783554, 0.04320756886326006]",4.423544863740858e-17,1.8041124150158794e-16,"[0.9871081969730183, 0.10746328733851657, 0.10315893927655466, 0.07422975051798338, 0.05671554664556158, 0.053102709932531945, 0.05265357379783557, 0.04320756886326001]"
20,12,metastable_reversible,4,"[0.9743825925313233, 0.011548358125600592, 0.010641766752663923, 0.005510055861962063, 0.0032166532313048835, 0.0028198978021786066, 0.002772398833684105, 0.001866894007073324]",3.065581642702764e-17,1.1102230246251565e-16,"[0.9743825925313232, 0.011548358125600577, 0.01064176675266389, 0.005510055861962054, 0.0032166532313048714, 0.002819897802178627, 0.0027723988336841167, 0.0018668940070733558]"
20,12,metastable_reversible,8,"[0.9494214366280631, 0.00013336457539713057, 0.00011324719961808639, 3.0360715601920345e-05, 1.0346858010477585e-05, 7.95182361474186e-06, 7.686195293019353e-06, 3.4852932337297352e-06]",8.902395684981502e-17,5.551115123125783e-16,"[0.9494214366280626, 0.00013336457539712485, 0.00011324719961810256, 3.036071560194239e-05, 1.0346858010464071e-05, 7.951823614731851e-06, 7.68619529301305e-06, 3.4852932336464113e-06]"
20,12,metastable_reversible,16,"[0.901401064328895, 1.7786109968839693e-08, 1.2824928209957055e-08, 9.217730917732855e-10, 1.0705745620883911e-10, 6.323147736381213e-11, 5.907758782572493e-11, 1.2147256069161381e-11]",1.250648141022838e-16,8.881784197001252e-16,"[0.9014010643288941, 1.7786109970855403e-08, 1.282492822134237e-08, 9.21773051862028e-10, 1.0705747068870452e-10, 6.323149879980711e-11, 5.907759808233597e-11, 1.2147268924501458e-11]"
20,12,directed_cycle_normal,2,"[0.9666640674410089, 0.9666640674410087, 0.875843989351356, 0.8758439893513554, 0.7519405835488367, 0.7519405835488361, 0.6262546777798677, 0.6262546777798675]",9.575673587391975e-16,3.885780586188048e-15,"[0.9666640674410084, 0.966664067441008, 0.8758439893513555, 0.8758439893513549, 0.7519405835488406, 0.7519405835488356, 0.6262546777798673, 0.6262546777798668]"
20,12,directed_cycle_normal,4,"[0.9344394192815951, 0.9344394192815944, 0.7671026936828982, 0.7671026936828979, 0.565414641187765, 0.5654146411877646, 0.39219492144116563, 0.39219492144116547]",1.4918621893400541e-15,5.995204332975845e-15,"[0.9344394192815944, 0.9344394192815936, 0.7671026936828974, 0.7671026936828963, 0.565414641187771, 0.5654146411877634, 0.39219492144116547, 0.3921949214411648]"
20,12,directed_cycle_normal,8,"[0.873177028307324, 0.8731770283073229, 0.5884465426555582, 0.5884465426555578, 0.31969371646948885, 0.3196937164694888, 0.15381685640424203, 0.15381685640424203]",1.817990202823694e-15,6.938893903907228e-15,"[0.8731770283073234, 0.8731770283073218, 0.5884465426555571, 0.5884465426555554, 0.3196937164694958, 0.31969371646948724, 0.15381685640424192, 0.15381685640424142]"
20,12,directed_cycle_normal,16,"[0.7624381227636087, 0.7624381227636085, 0.3462693335632799, 0.34626933356327944, 0.10220407235007394, 0.10220407235007381, 0.023659625314083207, 0.023659625314083197]",1.6952585168983347e-15,4.427014310692812e-15,"[0.7624381227636082, 0.7624381227636055, 0.3462693335632783, 0.3462693335632764, 0.10220407235007836, 0.10220407235007292, 0.023659625314083183, 0.023659625314083024]"
20,12,directed_nonnormal,2,"[0.31423832570020815, 0.25467623695766106, 0.249176587270921, 0.22377081603582666, 0.21357377172689015, 0.20061786912388221, 0.19176110593555376, 0.1787010484139325]",0.024767816161274804,0.04156379825446546,"[0.34441489978068507, 0.2862413706078206, 0.2729005372527811, 0.2567671266139483, 0.2551375699813556, 0.22736905443427285, 0.1956785212924226, 0.18614921049178781]"
20,12,directed_nonnormal,4,"[0.07964178475182361, 0.05732698355404677, 0.05386485824506517, 0.045213279257941844, 0.040406555603379454, 0.03748465504970577, 0.034715855818376454, 0.03305377380731256]",0.018623192335675352,0.03897983843911572,"[0.11862162319093933, 0.08193412224744372, 0.07447470323285656, 0.06592935730958335, 0.06509517961599115, 0.05169668691433533, 0.03829008369518909, 0.03465152856671593]"
20,12,directed_nonnormal,8,"[0.003786399165621426, 0.00315124949256904, 0.002502401721906347, 0.002066201240843352, 0.0016892670524071376, 0.0015690666826549532, 0.0011239598871207145, 0.00103391287822162]",0.002916472765124487,0.010284690322831769,"[0.014071089488453195, 0.006713200388459052, 0.005546481421622054, 0.004346680155254711, 0.004237382409238149, 0.00267254743791881, 0.0014661305093845855, 0.0012007284320099303]"
20,12,directed_nonnormal,16,"[8.384238827922838e-06, 6.871430973229684e-06, 6.204616973367539e-06, 5.4254526187884825e-06, 2.9976225351573703e-06, 2.6336951394858803e-06, 1.227970796400523e-06, 1.1222637741045e-06]",3.581770233371554e-05,0.00018961132056413517,"[0.000197995559392058, 4.5067059455606766e-05, 3.07634561603986e-05, 1.8893628372085122e-05, 1.79554096821209e-05, 7.142509807926395e-06, 2.149538670548304e-06, 1.4417487674370257e-06]"
20,13,reversible,2,"[0.5503802082993453, 0.5351737514611653, 0.5206545379287437, 0.5186139422390593, 0.4894380072865359, 0.48306054145521315, 0.4717348528039, 0.45574690630342946]",1.5959455978986625e-16,2.220446049250313e-16,"[0.5503802082993452, 0.5351737514611651, 0.5206545379287439, 0.5186139422390592, 0.4894380072865357, 0.483060541455213, 0.47173485280389993, 0.4557469063034293]"
20,13,reversible,4,"[0.3029183736876309, 0.2864109442530172, 0.27108114786579385, 0.2689604210847385, 0.23954956297661517, 0.2333474867110038, 0.22253377134991717, 0.20770524260514692]",1.942890293094024e-16,3.3306690738754696e-16,"[0.3029183736876306, 0.28641094425301694, 0.2710811478657939, 0.2689604210847383, 0.23954956297661495, 0.23334748671100353, 0.22253377134991714, 0.20770524260514678]"
20,13,reversible,8,"[0.09175954111755918, 0.08203122898790488, 0.07348498872823643, 0.07233970811007978, 0.05738399312228729, 0.05445104955434207, 0.04952127939121717, 0.04314146780566293]",7.37257477290143e-17,1.6653345369377348e-16,"[0.09175954111755902, 0.08203122898790477, 0.07348498872823642, 0.07233970811007973, 0.057383993122287216, 0.054451049554341976, 0.0495212793912172, 0.04314146780566288]"
20,13,reversible,16,"[0.008419813386105025, 0.006729122529266094, 0.005400043568389025, 0.005233033369451547, 0.003292922666658718, 0.0029649167975694026, 0.0024523571125429798, 0.0018611862444270599]",1.3823577699190182e-17,2.6020852139652106e-17,"[0.008419813386105002, 0.006729122529266068, 0.005400043568389033, 0.005233033369451534, 0.0032929226666587067, 0.0029649167975694052, 0.0024523571125429936, 0.0018611862444270464]"
20,13,metastable_reversible,2,"[0.986534256175918, 0.151167157516392, 0.10529693427829603, 0.10146462456555091, 0.07897562070400971, 0.07534688586594515, 0.0690198774016857, 0.04991779245048048]",7.546047120499111e-17,1.3877787807814457e-16,"[0.9865342561759178, 0.15116715751639193, 0.1052969342782959, 0.10146462456555096, 0.07897562070400967, 0.0753468858659452, 0.06901987740168566, 0.04991779245048039]"
20,13,metastable_reversible,4,"[0.9732498386085715, 0.022851509511585676, 0.011087444368407797, 0.010295070038228195, 0.006237148665583607, 0.005677153209695759, 0.00476374347654372, 0.002491786003129273]",1.577514160966409e-17,3.599551212651875e-17,"[0.9732498386085715, 0.02285150951158565, 0.011087444368407764, 0.010295070038228205, 0.0062371486655836, 0.005677153209695774, 0.004763743476543719, 0.002491786003129237]"
20,13,metastable_reversible,8,"[0.9472152483516109, 0.0005221914869580934, 0.00012293142262254038, 0.0001059884670920314, 3.890202347657746e-05, 3.22300685663451e-05, 2.269325191030134e-05, 6.208997485380216e-06]",4.9671282576413053e-17,3.3306690738754696e-16,"[0.9472152483516105, 0.0005221914869580895, 0.00012293142262253707, 0.0001059884670920241, 3.890202347659128e-05, 3.2230068566359026e-05, 2.269325191031284e-05, 6.208997485390777e-06]"
20,13,metastable_reversible,16,"[0.897216726709804, 2.726839490675429e-07, 1.511213466956458e-08, 1.1233555144104589e-08, 1.5133674258362253e-09, 1.0387773010419562e-09, 5.14983672263885e-10, 3.8551654589257215e-11]",1.0568484105783061e-16,7.771561172376096e-16,"[0.8972167267098032, 2.726839490515005e-07, 1.5112134668000817e-08, 1.1233555156517076e-08, 1.513367430573259e-09, 1.038777319792204e-09, 5.149836822649173e-10, 3.8551649773588997e-11]"
20,13,directed_cycle_normal,2,"[0.9666640674410089, 0.9666640674410087, 0.875843989351356, 0.8758439893513554, 0.7519405835488367, 0.7519405835488361, 0.6262546777798677, 0.6262546777798675]",9.575673587391975e-16,3.885780586188048e-15,"[0.9666640674410084, 0.966664067441008, 0.8758439893513555, 0.8758439893513549, 0.7519405835488406, 0.7519405835488356, 0.6262546777798673, 0.6262546777798668]"
20,13,directed_cycle_normal,4,"[0.9344394192815951, 0.9344394192815944, 0.7671026936828982, 0.7671026936828979, 0.565414641187765, 0.5654146411877646, 0.39219492144116563, 0.39219492144116547]",1.4918621893400541e-15,5.995204332975845e-15,"[0.9344394192815944, 0.9344394192815936, 0.7671026936828974, 0.7671026936828963, 0.565414641187771, 0.5654146411877634, 0.39219492144116547, 0.3921949214411648]"
20,13,directed_cycle_normal,8,"[0.873177028307324, 0.8731770283073229, 0.5884465426555582, 0.5884465426555578, 0.31969371646948885, 0.3196937164694888, 0.15381685640424203, 0.15381685640424203]",1.817990202823694e-15,6.938893903907228e-15,"[0.8731770283073234, 0.8731770283073218, 0.5884465426555571, 0.5884465426555554, 0.3196937164694958, 0.31969371646948724, 0.15381685640424192, 0.15381685640424142]"
20,13,directed_cycle_normal,16,"[0.7624381227636087, 0.7624381227636085, 0.3462693335632799, 0.34626933356327944, 0.10220407235007394, 0.10220407235007381, 0.023659625314083207, 0.023659625314083197]",1.6952585168983347e-15,4.427014310692812e-15,"[0.7624381227636082, 0.7624381227636055, 0.3462693335632783, 0.3462693335632764, 0.10220407235007836, 0.10220407235007292, 0.023659625314083183, 0.023659625314083024]"
20,13,directed_nonnormal,2,"[0.3002398529848182, 0.2900215737321106, 0.26165043289548257, 0.24651258749614968, 0.21535904311967968, 0.19843541491355024, 0.18526282964581448, 0.17314704446405346]",0.024803406302887094,0.03986997444018231,"[0.3204374398405384, 0.3101846969440992, 0.3015204073356649, 0.27309077500648415, 0.24160589468223143, 0.21443050100711297, 0.20809419300700668, 0.19969212185161794]"
20,13,directed_nonnormal,4,"[0.07999909842191003, 0.0744069602953463, 0.0637972951632914, 0.05559861389244339, 0.03931952451665885, 0.03717412873293093, 0.03179417155549122, 0.03048968171414042]",0.017417792126419748,0.027117260876573887,"[0.10268015285155867, 0.09621454621830268, 0.09091455603986529, 0.07457857139364213, 0.05837340834520151, 0.04598043976216148, 0.043303193163237344, 0.03987694352960142]"
20,13,directed_nonnormal,8,"[0.005296504942201307, 0.004208845777664318, 0.0033387557904106667, 0.0025994151532987876, 0.0016219791981409517, 0.0015577319515793116, 0.0008586643144277011, 0.0007931399958524991]",0.002792478523379158,0.005246708847418144,"[0.01054321378961945, 0.009257238903993903, 0.008265456499925805, 0.0055619633111165774, 0.003407454801835641, 0.00211420084072176, 0.0018751665381326456, 0.0015901706252630207]"
20,13,directed_nonnormal,16,"[1.7999686938558836e-05, 1.5989495761402812e-05, 8.554288281077559e-06, 7.776551981072073e-06, 2.4209617405288627e-06, 2.2670415407405698e-06, 6.373837582910769e-07, 6.247173894179211e-07]",3.2745549294895755e-05,9.315967007506291e-05,"[0.00011115935701362175, 8.569647212561822e-05, 6.831777115216573e-05, 3.093543587420688e-05, 1.1610748226552769e-05, 4.469845194908597e-06, 3.51624954573237e-06, 2.5286426174493867e-06]"
20,14,reversible,2,"[0.5275757351414155, 0.5239037876221824, 0.5095875885421405, 0.49595400770094966, 0.49153778509327134, 0.4755382674591816, 0.471368242822939, 0.45902857973238004]",1.5265566588595902e-16,7.771561172376096e-16,"[0.5275757351414155, 0.5239037876221824, 0.5095875885421405, 0.49595400770094955, 0.4915377850932714, 0.4755382674591824, 0.47136824282293915, 0.45902857973238015]"
20,14,reversible,4,"[0.27833615631000486, 0.2744751786848686, 0.2596795103961937, 0.24597037775463354, 0.2416093941743989, 0.22613664381808005, 0.2221880203419852, 0.21070723701112604]",2.0469737016526324e-16,8.049116928532385e-16,"[0.278336156310005, 0.2744751786848687, 0.2596795103961939, 0.2459703777546335, 0.24160939417439906, 0.22613664381808085, 0.22218802034198532, 0.21070723701112606]"
20,14,reversible,8,"[0.07747101590942747, 0.07533662371409054, 0.06743344811960694, 0.06050142673275716, 0.05837509935332007, 0.05113778167730524, 0.04936751638349044, 0.044397539728862845]",8.500145032286355e-17,3.2612801348363973e-16,"[0.07747101590942754, 0.07533662371409061, 0.06743344811960697, 0.0605014267327571, 0.058375099353320144, 0.051137781677305566, 0.04936751638349048, 0.04439753972886286]"
20,14,reversible,16,"[0.006001758306038769, 0.0056756068726384655, 0.004547269925299715, 0.003660422636699173, 0.0034076522245099876, 0.002615072714875738, 0.0024371516738741945, 0.001971141533975954]",1.0191500421363742e-17,3.0791341698588326e-17,"[0.0060017583060387745, 0.005675606872638479, 0.004547269925299725, 0.003660422636699176, 0.0034076522245099976, 0.002615072714875769, 0.0024371516738742015, 0.0019711415339759555]"
20,14,metastable_reversible,2,"[0.9871977986863049, 0.1495705526101651, 0.0832653431532043, 0.07495300564532544, 0.06193067633493657, 0.05299573570711172, 0.04396570989906018, 0.03738781822941685]",4.163336342344337e-17,1.1102230246251565e-16,"[0.9871977986863048, 0.14957055261016505, 0.08326534315320432, 0.0749530056453255, 0.06193067633493656, 0.0529957357071117, 0.04396570989906014, 0.037387818229416836]"
20,14,metastable_reversible,4,"[0.9745594937310856, 0.022371350208110187, 0.00693311737042088, 0.005617953055268199, 0.0038354086713026678, 0.002808548003138024, 0.0019329836469283255, 0.0013978489519559135]",2.350008208862331e-17,1.1102230246251565e-16,"[0.9745594937310857, 0.02237135020811015, 0.006933117370420868, 0.0056179530552681965, 0.0038354086713026717, 0.002808548003138034, 0.0019329836469283144, 0.0013978489519559135]"
20,14,metastable_reversible,8,"[0.9497662068213896, 0.0005004773101339008, 4.806811647204463e-05, 3.156139653117549e-05, 1.4710359675880228e-05, 7.887941885928937e-06, 3.7364257792933478e-06, 1.9539816924979337e-06]",9.3765753167663e-17,6.661338147750939e-16,"[0.9497662068213902, 0.00050047731013391, 4.806811647203158e-05, 3.1561396531197266e-05, 1.4710359675903727e-05, 7.887941885930636e-06, 3.7364257792922864e-06, 1.953981692484246e-06]"
20,14,metastable_reversible,16,"[0.902055847619891, 2.504775379869366e-07, 2.3105438278476364e-09, 9.961217757573265e-10, 2.1639465671162523e-10, 6.22196358974399e-11, 1.3960879183381427e-11, 3.818030814746007e-12]",1.2458516069003715e-16,8.881784197001252e-16,"[0.9020558476198919, 2.504775379588739e-07, 2.3105438211687936e-09, 9.961217509994706e-10, 2.1639468179445437e-10, 6.221962719581897e-11, 1.396087760415997e-11, 3.818044454563599e-12]"
20,14,directed_cycle_normal,2,"[0.9666640674410089, 0.9666640674410087, 0.875843989351356, 0.8758439893513554, 0.7519405835488367, 0.7519405835488361, 0.6262546777798677, 0.6262546777798675]",9.575673587391975e-16,3.885780586188048e-15,"[0.9666640674410084, 0.966664067441008, 0.8758439893513555, 0.8758439893513549, 0.7519405835488406, 0.7519405835488356, 0.6262546777798673, 0.6262546777798668]"
20,14,directed_cycle_normal,4,"[0.9344394192815951, 0.9344394192815944, 0.7671026936828982, 0.7671026936828979, 0.565414641187765, 0.5654146411877646, 0.39219492144116563, 0.39219492144116547]",1.4918621893400541e-15,5.995204332975845e-15,"[0.9344394192815944, 0.9344394192815936, 0.7671026936828974, 0.7671026936828963, 0.565414641187771, 0.5654146411877634, 0.39219492144116547, 0.3921949214411648]"
20,14,directed_cycle_normal,8,"[0.873177028307324, 0.8731770283073229, 0.5884465426555582, 0.5884465426555578, 0.31969371646948885, 0.3196937164694888, 0.15381685640424203, 0.15381685640424203]",1.817990202823694e-15,6.938893903907228e-15,"[0.8731770283073234, 0.8731770283073218, 0.5884465426555571, 0.5884465426555554, 0.3196937164694958, 0.31969371646948724, 0.15381685640424192, 0.15381685640424142]"
20,14,directed_cycle_normal,16,"[0.7624381227636087, 0.7624381227636085, 0.3462693335632799, 0.34626933356327944, 0.10220407235007394, 0.10220407235007381, 0.023659625314083207, 0.023659625314083197]",1.6952585168983347e-15,4.427014310692812e-15,"[0.7624381227636082, 0.7624381227636055, 0.3462693335632783, 0.3462693335632764, 0.10220407235007836, 0.10220407235007292, 0.023659625314083183, 0.023659625314083024]"
20,14,directed_nonnormal,2,"[0.32402796046595217, 0.30964000457415136, 0.26035018516646613, 0.24386589896278235, 0.22103122762773827, 0.20274170854922857, 0.19903052910674396, 0.17363829869784958]",0.020842922955980878,0.0390294247755667,"[0.35357557299023035, 0.32683763846220015, 0.29937960994203283, 0.27687143613013265, 0.2261205313814055, 0.21180945063769568, 0.20517319499162448, 0.20130176226343777]"
20,14,directed_nonnormal,4,"[0.09746822091663349, 0.0789402775211662, 0.06145979907361346, 0.049511885475987484, 0.042423626485201586, 0.03966024126665273, 0.03731432048659802, 0.03438922813195641]",0.016946131111500305,0.028168351775430256,"[0.1250156858153697, 0.10682284191554786, 0.08962815084904371, 0.07665779214476212, 0.05113049471220919, 0.04486324337944245, 0.042096039943071165, 0.04052239949036562]"
20,14,directed_nonnormal,8,"[0.007501012397830984, 0.005572272027307481, 0.0027138576564270846, 0.002528079935787918, 0.0016985129936208422, 0.0015621434534158192, 0.001242705033720519, 0.001072255337550247]",0.0031375005594565892,0.00812790930205624,"[0.015628921699887225, 0.01141111955491413, 0.008033205424618937, 0.005876417096509552, 0.002614327489515252, 0.0020127106065230865, 0.001772076578888643, 0.0016420648604567835]"
20,14,directed_nonnormal,16,"[3.986756060421148e-05, 2.6230648683153807e-05, 8.452661746831077e-06, 6.735887973901647e-06, 2.1717726816961705e-06, 1.946616515989172e-06, 1.4386374615895247e-06, 1.2262974709256668e-06]",5.027422147014576e-05,0.00020439563289699434,"[0.0002442631935012058, 0.00013021364949654363, 6.45323893941271e-05, 3.4532277892149756e-05, 6.83470822243512e-06, 4.0510039856105305e-06, 3.140255401445677e-06, 2.6963770059469558e-06]"
20,15,reversible,2,"[0.5572259900115264, 0.5389485503432501, 0.525276800933348, 0.5216681299668735, 0.5065457527462397, 0.500963523756564, 0.48948637704452813, 0.4785452781425884]",1.5265566588595902e-16,3.3306690738754696e-16,"[0.5572259900115264, 0.5389485503432504, 0.5252768009333478, 0.5216681299668735, 0.5065457527462395, 0.5009635237565637, 0.48948637704452813, 0.4785452781425885]"
20,15,reversible,4,"[0.31050080394432555, 0.2904655399170909, 0.27591571759877204, 0.27213763782313466, 0.2565885996252546, 0.25096445213459345, 0.23959691331217783, 0.2290055832325672]",1.8735013540549517e-16,2.7755575615628914e-16,"[0.3105008039443258, 0.2904655399170911, 0.275915717598772, 0.2721376378231348, 0.2565885996252544, 0.2509644521345932, 0.23959691331217797, 0.2290055832325674]"
20,15,reversible,8,"[0.09641074925007251, 0.0843702298793271, 0.07612948321804537, 0.07405889391995563, 0.0658377094576492, 0.06298315623521665, 0.057406680868723324, 0.052443557151688296]",9.367506770274758e-17,1.5265566588595902e-16,"[0.09641074925007262, 0.08437022987932725, 0.07612948321804529, 0.0740588939199557, 0.06583770945764908, 0.06298315623521651, 0.05740668086872332, 0.05244355715168836]"
20,15,reversible,16,"[0.00929503257096036, 0.007118335689890505, 0.005795698215046656, 0.005484719768647234, 0.004334603986629828, 0.0039668779693497105, 0.0032955270083634457, 0.0027503266867223986]",1.3715157481941631e-17,2.0816681711721685e-17,"[0.009295032570960378, 0.007118335689890526, 0.005795698215046639, 0.00548471976864725, 0.0043346039866298145, 0.003966877969349692, 0.003295527008363444, 0.0027503266867224033]"
20,15,metastable_reversible,2,"[0.9876856806825877, 0.1224419793608836, 0.08786274173087344, 0.07034995334516632, 0.06750609979685543, 0.06537450718093508, 0.04948758325820798, 0.04342263701905291]",1.0234868508263162e-16,3.3306690738754696e-16,"[0.9876856806825873, 0.1224419793608837, 0.08786274173087354, 0.07034995334516632, 0.06750609979685547, 0.0653745071809352, 0.04948758325820805, 0.04342263701905297]"
20,15,metastable_reversible,4,"[0.9755230038254262, 0.014992038309811053, 0.007719861384466159, 0.004949115935667085, 0.004557073509783023, 0.00427382618915013, 0.002449020896738051, 0.0018855254056884137]",5.648693318649478e-17,3.3306690738754696e-16,"[0.9755230038254259, 0.01499203830981107, 0.007719861384466185, 0.004949115935667077, 0.004557073509783011, 0.0042738261891501475, 0.0024490208967380737, 0.0018855254056884293]"
20,15,metastable_reversible,8,"[0.951645130992583, 0.00022476121268281754, 5.9596259795365664e-05, 2.4493748544698506e-05, 2.076691897356349e-05, 1.8265590295041653e-05, 5.997703352643904e-06, 3.555206055527218e-06]",1.5497404800215325e-16,1.1102230246251565e-15,"[0.9516451309925819, 0.00022476121268284277, 5.959625979537217e-05, 2.449374854467381e-05, 2.076691897356605e-05, 1.8265590295065668e-05, 5.997703352659759e-06, 3.5552060554965162e-06]"
20,15,metastable_reversible,16,"[0.9056284553418908, 5.0517602729484813e-08, 3.551714174459107e-09, 5.999437060532125e-10, 4.312649047351789e-10, 3.3363177313272927e-10, 3.597241789127243e-11, 1.2639487791705284e-11]",3.2996563481846823e-16,2.55351295663786e-15,"[0.9056284553418883, 5.051760272666209e-08, 3.551714181597493e-09, 5.999437177697104e-10, 4.312649236546576e-10, 3.336317888271972e-10, 3.597244550650611e-11, 1.2639490097039098e-11]"
20,15,directed_cycle_normal,2,"[0.9666640674410089, 0.9666640674410087, 0.875843989351356, 0.8758439893513554, 0.7519405835488367, 0.7519405835488361, 0.6262546777798677, 0.6262546777798675]",9.575673587391975e-16,3.885780586188048e-15,"[0.9666640674410084, 0.966664067441008, 0.8758439893513555, 0.8758439893513549, 0.7519405835488406, 0.7519405835488356, 0.6262546777798673, 0.6262546777798668]"
20,15,directed_cycle_normal,4,"[0.9344394192815951, 0.9344394192815944, 0.7671026936828982, 0.7671026936828979, 0.565414641187765, 0.5654146411877646, 0.39219492144116563, 0.39219492144116547]",1.4918621893400541e-15,5.995204332975845e-15,"[0.9344394192815944, 0.9344394192815936, 0.7671026936828974, 0.7671026936828963, 0.565414641187771, 0.5654146411877634, 0.39219492144116547, 0.3921949214411648]"
20,15,directed_cycle_normal,8,"[0.873177028307324, 0.8731770283073229, 0.5884465426555582, 0.5884465426555578, 0.31969371646948885, 0.3196937164694888, 0.15381685640424203, 0.15381685640424203]",1.817990202823694e-15,6.938893903907228e-15,"[0.8731770283073234, 0.8731770283073218, 0.5884465426555571, 0.5884465426555554, 0.3196937164694958, 0.31969371646948724, 0.15381685640424192, 0.15381685640424142]"
20,15,directed_cycle_normal,16,"[0.7624381227636087, 0.7624381227636085, 0.3462693335632799, 0.34626933356327944, 0.10220407235007394, 0.10220407235007381, 0.023659625314083207, 0.023659625314083197]",1.6952585168983347e-15,4.427014310692812e-15,"[0.7624381227636082, 0.7624381227636055, 0.3462693335632783, 0.3462693335632764, 0.10220407235007836, 0.10220407235007292, 0.023659625314083183, 0.023659625314083024]"
20,15,directed_nonnormal,2,"[0.33502330314673695, 0.3093947468015719, 0.2677607128238984, 0.22500221525292516, 0.21719316204446115, 0.20026787817874717, 0.19095369003120286, 0.1904990456637704]",0.020886455238450435,0.03376216682167654,"[0.3675529765123637, 0.3344341687238574, 0.30152287964557495, 0.2419804287946722, 0.22178106418669652, 0.2197030151728594, 0.20951771136997746, 0.2066941514449159]"
20,15,directed_nonnormal,4,"[0.08917867633757379, 0.08500247401021693, 0.05672134305525302, 0.049213434256957934, 0.04579719498970611, 0.0387498733476798, 0.03003816157348331, 0.026683445873106972]",0.01988797176320343,0.045916514205524395,"[0.13509519054309818, 0.11184621321001753, 0.09091604694975987, 0.05855452791965341, 0.049186840431783604, 0.04826941487604569, 0.04389767137771318, 0.042722472241533825]"
20,15,directed_nonnormal,8,"[0.006322065952928203, 0.005057111819452658, 0.0028957848847672232, 0.002728320421359667, 0.0018134590299488265, 0.001333721515103953, 0.0007442573023844272, 0.000691054823794744]",0.0036712959214216627,0.011928644554947798,"[0.018250710507876, 0.0125095754094207, 0.008265727592970942, 0.0034286327398934707, 0.0024193452716617424, 0.0023299364124758208, 0.001927005552385699, 0.0018252096344286283]"
20,15,directed_nonnormal,16,"[1.979223584127798e-05, 1.6878911854021388e-05, 7.559058812395209e-06, 5.987766024551756e-06, 3.1211164844963953e-06, 2.3560330911574734e-06, 5.769772957422562e-07, 4.85064470548359e-07]",6.640313725457344e-05,0.0003132961982010175,"[0.0003330884340422955, 0.00015648947692398308, 6.832225264120119e-05, 1.1755522465069408e-05, 5.8532315435120305e-06, 5.428603686180699e-06, 3.7133503989253125e-06, 3.3313902096110868e-06]"
20,16,reversible,2,"[0.5259098998995984, 0.5112199464807663, 0.4958227593217789, 0.4834550176319675, 0.4811814542049911, 0.47554779560931154, 0.46675093621630176, 0.4538800719036611]",1.249000902703301e-16,3.3306690738754696e-16,"[0.5259098998995982, 0.5112199464807662, 0.49582275932177855, 0.4834550176319675, 0.481181454204991, 0.4755477956093115, 0.46675093621630154, 0.45388007190366114]"
20,16,reversible,4,"[0.2765812228124055, 0.26134583367979736, 0.24584020866146247, 0.23372875407352606, 0.23153559187082987, 0.22614570590887556, 0.21785643645879407, 0.2060071196712726]",6.245004513516506e-17,1.1102230246251565e-16,"[0.27658122281240544, 0.26134583367979747, 0.24584020866146236, 0.23372875407352603, 0.23153559187082984, 0.2261457059088755, 0.21785643645879396, 0.2060071196712726]"
20,16,reversible,8,"[0.07649717281240546, 0.06830164478178828, 0.0604374081947114, 0.05462913048076284, 0.05360873030297545, 0.05114188030102363, 0.04746142690652458, 0.042438933355254026]",3.2959746043559335e-17,6.938893903907228e-17,"[0.07649717281240545, 0.06830164478178835, 0.06043740819471135, 0.05462913048076281, 0.053608730302975485, 0.051141880301023616, 0.04746142690652454, 0.04243893335525404]"
20,16,reversible,16,"[0.005851817448291018, 0.004665114679897595, 0.0036526803092941803, 0.002984341897084214, 0.0028738959646971885, 0.002615491920724228, 0.0022525870440033777, 0.0018010630643316837]",9.161508357502512e-18,2.6454533008646308e-17,"[0.005851817448291023, 0.004665114679897596, 0.0036526803092941625, 0.002984341897084208, 0.002873895964697162, 0.0026154919207242275, 0.002252587044003371, 0.0018010630643316937]"
20,16,metastable_reversible,2,"[0.9863623432969891, 0.09979150746992702, 0.08454317555517214, 0.07894990963780239, 0.06427027850328193, 0.06107102742132554, 0.052806289484615423, 0.043265671137997494]",6.938893903907228e-17,2.220446049250313e-16,"[0.9863623432969894, 0.09979150746992695, 0.08454317555517213, 0.07894990963780243, 0.06427027850328186, 0.061071027421325495, 0.05280628948461533, 0.0432656711379975]"
20,16,metastable_reversible,4,"[0.9729106722743276, 0.009958344963120508, 0.0071475485329526465, 0.006233088231817171, 0.004130668698889415, 0.0037296703902962992, 0.0027885042091329885, 0.0018719182990213296]",3.618524750670371e-17,2.220446049250313e-16,"[0.9729106722743278, 0.009958344963120484, 0.0071475485329526535, 0.006233088231817171, 0.004130668698889415, 0.0037296703902962905, 0.002788504209132996, 0.0018719182990213498]"
20,16,metastable_reversible,8,"[0.9465551762252838, 9.916863440451248e-05, 5.108745003089244e-05, 3.885138890561194e-05, 1.70624238999779e-05, 1.391044122024087e-05, 7.775755724361597e-06, 3.504078118205854e-06]",1.0533082339211799e-16,7.771561172376096e-16,"[0.9465551762252846, 9.916863440450711e-05, 5.108745003091363e-05, 3.88513889056177e-05, 1.7062423899984772e-05, 1.3910441220252883e-05, 7.775755724352435e-06, 3.5040781182109833e-06]"
20,16,metastable_reversible,16,"[0.8959667016388785, 9.834418070572047e-09, 2.6099275703110224e-09, 1.5094304291595405e-09, 2.911263012820582e-10, 1.9350036800431288e-10, 6.046237936579067e-11, 1.227860368658828e-11]",1.5219521936176465e-16,1.1102230246251565e-15,"[0.8959667016388796, 9.834418049654793e-09, 2.609927550661097e-09, 1.5094304198955544e-09, 2.9112630934277156e-10, 1.9350037494211053e-10, 6.046237708479967e-11, 1.2278563458525025e-11]"
20,16,directed_cycle_normal,2,"[0.9666640674410089, 0.9666640674410087, 0.875843989351356, 0.8758439893513554, 0.7519405835488367, 0.7519405835488361, 0.6262546777798677, 0.6262546777798675]",9.575673587391975e-16,3.885780586188048e-15,"[0.9666640674410084, 0.966664067441008, 0.8758439893513555, 0.8758439893513549, 0.7519405835488406, 0.7519405835488356, 0.6262546777798673, 0.6262546777798668]"
20,16,directed_cycle_normal,4,"[0.9344394192815951, 0.9344394192815944, 0.7671026936828982, 0.7671026936828979, 0.565414641187765, 0.5654146411877646, 0.39219492144116563, 0.39219492144116547]",1.4918621893400541e-15,5.995204332975845e-15,"[0.9344394192815944, 0.9344394192815936, 0.7671026936828974, 0.7671026936828963, 0.565414641187771, 0.5654146411877634, 0.39219492144116547, 0.3921949214411648]"
20,16,directed_cycle_normal,8,"[0.873177028307324, 0.8731770283073229, 0.5884465426555582, 0.5884465426555578, 0.31969371646948885, 0.3196937164694888, 0.15381685640424203, 0.15381685640424203]",1.817990202823694e-15,6.938893903907228e-15,"[0.8731770283073234, 0.8731770283073218, 0.5884465426555571, 0.5884465426555554, 0.3196937164694958, 0.31969371646948724, 0.15381685640424192, 0.15381685640424142]"
20,16,directed_cycle_normal,16,"[0.7624381227636087, 0.7624381227636085, 0.3462693335632799, 0.34626933356327944, 0.10220407235007394, 0.10220407235007381, 0.023659625314083207, 0.023659625314083197]",1.6952585168983347e-15,4.427014310692812e-15,"[0.7624381227636082, 0.7624381227636055, 0.3462693335632783, 0.3462693335632764, 0.10220407235007836, 0.10220407235007292, 0.023659625314083183, 0.023659625314083024]"
20,16,directed_nonnormal,2,"[0.29978912124233226, 0.2765064701876464, 0.2633332231768645, 0.2369866251563266, 0.23309309722096735, 0.2302951987996512, 0.19422872720162326, 0.18416837984391995]",0.024033482738317166,0.03841903266001481,"[0.3354201112274977, 0.2968319011368962, 0.28963075295687557, 0.2754056578163414, 0.25698830699185904, 0.2418370187882306, 0.21857463053361662, 0.19598032528455167]"
20,16,directed_nonnormal,4,"[0.07106324937791919, 0.06686618741326575, 0.058811174545892096, 0.05515454291174972, 0.05200486043296676, 0.049519869112762856, 0.03783816900594785, 0.032327445718180296]",0.018434483755476454,0.04144340163794773,"[0.11250665101586692, 0.08810917753254413, 0.08388597305836669, 0.07584827635725172, 0.06604298993054197, 0.05848514365637901, 0.04777486911290701, 0.038408287898638684]"
20,16,directed_nonnormal,8,"[0.004301594999292783, 0.0036955128177624465, 0.002826256805457034, 0.002627571881551426, 0.002344631045028638, 0.002155677300591853, 0.00118291345193958, 0.0010976623565754364]",0.0030648492222395463,0.008356151523513286,"[0.012657746522806069, 0.007763227165461378, 0.007036856475949022, 0.005752961026366031, 0.004361676518965668, 0.00342051202850729, 0.0022824381187553956, 0.0014751965793047149]"
20,16,directed_nonnormal,16,"[1.4384647216982771e-05, 1.1929486356256003e-05, 4.95028350370533e-06, 4.796373535450354e-06, 2.8712885565673727e-06, 2.7214364694465028e-06, 2.4880872339237747e-06, 2.296245243908959e-06]",3.6876529809418814e-05,0.00014583389981862635,"[0.00016021854703560912, 6.0267696022557505e-05, 4.9517349063105684e-05, 3.30965605708865e-05, 1.902422205609647e-05, 1.1699902537163054e-05, 5.20952376594767e-06, 2.176204947592332e-06]"
20,17,reversible,2,"[0.5251899156096322, 0.5082487292241796, 0.50614492351243, 0.49032117651031026, 0.4794626860533669, 0.47528954303287857, 0.46749445025034714, 0.45219788123877724]",1.3183898417423734e-16,3.3306690738754696e-16,"[0.5251899156096319, 0.5082487292241797, 0.50614492351243, 0.49032117651031015, 0.4794626860533671, 0.4752895430328784, 0.467494450250347, 0.45219788123877724]"
20,17,reversible,4,"[0.2758244474580525, 0.2583167707579933, 0.25618268359740354, 0.24041485613445468, 0.22988446731750958, 0.22590014971640232, 0.21855106101487426, 0.20448292379683927]",1.0755285551056204e-16,2.220446049250313e-16,"[0.2758244474580523, 0.25831677075799353, 0.2561826835974037, 0.2404148561344547, 0.22988446731750967, 0.22590014971640238, 0.2185510610148742, 0.2044829237968393]"
20,17,reversible,8,"[0.07607912581554008, 0.06672755405483773, 0.06562956737516738, 0.05779930305015056, 0.05284686831385513, 0.051030877641893006, 0.04776456627072724, 0.041813266124504006]",5.2909066017292616e-17,2.0816681711721685e-16,"[0.07607912581553987, 0.06672755405483778, 0.06562956737516745, 0.057799303050150554, 0.052846868313855176, 0.051030877641893006, 0.04776456627072726, 0.04181326612450399]"
20,17,reversible,16,"[0.005788033384856775, 0.00445256647014131, 0.004307240113851641, 0.0033407594330831358, 0.0027927914905819516, 0.0026041504729018543, 0.002281453791030706, 0.0017483492239985946]",8.023096076392733e-18,3.0357660829594124e-17,"[0.005788033384856744, 0.004452566470141298, 0.004307240113851643, 0.0033407594330831427, 0.0027927914905819503, 0.0026041504729018557, 0.002281453791030697, 0.0017483492239985933]"
20,17,metastable_reversible,2,"[0.9870350614156905, 0.09300808720476991, 0.07443765569480303, 0.06994051330719347, 0.0637787613123578, 0.050746061141187924, 0.05016072906808316, 0.04185761270206503]",4.683753385137379e-17,1.1102230246251565e-16,"[0.9870350614156906, 0.09300808720476997, 0.07443765569480305, 0.0699405133071935, 0.06377876131235784, 0.050746061141187834, 0.050160729068083144, 0.04185761270206502]"
20,17,metastable_reversible,4,"[0.9742382124638754, 0.008650504285490102, 0.005540964585338044, 0.004891675401673725, 0.004067730394538722, 0.002575162721345222, 0.0025160987406416513, 0.0017520597411161127]",1.2671612890924333e-16,8.881784197001252e-16,"[0.9742382124638763, 0.008650504285490095, 0.005540964585338045, 0.004891675401673712, 0.004067730394538714, 0.002575162721345174, 0.002516098740641641, 0.0017520597411160752]"
20,17,metastable_reversible,8,"[0.9491400946248072, 7.483122439326089e-05, 3.070228853598186e-05, 2.392848823536478e-05, 1.654643056263752e-05, 6.631463041418844e-06, 6.3307528726725354e-06, 3.0697133364536087e-06]",2.3650102211493886e-16,1.7763568394002505e-15,"[0.949140094624809, 7.483122439328251e-05, 3.070228853597042e-05, 2.3928488235339675e-05, 1.6546430562654077e-05, 6.631463041405882e-06, 6.330752872658452e-06, 3.0697133364397284e-06]"
20,17,metastable_reversible,16,"[0.9008669192243877, 5.599712119072439e-09, 9.426305143712042e-10, 5.725725572798048e-10, 2.737843700858161e-10, 4.3976300488620935e-11, 4.007841907941225e-11, 9.423144517816586e-12]",4.521964983795972e-16,3.552713678800501e-15,"[0.9008669192243912, 5.599712144197799e-09, 9.426305213459804e-10, 5.725725492287892e-10, 2.7378436436473296e-10, 4.397630206953215e-11, 4.007843193467324e-11, 9.423139967915929e-12]"
20,17,directed_cycle_normal,2,"[0.9666640674410089, 0.9666640674410087, 0.875843989351356, 0.8758439893513554, 0.7519405835488367, 0.7519405835488361, 0.6262546777798677, 0.6262546777798675]",9.575673587391975e-16,3.885780586188048e-15,"[0.9666640674410084, 0.966664067441008, 0.8758439893513555, 0.8758439893513549, 0.7519405835488406, 0.7519405835488356, 0.6262546777798673, 0.6262546777798668]"
20,17,directed_cycle_normal,4,"[0.9344394192815951, 0.9344394192815944, 0.7671026936828982, 0.7671026936828979, 0.565414641187765, 0.5654146411877646, 0.39219492144116563, 0.39219492144116547]",1.4918621893400541e-15,5.995204332975845e-15,"[0.9344394192815944, 0.9344394192815936, 0.7671026936828974, 0.7671026936828963, 0.565414641187771, 0.5654146411877634, 0.39219492144116547, 0.3921949214411648]"
20,17,directed_cycle_normal,8,"[0.873177028307324, 0.8731770283073229, 0.5884465426555582, 0.5884465426555578, 0.31969371646948885, 0.3196937164694888, 0.15381685640424203, 0.15381685640424203]",1.817990202823694e-15,6.938893903907228e-15,"[0.8731770283073234, 0.8731770283073218, 0.5884465426555571, 0.5884465426555554, 0.3196937164694958, 0.31969371646948724, 0.15381685640424192, 0.15381685640424142]"
20,17,directed_cycle_normal,16,"[0.7624381227636087, 0.7624381227636085, 0.3462693335632799, 0.34626933356327944, 0.10220407235007394, 0.10220407235007381, 0.023659625314083207, 0.023659625314083197]",1.6952585168983347e-15,4.427014310692812e-15,"[0.7624381227636082, 0.7624381227636055, 0.3462693335632783, 0.3462693335632764, 0.10220407235007836, 0.10220407235007292, 0.023659625314083183, 0.023659625314083024]"
20,17,directed_nonnormal,2,"[0.3536644589771567, 0.33227664329690043, 0.300459011646739, 0.2654700364801321, 0.23798132023984012, 0.22854199208861942, 0.21503613730955493, 0.2104529878273175]",0.022354102238778976,0.048257690469187126,"[0.37742709706492233, 0.3502263360164434, 0.331706964017706, 0.29738032555999677, 0.28623901070902724, 0.24568167412989259, 0.22288829048552683, 0.2111657077929769]"
20,17,directed_nonnormal,4,"[0.11479393944076846, 0.09793904924411942, 0.07393702613593334, 0.06122233798412674, 0.056647337225030556, 0.05086137167917034, 0.04068538872874715, 0.03647919145857439]",0.020946378573514852,0.03609248384191038,"[0.1424512135988543, 0.12265848643950268, 0.11002950997784372, 0.08843505803016967, 0.08193277125168262, 0.06035948500326673, 0.04967919003556059, 0.0445909561477089]"
20,17,directed_nonnormal,8,"[0.010982000487865901, 0.008647345415623817, 0.004806765447276482, 0.003661781542455129, 0.002904098799668967, 0.0025345750812590722, 0.0013283159369935275, 0.0012418716007986208]",0.004246321565229353,0.009310347767920514,"[0.020292348255786415, 0.015045104295629663, 0.01210649306596441, 0.007820759488799477, 0.006712979004980551, 0.0036432674298595815, 0.002468021922589342, 0.0019883533701668984]"
20,17,directed_nonnormal,16,"[9.59940956184922e-05, 7.685580543606417e-05, 1.5859819147990658e-05, 1.4342626887847955e-05, 7.4667833899550254e-06, 7.073318196017576e-06, 1.8925657471596984e-06, 1.759809684622437e-06]",8.662541953150682e-05,0.00031578530211562566,"[0.00041177939773411786, 0.00022635516326637416, 0.00014656717435624432, 6.116427898164704e-05, 4.5064087121309666e-05, 1.327339756547564e-05, 6.091132210381593e-06, 3.953549124654062e-06]"
20,18,reversible,2,"[0.5327324270552242, 0.5185048158041852, 0.5001321254578414, 0.4814359880547766, 0.4768342087562958, 0.469822459626619, 0.46714416353411037, 0.4618411533574995]",1.5959455978986625e-16,4.440892098500626e-16,"[0.5327324270552246, 0.5185048158041851, 0.5001321254578416, 0.4814359880547766, 0.47683420875629595, 0.46982245962661917, 0.4671441635341104, 0.46184115335749937]"
20,18,reversible,4,"[0.2838038388361498, 0.2688472440121319, 0.25013214291497804, 0.23178061059427893, 0.2273708626402425, 0.22073314356960605, 0.21822366952398367, 0.21329725093458535]",1.457167719820518e-16,3.885780586188048e-16,"[0.2838038388361502, 0.2688472440121319, 0.25013214291497815, 0.231780610594279, 0.2273708626402428, 0.22073314356960622, 0.2182236695239837, 0.21329725093458526]"
20,18,reversible,8,"[0.08054461893813529, 0.07227884061291882, 0.06256608891923895, 0.05372225144745676, 0.05169750917776807, 0.0487231206701203, 0.04762156994051284, 0.04549571725625146]",8.153200337090993e-17,2.220446049250313e-16,"[0.08054461893813551, 0.07227884061291878, 0.06256608891923907, 0.053722251447456806, 0.051697509177768164, 0.04872312067012039, 0.04762156994051285, 0.045495717256251435]"
20,18,reversible,16,"[0.006487435639889414, 0.005224230800347724, 0.003914515482650088, 0.002886080300583777, 0.0026726324551854144, 0.0023739424878351286, 0.0022678139235991495, 0.0020698602886607804]",1.6696713456276768e-17,4.5102810375396984e-17,"[0.006487435639889459, 0.005224230800347717, 0.0039145154826501286, 0.002886080300583775, 0.002672632455185424, 0.002373942487835113, 0.0022678139235991573, 0.0020698602886607747]"
20,18,metastable_reversible,2,"[0.9874110890144867, 0.12196346732762328, 0.1083892827754628, 0.10017844539683038, 0.06310978630897857, 0.05696182841908473, 0.04213978045629538, 0.04163613211130486]",1.1362438767648086e-16,4.440892098500626e-16,"[0.9874110890144872, 0.12196346732762317, 0.1083892827754629, 0.1001784453968304, 0.06310978630897848, 0.05696182841908467, 0.042139780456295337, 0.04163613211130483]"
20,18,metastable_reversible,4,"[0.9749806587087743, 0.014875087362576195, 0.01174823662057921, 0.01003572092212573, 0.003982845127964937, 0.003244649896845283, 0.0017757610969047627, 0.0017335674971900264]",1.6788870640938036e-16,1.2212453270876722e-15,"[0.9749806587087755, 0.014875087362576206, 0.011748236620579259, 0.010035720922125731, 0.003982845127964927, 0.0032446498968452422, 0.0017757610969047707, 0.0017335674971900293]"
20,18,metastable_reversible,8,"[0.9505872848561954, 0.00022126822404428814, 0.00013802106369310835, 0.00010071569442680473, 1.586305531331521e-05, 1.0527752953107135e-05, 3.1533274732788356e-06, 3.005256267311895e-06]",3.0256604505030766e-16,2.3314683517128287e-15,"[0.9505872848561977, 0.0002212682240442743, 0.00013802106369311954, 0.00010071569442679214, 1.586305531335396e-05, 1.052775295309784e-05, 3.1533274732804344e-06, 3.0052562673137026e-06]"
20,18,metastable_reversible,16,"[0.9036161861302733, 4.895962695463172e-08, 1.9049814020447407e-08, 1.0143651106205583e-08, 2.5163652412037645e-10, 1.1083359252402453e-10, 9.943462432242069e-12, 9.031557696400046e-12]",5.754553717809562e-16,4.551914400963142e-15,"[0.9036161861302778, 4.8959626971707174e-08, 1.9049814022980165e-08, 1.0143651103870968e-08, 2.516365238745273e-10, 1.1083358224146028e-10, 9.943474153745169e-12, 9.031565232228287e-12]"
20,18,directed_cycle_normal,2,"[0.9666640674410089, 0.9666640674410087, 0.875843989351356, 0.8758439893513554, 0.7519405835488367, 0.7519405835488361, 0.6262546777798677, 0.6262546777798675]",9.575673587391975e-16,3.885780586188048e-15,"[0.9666640674410084, 0.966664067441008, 0.8758439893513555, 0.8758439893513549, 0.7519405835488406, 0.7519405835488356, 0.6262546777798673, 0.6262546777798668]"
20,18,directed_cycle_normal,4,"[0.9344394192815951, 0.9344394192815944, 0.7671026936828982, 0.7671026936828979, 0.565414641187765, 0.5654146411877646, 0.39219492144116563, 0.39219492144116547]",1.4918621893400541e-15,5.995204332975845e-15,"[0.9344394192815944, 0.9344394192815936, 0.7671026936828974, 0.7671026936828963, 0.565414641187771, 0.5654146411877634, 0.39219492144116547, 0.3921949214411648]"
20,18,directed_cycle_normal,8,"[0.873177028307324, 0.8731770283073229, 0.5884465426555582, 0.5884465426555578, 0.31969371646948885, 0.3196937164694888, 0.15381685640424203, 0.15381685640424203]",1.817990202823694e-15,6.938893903907228e-15,"[0.8731770283073234, 0.8731770283073218, 0.5884465426555571, 0.5884465426555554, 0.3196937164694958, 0.31969371646948724, 0.15381685640424192, 0.15381685640424142]"
20,18,directed_cycle_normal,16,"[0.7624381227636087, 0.7624381227636085, 0.3462693335632799, 0.34626933356327944, 0.10220407235007394, 0.10220407235007381, 0.023659625314083207, 0.023659625314083197]",1.6952585168983347e-15,4.427014310692812e-15,"[0.7624381227636082, 0.7624381227636055, 0.3462693335632783, 0.3462693335632764, 0.10220407235007836, 0.10220407235007292, 0.023659625314083183, 0.023659625314083024]"
20,18,directed_nonnormal,2,"[0.2833071022743813, 0.2735265630056085, 0.2429701293663363, 0.2342050796305708, 0.22006054517024795, 0.20337996949878717, 0.18871663931811536, 0.1644599649477496]",0.019231781366250075,0.02650716107347159,"[0.306328393797179, 0.2989440415517876, 0.2694772904398079, 0.25352451878925764, 0.2309003266902869, 0.21800485322616, 0.20094598118844548, 0.18635483845887302]"
20,18,directed_nonnormal,4,"[0.07113549553684634, 0.06666410726114848, 0.053260548670919915, 0.04672261151545303, 0.04289233289860458, 0.037497773196352766, 0.030365314602269898, 0.027966139640689253]",0.01494268540776975,0.022703432718168423,"[0.0938370848463596, 0.0893675399793169, 0.07261801006278058, 0.06427468162732464, 0.05331496086568122, 0.04752611603015957, 0.04037928735578709, 0.03472812581703266]"
20,18,directed_nonnormal,8,"[0.00432050255067769, 0.003815669686070397, 0.002505511633051934, 0.002216079555155464, 0.0012455526140365033, 0.0011497532536122609, 0.0007889508526116313, 0.0006852645683318992]",0.0021758784239735186,0.004484895941785201,"[0.00880539849246289, 0.007986557201954805, 0.005273375385478102, 0.004131234698293944, 0.0028424850521091205, 0.00225873170491219, 0.001630486847361227, 0.0012060427227636504]"
20,18,directed_nonnormal,16,"[1.1448929712578961e-05, 1.0256091672885234e-05, 7.416397090816022e-06, 6.333124788024317e-06, 1.5522284505677283e-06, 1.2795718284732552e-06, 3.9262826859247017e-07, 3.5603135022683285e-07]",2.055691750904271e-05,6.608611289848878e-05,"[7.753504261106775e-05, 6.378509594009617e-05, 2.780848795616632e-05, 1.7067100132387853e-05, 8.079721271463787e-06, 5.10186891477553e-06, 2.6584873594179528e-06, 1.4545390491311593e-06]"
20,19,reversible,2,"[0.516416573885284, 0.5081677402814305, 0.5051899769249439, 0.4917771424435951, 0.4874089023127939, 0.47575124630333826, 0.4701082796896242, 0.4615168212789582]",1.6653345369377348e-16,4.440892098500626e-16,"[0.5164165738852841, 0.508167740281431, 0.5051899769249438, 0.49177714244359527, 0.48740890231279366, 0.47575124630333826, 0.4701082796896244, 0.4615168212789583]"
20,19,reversible,4,"[0.2666860777834151, 0.2582344522627354, 0.25521691278542524, 0.2418447578299879, 0.2375674380537625, 0.22633924835917954, 0.2210017946327379, 0.2129977763234338]",1.8041124150158794e-16,4.996003610813204e-16,"[0.2666860777834151, 0.2582344522627359, 0.2552169127854253, 0.2418447578299882, 0.2375674380537624, 0.22633924835917965, 0.2210017946327381, 0.21299777632343397]"
20,19,reversible,8,"[0.07112146408350173, 0.06668503233543495, 0.06513567257172334, 0.05848888688984552, 0.0564382876234283, 0.05122945534779835, 0.04884179323089082, 0.04536805271872752]",9.540979117872439e-17,2.636779683484747e-16,"[0.07112146408350173, 0.06668503233543521, 0.0651356725717234, 0.05848888688984564, 0.056438287623428236, 0.05122945534779841, 0.04884179323089095, 0.045368052718727604]"
20,19,reversible,16,"[0.005058262653380828, 0.004446893537578018, 0.004242655841370764, 0.003420949889613132, 0.003185280309864816, 0.0026244570952320685, 0.002385520766009097, 0.0020582602074892334]",1.0083080204115191e-17,2.5153490401663703e-17,"[0.005058262653380826, 0.00444689353757804, 0.004242655841370759, 0.003420949889613157, 0.003185280309864813, 0.0026244570952320707, 0.002385520766009105, 0.0020582602074892473]"
20,19,metastable_reversible,2,"[0.9873957665262139, 0.1274722660243134, 0.1035183711287917, 0.09543899593567291, 0.09524389189646706, 0.0683725854699871, 0.06108198421049583, 0.05485214013324734]",1.1015494072452725e-16,5.551115123125783e-16,"[0.9873957665262133, 0.12747226602431339, 0.10351837112879154, 0.09543899593567295, 0.09524389189646706, 0.06837258546998704, 0.06108198421049584, 0.05485214013324736]"
20,19,metastable_reversible,4,"[0.9749503997538891, 0.016249178605373303, 0.01071605316115822, 0.009108601945209356, 0.009071398943585897, 0.0046748104438507024, 0.0037310087950912243, 0.0030087572771974095]",1.0028870095490916e-16,6.661338147750939e-16,"[0.9749503997538884, 0.01624917860537332, 0.010716053161158224, 0.0091086019452094, 0.009071398943585905, 0.0046748104438506825, 0.0037310087950912633, 0.003008757277197405]"
20,19,metastable_reversible,8,"[0.9505282819802683, 0.00026403580534933646, 0.00011483379535277948, 8.296662939626436e-05, 8.229027879368712e-05, 2.1853852685916845e-05, 1.3920426629070674e-05, 9.05262035309662e-06]",1.9121112333731708e-16,1.4432899320127035e-15,"[0.9505282819802668, 0.000264035805349322, 0.00011483379535276918, 8.296662939627246e-05, 8.229027879369149e-05, 2.1853852685935412e-05, 1.392042662904836e-05, 9.052620353088344e-06]"
20,19,metastable_reversible,16,"[0.9035040148443602, 6.9714906504212e-08, 1.3186800563369142e-08, 6.883461598352671e-09, 6.771689996732377e-09, 4.775908748147814e-10, 1.9377826176149808e-10, 8.194994169271447e-11]",3.119208649256589e-16,2.4424906541753444e-15,"[0.9035040148443577, 6.971490650646506e-08, 1.318680055512167e-08, 6.883461593378422e-09, 6.771689983943471e-09, 4.775908772185664e-10, 1.9377827753471871e-10, 8.194993525714934e-11]"
20,19,directed_cycle_normal,2,"[0.9666640674410089, 0.9666640674410087, 0.875843989351356, 0.8758439893513554, 0.7519405835488367, 0.7519405835488361, 0.6262546777798677, 0.6262546777798675]",9.575673587391975e-16,3.885780586188048e-15,"[0.9666640674410084, 0.966664067441008, 0.8758439893513555, 0.8758439893513549, 0.7519405835488406, 0.7519405835488356, 0.6262546777798673, 0.6262546777798668]"
20,19,directed_cycle_normal,4,"[0.9344394192815951, 0.9344394192815944, 0.7671026936828982, 0.7671026936828979, 0.565414641187765, 0.5654146411877646, 0.39219492144116563, 0.39219492144116547]",1.4918621893400541e-15,5.995204332975845e-15,"[0.9344394192815944, 0.9344394192815936, 0.7671026936828974, 0.7671026936828963, 0.565414641187771, 0.5654146411877634, 0.39219492144116547, 0.3921949214411648]"
20,19,directed_cycle_normal,8,"[0.873177028307324, 0.8731770283073229, 0.5884465426555582, 0.5884465426555578, 0.31969371646948885, 0.3196937164694888, 0.15381685640424203, 0.15381685640424203]",1.817990202823694e-15,6.938893903907228e-15,"[0.8731770283073234, 0.8731770283073218, 0.5884465426555571, 0.5884465426555554, 0.3196937164694958, 0.31969371646948724, 0.15381685640424192, 0.15381685640424142]"
20,19,directed_cycle_normal,16,"[0.7624381227636087, 0.7624381227636085, 0.3462693335632799, 0.34626933356327944, 0.10220407235007394, 0.10220407235007381, 0.023659625314083207, 0.023659625314083197]",1.6952585168983347e-15,4.427014310692812e-15,"[0.7624381227636082, 0.7624381227636055, 0.3462693335632783, 0.3462693335632764, 0.10220407235007836, 0.10220407235007292, 0.023659625314083183, 0.023659625314083024]"
20,19,directed_nonnormal,2,"[0.30479039920720813, 0.29276887667239343, 0.25893380030973423, 0.23757591619444068, 0.22939530339944936, 0.2069156474170776, 0.19462465748368626, 0.17733843362124976]",0.020719493394757958,0.03707053099381574,"[0.34186093020102387, 0.31125705976347634, 0.2744562306206991, 0.2639334463717855, 0.2592553793389834, 0.23195636342172907, 0.19749761388716922, 0.1878819578584366]"
20,19,directed_nonnormal,4,"[0.08278483511460295, 0.07693769748209914, 0.06436183009275481, 0.05144354379407561, 0.04447977869261615, 0.04128735605649969, 0.033052100118034326, 0.029029780176072037]",0.016335257723980947,0.03408406048330634,"[0.11686889559790929, 0.0968809572526043, 0.0753262225265224, 0.06966086411368817, 0.06721335171620019, 0.053803754531833246, 0.03900530749112537, 0.035299630088719336]"
20,19,directed_nonnormal,8,"[0.0052445609988669515, 0.004842486057233454, 0.003820021373082034, 0.0027184574098546802, 0.0020805818805946924, 0.001761982142677674, 0.000845754123995508, 0.000775889217080812]",0.0027076447212220143,0.008413777759408072,"[0.013658338758275023, 0.00938591987818094, 0.005674039800115169, 0.00485263598906573, 0.00451763464892563, 0.002894844001721767, 0.0015214140124772408, 0.0012460638844004196]"
20,19,directed_nonnormal,16,"[2.3147914571447933e-05, 2.0259051458721345e-05, 1.000643358420826e-05, 7.404477606310365e-06, 4.93197757961471e-06, 4.325544800778671e-06, 5.802514810919271e-07, 5.319837691624071e-07]",3.6482174857076024e-05,0.00016340230306434978,"[0.0001865502176357977, 8.809549195963213e-05, 3.2194727653290985e-05, 2.354807604237593e-05, 2.04090228211734e-05, 8.380121794304493e-06, 2.314700597362098e-06, 1.5526752040070624e-06]"
50,0,reversible,2,"[0.5103093716375616, 0.5026359453831593, 0.4973918013446591, 0.49401365062039343, 0.4892272047493468, 0.4884477056969095, 0.4860692546323211, 0.48347472200606834]",2.2898349882893854e-16,6.106226635438361e-16,"[0.5103093716375614, 0.502635945383159, 0.4973918013446589, 0.4940136506203933, 0.48922720474934683, 0.4884477056969089, 0.48606925463232087, 0.4834747220060685]"
50,0,reversible,4,"[0.2604156547811231, 0.2526428935912223, 0.24739860404488492, 0.244049486999288, 0.23934325786685925, 0.2385811612005744, 0.23626332029882025, 0.23374780681884516]",1.942890293094024e-16,3.0531133177191805e-16,"[0.26041565478112283, 0.252642893591222, 0.24739860404488462, 0.24404948699928802, 0.2393432578668593, 0.23858116120057413, 0.23626332029881997, 0.23374780681884522]"
50,0,reversible,8,"[0.06781631325508103, 0.06382843168214566, 0.06120606928335776, 0.059560152104615606, 0.05728519508632188, 0.05692097047981449, 0.05582035651862292, 0.05463803719262014]",9.974659986866641e-17,1.6653345369377348e-16,"[0.06781631325508093, 0.06382843168214553, 0.061206069283357596, 0.05956015210461565, 0.05728519508632191, 0.056920970479814335, 0.05582035651862279, 0.054638037192620184]"
50,0,reversible,16,"[0.004599052343511297, 0.004074068691002339, 0.0037461829171191847, 0.0035474117187249466, 0.0032815935760779538, 0.0032399968803639304, 0.0031159122018661746, 0.0029853151082621454]",1.6696713456276768e-17,3.5128150388530344e-17,"[0.004599052343511266, 0.004074068691002319, 0.0037461829171191708, 0.003547411718724952, 0.0032815935760779603, 0.0032399968803638953, 0.003115912201866154, 0.0029853151082621467]"
50,0,metastable_reversible,2,"[0.9854401342249188, 0.04415696188624076, 0.04060969375641663, 0.0358707904419774, 0.03548875815077709, 0.03311150042374027, 0.029448830346264887, 0.02730132312457622]",7.632783294297951e-17,1.5959455978986625e-16,"[0.9854401342249189, 0.044156961886240784, 0.04060969375641678, 0.03587079044197748, 0.03548875815077704, 0.03311150042374025, 0.029448830346264915, 0.02730132312457638]"
50,0,metastable_reversible,4,"[0.9710922581412259, 0.0019498372830228919, 0.001649147226989978, 0.0012867136069322576, 0.001259451955084354, 0.0010963714603113473, 0.0008672336087630862, 0.0007453622443525662]",6.993104012531504e-17,4.440892098500626e-16,"[0.9710922581412263, 0.0019498372830229211, 0.001649147226989956, 0.0012867136069322632, 0.0012594519550843436, 0.001096371460311351, 0.0008672336087630933, 0.0007453622443525289]"
50,0,metastable_reversible,8,"[0.9430201738218248, 3.801865430295035e-06, 2.7196865763084987e-06, 1.6556319062603197e-06, 1.5862192271759969e-06, 1.2020303789777754e-06, 7.520941321458247e-07, 5.555648753432908e-07]",1.9668067977553411e-16,1.4432899320127035e-15,"[0.9430201738218262, 3.8018654302662065e-06, 2.719686576288661e-06, 1.6556319062646345e-06, 1.5862192271657757e-06, 1.2020303789852441e-06, 7.520941321682581e-07, 5.555648753062391e-07]"
50,0,metastable_reversible,16,"[0.889287048234945, 1.4454187114396537e-11, 7.396697912129657e-12, 2.7411219852215216e-12, 2.516099520350581e-12, 1.4448809065065541e-12, 5.656539476893984e-13, 3.08676239338693e-13]",2.98734861929478e-16,2.3314683517128287e-15,"[0.8892870482349473, 1.4454180749853249e-11, 7.39669507324474e-12, 2.7411170090414676e-12, 2.5160914366303905e-12, 1.4448770320034098e-12, 5.656455836419253e-13, 3.08652330674037e-13]"
50,0,directed_cycle_normal,2,"[0.9945585300304386, 0.9945585300304378, 0.978481395548591, 0.9784813955485906, 0.952496378015923, 0.9524963780159226, 0.9177704894228919, 0.9177704894228913]",3.469446951953614e-16,1.3322676295501878e-15,"[0.9945585300304399, 0.9945585300304373, 0.9784813955485915, 0.9784813955485908, 0.952496378015923, 0.9524963780159226, 0.9177704894228916, 0.9177704894228913]"
50,0,directed_cycle_normal,4,"[0.9891466696563073, 0.9891466696563059, 0.9574258414347186, 0.9574258414347181, 0.9072493501334505, 0.90724935013345, 0.8423026712555345, 0.8423026712555336]",9.992007221626409e-16,2.1094237467877974e-15,"[0.9891466696563094, 0.989146669656304, 0.9574258414347192, 0.957425841434718, 0.9072493501334521, 0.9072493501334512, 0.8423026712555342, 0.8423026712555334]"
50,0,directed_cycle_normal,8,"[0.978411134092164, 0.9784111340921603, 0.9166642418469805, 0.9166642418469764, 0.8231013833175681, 0.8231013833175679, 0.709473790004209, 0.7094737900042083]",1.8457457784393227e-15,3.9968028886505635e-15,"[0.978411134092168, 0.9784111340921575, 0.9166642418469801, 0.9166642418469776, 0.8231013833175711, 0.8231013833175695, 0.7094737900042084, 0.7094737900042071]"
50,0,directed_cycle_normal,16,"[0.9572883473155148, 0.9572883473155083, 0.8402733322808952, 0.8402733322808946, 0.677495887219297, 0.6774958872192949, 0.5033530587029361, 0.5033530587029357]",3.0253577421035516e-15,7.549516567451064e-15,"[0.9572883473155224, 0.9572883473155019, 0.8402733322808988, 0.8402733322808943, 0.6774958872192991, 0.6774958872192967, 0.5033530587029356, 0.5033530587029338]"
50,0,directed_nonnormal,2,"[0.1428332422004978, 0.13656836676848483, 0.12639427552113236, 0.11855383272626382, 0.11032623845255203, 0.10893754298543905, 0.10280104166473006, 0.09756616467875566]",0.015504911967771576,0.018525446330835804,"[0.16135868853133362, 0.15251666697554955, 0.14291795670750937, 0.13236405925875225, 0.12772535583133127, 0.12205404903948328, 0.11728949279564838, 0.11179373160042053]"
50,0,directed_nonnormal,4,"[0.017506067408623868, 0.014563468861077513, 0.013919242064625763, 0.01205645019805289, 0.010013414349018153, 0.009187111482800948, 0.00880683246400475, 0.008689285767788347]",0.006245936870171811,0.008697864844253179,"[0.026036626364551934, 0.023261333705330692, 0.020425542349449523, 0.017520244183454475, 0.01631376652224019, 0.014897190886932588, 0.013756825120260453, 0.012497838425146863]"
50,0,directed_nonnormal,8,"[0.00022118825617860563, 0.0001369138576474043, 0.00013488287369467104, 0.00010111508880867654, 8.882973925729146e-05, 8.139258799079808e-05, 6.885660224936426e-05, 5.752744871253782e-05]",0.0002357452896662613,0.0004567176562686751,"[0.0006779059124472807, 0.0005410896457507537, 0.00041720278026915596, 0.00030695895624787035, 0.0002661389781421648, 0.00022192629632170733, 0.00018925023738942902, 0.00015619596530107744]"
50,0,directed_nonnormal,16,"[2.4242869442346577e-08, 9.991603633400531e-09, 8.291981904796312e-09, 7.661301108712915e-09, 6.78420961250998e-09, 4.950059706239617e-09, 4.095793041386201e-09, 2.1880939325528655e-09]",1.4158806847334043e-07,4.3531355668863374e-07,"[4.5955642613098033e-07, 2.9277800473867606e-07, 1.7405815986431364e-07, 9.422380082078197e-08, 7.082995568655566e-08, 4.9251280999070245e-08, 3.5815652351955235e-08, 2.4397179576335383e-08]"
50,1,reversible,2,"[0.49903927745652676, 0.49403558454403423, 0.49283478069641345, 0.4908034800092585, 0.4851174067757954, 0.4820572141647907, 0.47953081238486, 0.4782229213159134]",2.220446049250313e-16,3.3306690738754696e-16,"[0.4990392774565271, 0.49403558454403435, 0.4928347806964138, 0.49080348000925866, 0.4851174067757956, 0.48205721416479097, 0.47953081238486, 0.4782229213159137]"
50,1,reversible,4,"[0.24904020044433237, 0.24407115879576546, 0.24288612106408194, 0.24088805598919863, 0.23533889835687252, 0.23237915772831902, 0.2299498000264838, 0.2286971624719262]",2.1163626406917047e-16,3.608224830031759e-16,"[0.24904020044433262, 0.2440711587957657, 0.24288612106408228, 0.24088805598919877, 0.23533889835687274, 0.23237915772831913, 0.22994980002648382, 0.22869716247192656]"
50,1,reversible,8,"[0.06202102143735326, 0.05957073055590786, 0.05899366780555588, 0.05802705551825533, 0.05538439707982641, 0.054000072946522974, 0.0528769105322199, 0.05230239212271064]",7.025630077706069e-17,1.5265566588595902e-16,"[0.062021021437353364, 0.05957073055590788, 0.05899366780555603, 0.058027055518255356, 0.05538439707982649, 0.054000072946523016, 0.0528769105322199, 0.05230239212271078]"
50,1,reversible,16,"[0.0038466071001326337, 0.003548671938964574, 0.0034802528411522885, 0.0033671391721186907, 0.0030674314398958847, 0.002916007878229801, 0.0027959676674323966, 0.002735540221757788]",7.426784881525705e-18,1.214306433183765e-17,"[0.003846607100132646, 0.0035486719389645764, 0.003480252841152298, 0.0033671391721186894, 0.0030674314398958925, 0.0029160078782298074, 0.0027959676674323875, 0.0027355402217577986]"
50,1,metastable_reversible,2,"[0.9853405211309181, 0.044692647039368046, 0.04038840452728337, 0.038751440735853224, 0.03484730352860308, 0.03149239317944154, 0.030337286762724142, 0.029795916388159135]",1.1535911115245767e-16,6.661338147750939e-16,"[0.9853405211309187, 0.04469264703936803, 0.04038840452728342, 0.03875144073585323, 0.034847303528603, 0.0314923931794416, 0.030337286762724146, 0.029795916388159174]"
50,1,metastable_reversible,4,"[0.9708959425825496, 0.0019974326993855433, 0.0016312232202594704, 0.0015016741591043286, 0.001214334563214567, 0.00099177082816854, 0.0009203509681237514, 0.0008877966334101845]",1.0767482825496666e-16,7.771561172376096e-16,"[0.9708959425825504, 0.001997432699385532, 0.0016312232202594882, 0.0015016741591043453, 0.001214334563214587, 0.0009917708281685397, 0.0009203509681237577, 0.0008877966334101725]"
50,1,metastable_reversible,8,"[0.9426389313232574, 3.989737388576823e-06, 2.66088919430994e-06, 2.255025280117148e-06, 1.474608431323522e-06, 9.836093755967711e-07, 8.470459045380948e-07, 7.881828622930987e-07]",2.2405583171872744e-16,1.6653345369377348e-15,"[0.942638931323259, 3.9897373885745736e-06, 2.6608891943137344e-06, 2.255025280121742e-06, 1.4746084314175619e-06, 9.83609375606111e-07, 8.470459045263381e-07, 7.881828622944361e-07]"
50,1,metastable_reversible,16,"[0.8885681548462525, 1.591800749557385e-11, 7.080321927744955e-12, 5.085136094342976e-12, 2.1745066151510063e-12, 9.674932503347256e-13, 7.174863166756014e-13, 6.21245912107676e-13]",4.3920307076656055e-16,3.4416913763379853e-15,"[0.888568154846256, 1.5918004429789853e-11, 7.080331304415595e-12, 5.0851390139881425e-12, 2.1744700260077626e-12, 9.674874037802435e-13, 7.174867643748424e-13, 6.2123222441465e-13]"
50,1,directed_cycle_normal,2,"[0.9945585300304386, 0.9945585300304378, 0.978481395548591, 0.9784813955485906, 0.952496378015923, 0.9524963780159226, 0.9177704894228919, 0.9177704894228913]",3.469446951953614e-16,1.3322676295501878e-15,"[0.9945585300304399, 0.9945585300304373, 0.9784813955485915, 0.9784813955485908, 0.952496378015923, 0.9524963780159226, 0.9177704894228916, 0.9177704894228913]"
50,1,directed_cycle_normal,4,"[0.9891466696563073, 0.9891466696563059, 0.9574258414347186, 0.9574258414347181, 0.9072493501334505, 0.90724935013345, 0.8423026712555345, 0.8423026712555336]",9.992007221626409e-16,2.1094237467877974e-15,"[0.9891466696563094, 0.989146669656304, 0.9574258414347192, 0.957425841434718, 0.9072493501334521, 0.9072493501334512, 0.8423026712555342, 0.8423026712555334]"
50,1,directed_cycle_normal,8,"[0.978411134092164, 0.9784111340921603, 0.9166642418469805, 0.9166642418469764, 0.8231013833175681, 0.8231013833175679, 0.709473790004209, 0.7094737900042083]",1.8457457784393227e-15,3.9968028886505635e-15,"[0.978411134092168, 0.9784111340921575, 0.9166642418469801, 0.9166642418469776, 0.8231013833175711, 0.8231013833175695, 0.7094737900042084, 0.7094737900042071]"
50,1,directed_cycle_normal,16,"[0.9572883473155148, 0.9572883473155083, 0.8402733322808952, 0.8402733322808946, 0.677495887219297, 0.6774958872192949, 0.5033530587029361, 0.5033530587029357]",3.0253577421035516e-15,7.549516567451064e-15,"[0.9572883473155224, 0.9572883473155019, 0.8402733322808988, 0.8402733322808943, 0.6774958872192991, 0.6774958872192967, 0.5033530587029356, 0.5033530587029338]"
50,1,directed_nonnormal,2,"[0.1406572713467145, 0.13200323936439373, 0.12265037251154408, 0.11179747404515583, 0.1102596603156448, 0.10545411625370948, 0.09669417636535796, 0.0938916138623886]",0.015440808519028685,0.021366516699415486,"[0.15091056109120615, 0.14867485851238652, 0.14401688921095956, 0.1298166871546383, 0.12240478005935015, 0.11768111282157043, 0.11533633492275985, 0.1080931684442675]"
50,1,directed_nonnormal,4,"[0.017085357036906952, 0.014540186017413931, 0.01139348454887899, 0.009982114738396471, 0.00979695765654183, 0.009010909745139288, 0.0075740523262491045, 0.007456147326497722]",0.0061813269952950564,0.009347379829122811,"[0.022773997448862663, 0.02210421355367815, 0.0207408643780018, 0.016852372263805232, 0.014982930181377887, 0.013848844314923189, 0.013302470153415034, 0.011684133064320788]"
50,1,directed_nonnormal,8,"[0.00017355198558590407, 0.0001707061604091108, 9.046124452710664e-05, 7.86716287806271e-05, 7.216484439898773e-05, 5.811011907386015e-05, 4.790369365907236e-05, 4.241438010176268e-05]",0.00021465080368522415,0.000345102974214899,"[0.0005186549598008031, 0.0004885962568266088, 0.000430183455146664, 0.0002840024509178719, 0.0002244881968200444, 0.00019179048885898032, 0.0001769557121824978, 0.00013651896546475428]"
50,1,directed_nonnormal,16,"[2.1140770481074397e-08, 1.9670343230998872e-08, 3.834400224589288e-09, 3.6852995139922923e-09, 2.785859260481659e-09, 2.3890667350476943e-09, 1.4238997803276434e-09, 1.1553758977043407e-09]",1.0681109321623418e-07,2.478621968448983e-07,"[2.690029673259727e-07, 2.387263021849734e-07, 1.850578050819219e-07, 8.065739212735823e-08, 5.039495051151499e-08, 3.6783591616766656e-08, 3.1313324074015e-08, 1.8637427931566773e-08]"
50,2,reversible,2,"[0.5153450336469921, 0.4896294607737751, 0.4864852616400769, 0.4837504329257503, 0.47890493293737907, 0.47589034430334387, 0.4757725540198499, 0.47008658496012745]",5.551115123125783e-17,1.1102230246251565e-16,"[0.5153450336469921, 0.4896294607737752, 0.486485261640077, 0.4837504329257504, 0.47890493293737907, 0.475890344303344, 0.47577255401984997, 0.47008658496012745]"
50,2,reversible,4,"[0.2655805037046193, 0.2397370088576181, 0.23666790979301405, 0.2340144813558508, 0.22934993479175553, 0.22647161980115546, 0.226359523158571, 0.2209813973594753]",1.3530843112619095e-16,2.220446049250313e-16,"[0.2655805037046195, 0.2397370088576179, 0.23666790979301416, 0.23401448135585093, 0.22934993479175556, 0.22647161980115527, 0.22635952315857102, 0.22098139735947514]"
50,2,reversible,8,"[0.07053300394799927, 0.057473833415997565, 0.056011699525794295, 0.05476277748424787, 0.05260139258898253, 0.05128939457535907, 0.05123863372457569, 0.0488327779789463]",4.336808689942018e-17,1.3877787807814457e-16,"[0.07053300394799941, 0.05747383341599756, 0.05601169952579428, 0.054762777484247904, 0.05260139258898252, 0.05128939457535902, 0.051238633724575655, 0.048832777978946244]"
50,2,reversible,16,"[0.004974904645928469, 0.0033032415275298377, 0.003137310483767866, 0.002998961797789259, 0.0027669065023002396, 0.0026306019959068585, 0.0026253975859612095, 0.002384640205141046]",1.2847795743953228e-17,3.209238430557093e-17,"[0.004974904645928501, 0.0033032415275298373, 0.003137310483767864, 0.0029989617977892492, 0.002766906502300265, 0.0026306019959068676, 0.0026253975859612216, 0.0023846402051410573]"
50,2,metastable_reversible,2,"[0.9856982181082873, 0.04978245717106194, 0.044795653342560554, 0.04000022337177297, 0.035739013086499585, 0.03175708700508019, 0.029321264216721186, 0.0265788634347308]",9.237402509576498e-17,5.551115123125783e-16,"[0.9856982181082878, 0.04978245717106193, 0.044795653342560554, 0.04000022337177293, 0.035739013086499516, 0.031757087005080245, 0.029321264216721186, 0.026578863434730784]"
50,2,metastable_reversible,4,"[0.971600977181853, 0.002478293041988615, 0.002006650558386877, 0.0016000178697917246, 0.00127727705639698, 0.0010085125750482287, 0.0008597365352667951, 0.0007064359814820719]",9.097811479868989e-17,6.661338147750939e-16,"[0.9716009771818537, 0.0024782930419886156, 0.0020066505583868563, 0.0016000178697917293, 0.001277277056396984, 0.0010085125750482367, 0.0008597365352667742, 0.0007064359814820691]"
50,2,metastable_reversible,8,"[0.9440084588607318, 6.141936401951395e-06, 4.026646463488911e-06, 2.5600571836503854e-06, 1.6314366787950059e-06, 1.0170976140308686e-06, 7.391469100993006e-07, 4.990517959365193e-07]",1.6131144263439152e-16,1.2212453270876722e-15,"[0.944008458860733, 6.141936401969185e-06, 4.026646463474283e-06, 2.5600571836528634e-06, 1.631436678798144e-06, 1.0170976140304252e-06, 7.391469100725174e-07, 4.990517959325342e-07]"
50,2,metastable_reversible,16,"[0.8911519704006141, 3.772338039262038e-11, 1.6213861598308956e-11, 6.55389554530005e-12, 2.6615861044363574e-12, 1.0344742544452318e-12, 5.463327089770098e-13, 2.4902098858671433e-13]",2.870807688214337e-16,2.220446049250313e-15,"[0.8911519704006163, 3.7723382765834185e-11, 1.6213881741809947e-11, 6.553892783572631e-12, 2.6615856369279183e-12, 1.034487556466384e-12, 5.463381546697501e-13, 2.490526950234878e-13]"
50,2,directed_cycle_normal,2,"[0.9945585300304386, 0.9945585300304378, 0.978481395548591, 0.9784813955485906, 0.952496378015923, 0.9524963780159226, 0.9177704894228919, 0.9177704894228913]",3.469446951953614e-16,1.3322676295501878e-15,"[0.9945585300304399, 0.9945585300304373, 0.9784813955485915, 0.9784813955485908, 0.952496378015923, 0.9524963780159226, 0.9177704894228916, 0.9177704894228913]"
50,2,directed_cycle_normal,4,"[0.9891466696563073, 0.9891466696563059, 0.9574258414347186, 0.9574258414347181, 0.9072493501334505, 0.90724935013345, 0.8423026712555345, 0.8423026712555336]",9.992007221626409e-16,2.1094237467877974e-15,"[0.9891466696563094, 0.989146669656304, 0.9574258414347192, 0.957425841434718, 0.9072493501334521, 0.9072493501334512, 0.8423026712555342, 0.8423026712555334]"
50,2,directed_cycle_normal,8,"[0.978411134092164, 0.9784111340921603, 0.9166642418469805, 0.9166642418469764, 0.8231013833175681, 0.8231013833175679, 0.709473790004209, 0.7094737900042083]",1.8457457784393227e-15,3.9968028886505635e-15,"[0.978411134092168, 0.9784111340921575, 0.9166642418469801, 0.9166642418469776, 0.8231013833175711, 0.8231013833175695, 0.7094737900042084, 0.7094737900042071]"
50,2,directed_cycle_normal,16,"[0.9572883473155148, 0.9572883473155083, 0.8402733322808952, 0.8402733322808946, 0.677495887219297, 0.6774958872192949, 0.5033530587029361, 0.5033530587029357]",3.0253577421035516e-15,7.549516567451064e-15,"[0.9572883473155224, 0.9572883473155019, 0.8402733322808988, 0.8402733322808943, 0.6774958872192991, 0.6774958872192967, 0.5033530587029356, 0.5033530587029338]"
50,2,directed_nonnormal,2,"[0.14122111413654057, 0.1271428173804598, 0.1252764490921264, 0.11944025455351537, 0.11302285329502089, 0.10226670202328784, 0.10160078305326146, 0.09349113349990414]",0.015306628624240056,0.01958502180843799,"[0.16080613594497856, 0.14230810570329372, 0.13733098962774054, 0.13161771669285505, 0.12518830998675015, 0.12164365731169109, 0.11884231170059364, 0.10817790906013416]"
50,2,directed_nonnormal,4,"[0.016092648468046422, 0.013471122910363313, 0.011854551789529382, 0.011374226431652732, 0.011133518146038319, 0.009025105524015257, 0.008077242736269346, 0.007575055037158157]",0.006248126337922943,0.009765964889508497,"[0.02585861335755492, 0.02025159694885982, 0.01885980071213458, 0.01732322334744066, 0.015672112957338648, 0.014797179364164137, 0.014123495050341058, 0.011702460008622656]"
50,2,directed_nonnormal,8,"[0.00019857675989341813, 0.00012270796484300972, 0.00011567184639098052, 9.283695706669546e-05, 8.440914527064001e-05, 7.961502978871214e-05, 4.656666922721722e-05, 4.46590764093274e-05]",0.00021881626116057227,0.0004700911248820996,"[0.0006686678847755178, 0.00041012717897906837, 0.00035569208290143204, 0.00030009406714531306, 0.0002456151245475819, 0.00021895651713524494, 0.00019947311243700833, 0.00013694757025341258]"
50,2,directed_nonnormal,16,"[1.8601463779896806e-08, 1.2818508511258108e-08, 8.18514051295407e-09, 7.404416708057885e-09, 4.915135056721304e-09, 3.6708596653205535e-09, 1.9286516786266444e-09, 1.7867603579556908e-09]",1.1742453989467743e-07,4.285152763502683e-07,"[4.4711674013016506e-07, 1.6820430293732878e-07, 1.265168578387592e-07, 9.005644913581568e-08, 6.032678940652417e-08, 4.7941956395996816e-08, 3.978952258530737e-08, 1.8754636998313377e-08]"
50,3,reversible,2,"[0.5036860733195403, 0.49994143461949525, 0.4934359461169921, 0.49064858886526974, 0.48625286802719697, 0.4849332277533034, 0.480733691653988, 0.47949399877803417]",1.1102230246251565e-16,2.7755575615628914e-16,"[0.5036860733195404, 0.4999414346194953, 0.4934359461169924, 0.49064858886526985, 0.4862528680271969, 0.4849332277533035, 0.48073369165398794, 0.47949399877803406]"
50,3,reversible,4,"[0.2536996604560573, 0.24994143804939914, 0.24347903292037135, 0.24073603775548041, 0.23644185166467455, 0.23516023537923722, 0.23110488229127146, 0.22991449486414933]",7.632783294297951e-17,1.942890293094024e-16,"[0.2536996604560574, 0.24994143804939908, 0.24347903292037137, 0.2407360377554806, 0.23644185166467457, 0.2351602353792373, 0.23110488229127157, 0.22991449486414933]"
50,3,reversible,8,"[0.06436351771551878, 0.0624707224542016, 0.05928203947183925, 0.05795383987420808, 0.05590474921862001, 0.0553003363036183, 0.05340946661886245, 0.05286067494863698]",3.9898639947466563e-17,9.71445146547012e-17,"[0.06436351771551883, 0.062470722454201606, 0.05928203947183929, 0.05795383987420818, 0.055904749218619966, 0.055300336303618296, 0.05340946661886249, 0.05286067494863695]"
50,3,reversible,16,"[0.004142662412715908, 0.003902591163949877, 0.0035143602039407027, 0.0033586475561653522, 0.003125340985196795, 0.0030581271952932953, 0.0028525711245114024, 0.002794250956025435]",1.0570971181733668e-17,1.8648277366750676e-17,"[0.004142662412715906, 0.0039025911639498883, 0.0035143602039407118, 0.0033586475561653622, 0.00312534098519679, 0.003058127195293283, 0.002852571124511387, 0.0027942509560254535]"
50,3,metastable_reversible,2,"[0.9855228243043173, 0.05046462016521278, 0.048044425044351115, 0.03570276912138313, 0.03255885357218054, 0.030819666346511954, 0.02910617514288304, 0.02686291927432465]",6.678685382510707e-17,3.3306690738754696e-16,"[0.9855228243043169, 0.05046462016521285, 0.048044425044351156, 0.03570276912138315, 0.032558853572180545, 0.03081966634651191, 0.02910617514288303, 0.026862919274324656]"
50,3,metastable_reversible,4,"[0.9712552372247582, 0.0025466778884192113, 0.0023082667778422713, 0.001274687722934795, 0.001060078945934708, 0.000949851833710301, 0.000847169431448182, 0.0007216164319389045]",7.777795334867887e-17,5.551115123125783e-16,"[0.9712552372247576, 0.002546677888419208, 0.0023082667778422765, 0.0012746877229347902, 0.0010600789459346937, 0.0009498518337103188, 0.0008471694314481819, 0.000721616431938883]"
50,3,metastable_reversible,8,"[0.9433367358365212, 6.4855682673341795e-06, 5.328095517710326e-06, 1.6248287909948147e-06, 1.123767371624912e-06, 9.022185060045234e-07, 7.176960455755335e-07, 5.207302748404723e-07]",1.482735144635593e-16,1.1102230246251565e-15,"[0.9433367358365201, 6.485568267363315e-06, 5.328095517690365e-06, 1.6248287910006804e-06, 1.1237673716140113e-06, 9.02218506002855e-07, 7.176960455802358e-07, 5.207302748442047e-07]"
50,3,metastable_reversible,16,"[0.8898841971787028, 4.206260504559573e-11, 2.838861030921221e-11, 2.640065386891314e-12, 1.2628508008514438e-12, 8.139987114604637e-13, 5.150902672970817e-13, 2.7119576083080756e-13]",2.9920234465594323e-16,2.3314683517128287e-15,"[0.8898841971787005, 4.206259575062999e-11, 2.8388601845632157e-11, 2.640068600064733e-12, 1.2628531055042633e-12, 8.139982325740238e-13, 5.150876138415078e-13, 2.711600191393209e-13]"
50,3,directed_cycle_normal,2,"[0.9945585300304386, 0.9945585300304378, 0.978481395548591, 0.9784813955485906, 0.952496378015923, 0.9524963780159226, 0.9177704894228919, 0.9177704894228913]",3.469446951953614e-16,1.3322676295501878e-15,"[0.9945585300304399, 0.9945585300304373, 0.9784813955485915, 0.9784813955485908, 0.952496378015923, 0.9524963780159226, 0.9177704894228916, 0.9177704894228913]"
50,3,directed_cycle_normal,4,"[0.9891466696563073, 0.9891466696563059, 0.9574258414347186, 0.9574258414347181, 0.9072493501334505, 0.90724935013345, 0.8423026712555345, 0.8423026712555336]",9.992007221626409e-16,2.1094237467877974e-15,"[0.9891466696563094, 0.989146669656304, 0.9574258414347192, 0.957425841434718, 0.9072493501334521, 0.9072493501334512, 0.8423026712555342, 0.8423026712555334]"
50,3,directed_cycle_normal,8,"[0.978411134092164, 0.9784111340921603, 0.9166642418469805, 0.9166642418469764, 0.8231013833175681, 0.8231013833175679, 0.709473790004209, 0.7094737900042083]",1.8457457784393227e-15,3.9968028886505635e-15,"[0.978411134092168, 0.9784111340921575, 0.9166642418469801, 0.9166642418469776, 0.8231013833175711, 0.8231013833175695, 0.7094737900042084, 0.7094737900042071]"
50,3,directed_cycle_normal,16,"[0.9572883473155148, 0.9572883473155083, 0.8402733322808952, 0.8402733322808946, 0.677495887219297, 0.6774958872192949, 0.5033530587029361, 0.5033530587029357]",3.0253577421035516e-15,7.549516567451064e-15,"[0.9572883473155224, 0.9572883473155019, 0.8402733322808988, 0.8402733322808943, 0.6774958872192991, 0.6774958872192967, 0.5033530587029356, 0.5033530587029338]"
50,3,directed_nonnormal,2,"[0.1347159903173381, 0.12475619623552434, 0.12141473409865457, 0.11693149878452086, 0.11164838126566241, 0.10849745505790721, 0.10596875022617933, 0.09667329353334989]",0.01539098712352136,0.017434320981521242,"[0.1516577050910247, 0.1407828977365146, 0.13518186817656982, 0.13105100762217914, 0.12908270224718366, 0.12410627760931163, 0.11850131946581582, 0.11337041855870823]"
50,3,directed_nonnormal,4,"[0.014439300049644714, 0.01292442571171209, 0.01239484592675571, 0.011233040079239169, 0.01059563999501529, 0.008883965474535585, 0.008475088335078025, 0.008003454928028786]",0.00628484425898042,0.008560759463831499,"[0.023000059513476213, 0.019819824295089924, 0.0182741374837075, 0.017174366598788453, 0.016662344019435078, 0.015402368142039526, 0.01404256271513934, 0.012852851804176696]"
50,3,directed_nonnormal,8,"[0.00016107101710416695, 0.00014764002967869203, 0.0001055730082604421, 9.885089867666439e-05, 7.93244919323356e-05, 6.485842123590402e-05, 5.4746526660136564e-05, 4.879324392874025e-05]",0.00020839119047391178,0.0003679317205192807,"[0.0005290027376234477, 0.0003928254350882368, 0.0003339441007734435, 0.00029495886806958047, 0.00027763370822200383, 0.0002372329443829141, 0.00019719356760862156, 0.00016519579950012814]"
50,3,directed_nonnormal,16,"[1.7916584638252098e-08, 1.501461920876605e-08, 6.3990848152275965e-09, 5.62973747629527e-09, 4.269307447980315e-09, 4.1024123542783825e-09, 2.188778556561117e-09, 1.3149423508696162e-09]",9.692181867897454e-08,2.619273117748501e-07,"[2.7984389641310225e-07, 1.5431182245226252e-07, 1.1151866244138377e-07, 8.700073385288818e-08, 7.708047594110076e-08, 5.6279469900586815e-08, 3.8885303106216e-08, 2.7289652172486537e-08]"
50,4,reversible,2,"[0.5168965459934582, 0.504137874511836, 0.5010863111732408, 0.4998453320835524, 0.4984583552390117, 0.4953942773653442, 0.4942196223802569, 0.4848433142283122]",2.636779683484747e-16,6.661338147750939e-16,"[0.516896545993458, 0.5041378745118353, 0.5010863111732403, 0.4998453320835522, 0.4984583552390119, 0.49539427736534425, 0.49421962238025713, 0.4848433142283121]"
50,4,reversible,4,"[0.2671820392599673, 0.2541549965173113, 0.2510874912452058, 0.24984535600571667, 0.24846073190758086, 0.24541549004633142, 0.24425303514568358, 0.2350730393518939]",2.220446049250313e-16,3.885780586188048e-16,"[0.2671820392599671, 0.25415499651731105, 0.2510874912452054, 0.24984535600571656, 0.248460731907581, 0.24541549004633165, 0.24425303514568394, 0.23507303935189383]"
50,4,reversible,8,"[0.0713862421031147, 0.0645947622547145, 0.06304492825981121, 0.0624227019176233, 0.06173273530005078, 0.06022876275468099, 0.05965954517787854, 0.05525933383013702]",9.194034422677078e-17,1.8041124150158794e-16,"[0.0713862421031146, 0.0645947622547144, 0.06304492825981109, 0.062422701917623245, 0.061732735300050835, 0.060228762754681114, 0.05965954517787872, 0.05525933383013702]"
50,4,reversible,16,"[0.005095995561604518, 0.004172483310743077, 0.003974662979284751, 0.0038965937146964703, 0.003810930607626129, 0.0036275038629596484, 0.003559261330831331, 0.0030535939753505163]",1.691355389077387e-17,2.688821387764051e-17,"[0.005095995561604491, 0.0041724833107430765, 0.003974662979284727, 0.003896593714696445, 0.0038109306076261422, 0.0036275038629596627, 0.003559261330831352, 0.0030535939753505263]"
50,4,metastable_reversible,2,"[0.9852507547077505, 0.042684482757722186, 0.041014261067178634, 0.03907695377485357, 0.03728230051183901, 0.03472028923715761, 0.031218127634444662, 0.028275995091604268]",8.239936510889834e-17,5.551115123125783e-16,"[0.985250754707751, 0.04268448275772215, 0.04101426106717865, 0.03907695377485358, 0.03728230051183902, 0.03472028923715758, 0.03121812763444467, 0.028275995091604268]"
50,4,metastable_reversible,4,"[0.9707190496521914, 0.0018219650682942874, 0.0016821696108866861, 0.0015270083163220409, 0.001389969931455098, 0.0012054984847118717, 0.00097457149300048, 0.0007995318984203895]",2.0511749850710137e-16,1.5543122344752192e-15,"[0.9707190496521929, 0.0018219650682942798, 0.0016821696108866861, 0.0015270083163220437, 0.001389969931455072, 0.0012054984847118806, 0.0009745714930004778, 0.0007995318984204287]"
50,4,metastable_reversible,8,"[0.9422954733576536, 3.3195567100932285e-06, 2.829694599795027e-06, 2.3317543981156727e-06, 1.932016410354151e-06, 1.4532265966454559e-06, 9.497895949874686e-07, 6.392512566069803e-07]",3.81608234777433e-16,2.9976021664879227e-15,"[0.9422954733576566, 3.3195567100845795e-06, 2.8296945997906652e-06, 2.3317543981166824e-06, 1.932016410349217e-06, 1.4532265966426405e-06, 9.497895949691804e-07, 6.392512565917746e-07]"
50,4,metastable_reversible,16,"[0.8879207591103248, 1.101945305065589e-11, 8.00718081947661e-12, 5.437062806701824e-12, 3.732674256475232e-12, 2.111871114440259e-12, 9.020592490358489e-13, 4.0862343112548245e-13]",6.931677122320415e-16,5.440092820663267e-15,"[0.8879207591103302, 1.1019456751467557e-11, 8.007171528084454e-12, 5.437078573136493e-12, 3.7326874098586754e-12, 2.1118675411895516e-12, 9.021002747117198e-13, 4.0864216905416286e-13]"
50,4,directed_cycle_normal,2,"[0.9945585300304386, 0.9945585300304378, 0.978481395548591, 0.9784813955485906, 0.952496378015923, 0.9524963780159226, 0.9177704894228919, 0.9177704894228913]",3.469446951953614e-16,1.3322676295501878e-15,"[0.9945585300304399, 0.9945585300304373, 0.9784813955485915, 0.9784813955485908, 0.952496378015923, 0.9524963780159226, 0.9177704894228916, 0.9177704894228913]"
50,4,directed_cycle_normal,4,"[0.9891466696563073, 0.9891466696563059, 0.9574258414347186, 0.9574258414347181, 0.9072493501334505, 0.90724935013345, 0.8423026712555345, 0.8423026712555336]",9.992007221626409e-16,2.1094237467877974e-15,"[0.9891466696563094, 0.989146669656304, 0.9574258414347192, 0.957425841434718, 0.9072493501334521, 0.9072493501334512, 0.8423026712555342, 0.8423026712555334]"
50,4,directed_cycle_normal,8,"[0.978411134092164, 0.9784111340921603, 0.9166642418469805, 0.9166642418469764, 0.8231013833175681, 0.8231013833175679, 0.709473790004209, 0.7094737900042083]",1.8457457784393227e-15,3.9968028886505635e-15,"[0.978411134092168, 0.9784111340921575, 0.9166642418469801, 0.9166642418469776, 0.8231013833175711, 0.8231013833175695, 0.7094737900042084, 0.7094737900042071]"
50,4,directed_cycle_normal,16,"[0.9572883473155148, 0.9572883473155083, 0.8402733322808952, 0.8402733322808946, 0.677495887219297, 0.6774958872192949, 0.5033530587029361, 0.5033530587029357]",3.0253577421035516e-15,7.549516567451064e-15,"[0.9572883473155224, 0.9572883473155019, 0.8402733322808988, 0.8402733322808943, 0.6774958872192991, 0.6774958872192967, 0.5033530587029356, 0.5033530587029338]"
50,4,directed_nonnormal,2,"[0.1329563924331381, 0.12316753432109716, 0.11743200526052337, 0.11148699146088, 0.10147226277180407, 0.10000215199698578, 0.09627992739940207, 0.094457508578273]",0.01387164763165004,0.017404782037814148,"[0.14929376113490814, 0.13639580759964348, 0.12499732306359652, 0.12359621432817687, 0.11887704480961822, 0.11492584896470255, 0.11214661494659821, 0.10799534042805986]"
50,4,directed_nonnormal,4,"[0.014817945454528627, 0.012427335487910926, 0.01200665712233115, 0.01041052153774759, 0.008437485434517885, 0.00820457202710683, 0.007773855446817352, 0.007267872276056092]",0.005253264120993747,0.00747068165927838,"[0.022288627113807007, 0.01860381633075896, 0.01562433077306512, 0.015276024196256632, 0.014131751782667979, 0.013207950760257622, 0.012576863243980564, 0.011662993554172541]"
50,4,directed_nonnormal,8,"[0.00015093151368215314, 0.00011753934878184688, 9.509916402185951e-05, 6.956949252838567e-05, 5.6171571035053534e-05, 5.342872785368058e-05, 4.786678237906026e-05, 4.241522919474026e-05]",0.00016946236974946542,0.0003458513849361797,"[0.0004967828986183328, 0.00034610198206861374, 0.00024411971210614965, 0.0002333569152446181, 0.0001997064084469396, 0.00017444996328538987, 0.00015817748905778932, 0.0001360254186446702]"
50,4,directed_nonnormal,16,"[1.0332262470998515e-08, 9.437868865736024e-09, 4.091396009406301e-09, 3.324626479311982e-09, 2.5224951183918365e-09, 2.34742601119265e-09, 1.6878768622404371e-09, 1.564402447624371e-09]",6.989497895562019e-08,2.364609858886343e-07,"[2.467932483596328e-07, 1.1978658199182304e-07, 5.95944338387894e-08, 5.445544989248387e-08, 3.9882649574775856e-08, 3.043278969027388e-08, 2.5020118044627055e-08, 1.8502914517457797e-08]"
50,5,reversible,2,"[0.5099512942700865, 0.49357003347019884, 0.49174312318090685, 0.49123088657302805, 0.4869072451708027, 0.4807810716433341, 0.4792624214158143, 0.47746177666815726]",1.734723475976807e-16,3.885780586188048e-16,"[0.5099512942700865, 0.4935700334701992, 0.49174312318090707, 0.4912308865730281, 0.4869072451708026, 0.48078107164333433, 0.47926242141581427, 0.47746177666815764]"
50,5,reversible,4,"[0.26005032252773636, 0.24361137793977358, 0.24181129919571254, 0.2413077839233231, 0.23707866539982006, 0.23115043885051276, 0.22969246858134967, 0.2279697481791134]",1.2836953722228372e-16,2.498001805406602e-16,"[0.26005032252773636, 0.24361137793977353, 0.24181129919571276, 0.24130778392332322, 0.23707866539982003, 0.231150438850513, 0.22969246858134953, 0.2279697481791136]"
50,5,reversible,8,"[0.06762617024677973, 0.05934650346171514, 0.05847270441871842, 0.05822944658198522, 0.056206293587759824, 0.05343052538078463, 0.05275863012299427, 0.051970206084848335]",5.637851296924623e-17,1.457167719820518e-16,"[0.06762617024677971, 0.059346503461715175, 0.058472704418718505, 0.05822944658198524, 0.056206293587759824, 0.05343052538078475, 0.05275863012299425, 0.05197020608484848]"
50,5,reversible,16,"[0.004573298902246447, 0.0035220074731313797, 0.003419057162038816, 0.003390668449244296, 0.003159147438873452, 0.0028548210424666756, 0.00278347305245492, 0.002700902320501605]",1.0408340855860843e-17,2.3418766925686896e-17,"[0.004573298902246432, 0.003522007473131371, 0.003419057162038823, 0.0033906684492442728, 0.0031591474388734508, 0.002854821042466683, 0.002783473052454916, 0.002700902320501622]"
50,5,metastable_reversible,2,"[0.9853747859358106, 0.03953344217514078, 0.03927466675047987, 0.034328537375290014, 0.03325221870825646, 0.031257877245267844, 0.028388514031662895, 0.027948672923437803]",5.334274688628682e-17,1.1102230246251565e-16,"[0.9853747859358107, 0.039533442175140765, 0.039274666750479914, 0.034328537375290034, 0.03325221870825652, 0.03125787724526775, 0.028388514031662863, 0.027948672923437754]"
50,5,metastable_reversible,4,"[0.9709634687580446, 0.0015628930502151956, 0.0015424994483612686, 0.0011784484783266807, 0.0011057100490217177, 0.000977054889880224, 0.0008059077289259034, 0.0007811283181812964]",3.4775784682472555e-17,2.220446049250313e-16,"[0.9709634687580448, 0.0015628930502151984, 0.0015424994483612523, 0.001178448478326685, 0.0011057100490217248, 0.0009770548898802274, 0.0008059077289259192, 0.0007811283181813027]"
50,5,metastable_reversible,8,"[0.942770057662654, 2.4426346864122805e-06, 2.379304548201562e-06, 1.3887408160928462e-06, 1.2225947125159013e-06, 9.546362578422848e-07, 6.494872675436213e-07, 6.10161449474342e-07]",8.987325296322526e-17,6.661338147750939e-16,"[0.9427700576626546, 2.4426346864109668e-06, 2.379304548194768e-06, 1.3887408160704795e-06, 1.2225947125076252e-06, 9.546362578388632e-07, 6.494872675425329e-07, 6.101614494647504e-07]"
50,5,metastable_reversible,16,"[0.8888153816252443, 5.966459146965655e-12, 5.661088260323898e-12, 1.928607074426023e-12, 1.494737651002984e-12, 9.113713889328406e-13, 4.2181533481209876e-13, 3.7229027385677276e-13]",1.2092703739637475e-16,8.881784197001252e-16,"[0.8888153816252452, 5.966464211258002e-12, 5.661090133060309e-12, 1.928601054220101e-12, 1.4947378310516028e-12, 9.113303847805885e-13, 4.2183371069986576e-13, 3.722969944129252e-13]"
50,5,directed_cycle_normal,2,"[0.9945585300304386, 0.9945585300304378, 0.978481395548591, 0.9784813955485906, 0.952496378015923, 0.9524963780159226, 0.9177704894228919, 0.9177704894228913]",3.469446951953614e-16,1.3322676295501878e-15,"[0.9945585300304399, 0.9945585300304373, 0.9784813955485915, 0.9784813955485908, 0.952496378015923, 0.9524963780159226, 0.9177704894228916, 0.9177704894228913]"
50,5,directed_cycle_normal,4,"[0.9891466696563073, 0.9891466696563059, 0.9574258414347186, 0.9574258414347181, 0.9072493501334505, 0.90724935013345, 0.8423026712555345, 0.8423026712555336]",9.992007221626409e-16,2.1094237467877974e-15,"[0.9891466696563094, 0.989146669656304, 0.9574258414347192, 0.957425841434718, 0.9072493501334521, 0.9072493501334512, 0.8423026712555342, 0.8423026712555334]"
50,5,directed_cycle_normal,8,"[0.978411134092164, 0.9784111340921603, 0.9166642418469805, 0.9166642418469764, 0.8231013833175681, 0.8231013833175679, 0.709473790004209, 0.7094737900042083]",1.8457457784393227e-15,3.9968028886505635e-15,"[0.978411134092168, 0.9784111340921575, 0.9166642418469801, 0.9166642418469776, 0.8231013833175711, 0.8231013833175695, 0.7094737900042084, 0.7094737900042071]"
50,5,directed_cycle_normal,16,"[0.9572883473155148, 0.9572883473155083, 0.8402733322808952, 0.8402733322808946, 0.677495887219297, 0.6774958872192949, 0.5033530587029361, 0.5033530587029357]",3.0253577421035516e-15,7.549516567451064e-15,"[0.9572883473155224, 0.9572883473155019, 0.8402733322808988, 0.8402733322808943, 0.6774958872192991, 0.6774958872192967, 0.5033530587029356, 0.5033530587029338]"
50,5,directed_nonnormal,2,"[0.12571666210655308, 0.12154321633333116, 0.113225721012825, 0.11077469348332732, 0.10373517865890952, 0.0968072442873525, 0.09574334408025087, 0.09027019991607144]",0.015768697299802063,0.021694202773831425,"[0.14117691341296576, 0.1360868142378971, 0.13491992378665643, 0.12601046361602053, 0.11627812813945897, 0.11298537126858711, 0.10873357843466275, 0.10777464538078876]"
50,5,directed_nonnormal,4,"[0.013950101982163362, 0.012054749858905393, 0.010657103727271848, 0.01024969204593072, 0.008962198674380818, 0.007552294810561378, 0.0070224396718848075, 0.006233288651227148]",0.00569691971421334,0.0075462821073253306,"[0.019930920880812036, 0.018519621009419913, 0.01820338583459718, 0.015878636940724434, 0.01352060308361644, 0.012765694120700471, 0.011822991079206955, 0.011615374186954774]"
50,5,directed_nonnormal,8,"[0.00015283445132731197, 0.0001125116206018956, 8.768291483105326e-05, 7.691491376973127e-05, 7.369298776686765e-05, 4.6810145525042606e-05, 3.6298158735345395e-05, 3.3980148376276594e-05]",0.00016543208564809143,0.0002444071558298772,"[0.00039724160715718916, 0.0003429763623325474, 0.0003313632558432132, 0.00025213111109533855, 0.0001828067077446984, 0.00016296294638328657, 0.00013978311805900725, 0.00013491691750297527]"
50,5,directed_nonnormal,16,"[1.0526689594366671e-08, 9.260772581909662e-09, 7.21157798154583e-09, 5.3712012188704e-09, 2.3672506022296313e-09, 2.1155235465773694e-09, 1.0419804318887083e-09, 1.0088172327136761e-09]",6.34523349879946e-08,1.472742048624599e-07,"[1.5780089445682658e-07, 1.1763278511886687e-07, 1.0980160732301475e-07, 6.357009718216996e-08, 3.3418292396455567e-08, 2.6556921893921934e-08, 1.953932009429836e-08, 1.8202574628504632e-08]"
50,6,reversible,2,"[0.5132042563195323, 0.5094121406407149, 0.4959534391591953, 0.4908336508916236, 0.48533342892399267, 0.4827947764087665, 0.47972878604743435, 0.47849671763384677]",1.8041124150158794e-16,4.440892098500626e-16,"[0.513204256319532, 0.5094121406407149, 0.49595343915919576, 0.49083365089162406, 0.4853334289239926, 0.48279477640876645, 0.4797287860474344, 0.47849671763384694]"
50,6,reversible,4,"[0.2633786087044842, 0.2595007290321557, 0.24596981381383365, 0.2409176728476003, 0.23554853723112046, 0.2330907961275908, 0.23013970816254503, 0.22895910878636544]",1.8388068845354155e-16,4.440892098500626e-16,"[0.263378608704484, 0.2595007290321556, 0.2459698138138341, 0.24091767284760068, 0.2355485372311202, 0.2330907961275908, 0.2301397081625451, 0.22895910878636544]"
50,6,reversible,8,"[0.06936829152310979, 0.06734062836822023, 0.060501149307612107, 0.05804132509030346, 0.0554831133917205, 0.05433131923939417, 0.05296428527314143, 0.05242227349624673]",5.811323644522304e-17,1.1102230246251565e-16,"[0.06936829152310968, 0.06734062836822023, 0.060501149307612204, 0.058041325090303554, 0.05548311339172043, 0.05433131923939409, 0.052964285273141426, 0.05242227349624672]"
50,6,reversible,16,"[0.004811959868835137, 0.004534760229026747, 0.0036603890675419777, 0.0033687954182382795, 0.003078375871638504, 0.002951892250292948, 0.002805215514494706, 0.0027480947585153126]",8.456776945386935e-18,2.1250362580715887e-17,"[0.00481195986883513, 0.004534760229026749, 0.0036603890675419846, 0.0033687954182383007, 0.0030783758716385065, 0.0029518922502929546, 0.0028052155144947053, 0.0027480947585152918]"
50,6,metastable_reversible,2,"[0.9853678371295974, 0.041841224349657646, 0.039386091171100646, 0.03821824449512844, 0.03574027983087786, 0.03272638657271119, 0.02871707347943982, 0.028472693642318987]",3.946495907847236e-17,1.1102230246251565e-16,"[0.9853678371295975, 0.04184122434965769, 0.039386091171100604, 0.03821824449512846, 0.0357402798308779, 0.03272638657271119, 0.028717073479439834, 0.02847269364231903]"
50,6,metastable_reversible,4,"[0.9709497744494607, 0.001750688055078384, 0.0015512641777382515, 0.0014606342122894462, 0.0012773676023894803, 0.001071016378106537, 0.0008246703092235331, 0.0008106942832493717]",3.960048435003305e-17,2.220446049250313e-16,"[0.970949774449461, 0.0017506880550783876, 0.0015512641777382491, 0.0014606342122894167, 0.0012773676023894577, 0.001071016378106531, 0.0008246703092235467, 0.0008106942832493546]"
50,6,metastable_reversible,8,"[0.9427434645034587, 3.064908666207317e-06, 2.4064205491448607e-06, 2.133452302137379e-06, 1.6316679916216193e-06, 1.1470760821833607e-06, 6.800811189147335e-07, 6.572252208785053e-07]",6.669419636161133e-17,4.440892098500626e-16,"[0.9427434645034591, 3.064908666194148e-06, 2.4064205491339263e-06, 2.133452302110325e-06, 1.6316679916341916e-06, 1.147076082172432e-06, 6.800811189148601e-07, 6.572252208931847e-07]"
50,6,metastable_reversible,16,"[0.8887652398639848, 9.393666133110138e-12, 5.79084362006221e-12, 4.551613469253328e-12, 2.6623665159344867e-12, 1.3157833290174336e-12, 4.625055467615099e-13, 4.31917209848324e-13]",2.4046452155929948e-17,1.1102230246251565e-16,"[0.8887652398639849, 9.39366513211199e-12, 5.790859859294028e-12, 4.551618725379845e-12, 2.6623404349235565e-12, 1.315783538292056e-12, 4.625103283044881e-13, 4.319449909780955e-13]"
50,6,directed_cycle_normal,2,"[0.9945585300304386, 0.9945585300304378, 0.978481395548591, 0.9784813955485906, 0.952496378015923, 0.9524963780159226, 0.9177704894228919, 0.9177704894228913]",3.469446951953614e-16,1.3322676295501878e-15,"[0.9945585300304399, 0.9945585300304373, 0.9784813955485915, 0.9784813955485908, 0.952496378015923, 0.9524963780159226, 0.9177704894228916, 0.9177704894228913]"
50,6,directed_cycle_normal,4,"[0.9891466696563073, 0.9891466696563059, 0.9574258414347186, 0.9574258414347181, 0.9072493501334505, 0.90724935013345, 0.8423026712555345, 0.8423026712555336]",9.992007221626409e-16,2.1094237467877974e-15,"[0.9891466696563094, 0.989146669656304, 0.9574258414347192, 0.957425841434718, 0.9072493501334521, 0.9072493501334512, 0.8423026712555342, 0.8423026712555334]"
50,6,directed_cycle_normal,8,"[0.978411134092164, 0.9784111340921603, 0.9166642418469805, 0.9166642418469764, 0.8231013833175681, 0.8231013833175679, 0.709473790004209, 0.7094737900042083]",1.8457457784393227e-15,3.9968028886505635e-15,"[0.978411134092168, 0.9784111340921575, 0.9166642418469801, 0.9166642418469776, 0.8231013833175711, 0.8231013833175695, 0.7094737900042084, 0.7094737900042071]"
50,6,directed_cycle_normal,16,"[0.9572883473155148, 0.9572883473155083, 0.8402733322808952, 0.8402733322808946, 0.677495887219297, 0.6774958872192949, 0.5033530587029361, 0.5033530587029357]",3.0253577421035516e-15,7.549516567451064e-15,"[0.9572883473155224, 0.9572883473155019, 0.8402733322808988, 0.8402733322808943, 0.6774958872192991, 0.6774958872192967, 0.5033530587029356, 0.5033530587029338]"
50,6,directed_nonnormal,2,"[0.13589146445002973, 0.12871441216214852, 0.12326611080088092, 0.11202491803984699, 0.1094802052024628, 0.1012929472888041, 0.09967671131951315, 0.09495013919539429]",0.014861248057024712,0.02183453914538755,"[0.15772600359541727, 0.1397452259097631, 0.13507283483209057, 0.1265798550719823, 0.12157916923926271, 0.11825200895340796, 0.11406444388624343, 0.11116735142711084]"
50,6,directed_nonnormal,4,"[0.01443955946381889, 0.013051786145861343, 0.012206938771350003, 0.010489024019622002, 0.009449234308420443, 0.008785966806977874, 0.008142738314645286, 0.007364354644392496]",0.006109707214513515,0.010437932746362694,"[0.024877492210181585, 0.019528728164570724, 0.018244670709577217, 0.01602245971004404, 0.014781494392909284, 0.013983537621516875, 0.013010697359077976, 0.012358180023318762]"
50,6,directed_nonnormal,8,"[0.00015058119296832226, 0.00010366280669541928, 9.681319409354039e-05, 8.439351010229767e-05, 7.670983557485529e-05, 6.283636850408653e-05, 5.71559482338978e-05, 4.688765571503246e-05]",0.00020585528939063013,0.00046830842569932314,"[0.0006188896186676454, 0.0003813712237256979, 0.0003328680093009049, 0.0002567192151599846, 0.00021849257648760863, 0.00019553932441237785, 0.00016927824576951862, 0.00015272461348875494]"
50,6,directed_nonnormal,16,"[1.2145733448707613e-08, 6.996644249485959e-09, 5.823974428697412e-09, 5.107165259647709e-09, 4.007804559593497e-09, 3.6945049155830532e-09, 2.392166007875357e-09, 2.0698617317033417e-09]",1.0011136853194618e-07,3.70878626645876e-07,"[3.830243600945836e-07, 1.454440102860363e-07, 1.1080111161594728e-07, 6.590475543235846e-08, 4.773900598019351e-08, 3.823562739164915e-08, 2.8655124490805546e-08, 2.3324807565289586e-08]"
50,7,reversible,2,"[0.5100385240296351, 0.4978860476483237, 0.4966230084030365, 0.49126943457643935, 0.48798658373178655, 0.4836179231874975, 0.48187408784386004, 0.48010322367610825]",1.1102230246251565e-16,2.7755575615628914e-16,"[0.510038524029635, 0.49788604764832367, 0.4966230084030365, 0.4912694345764392, 0.48798658373178627, 0.48361792318749747, 0.4818740878438602, 0.4801032236761082]"
50,7,reversible,4,"[0.2601392959943287, 0.2478905164428687, 0.24663441247528226, 0.24134565734905436, 0.23813090590221986, 0.2338862956281881, 0.2322026365353521, 0.23049910538419108]",1.3877787807814457e-16,2.220446049250313e-16,"[0.2601392959943286, 0.24789051644286883, 0.24663441247528248, 0.24134565734905428, 0.23813090590221966, 0.2338862956281882, 0.2322026365353523, 0.23049910538419116]"
50,7,reversible,8,"[0.067672453320425, 0.06144970814231223, 0.060828533417027694, 0.0582477263212472, 0.056706328345811935, 0.05470279928267625, 0.05391806441396888, 0.05312983758291254]",6.678685382510707e-17,1.3877787807814457e-16,"[0.06767245332042492, 0.061449708142312216, 0.06082853341702778, 0.05824772632124711, 0.056706328345811796, 0.05470279928267624, 0.05391806441396893, 0.05312983758291247]"
50,7,reversible,16,"[0.00457956093840509, 0.003776066630775361, 0.0037001104776664667, 0.0033927976215949204, 0.0032156076744630255, 0.002992396249360779, 0.002907157670148919, 0.0028227796415866424]",1.0299920638612292e-17,1.691355389077387e-17,"[0.004579560938405089, 0.0037760666307753523, 0.003700110477666465, 0.0033927976215949035, 0.003215607674463018, 0.002992396249360764, 0.0029071576701489026, 0.0028227796415866576]"
50,7,metastable_reversible,2,"[0.9855582567372594, 0.05164779419001325, 0.04532585832787887, 0.034765982075021615, 0.03415367537378061, 0.028813087460030248, 0.027172914720619955, 0.026677704481942163]",4.206704429243757e-17,1.1102230246251565e-16,"[0.9855582567372593, 0.05164779419001321, 0.045325858327878894, 0.034765982075021636, 0.034153675373780674, 0.028813087460030227, 0.02717291472061995, 0.026677704481942118]"
50,7,metastable_reversible,4,"[0.9713250774229855, 0.002667494644693989, 0.0020544334331589584, 0.0012086735096407239, 0.0011664735415376094, 0.0008301940089793666, 0.000738367294414078, 0.0007116999164258516]",1.168227840853131e-17,2.6454533008646308e-17,"[0.9713250774229855, 0.0026674946446939626, 0.002054433433158949, 0.0012086735096407256, 0.0011664735415375924, 0.0008301940089793511, 0.0007383672944140843, 0.0007116999164258346]"
50,7,metastable_reversible,8,"[0.9434724060307689, 7.115527679486061e-06, 4.220696731272255e-06, 1.4608916529151709e-06, 1.3606605231328292e-06, 6.892220925420715e-07, 5.451862614574579e-07, 5.0651677104664e-07]",2.2599222844548958e-17,1.1102230246251565e-16,"[0.9434724060307688, 7.11552767947097e-06, 4.220696731281265e-06, 1.460891652907229e-06, 1.3606605231072534e-06, 6.892220925452069e-07, 5.451862614603751e-07, 5.065167710405401e-07]"
50,7,metastable_reversible,16,"[0.8901401809414877, 5.06307287267258e-11, 1.781427125001342e-11, 2.1341940333794976e-12, 1.851414505643624e-12, 4.750346322008651e-13, 2.972163279934491e-13, 2.5656031775754245e-13]",2.178555464096802e-17,1.1102230246251565e-16,"[0.8901401809414878, 5.063073415731752e-11, 1.7814280897448355e-11, 2.134204421534016e-12, 1.8513970591425045e-12, 4.750270928523938e-13, 2.9722805968514055e-13, 2.5655923934533487e-13]"
50,7,directed_cycle_normal,2,"[0.9945585300304386, 0.9945585300304378, 0.978481395548591, 0.9784813955485906, 0.952496378015923, 0.9524963780159226, 0.9177704894228919, 0.9177704894228913]",3.469446951953614e-16,1.3322676295501878e-15,"[0.9945585300304399, 0.9945585300304373, 0.9784813955485915, 0.9784813955485908, 0.952496378015923, 0.9524963780159226, 0.9177704894228916, 0.9177704894228913]"
50,7,directed_cycle_normal,4,"[0.9891466696563073, 0.9891466696563059, 0.9574258414347186, 0.9574258414347181, 0.9072493501334505, 0.90724935013345, 0.8423026712555345, 0.8423026712555336]",9.992007221626409e-16,2.1094237467877974e-15,"[0.9891466696563094, 0.989146669656304, 0.9574258414347192, 0.957425841434718, 0.9072493501334521, 0.9072493501334512, 0.8423026712555342, 0.8423026712555334]"
50,7,directed_cycle_normal,8,"[0.978411134092164, 0.9784111340921603, 0.9166642418469805, 0.9166642418469764, 0.8231013833175681, 0.8231013833175679, 0.709473790004209, 0.7094737900042083]",1.8457457784393227e-15,3.9968028886505635e-15,"[0.978411134092168, 0.9784111340921575, 0.9166642418469801, 0.9166642418469776, 0.8231013833175711, 0.8231013833175695, 0.7094737900042084, 0.7094737900042071]"
50,7,directed_cycle_normal,16,"[0.9572883473155148, 0.9572883473155083, 0.8402733322808952, 0.8402733322808946, 0.677495887219297, 0.6774958872192949, 0.5033530587029361, 0.5033530587029357]",3.0253577421035516e-15,7.549516567451064e-15,"[0.9572883473155224, 0.9572883473155019, 0.8402733322808988, 0.8402733322808943, 0.6774958872192991, 0.6774958872192967, 0.5033530587029356, 0.5033530587029338]"
50,7,directed_nonnormal,2,"[0.13635253882685736, 0.12711713003325933, 0.11819709574976422, 0.11491294225063191, 0.10685227606775247, 0.10230130563147372, 0.09425581654788175, 0.08965664227570466]",0.013706190826559864,0.018505824762832995,"[0.14832473389197737, 0.13759196691656106, 0.1334346966297914, 0.1308840223167168, 0.12535810083058546, 0.11640621027082218, 0.1043919079233287, 0.10290363521602135]"
50,7,directed_nonnormal,4,"[0.015894854722317164, 0.013271587688525273, 0.011196316472771263, 0.010016285276765674, 0.009302258802776355, 0.008262148174898894, 0.00774582599803779, 0.00729476927027217]",0.005454382876778433,0.007114342021037152,"[0.0220002266841259, 0.01893154935996803, 0.017804818264684465, 0.017130627297802827, 0.015714653443851232, 0.013550405789614868, 0.010897670439872735, 0.01058915814067199]"
50,7,directed_nonnormal,8,"[0.00018242809943041688, 0.0001432121656655163, 0.00010295204647611548, 7.541567053171276e-05, 5.987542863237866e-05, 5.2859085343031e-05, 5.00072017461156e-05, 4.055429277649974e-05]",0.00017587910135531538,0.0003015818747225083,"[0.0004840099741529252, 0.00035840356116890597, 0.00031701155343844147, 0.00029345839161622737, 0.0002469503328603454, 0.00018361349706322815, 0.00011875922101607603, 0.00011213027012815987]"
50,7,directed_nonnormal,16,"[2.1697350496664285e-08, 1.347265203487835e-08, 6.309432404481678e-09, 5.2056808298222405e-09, 2.0675660480218717e-09, 1.9426051521061353e-09, 1.753477469019395e-09, 1.517429599099374e-09]",7.709275744829942e-08,2.12568304582851e-07,"[2.342656550795153e-07, 1.2845311265855372e-07, 1.0049632501345384e-07, 8.611782760998307e-08, 6.098446689983541e-08, 3.371391630378809e-08, 1.4103752576345194e-08, 1.2573197479014103e-08]"
50,8,reversible,2,"[0.511924139373283, 0.5042845091076223, 0.4983489763098487, 0.49747814114817, 0.4893698897027017, 0.4865099481579908, 0.48422123774520653, 0.4815540626253764]",6.245004513516506e-17,2.7755575615628914e-16,"[0.5119241393732828, 0.5042845091076223, 0.4983489763098487, 0.4974781411481703, 0.4893698897027017, 0.4865099481579908, 0.4842212377452066, 0.48155406262537637]"
50,8,reversible,4,"[0.26206632447307643, 0.2543028661259157, 0.24835170218907412, 0.24748450092023874, 0.23948288894763445, 0.23669192965669086, 0.23447020708349992, 0.2318943152310051]",7.632783294297951e-17,1.6653345369377348e-16,"[0.2620663244730763, 0.25430286612591557, 0.24835170218907415, 0.24748450092023883, 0.23948288894763442, 0.23669192965669092, 0.2344702070834999, 0.23189431523100493]"
50,8,reversible,8,"[0.06867875842282775, 0.06466994771985536, 0.06167856798021057, 0.06124857819573964, 0.05735205409870497, 0.056023069564607945, 0.054976278009779334, 0.05377497343645678]",3.5561831257524545e-17,9.71445146547012e-17,"[0.06867875842282771, 0.06466994771985535, 0.06167856798021058, 0.06124857819573969, 0.057352054098704995, 0.056023069564607925, 0.05497627800977932, 0.05377497343645668]"
50,8,reversible,16,"[0.0047167718585011354, 0.004182202138088842, 0.0038042457480894527, 0.0037513883309996153, 0.00328925810934078, 0.0031385843234409, 0.0030223911438085546, 0.0028917477680916463]",1.1872013788716274e-17,2.5153490401663703e-17,"[0.0047167718585011285, 0.0041822021380888245, 0.003804245748089458, 0.0037513883309996396, 0.0032892581093407845, 0.0031385843234408984, 0.0030223911438085446, 0.002891747768091621]"
50,8,metastable_reversible,2,"[0.9847964410686447, 0.045785246383580155, 0.042305659215633534, 0.04177476425115722, 0.03994882169938423, 0.03351768621646018, 0.032238979757253004, 0.027676340075726273]",4.7271214720367993e-17,2.220446049250313e-16,"[0.9847964410686445, 0.045785246383580135, 0.042305659215633555, 0.04177476425115723, 0.03994882169938423, 0.03351768621646018, 0.032238979757252935, 0.027676340075726304]"
50,8,metastable_reversible,4,"[0.9698240303414689, 0.002096288786405144, 0.0017897688016693231, 0.001745130928239794, 0.0015959083551691825, 0.0011234352893050939, 0.0010393518157885745, 0.0007659797999872579]",9.211652707979967e-17,6.661338147750939e-16,"[0.9698240303414682, 0.002096288786405138, 0.0017897688016693205, 0.0017451309282397643, 0.001595908355169192, 0.001123435289305085, 0.0010393518157885645, 0.0007659797999872539]"
50,8,metastable_reversible,8,"[0.9405586498277699, 4.394426675975995e-06, 3.2032723634259433e-06, 3.0454819567229952e-06, 2.546923478088875e-06, 1.262106849230671e-06, 1.0802521969755582e-06, 5.867250539823966e-07]",1.1060365642833522e-16,7.771561172376096e-16,"[0.9405586498277692, 4.394426676007926e-06, 3.203272363428836e-06, 3.045481956698981e-06, 2.546923478098836e-06, 1.2621068492559997e-06, 1.0802521969829863e-06, 5.867250539885135e-07]"
50,8,metastable_reversible,16,"[0.8846505737658376, 1.9310969693187996e-11, 1.0260958304502784e-11, 9.274984061847062e-12, 6.486812677134571e-12, 1.5929009134178558e-12, 1.1669492601224024e-12, 3.442222898098692e-13]",1.9191911240716205e-16,1.4432899320127035e-15,"[0.8846505737658361, 1.9310985810810067e-11, 1.026095383430696e-11, 9.274960348579054e-12, 6.486819203291072e-12, 1.592913698938907e-12, 1.1669448090865683e-12, 3.44246288977824e-13]"
50,8,directed_cycle_normal,2,"[0.9945585300304386, 0.9945585300304378, 0.978481395548591, 0.9784813955485906, 0.952496378015923, 0.9524963780159226, 0.9177704894228919, 0.9177704894228913]",3.469446951953614e-16,1.3322676295501878e-15,"[0.9945585300304399, 0.9945585300304373, 0.9784813955485915, 0.9784813955485908, 0.952496378015923, 0.9524963780159226, 0.9177704894228916, 0.9177704894228913]"
50,8,directed_cycle_normal,4,"[0.9891466696563073, 0.9891466696563059, 0.9574258414347186, 0.9574258414347181, 0.9072493501334505, 0.90724935013345, 0.8423026712555345, 0.8423026712555336]",9.992007221626409e-16,2.1094237467877974e-15,"[0.9891466696563094, 0.989146669656304, 0.9574258414347192, 0.957425841434718, 0.9072493501334521, 0.9072493501334512, 0.8423026712555342, 0.8423026712555334]"
50,8,directed_cycle_normal,8,"[0.978411134092164, 0.9784111340921603, 0.9166642418469805, 0.9166642418469764, 0.8231013833175681, 0.8231013833175679, 0.709473790004209, 0.7094737900042083]",1.8457457784393227e-15,3.9968028886505635e-15,"[0.978411134092168, 0.9784111340921575, 0.9166642418469801, 0.9166642418469776, 0.8231013833175711, 0.8231013833175695, 0.7094737900042084, 0.7094737900042071]"
50,8,directed_cycle_normal,16,"[0.9572883473155148, 0.9572883473155083, 0.8402733322808952, 0.8402733322808946, 0.677495887219297, 0.6774958872192949, 0.5033530587029361, 0.5033530587029357]",3.0253577421035516e-15,7.549516567451064e-15,"[0.9572883473155224, 0.9572883473155019, 0.8402733322808988, 0.8402733322808943, 0.6774958872192991, 0.6774958872192967, 0.5033530587029356, 0.5033530587029338]"
50,8,directed_nonnormal,2,"[0.1375765722414361, 0.11990318042536507, 0.11876855255227708, 0.11219556459753945, 0.10959194729967103, 0.104428348137, 0.10279459402485269, 0.09300633898031453]",0.015465570711741611,0.019478990412295227,"[0.15400513051060954, 0.1393821708376603, 0.13567616710537775, 0.13150083824140227, 0.12678762103851363, 0.11358563034016432, 0.11272824372893671, 0.10832386214972434]"
50,8,directed_nonnormal,4,"[0.015575264513902471, 0.01209719132002348, 0.011604739397099032, 0.00962483959866866, 0.00931839979509659, 0.008655851839060692, 0.008204933845257098, 0.006945351884730551]",0.0062796753336736375,0.00814231570968741,"[0.02371758022358988, 0.019427389547418718, 0.018408022320406385, 0.017292470458191447, 0.01607510084860574, 0.012901695419772456, 0.012707656934210559, 0.011734059111032482]"
50,8,directed_nonnormal,8,"[0.0001568144265077371, 0.00010981192140753584, 0.0001036525934584662, 7.6118533250193e-05, 6.827541708767182e-05, 5.101681965527159e-05, 4.442882047824276e-05, 3.850069303159728e-05]",0.00020665599646063504,0.00040570918515468464,"[0.0005625236116624218, 0.0003774234646271541, 0.0003388552857485797, 0.00029902953454742393, 0.000258408867292845, 0.00016645374470457757, 0.0001614845447575897, 0.0001376881432212044]"
50,8,directed_nonnormal,16,"[1.241303742992827e-08, 6.370010398725887e-09, 5.524672754566849e-09, 3.870233393571379e-09, 3.033529866350248e-09, 2.5669267617039598e-09, 1.2003921744550277e-09, 8.048733411232925e-10]",9.585705640261153e-08,3.0401977624780693e-07,"[3.1643281367773517e-07, 1.4244847165116465e-07, 1.1482290467975161e-07, 8.941866253164901e-08, 6.677514269557116e-08, 2.770684912617669e-08, 2.6077258195565986e-08, 1.895802478370289e-08]"
50,9,reversible,2,"[0.4987416339321464, 0.4935450862925207, 0.4922227540824833, 0.4871256488470392, 0.48450920974376716, 0.4837329214766598, 0.4807014712101806, 0.4775802203844874]",1.3183898417423734e-16,2.7755575615628914e-16,"[0.49874163393214616, 0.49354508629252053, 0.4922227540824832, 0.4871256488470391, 0.4845092097437671, 0.4837329214766598, 0.4807014712101803, 0.47758022038448716]"
50,9,reversible,4,"[0.2487432174173071, 0.24358675220349177, 0.24228323963654477, 0.23729139776464891, 0.23474917432652975, 0.23399753932034423, 0.2310739044236319, 0.2280828669024955]",1.0061396160665481e-16,2.220446049250313e-16,"[0.2487432174173069, 0.24358675220349155, 0.24228323963654477, 0.2372913977646489, 0.23474917432652972, 0.2339975393203443, 0.23107390442363182, 0.22808286690249532]"
50,9,reversible,8,"[0.061873188211113664, 0.05933450584904533, 0.058701168208779415, 0.05630720745310078, 0.05510717484698748, 0.0547548484079761, 0.053395149305581736, 0.05202179417446147]",4.9439619065339e-17,1.3877787807814457e-16,"[0.0618731882111136, 0.05933450584904519, 0.05870116820877939, 0.05630720745310081, 0.05510717484698744, 0.05475484840797608, 0.053395149305581736, 0.0520217941744614]"
50,9,reversible,16,"[0.0038282914194079053, 0.003520583584350391, 0.0034458271490754064, 0.003170501611166529, 0.003036800719616446, 0.002998093424180443, 0.0028510419693653613, 0.0027062670691300455]",8.239936510889834e-18,1.9081958235744878e-17,"[0.0038282914194078875, 0.003520583584350378, 0.0034458271490754116, 0.003170501611166532, 0.003036800719616445, 0.00299809342418044, 0.0028510419693653657, 0.0027062670691300264]"
50,9,metastable_reversible,2,"[0.9855342929552902, 0.0521216261788499, 0.04879511953804325, 0.036217114012191874, 0.03595796020676442, 0.031494995714331564, 0.030347340777351184, 0.028920893184610618]",3.599551212651875e-17,8.326672684688674e-17,"[0.9855342929552902, 0.052121626178849814, 0.04879511953804329, 0.03621711401219187, 0.03595796020676443, 0.03149499571433162, 0.03034734077735112, 0.02892089318461065]"
50,9,metastable_reversible,4,"[0.9712778425908841, 0.0027166639155278135, 0.002380963690731925, 0.0013116793473721344, 0.0012929749022312646, 0.000991934755045756, 0.0009209610922567007, 0.0008364180625956811]",7.508100044462118e-17,4.440892098500626e-16,"[0.9712778425908837, 0.0027166639155277623, 0.002380963690731934, 0.0013116793473721044, 0.001292974902231254, 0.0009919347550457669, 0.0009209610922566783, 0.0008364180625956587]"
50,9,metastable_reversible,8,"[0.9433806475080019, 7.38026282995487e-06, 5.668988096587439e-06, 1.7205027103385237e-06, 1.6717840978069505e-06, 9.839345582705036e-07, 8.48169333469893e-07, 6.99595175460098e-07]",8.148712385959526e-17,5.551115123125783e-16,"[0.9433806475080013, 7.3802628299306334e-06, 5.668988096583833e-06, 1.7205027103225099e-06, 1.6717840977999206e-06, 9.839345582677058e-07, 8.481693334506138e-07, 6.995951754362752e-07]"
50,9,metastable_reversible,16,"[0.889967046092617, 5.446825291203545e-11, 3.213744452370307e-11, 2.960144585945543e-12, 2.794857292833147e-12, 9.681261426660956e-13, 7.194000914449424e-13, 4.894271911991252e-13]",1.4889808769978816e-16,1.1102230246251565e-15,"[0.8899670460926159, 5.446827943885572e-11, 3.2137426039209193e-11, 2.9601295762271026e-12, 2.794862069656695e-12, 9.681272149534652e-13, 7.193912182060586e-13, 4.894334094937127e-13]"
50,9,directed_cycle_normal,2,"[0.9945585300304386, 0.9945585300304378, 0.978481395548591, 0.9784813955485906, 0.952496378015923, 0.9524963780159226, 0.9177704894228919, 0.9177704894228913]",3.469446951953614e-16,1.3322676295501878e-15,"[0.9945585300304399, 0.9945585300304373, 0.9784813955485915, 0.9784813955485908, 0.952496378015923, 0.9524963780159226, 0.9177704894228916, 0.9177704894228913]"
50,9,directed_cycle_normal,4,"[0.9891466696563073, 0.9891466696563059, 0.9574258414347186, 0.9574258414347181, 0.9072493501334505, 0.90724935013345, 0.8423026712555345, 0.8423026712555336]",9.992007221626409e-16,2.1094237467877974e-15,"[0.9891466696563094, 0.989146669656304, 0.9574258414347192, 0.957425841434718, 0.9072493501334521, 0.9072493501334512, 0.8423026712555342, 0.8423026712555334]"
50,9,directed_cycle_normal,8,"[0.978411134092164, 0.9784111340921603, 0.9166642418469805, 0.9166642418469764, 0.8231013833175681, 0.8231013833175679, 0.709473790004209, 0.7094737900042083]",1.8457457784393227e-15,3.9968028886505635e-15,"[0.978411134092168, 0.9784111340921575, 0.9166642418469801, 0.9166642418469776, 0.8231013833175711, 0.8231013833175695, 0.7094737900042084, 0.7094737900042071]"
50,9,directed_cycle_normal,16,"[0.9572883473155148, 0.9572883473155083, 0.8402733322808952, 0.8402733322808946, 0.677495887219297, 0.6774958872192949, 0.5033530587029361, 0.5033530587029357]",3.0253577421035516e-15,7.549516567451064e-15,"[0.9572883473155224, 0.9572883473155019, 0.8402733322808988, 0.8402733322808943, 0.6774958872192991, 0.6774958872192967, 0.5033530587029356, 0.5033530587029338]"
50,9,directed_nonnormal,2,"[0.140721081769871, 0.11973208152935882, 0.11683821406379764, 0.1107470630864635, 0.10433823347321135, 0.10135780806929189, 0.09654133666561668, 0.0913047624493166]",0.014429834490889578,0.019288384605215758,"[0.15148222287211224, 0.13656393219788754, 0.1327625123622141, 0.12624292458092962, 0.1236266180784271, 0.11357723179908463, 0.10733127975127649, 0.10543253539211238]"
50,9,directed_nonnormal,4,"[0.016501595451002934, 0.011267319883527579, 0.010879671125138877, 0.009511617252290374, 0.009125433785223116, 0.008613999185550848, 0.007858477823667531, 0.007459763380482603]",0.005595150705640383,0.007382387693821647,"[0.022946863846276287, 0.018649707577349225, 0.01762588468872705, 0.01593727600674628, 0.01528354069750928, 0.012899787583143002, 0.011520003613046776, 0.01111601951920903]"
50,9,directed_nonnormal,8,"[0.00017531552838247883, 9.125134593830654e-05, 8.4094327720784e-05, 6.545835647380575e-05, 6.237495553238292e-05, 5.65750843847094e-05, 5.56392207144571e-05, 4.669532946618597e-05]",0.00018223776140015768,0.000351243031997063,"[0.0005265585603795418, 0.00034781159272063706, 0.00031067181106030257, 0.00025399676651521066, 0.00023358661625242242, 0.00016640451969021037, 0.00013271048324461074, 0.00012356588995143615]"
50,9,directed_nonnormal,16,"[1.2352730406250378e-08, 5.470902150686289e-09, 4.808439557622026e-09, 3.462255714509659e-09, 2.349836887209162e-09, 2.1417041340771916e-09, 1.9592448489557856e-09, 1.7049951770089038e-09]",8.001897715491099e-08,2.649111871027252e-07,"[2.772639175089756e-07, 1.2097290403086633e-07, 9.651697418748835e-08, 6.451435740018244e-08, 5.4562707292256456e-08, 2.769046417332961e-08, 1.761207236301811e-08, 1.526852915949043e-08]"
50,10,reversible,2,"[0.5111241062474832, 0.5019418412896098, 0.49846467321014293, 0.49646767880903725, 0.4928326381245078, 0.49012055162683493, 0.4863061983106791, 0.4806758017036098]",9.020562075079397e-17,2.220446049250313e-16,"[0.5111241062474833, 0.5019418412896098, 0.4984646732101428, 0.49646767880903714, 0.4928326381245078, 0.49012055162683504, 0.48630619831067917, 0.4806758017036096]"
50,10,reversible,4,"[0.26124785198728856, 0.25194561203720395, 0.24846703043849455, 0.2464801561020333, 0.2428840092007619, 0.240218155126993, 0.23649371851538556, 0.23104922634340797]",9.367506770274758e-17,1.6653345369377348e-16,"[0.2612478519872886, 0.2519456120372039, 0.24846703043849447, 0.24648015610203325, 0.24288400920076206, 0.2402181551269931, 0.23649371851538564, 0.23104922634340783]"
50,10,reversible,8,"[0.06825044016797224, 0.06347659142480129, 0.06173586521492384, 0.06075246735208272, 0.05899264192543584, 0.05770476205261608, 0.05592927889723443, 0.05338374499388735]",4.5102810375396984e-17,1.0408340855860843e-16,"[0.06825044016797227, 0.06347659142480126, 0.06173586521492373, 0.06075246735208267, 0.05899264192543587, 0.05770476205261612, 0.05592927889723445, 0.053383744993887296]"
50,10,reversible,16,"[0.004658122583121965, 0.004029277658911158, 0.003811317053835238, 0.0036908622893658694, 0.003480131801342677, 0.0033298395635490393, 0.0031280842379646273, 0.0028498242295723897]",6.179952383167375e-18,1.691355389077387e-17,"[0.004658122583121963, 0.004029277658911154, 0.00381131705383523, 0.003690862289365871, 0.003480131801342694, 0.003329839563549045, 0.003128084237964635, 0.0028498242295723866]"
50,10,metastable_reversible,2,"[0.9851581436815523, 0.0454428104681968, 0.04277916180187943, 0.040960958032364964, 0.03626879088255608, 0.030399042374264284, 0.02995445886547215, 0.02888879273240797]",5.421010862427522e-17,1.1102230246251565e-16,"[0.9851581436815524, 0.04544281046819676, 0.04277916180187952, 0.040960958032364936, 0.03626879088255602, 0.030399042374264332, 0.029954458865472128, 0.028888792732407933]"
50,10,metastable_reversible,4,"[0.9705365680620819, 0.0020650490232484195, 0.0018300566844713958, 0.0016778000829291639, 0.0013154251920826092, 0.0009241017772723159, 0.0008972696059232535, 0.0008345623455360269]",5.238051745820593e-17,3.3306690738754696e-16,"[0.9705365680620822, 0.002065049023248453, 0.0018300566844713878, 0.0016778000829291617, 0.0013154251920825789, 0.0009241017772723183, 0.0008972696059232617, 0.0008345623455360254]"
50,10,metastable_reversible,8,"[0.9419412299457242, 4.264427468447799e-06, 3.349107468382024e-06, 2.815013118267575e-06, 1.7303434359323964e-06, 8.539640947431121e-07, 8.050927457116811e-07, 6.964943085882625e-07]",8.102208953666284e-17,5.551115123125783e-16,"[0.9419412299457247, 4.264427468419389e-06, 3.3491074683784084e-06, 2.815013118277102e-06, 1.7303434359654898e-06, 8.539640947578575e-07, 8.050927457136854e-07, 6.964943085865924e-07]"
50,10,metastable_reversible,16,"[0.8872532806716629, 1.8185328495842793e-11, 1.1216539817738674e-11, 7.924299393725865e-12, 2.9941158481364422e-12, 7.292971451959965e-13, 6.481757584246413e-13, 4.851066043617006e-13]",2.3532981884276536e-16,1.7763568394002505e-15,"[0.8872532806716646, 1.81853416334098e-11, 1.1216520834748031e-11, 7.924298856072173e-12, 2.9940884063888564e-12, 7.292546751356071e-13, 6.481743292008007e-13, 4.851043218935153e-13]"
50,10,directed_cycle_normal,2,"[0.9945585300304386, 0.9945585300304378, 0.978481395548591, 0.9784813955485906, 0.952496378015923, 0.9524963780159226, 0.9177704894228919, 0.9177704894228913]",3.469446951953614e-16,1.3322676295501878e-15,"[0.9945585300304399, 0.9945585300304373, 0.9784813955485915, 0.9784813955485908, 0.952496378015923, 0.9524963780159226, 0.9177704894228916, 0.9177704894228913]"
50,10,directed_cycle_normal,4,"[0.9891466696563073, 0.9891466696563059, 0.9574258414347186, 0.9574258414347181, 0.9072493501334505, 0.90724935013345, 0.8423026712555345, 0.8423026712555336]",9.992007221626409e-16,2.1094237467877974e-15,"[0.9891466696563094, 0.989146669656304, 0.9574258414347192, 0.957425841434718, 0.9072493501334521, 0.9072493501334512, 0.8423026712555342, 0.8423026712555334]"
50,10,directed_cycle_normal,8,"[0.978411134092164, 0.9784111340921603, 0.9166642418469805, 0.9166642418469764, 0.8231013833175681, 0.8231013833175679, 0.709473790004209, 0.7094737900042083]",1.8457457784393227e-15,3.9968028886505635e-15,"[0.978411134092168, 0.9784111340921575, 0.9166642418469801, 0.9166642418469776, 0.8231013833175711, 0.8231013833175695, 0.7094737900042084, 0.7094737900042071]"
50,10,directed_cycle_normal,16,"[0.9572883473155148, 0.9572883473155083, 0.8402733322808952, 0.8402733322808946, 0.677495887219297, 0.6774958872192949, 0.5033530587029361, 0.5033530587029357]",3.0253577421035516e-15,7.549516567451064e-15,"[0.9572883473155224, 0.9572883473155019, 0.8402733322808988, 0.8402733322808943, 0.6774958872192991, 0.6774958872192967, 0.5033530587029356, 0.5033530587029338]"
50,10,directed_nonnormal,2,"[0.1303888484720721, 0.12279359677878267, 0.11883323835465702, 0.11533139274767518, 0.1115286006658942, 0.1081832129747494, 0.1039476283388699, 0.09785822200391306]",0.01579177318618971,0.017645003019165953,"[0.14572038956079722, 0.14043859979794862, 0.1337140894148142, 0.13261385512003943, 0.12908582944336555, 0.12378465593077835, 0.11891748634454555, 0.11092402021384233]"
50,10,directed_nonnormal,4,"[0.013953206262504786, 0.013274707635214296, 0.011687831241812484, 0.010471502134611788, 0.009693238156973502, 0.009271246603384013, 0.008047770200171177, 0.007908106790791684]",0.006318376840651974,0.007281225671245709,"[0.021234431933750495, 0.019723000313208373, 0.017879457708032925, 0.01758643456979881, 0.016663151363081663, 0.015322641043901181, 0.014141368558505178, 0.012304138260400901]"
50,10,directed_nonnormal,8,"[0.00013897271520509896, 0.0001139849579462755, 9.651899354628364e-05, 8.305502108407426e-05, 8.018563878536211e-05, 6.911464101552109e-05, 5.818904085304963e-05, 4.9133348886910293e-05]",0.00020543940466752914,0.0003119283843439839,"[0.00045090109954908287, 0.00038899674135481756, 0.00031967500793333796, 0.00030928268087781466, 0.00027766061334897024, 0.00023478332856024508, 0.00019997830470747877, 0.00015139181833106135]"
50,10,directed_nonnormal,16,"[1.2363973823640121e-08, 7.898219954849375e-09, 5.630443538453617e-09, 4.610532567480235e-09, 4.0964480460369575e-09, 3.4710423360200367e-09, 2.9876575114953985e-09, 1.9753293506401847e-09]",8.807174240064842e-08,1.909478277509318e-07,"[2.0331180157457192e-07, 1.5131846478466683e-07, 1.0219211069717968e-07, 9.565577669096815e-08, 7.709541620532636e-08, 5.512321136982799e-08, 3.999132235367723e-08, 2.2919482657585078e-08]"
50,11,reversible,2,"[0.49799362426465954, 0.49543035110993505, 0.4882408752033746, 0.48551370725678217, 0.48427125317230607, 0.48087919387356226, 0.47662729189825104, 0.47427022127028445]",1.5959455978986625e-16,4.440892098500626e-16,"[0.49799362426465943, 0.49543035110993494, 0.48824087520337467, 0.4855137072567826, 0.48427125317230607, 0.48087919387356237, 0.4766272918982508, 0.4742702212702847]"
50,11,reversible,4,"[0.24799764980825106, 0.24545123280091363, 0.2383791522193573, 0.23572355993422453, 0.23451864664907585, 0.2312447991004871, 0.22717357538226068, 0.22493224278376475]",1.5612511283791264e-16,3.0531133177191805e-16,"[0.2479976498082508, 0.24545123280091344, 0.23837915221935727, 0.2357235599342248, 0.2345186466490758, 0.23124479910048718, 0.22717357538226038, 0.22493224278376478]"
50,11,reversible,8,"[0.06150283431041586, 0.06024630768348831, 0.0568246202128195, 0.05556559670806395, 0.05499899562611409, 0.05347415711102466, 0.05160783335195967, 0.050594513843734465]",6.245004513516506e-17,1.249000902703301e-16,"[0.06150283431041579, 0.0602463076834882, 0.0568246202128195, 0.055565596708064074, 0.054998995626114065, 0.05347415711102467, 0.051607833351959544, 0.05059451384373451]"
50,11,reversible,16,"[0.0037825986282144647, 0.0036296175894935364, 0.0032290374623311848, 0.00308753553752321, 0.0030248895198813366, 0.0028594854787345513, 0.0026633684632836564, 0.002559804831083856]",1.2630955309456127e-17,2.862293735361732e-17,"[0.0037825986282144577, 0.00362961758949353, 0.003229037462331174, 0.0030875355375232214, 0.003024889519881314, 0.0028594854787345504, 0.0026633684632836278, 0.0025598048310838425]"
50,11,metastable_reversible,2,"[0.985047447251853, 0.04851050610394522, 0.047656092048919796, 0.04603658217678278, 0.04196895178844857, 0.03587395507559014, 0.03497597787753113, 0.030419452481644804]",8.413408858487514e-17,4.440892098500626e-16,"[0.9850474472518534, 0.04851050610394515, 0.04765609204891975, 0.04603658217678277, 0.04196895178844857, 0.03587395507559011, 0.03497597787753116, 0.030419452481644762]"
50,11,metastable_reversible,4,"[0.9703184733373927, 0.002353269202460905, 0.0022711031093751136, 0.002119366898519642, 0.001761392914221142, 0.0012869406527654544, 0.0012233190284895502, 0.0009253430892830514]",5.045605860204416e-17,3.3306690738754696e-16,"[0.9703184733373931, 0.0023532692024609, 0.0022711031093751123, 0.0021193668985196724, 0.0017613929142211203, 0.0012869406527654574, 0.0012233190284895489, 0.0009253430892830437]"
50,11,metastable_reversible,8,"[0.9415179396998083, 5.5378759392529605e-06, 5.157909333395019e-06, 4.4917160505855735e-06, 3.102504998275894e-06, 1.6562162437120719e-06, 1.4965094454759875e-06, 8.562598328804989e-07]",1.2546688766094125e-16,8.881784197001252e-16,"[0.9415179396998092, 5.53787593925096e-06, 5.157909333413303e-06, 4.491716050540896e-06, 3.102504998268371e-06, 1.6562162437403816e-06, 1.4965094454646137e-06, 8.562598328838869e-07]"
50,11,metastable_reversible,16,"[0.8864560307765718, 3.0668097430019777e-11, 2.6604021113905638e-11, 2.0175509575738215e-11, 9.625520252728314e-12, 2.7430687061068164e-12, 2.2395354401263943e-12, 7.33188109318095e-13]",2.4646639465578064e-16,1.887379141862766e-15,"[0.8864560307765736, 3.06680699185347e-11, 2.660402869171206e-11, 2.0175513078686706e-11, 9.625537264280224e-12, 2.7430522460294993e-12, 2.2395405203648053e-12, 7.331809014103419e-13]"
50,11,directed_cycle_normal,2,"[0.9945585300304386, 0.9945585300304378, 0.978481395548591, 0.9784813955485906, 0.952496378015923, 0.9524963780159226, 0.9177704894228919, 0.9177704894228913]",3.469446951953614e-16,1.3322676295501878e-15,"[0.9945585300304399, 0.9945585300304373, 0.9784813955485915, 0.9784813955485908, 0.952496378015923, 0.9524963780159226, 0.9177704894228916, 0.9177704894228913]"
50,11,directed_cycle_normal,4,"[0.9891466696563073, 0.9891466696563059, 0.9574258414347186, 0.9574258414347181, 0.9072493501334505, 0.90724935013345, 0.8423026712555345, 0.8423026712555336]",9.992007221626409e-16,2.1094237467877974e-15,"[0.9891466696563094, 0.989146669656304, 0.9574258414347192, 0.957425841434718, 0.9072493501334521, 0.9072493501334512, 0.8423026712555342, 0.8423026712555334]"
50,11,directed_cycle_normal,8,"[0.978411134092164, 0.9784111340921603, 0.9166642418469805, 0.9166642418469764, 0.8231013833175681, 0.8231013833175679, 0.709473790004209, 0.7094737900042083]",1.8457457784393227e-15,3.9968028886505635e-15,"[0.978411134092168, 0.9784111340921575, 0.9166642418469801, 0.9166642418469776, 0.8231013833175711, 0.8231013833175695, 0.7094737900042084, 0.7094737900042071]"
50,11,directed_cycle_normal,16,"[0.9572883473155148, 0.9572883473155083, 0.8402733322808952, 0.8402733322808946, 0.677495887219297, 0.6774958872192949, 0.5033530587029361, 0.5033530587029357]",3.0253577421035516e-15,7.549516567451064e-15,"[0.9572883473155224, 0.9572883473155019, 0.8402733322808988, 0.8402733322808943, 0.6774958872192991, 0.6774958872192967, 0.5033530587029356, 0.5033530587029338]"
50,11,directed_nonnormal,2,"[0.13129851947203608, 0.1230148198319614, 0.11755540117233594, 0.11618354180760963, 0.10592869047343853, 0.10174782664405486, 0.10048092983274279, 0.09228537001391975]",0.01673817379002017,0.022472270912697767,"[0.15377079038473385, 0.13991800143758737, 0.13407669414913237, 0.13165682618380073, 0.12594346118774918, 0.11523038308254127, 0.11267364617153719, 0.10913068697117838]"
50,11,directed_nonnormal,4,"[0.013096674611938768, 0.012439335263162841, 0.011493511218949981, 0.010411662443182177, 0.008831955115075887, 0.008428663930234021, 0.007911117038662808, 0.00717733528084817]",0.006560872747027585,0.01054878136360699,"[0.023645455975545758, 0.0195770471262887, 0.017976559913959987, 0.017333519880791515, 0.015861755415950085, 0.013278041185349213, 0.012695350541588758, 0.011909506838801322]"
50,11,directed_nonnormal,8,"[0.0001175314952280311, 0.00010769106455284707, 9.701342166217513e-05, 7.572433300054588e-05, 6.75736851688712e-05, 5.9027478589361666e-05, 5.3982150601580996e-05, 4.014422839891894e-05]",0.00020977475802307278,0.0004415760930634415,"[0.0005591075882914726, 0.0003832607741849286, 0.00032315670634019305, 0.0003004509114577947, 0.00025159528487542183, 0.0001763063777198299, 0.00016117192537381798, 0.00014183635314345545]"
50,11,directed_nonnormal,16,"[8.858205577485217e-09, 7.496379292977246e-09, 7.2346068009002135e-09, 5.117370641299161e-09, 3.3411617774512205e-09, 2.3872226319660887e-09, 1.99239447800792e-09, 1.6715954338552113e-09]",9.457128169080342e-08,3.037430897076216e-07,"[3.1260129528510686e-07, 1.468888210288308e-07, 1.0443025685264178e-07, 9.02707501958196e-08, 6.330018737154466e-08, 3.1083938824687334e-08, 2.597638952870355e-08, 2.0117551073035007e-08]"
50,12,reversible,2,"[0.5090092080693436, 0.4997848682579652, 0.49368174366475254, 0.4910733062319571, 0.4886224811804586, 0.48536448971704604, 0.4842454998936402, 0.4805082773370612]",1.942890293094024e-16,4.996003610813204e-16,"[0.5090092080693434, 0.4997848682579653, 0.4936817436647523, 0.4910733062319569, 0.4886224811804581, 0.4853644897170462, 0.4842454998936403, 0.4805082773370612]"
50,12,reversible,4,"[0.2590903738993802, 0.24978491453963167, 0.24372166402787032, 0.24115299209358546, 0.23875192911494755, 0.2355786878782884, 0.23449370416724138, 0.23088820458943013]",1.734723475976807e-16,4.163336342344337e-16,"[0.25909037389938006, 0.24978491453963175, 0.24372166402787024, 0.2411529920935853, 0.23875192911494714, 0.23557868787828865, 0.2344937041672416, 0.23088820458943013]"
50,12,reversible,8,"[0.0671278218473206, 0.062392503531571206, 0.05940024951651412, 0.05815476559568895, 0.057002483656108945, 0.055497318182456, 0.054987297294073756, 0.053309363018530544]",9.107298248878237e-17,2.0122792321330962e-16,"[0.06712782184732055, 0.06239250353157114, 0.059400249516514056, 0.058154765595688815, 0.05700248365610874, 0.055497318182456144, 0.05498729729407382, 0.05330936301853054]"
50,12,reversible,16,"[0.004506144465965615, 0.003892824496937112, 0.0035283896426241404, 0.0033819767614895213, 0.003249283142964968, 0.00307995232544476, 0.0030236028637068407, 0.002841888185441465]",1.2630955309456127e-17,2.3852447794681098e-17,"[0.0045061444659656065, 0.0038928244969371173, 0.0035283896426241282, 0.0033819767614895113, 0.003249283142964944, 0.0030799523254447774, 0.003023602863706858, 0.0028418881854414715]"
50,12,metastable_reversible,2,"[0.9854483827342351, 0.05328980366348746, 0.0407735990565878, 0.036469573527255966, 0.03468967629666885, 0.031022308413562343, 0.02853911718080118, 0.024468203271148622]",8.239936510889834e-17,4.440892098500626e-16,"[0.9854483827342346, 0.0532898036634875, 0.040773599056587735, 0.03646957352725595, 0.034689676296668796, 0.03102230841356232, 0.028539117180801196, 0.02446820327114861]"
50,12,metastable_reversible,4,"[0.9711085150335191, 0.0028398031744930425, 0.0016624863800274096, 0.0013300297932599388, 0.001203373641567674, 0.0009623836193062037, 0.0008144812094594995, 0.0005986929713182196]",8.370040771588094e-17,5.551115123125783e-16,"[0.9711085150335186, 0.0028398031744930456, 0.0016624863800273723, 0.0013300297932599282, 0.001203373641567665, 0.0009623836193061796, 0.000814481209459502, 0.0005986929713182477]"
50,12,metastable_reversible,8,"[0.943051747970607, 8.064482069867184e-06, 2.7638609637574917e-06, 1.7689792509789632e-06, 1.4481081212236803e-06, 9.261822307290827e-07, 6.633796405541797e-07, 3.58433273895866e-07]",1.7751614906232174e-16,1.3322676295501878e-15,"[0.9430517479706056, 8.06448206986078e-06, 2.7638609637765165e-06, 1.7689792509590476e-06, 1.4481081212198233e-06, 9.261822307088616e-07, 6.633796405626131e-07, 3.584332739058721e-07]"
50,12,metastable_reversible,16,"[0.8893465993504169, 6.503587301126176e-11, 7.638892213732285e-12, 3.1293104995961303e-12, 2.096999411343765e-12, 8.578417314995045e-13, 4.4006856489932687e-13, 1.2846727914313938e-13]",2.9219582049560685e-16,2.220446049250313e-15,"[0.8893465993504147, 6.503587105510601e-11, 7.638927427087656e-12, 3.129287590323633e-12, 2.0970171307428067e-12, 8.57813524480843e-13, 4.400725475129817e-13, 1.2847441184288195e-13]"
50,12,directed_cycle_normal,2,"[0.9945585300304386, 0.9945585300304378, 0.978481395548591, 0.9784813955485906, 0.952496378015923, 0.9524963780159226, 0.9177704894228919, 0.9177704894228913]",3.469446951953614e-16,1.3322676295501878e-15,"[0.9945585300304399, 0.9945585300304373, 0.9784813955485915, 0.9784813955485908, 0.952496378015923, 0.9524963780159226, 0.9177704894228916, 0.9177704894228913]"
50,12,directed_cycle_normal,4,"[0.9891466696563073, 0.9891466696563059, 0.9574258414347186, 0.9574258414347181, 0.9072493501334505, 0.90724935013345, 0.8423026712555345, 0.8423026712555336]",9.992007221626409e-16,2.1094237467877974e-15,"[0.9891466696563094, 0.989146669656304, 0.9574258414347192, 0.957425841434718, 0.9072493501334521, 0.9072493501334512, 0.8423026712555342, 0.8423026712555334]"
50,12,directed_cycle_normal,8,"[0.978411134092164, 0.9784111340921603, 0.9166642418469805, 0.9166642418469764, 0.8231013833175681, 0.8231013833175679, 0.709473790004209, 0.7094737900042083]",1.8457457784393227e-15,3.9968028886505635e-15,"[0.978411134092168, 0.9784111340921575, 0.9166642418469801, 0.9166642418469776, 0.8231013833175711, 0.8231013833175695, 0.7094737900042084, 0.7094737900042071]"
50,12,directed_cycle_normal,16,"[0.9572883473155148, 0.9572883473155083, 0.8402733322808952, 0.8402733322808946, 0.677495887219297, 0.6774958872192949, 0.5033530587029361, 0.5033530587029357]",3.0253577421035516e-15,7.549516567451064e-15,"[0.9572883473155224, 0.9572883473155019, 0.8402733322808988, 0.8402733322808943, 0.6774958872192991, 0.6774958872192967, 0.5033530587029356, 0.5033530587029338]"
50,12,directed_nonnormal,2,"[0.13102266482742286, 0.12462499421761453, 0.11294383085652064, 0.11150279829140357, 0.10503549242468092, 0.10014837044701053, 0.09434042037770038, 0.09002337692354143]",0.015205509242121069,0.02041225712314307,"[0.15143492195056593, 0.13757048981690104, 0.12943464830607362, 0.12608448133120892, 0.11614358452380336, 0.11363304765171817, 0.11030330163235626, 0.10668154709023611]"
50,12,directed_nonnormal,4,"[0.014541434655597275, 0.012926911561938979, 0.010273538112613313, 0.009973630560277046, 0.009488408727230339, 0.008396594557101499, 0.007802292359029892, 0.006819670992676708]",0.005529486366008535,0.008391100930576717,"[0.02293253558617399, 0.018925639668462075, 0.016753328182116965, 0.01589729643255997, 0.013489332226037853, 0.01291246951861765, 0.012166818350998568, 0.011380952489566264]"
50,12,directed_nonnormal,8,"[0.00015141432322130128, 9.39785209756052e-05, 8.582565433245248e-05, 7.498734080731196e-05, 7.147593832456897e-05, 5.212578851484869e-05, 4.9025645830077845e-05, 4.410661187721985e-05]",0.00017759884272002845,0.0003744868651898353,"[0.0005259011884111366, 0.0003581798368604653, 0.00028067400517771456, 0.0002527240338646839, 0.00018196208390442337, 0.00016673186906922992, 0.0001480314687861955, 0.00012952607956976452]"
50,12,directed_nonnormal,16,"[8.395324198269974e-09, 6.400430257606871e-09, 5.4935443498338796e-09, 4.7417701832676135e-09, 4.413763280297857e-09, 2.4265988502729898e-09, 1.5463537562058073e-09, 1.3097193503768948e-09]",7.654809036708895e-08,2.6817673577397574e-07,"[2.765720599722457e-07, 1.2829279553338953e-07, 7.877789718249972e-08, 6.386943729283791e-08, 3.311019997884041e-08, 2.7799516163318833e-08, 2.1913315750998377e-08, 1.6777005288712974e-08]"
50,13,reversible,2,"[0.5066492052921183, 0.49928351673454724, 0.49429222807504, 0.49414961266598895, 0.4883939579131723, 0.4845825182705154, 0.4831993641641154, 0.4811961610102077]",7.632783294297951e-17,2.220446049250313e-16,"[0.5066492052921184, 0.49928351673454724, 0.4942922280750402, 0.49414961266598906, 0.4883939579131723, 0.48458251827051535, 0.48319936416411546, 0.48119616101020773]"
50,13,reversible,4,"[0.2566934172231351, 0.249284030082817, 0.24432480673538734, 0.24418383969794705, 0.2385286581260935, 0.23482021701339437, 0.23348162552860546, 0.2315497453709617]",7.632783294297951e-17,2.220446049250313e-16,"[0.25669341722313516, 0.24928403008281688, 0.24432480673538756, 0.244183839697947, 0.23852865812609353, 0.2348202170133943, 0.23348162552860546, 0.2315497453709618]"
50,13,reversible,8,"[0.06589151044569046, 0.06214252765433077, 0.059694611186284365, 0.05962574756963265, 0.05689592074743477, 0.05514053431821761, 0.054513669459479934, 0.0536152845813572]",4.5102810375396984e-17,1.1796119636642288e-16,"[0.06589151044569055, 0.06214252765433076, 0.05969461118628448, 0.05962574756963268, 0.056895920747434804, 0.0551405343182176, 0.054513669459479955, 0.05361528458135724]"
50,13,reversible,16,"[0.004341691148814538, 0.003861693743269262, 0.0035634466046816707, 0.003555229773237554, 0.003237145797698361, 0.0030404785248985366, 0.0029717401579374323, 0.0028745987407399133]",7.752045533271357e-18,2.1250362580715887e-17,"[0.004341691148814547, 0.003861693743269263, 0.0035634466046816802, 0.0035552297732375573, 0.003237145797698382, 0.0030404785248985336, 0.0029717401579374375, 0.0028745987407399233]"
50,13,metastable_reversible,2,"[0.9852163911224894, 0.050170568648457294, 0.04394729302413881, 0.04067569709828846, 0.03135057893003876, 0.030848737828267095, 0.029553175727500457, 0.02723127936925821]",8.153200337090993e-17,4.440892098500626e-16,"[0.9852163911224898, 0.05017056864845729, 0.04394729302413875, 0.040675697098288464, 0.03135057893003874, 0.030848737828267067, 0.029553175727500495, 0.027231279369258263]"
50,13,metastable_reversible,4,"[0.9706513373364222, 0.002517085958509591, 0.0019313645641495128, 0.0016545123344317136, 0.0009828587992486513, 0.0009516446255971587, 0.0008733901955805116, 0.0007415425760865879]",9.703609443745265e-17,6.661338147750939e-16,"[0.9706513373364228, 0.0025170859585095648, 0.0019313645641495145, 0.0016545123344317127, 0.000982858799248589, 0.0009516446255971555, 0.0008733901955805244, 0.0007415425760865908]"
50,13,metastable_reversible,8,"[0.942164018672985, 6.335721722562055e-06, 3.7301690796535105e-06, 2.737411064795552e-06, 9.66011419230609e-07, 9.056274934350974e-07, 7.628104337427352e-07, 5.498853921557468e-07]",1.507849803870581e-16,1.1102230246251565e-15,"[0.9421640186729862, 6.335721722526015e-06, 3.730169079652444e-06, 2.7374110647866756e-06, 9.660114192603783e-07, 9.056274934279503e-07, 7.628104337361867e-07, 5.498853921491374e-07]"
50,13,metastable_reversible,16,"[0.8876730380820292, 4.0141337828780916e-11, 1.3914160721191774e-11, 7.493404929447466e-12, 9.331798613919734e-13, 8.201700720306234e-13, 5.819154621710392e-13, 3.0236811374732654e-13]",2.344465816790813e-16,1.7763568394002505e-15,"[0.887673038082031, 4.014136974528802e-11, 1.3914161362795161e-11, 7.49341933761652e-12, 9.331780621414503e-13, 8.201611568525923e-13, 5.818797578167892e-13, 3.0237394449901054e-13]"
50,13,directed_cycle_normal,2,"[0.9945585300304386, 0.9945585300304378, 0.978481395548591, 0.9784813955485906, 0.952496378015923, 0.9524963780159226, 0.9177704894228919, 0.9177704894228913]",3.469446951953614e-16,1.3322676295501878e-15,"[0.9945585300304399, 0.9945585300304373, 0.9784813955485915, 0.9784813955485908, 0.952496378015923, 0.9524963780159226, 0.9177704894228916, 0.9177704894228913]"
50,13,directed_cycle_normal,4,"[0.9891466696563073, 0.9891466696563059, 0.9574258414347186, 0.9574258414347181, 0.9072493501334505, 0.90724935013345, 0.8423026712555345, 0.8423026712555336]",9.992007221626409e-16,2.1094237467877974e-15,"[0.9891466696563094, 0.989146669656304, 0.9574258414347192, 0.957425841434718, 0.9072493501334521, 0.9072493501334512, 0.8423026712555342, 0.8423026712555334]"
50,13,directed_cycle_normal,8,"[0.978411134092164, 0.9784111340921603, 0.9166642418469805, 0.9166642418469764, 0.8231013833175681, 0.8231013833175679, 0.709473790004209, 0.7094737900042083]",1.8457457784393227e-15,3.9968028886505635e-15,"[0.978411134092168, 0.9784111340921575, 0.9166642418469801, 0.9166642418469776, 0.8231013833175711, 0.8231013833175695, 0.7094737900042084, 0.7094737900042071]"
50,13,directed_cycle_normal,16,"[0.9572883473155148, 0.9572883473155083, 0.8402733322808952, 0.8402733322808946, 0.677495887219297, 0.6774958872192949, 0.5033530587029361, 0.5033530587029357]",3.0253577421035516e-15,7.549516567451064e-15,"[0.9572883473155224, 0.9572883473155019, 0.8402733322808988, 0.8402733322808943, 0.6774958872192991, 0.6774958872192967, 0.5033530587029356, 0.5033530587029338]"
50,13,directed_nonnormal,2,"[0.14517179256380922, 0.1375922680415748, 0.13519164526920985, 0.1314334053081129, 0.11881127841523687, 0.11157738927817754, 0.10890276171103878, 0.10234465927046671]",0.016840907672609172,0.020705254206044577,"[0.16356494104250985, 0.15829752224761937, 0.15048510992929479, 0.1440471143323265, 0.1343962919014646, 0.13079147864342658, 0.12239404573556993, 0.12177595740628842]"
50,13,directed_nonnormal,4,"[0.01830243757284863, 0.015301179253370023, 0.013812412820834816, 0.013190357116152395, 0.011757699684424276, 0.011015807825632986, 0.009944957818976476, 0.008721973343009799]",0.007267321238370586,0.009756926296365523,"[0.026753489938239717, 0.025058105549735546, 0.022645768310431934, 0.02074957114747034, 0.01806236327686368, 0.017106410885733912, 0.014980302431520782, 0.014829383802218174]"
50,13,directed_nonnormal,8,"[0.0002489321514474807, 0.00019001094186257833, 0.00016017765882159174, 0.00013054033119410733, 0.00010264153419486495, 8.86612770757143e-05, 8.71158069087783e-05, 5.984601659715359e-05]",0.00028528825376485957,0.0004668170724280132,"[0.0007157492238754939, 0.0006279086537416875, 0.0005128308223697633, 0.00043054470280393364, 0.0003262489671453936, 0.00029262929339155566, 0.00022440946093982747, 0.00021991062395349074]"
50,13,directed_nonnormal,16,"[3.65605332430305e-08, 2.3656243400125353e-08, 1.79597763897217e-08, 1.4078625997981836e-08, 7.54828458756577e-09, 6.36558934777315e-09, 4.875644317402486e-09, 4.1646126287505136e-09]",1.9131396163698612e-07,4.757364182353413e-07,"[5.122969514783718e-07, 3.942692774436983e-07, 2.6299545237244767e-07, 1.8536874111252754e-07, 1.0643838856343615e-07, 8.563190335084117e-08, 5.035960615930395e-08, 4.836068252761361e-08]"
50,14,reversible,2,"[0.5018643621268885, 0.4961572633889935, 0.49185341203973376, 0.4895065304655334, 0.48250929825316996, 0.48139320345627973, 0.4780042805686835, 0.47715090740164784]",2.220446049250313e-16,4.440892098500626e-16,"[0.5018643621268881, 0.4961572633889932, 0.4918534120397336, 0.48950653046553333, 0.4825092982531702, 0.48139320345628017, 0.47800428056868344, 0.477150907401648]"
50,14,reversible,4,"[0.25186783797302853, 0.2461720300136549, 0.24191977893512814, 0.23961664336840416, 0.2328152229007665, 0.23173941633389902, 0.2284880922419847, 0.22767298843421588]",2.1163626406917047e-16,5.273559366969494e-16,"[0.25186783797302825, 0.24617203001365476, 0.24191977893512795, 0.2396166433684041, 0.23281522290076676, 0.23173941633389955, 0.22848809224198466, 0.22767298843421607]"
50,14,reversible,8,"[0.06343740780520776, 0.0606006683610439, 0.05852517944002124, 0.05741613577914104, 0.05420292801433368, 0.05370315708277619, 0.052206808296381725, 0.05183498966256665]",9.974659986866641e-17,2.42861286636753e-16,"[0.06343740780520761, 0.06060066836104375, 0.058525179440021176, 0.05741613577914096, 0.05420292801433371, 0.05370315708277643, 0.05220680829638168, 0.05183498966256668]"
50,14,reversible,16,"[0.004024304709044235, 0.003672441005805226, 0.0034251966284866912, 0.003296612647808759, 0.002937957405327033, 0.002884029080657339, 0.0027255508324951494, 0.0026868661533183866]",1.2522535092207576e-17,2.1250362580715887e-17,"[0.004024304709044216, 0.003672441005805208, 0.003425196628486677, 0.0032966126478087506, 0.002937957405327042, 0.0028840290806573603, 0.0027255508324951472, 0.002686866153318395]"
50,14,metastable_reversible,2,"[0.9851589845147082, 0.054616679190890326, 0.039954828748234326, 0.03948484423520178, 0.03564341882769222, 0.03154052420581036, 0.028705799706098285, 0.026975907127456185]",1.1015494072452725e-16,5.551115123125783e-16,"[0.9851589845147087, 0.05461667919089039, 0.03995482874823436, 0.03948484423520169, 0.0356434188276922, 0.031540524205810355, 0.028705799706098344, 0.026975907127456237]"
50,14,metastable_reversible,4,"[0.9705382247700509, 0.0029829816458406414, 0.0015963883403007308, 0.0015590529242781727, 0.0012704533057262706, 0.000994804667177288, 0.0008240229367666265, 0.0007276995653491526]",1.7783626134193486e-16,1.3322676295501878e-15,"[0.9705382247700522, 0.002982981645840639, 0.0015963883403007353, 0.0015590529242781401, 0.0012704533057262832, 0.0009948046671773088, 0.0008240229367666357, 0.0007276995653491441]"
50,14,metastable_reversible,8,"[0.9419444457398022, 8.898179499408252e-06, 2.5484557330464505e-06, 2.4306460206823877e-06, 1.6140516020442775e-06, 9.89636325826832e-07, 6.790138003422763e-07, 5.295466574183985e-07]",2.8900398877358224e-16,2.220446049250313e-15,"[0.9419444457398044, 8.898179499422128e-06, 2.548455733048136e-06, 2.4306460207002203e-06, 1.6140516020308408e-06, 9.896363258377562e-07, 6.790138003175109e-07, 5.295466574093332e-07]"
50,14,metastable_reversible,16,"[0.8872593388600634, 7.917760348525466e-11, 6.494631135227537e-12, 5.9080500395483824e-12, 2.6051791945244335e-12, 9.793819923116767e-13, 4.610637958244654e-13, 2.804184572363713e-13]",4.911438460992158e-16,3.885780586188048e-15,"[0.8872593388600672, 7.917759840393624e-11, 6.494626623305912e-12, 5.908040077945815e-12, 2.6051625740183237e-12, 9.793800574176535e-13, 4.610597410216285e-13, 2.804196623733978e-13]"
50,14,directed_cycle_normal,2,"[0.9945585300304386, 0.9945585300304378, 0.978481395548591, 0.9784813955485906, 0.952496378015923, 0.9524963780159226, 0.9177704894228919, 0.9177704894228913]",3.469446951953614e-16,1.3322676295501878e-15,"[0.9945585300304399, 0.9945585300304373, 0.9784813955485915, 0.9784813955485908, 0.952496378015923, 0.9524963780159226, 0.9177704894228916, 0.9177704894228913]"
50,14,directed_cycle_normal,4,"[0.9891466696563073, 0.9891466696563059, 0.9574258414347186, 0.9574258414347181, 0.9072493501334505, 0.90724935013345, 0.8423026712555345, 0.8423026712555336]",9.992007221626409e-16,2.1094237467877974e-15,"[0.9891466696563094, 0.989146669656304, 0.9574258414347192, 0.957425841434718, 0.9072493501334521, 0.9072493501334512, 0.8423026712555342, 0.8423026712555334]"
50,14,directed_cycle_normal,8,"[0.978411134092164, 0.9784111340921603, 0.9166642418469805, 0.9166642418469764, 0.8231013833175681, 0.8231013833175679, 0.709473790004209, 0.7094737900042083]",1.8457457784393227e-15,3.9968028886505635e-15,"[0.978411134092168, 0.9784111340921575, 0.9166642418469801, 0.9166642418469776, 0.8231013833175711, 0.8231013833175695, 0.7094737900042084, 0.7094737900042071]"
50,14,directed_cycle_normal,16,"[0.9572883473155148, 0.9572883473155083, 0.8402733322808952, 0.8402733322808946, 0.677495887219297, 0.6774958872192949, 0.5033530587029361, 0.5033530587029357]",3.0253577421035516e-15,7.549516567451064e-15,"[0.9572883473155224, 0.9572883473155019, 0.8402733322808988, 0.8402733322808943, 0.6774958872192991, 0.6774958872192967, 0.5033530587029356, 0.5033530587029338]"
50,14,directed_nonnormal,2,"[0.14031005356106266, 0.1282766709793126, 0.12602598184681937, 0.11161621755776065, 0.10755937794959411, 0.10249065793180372, 0.09666153579619917, 0.09543152372327383]",0.015514544961577835,0.018893107146509602,"[0.15725656459463586, 0.14243009001178797, 0.1372372335926039, 0.1283934893345343, 0.1264524850961037, 0.12080137297916613, 0.11124936637504772, 0.10866777705456923]"
50,14,directed_nonnormal,4,"[0.016097406430818546, 0.014024480440032953, 0.01327349680554635, 0.010546664040293419, 0.00978254269612281, 0.008742142846938781, 0.008429506543466806, 0.007792540718369019]",0.0058018041880494265,0.008632220677288329,"[0.024729627108106875, 0.02028633054076602, 0.01883405828415093, 0.01648488810349717, 0.015990230986980335, 0.014592971713651608, 0.012376421518849597, 0.011808685769981564]"
50,14,directed_nonnormal,8,"[0.00018037800592465717, 0.0001420052521253997, 0.00011874103436495719, 0.00010113549799335246, 8.058226300101671e-05, 6.978918531510548e-05, 6.0595041619242786e-05, 5.785116305817868e-05]",0.00019996858590347094,0.0004311764509813573,"[0.0006115544569060145, 0.0004115352068092162, 0.0003547217514507943, 0.0002717515357848225, 0.0002556874870169861, 0.00021295482343543597, 0.00015317580961224337, 0.00013944505961416506]"
50,14,directed_nonnormal,16,"[1.9379447927940874e-08, 1.2470269195604086e-08, 8.525355022042414e-09, 7.474138188215822e-09, 6.636575187426868e-09, 5.204474546438453e-09, 3.8495457288935715e-09, 3.5992875143319272e-09]",1.036913757738241e-07,3.5461940583366946e-07,"[3.739988537616103e-07, 1.6936122644350436e-07, 1.2582752095231908e-07, 7.384889720140966e-08, 6.537609101706143e-08, 4.5349756824417704e-08, 2.346282865036623e-08, 1.9444924650798047e-08]"
50,15,reversible,2,"[0.5065256893091328, 0.5033261569161549, 0.4967503235327655, 0.4921882121397776, 0.4898925339601065, 0.48748798059771514, 0.4857613831845056, 0.4831644844999253]",1.8735013540549517e-16,3.3306690738754696e-16,"[0.5065256893091329, 0.5033261569161546, 0.4967503235327653, 0.49218821213977726, 0.48989253396010646, 0.48748798059771503, 0.48576138318450596, 0.4831644844999252]"
50,15,reversible,4,"[0.25656827393009213, 0.2533372202359857, 0.24676088392990714, 0.2422492361693507, 0.2399946948298541, 0.23764453122723847, 0.23596412139332423, 0.2334479190820786]",1.7694179454963432e-16,3.608224830031759e-16,"[0.25656827393009224, 0.2533372202359855, 0.24676088392990703, 0.24224923616935035, 0.23999469482985405, 0.2376445312272382, 0.2359641213933244, 0.2334479190820785]"
50,15,reversible,8,"[0.06582727918746678, 0.06417974715689638, 0.060890933837869136, 0.05868469242463387, 0.057597453546474844, 0.05647492322221389, 0.055679066584923415, 0.05449793092375272]",1.1188966420050406e-16,1.8735013540549517e-16,"[0.06582727918746686, 0.0641797471568962, 0.06089093383786905, 0.058684692424633686, 0.05759745354647477, 0.056474923222213785, 0.05567906658492353, 0.05449793092375266]"
50,15,reversible,16,"[0.004333230685224689, 0.004119039945123117, 0.0037077058236477576, 0.0034438931249738992, 0.0033174666550383268, 0.003189416952954954, 0.0031001584557683367, 0.002970024474970118]",1.431146867680866e-17,4.119968255444917e-17,"[0.004333230685224708, 0.004119039945123126, 0.0037077058236477463, 0.003443893124973858, 0.003317466655038319, 0.003189416952954942, 0.003100158455768349, 0.0029700244749701166]"
50,15,metastable_reversible,2,"[0.985324293440283, 0.048766357744481, 0.046964626111732674, 0.040709346308763605, 0.03404509497033509, 0.03278038274561336, 0.027727672731499706, 0.027490594712606557]",2.211772431870429e-17,4.85722573273506e-17,"[0.985324293440283, 0.04876635774448102, 0.04696462611173268, 0.04070934630876364, 0.034045094970335095, 0.03278038274561339, 0.027727672731499675, 0.027490594712606606]"
50,15,metastable_reversible,4,"[0.9708639632435931, 0.0023781576476627165, 0.002205676105814863, 0.001657250876886845, 0.0011590684915391213, 0.0010745534929488961, 0.00076882383510516, 0.0007557327976527908]",3.701195166322391e-17,2.220446049250313e-16,"[0.9708639632435929, 0.002378157647662704, 0.002205676105814843, 0.0016572508768868477, 0.0011590684915391359, 0.0010745534929489076, 0.0007688238351051507, 0.0007557327976527941]"
50,15,metastable_reversible,8,"[0.9425768351250567, 5.655633797140681e-06, 4.865007083757979e-06, 2.746480468936116e-06, 1.3434397680433666e-06, 1.1546652092439303e-06, 5.91090089432639e-07, 5.711320614124151e-07]",2.987305210464626e-17,1.1102230246251565e-16,"[0.9425768351250566, 5.6556337971366054e-06, 4.865007083762531e-06, 2.7464804689422257e-06, 1.343439768078808e-06, 1.1546652092086982e-06, 5.910900894257919e-07, 5.711320614481191e-07]"
50,15,metastable_reversible,16,"[0.8884510901143684, 3.1986195503235745e-11, 2.3668293870852144e-11, 7.543158299169053e-12, 1.8048239290677764e-12, 1.3332317315007966e-12, 3.493961692882301e-13, 3.2619840807670126e-13]",3.3629349980978034e-17,2.220446049250313e-16,"[0.8884510901143682, 3.1986193647313824e-11, 2.3668293925059603e-11, 7.543154966281108e-12, 1.804830410455641e-12, 1.3332517453569668e-12, 3.4938749381739074e-13, 3.2619183161397814e-13]"
50,15,directed_cycle_normal,2,"[0.9945585300304386, 0.9945585300304378, 0.978481395548591, 0.9784813955485906, 0.952496378015923, 0.9524963780159226, 0.9177704894228919, 0.9177704894228913]",3.469446951953614e-16,1.3322676295501878e-15,"[0.9945585300304399, 0.9945585300304373, 0.9784813955485915, 0.9784813955485908, 0.952496378015923, 0.9524963780159226, 0.9177704894228916, 0.9177704894228913]"
50,15,directed_cycle_normal,4,"[0.9891466696563073, 0.9891466696563059, 0.9574258414347186, 0.9574258414347181, 0.9072493501334505, 0.90724935013345, 0.8423026712555345, 0.8423026712555336]",9.992007221626409e-16,2.1094237467877974e-15,"[0.9891466696563094, 0.989146669656304, 0.9574258414347192, 0.957425841434718, 0.9072493501334521, 0.9072493501334512, 0.8423026712555342, 0.8423026712555334]"
50,15,directed_cycle_normal,8,"[0.978411134092164, 0.9784111340921603, 0.9166642418469805, 0.9166642418469764, 0.8231013833175681, 0.8231013833175679, 0.709473790004209, 0.7094737900042083]",1.8457457784393227e-15,3.9968028886505635e-15,"[0.978411134092168, 0.9784111340921575, 0.9166642418469801, 0.9166642418469776, 0.8231013833175711, 0.8231013833175695, 0.7094737900042084, 0.7094737900042071]"
50,15,directed_cycle_normal,16,"[0.9572883473155148, 0.9572883473155083, 0.8402733322808952, 0.8402733322808946, 0.677495887219297, 0.6774958872192949, 0.5033530587029361, 0.5033530587029357]",3.0253577421035516e-15,7.549516567451064e-15,"[0.9572883473155224, 0.9572883473155019, 0.8402733322808988, 0.8402733322808943, 0.6774958872192991, 0.6774958872192967, 0.5033530587029356, 0.5033530587029338]"
50,15,directed_nonnormal,2,"[0.1420557671050183, 0.1304910741495201, 0.12964767108411343, 0.12364430515298819, 0.11582204355787952, 0.11291418008139834, 0.10871212895355303, 0.1029788259394843]",0.01619532698175153,0.01818994127146864,"[0.15737700747813121, 0.14868101542098874, 0.14509584800482062, 0.14056207767360063, 0.1329308470514495, 0.1305353392346347, 0.12390657396697644, 0.11673990304736562]"
50,15,directed_nonnormal,4,"[0.017278326423642888, 0.014527807277332156, 0.013169915297370638, 0.011429144585411933, 0.010741946011921294, 0.009833586293086139, 0.008710117063773838, 0.008116352032006733]",0.007196000444457365,0.0083285530945074,"[0.024767522482771764, 0.02210604434661629, 0.021052805108238006, 0.019757697679919334, 0.017670610097815863, 0.017039474789101162, 0.015352839072233802, 0.013628204963508323]"
50,15,directed_nonnormal,8,"[0.0002150601073542182, 0.00015704459503442476, 0.00012255265528423944, 7.808341908287121e-05, 7.504368646063155e-05, 7.282003480029372e-05, 5.602939903690716e-05, 4.604246064205834e-05]",0.00026713125373160207,0.0003983700625803867,"[0.0006134301699346049, 0.0004886771966545661, 0.00044322060292545227, 0.0003903666176110899, 0.00031225046122903194, 0.00029034370108841414, 0.00023570966757790888, 0.0001857279705273929]"
50,15,directed_nonnormal,16,"[2.6610160843003905e-08, 1.44846565247442e-08, 1.2797520212067181e-08, 3.888336590882263e-09, 2.920133221388976e-09, 2.726390428028162e-09, 2.443744941990812e-09, 2.0100314499302186e-09]",1.4598816780402828e-07,3.496864125429943e-07,"[3.762965733859982e-07, 2.388054025301654e-07, 1.9644450285760143e-07, 1.5238609614512285e-07, 9.750035053774316e-08, 8.429946476171837e-08, 5.555904738968831e-08, 3.449487903622412e-08]"
50,16,reversible,2,"[0.5093944422832057, 0.5010737075998309, 0.4976468255345093, 0.4936673147937647, 0.4872288803910637, 0.4860289867069213, 0.481688788820538, 0.4786703237751544]",1.3877787807814457e-16,2.7755575615628914e-16,"[0.5093944422832055, 0.501073707599831, 0.4976468255345094, 0.4936673147937647, 0.487228880391064, 0.4860289867069213, 0.4816887888205377, 0.4786703237751543]"
50,16,reversible,4,"[0.25948269782901806, 0.25107486044784083, 0.24765236296457435, 0.24370741769568582, 0.23739198188712968, 0.23622417591935665, 0.23202408927539675, 0.22912527886301123]",1.214306433183765e-16,2.220446049250313e-16,"[0.25948269782901795, 0.25107486044784105, 0.24765236296457444, 0.243707417695686, 0.23739198188712973, 0.23622417591935665, 0.2320240892753966, 0.22912527886301104]"
50,16,reversible,8,"[0.06733127047262563, 0.0630385855489028, 0.061331692881937266, 0.059393305439899534, 0.056354953064299204, 0.05580186128877918, 0.053835178004077326, 0.05249839341405262]",7.37257477290143e-17,1.8041124150158794e-16,"[0.06733127047262545, 0.06303858554890285, 0.06133169288193732, 0.059393305439899555, 0.05635495306429932, 0.05580186128877916, 0.053835178004077215, 0.05249839341405258]"
50,16,reversible,16,"[0.004533499983457882, 0.003973863268006355, 0.003761576551764248, 0.0035275647310771857, 0.0031758807348793794, 0.00311384772329215, 0.0028982263907306816, 0.0027560813110566545]",1.485356976305141e-17,3.8163916471489756e-17,"[0.004533499983457844, 0.003973863268006343, 0.0037615765517642814, 0.003527564731077202, 0.00317588073487938, 0.0031138477232921504, 0.002898226390730679, 0.0027560813110566393]"
50,16,metastable_reversible,2,"[0.9853561972710534, 0.05228870050396591, 0.04290133664579592, 0.03966651980485442, 0.03694348933091324, 0.03166355514219184, 0.030158576331215645, 0.028439482496968115]",1.249000902703301e-16,7.771561172376096e-16,"[0.9853561972710542, 0.05228870050396591, 0.04290133664579598, 0.039666519804854514, 0.03694348933091321, 0.031663555142191845, 0.030158576331215624, 0.0284394824969681]"
50,16,metastable_reversible,4,"[0.9709268355004713, 0.0027341082003934773, 0.001840524685995903, 0.0015734327934289077, 0.0013648214039433141, 0.001002580724242633, 0.000909539726325744, 0.0008088041646954526]",1.9052142676001527e-16,1.3322676295501878e-15,"[0.9709268355004727, 0.002734108200393445, 0.001840524685995917, 0.001573432793428915, 0.0013648214039432979, 0.0010025807242426236, 0.0009095397263257592, 0.000808804164695355]"
50,16,metastable_reversible,8,"[0.9426989198949594, 7.4753476514573186e-06, 3.3875311197660745e-06, 2.4756907554393775e-06, 1.8627374647418636e-06, 1.0051681086245372e-06, 8.272625137606712e-07, 6.541641767742934e-07]",3.239405906020249e-16,2.4424906541753444e-15,"[0.9426989198949618, 7.475347651458683e-06, 3.387531119760369e-06, 2.475690755437519e-06, 1.8627374646617548e-06, 1.0051681086228636e-06, 8.27262513764737e-07, 6.541641768285509e-07]"
50,16,metastable_reversible,16,"[0.8886812535711228, 5.588081363350201e-11, 1.1475379934353749e-11, 6.129043885758205e-12, 3.4697700245901555e-12, 1.0103887784714868e-12, 6.843570547622974e-13, 4.279677832701618e-13]",6.246812837998715e-16,4.884981308350689e-15,"[0.8886812535711277, 5.5880822510168846e-11, 1.1475367087344938e-11, 6.129044716558794e-12, 3.4697908622545022e-12, 1.010362926592465e-12, 6.843632666803516e-13, 4.279307702457756e-13]"
50,16,directed_cycle_normal,2,"[0.9945585300304386, 0.9945585300304378, 0.978481395548591, 0.9784813955485906, 0.952496378015923, 0.9524963780159226, 0.9177704894228919, 0.9177704894228913]",3.469446951953614e-16,1.3322676295501878e-15,"[0.9945585300304399, 0.9945585300304373, 0.9784813955485915, 0.9784813955485908, 0.952496378015923, 0.9524963780159226, 0.9177704894228916, 0.9177704894228913]"
50,16,directed_cycle_normal,4,"[0.9891466696563073, 0.9891466696563059, 0.9574258414347186, 0.9574258414347181, 0.9072493501334505, 0.90724935013345, 0.8423026712555345, 0.8423026712555336]",9.992007221626409e-16,2.1094237467877974e-15,"[0.9891466696563094, 0.989146669656304, 0.9574258414347192, 0.957425841434718, 0.9072493501334521, 0.9072493501334512, 0.8423026712555342, 0.8423026712555334]"
50,16,directed_cycle_normal,8,"[0.978411134092164, 0.9784111340921603, 0.9166642418469805, 0.9166642418469764, 0.8231013833175681, 0.8231013833175679, 0.709473790004209, 0.7094737900042083]",1.8457457784393227e-15,3.9968028886505635e-15,"[0.978411134092168, 0.9784111340921575, 0.9166642418469801, 0.9166642418469776, 0.8231013833175711, 0.8231013833175695, 0.7094737900042084, 0.7094737900042071]"
50,16,directed_cycle_normal,16,"[0.9572883473155148, 0.9572883473155083, 0.8402733322808952, 0.8402733322808946, 0.677495887219297, 0.6774958872192949, 0.5033530587029361, 0.5033530587029357]",3.0253577421035516e-15,7.549516567451064e-15,"[0.9572883473155224, 0.9572883473155019, 0.8402733322808988, 0.8402733322808943, 0.6774958872192991, 0.6774958872192967, 0.5033530587029356, 0.5033530587029338]"
50,16,directed_nonnormal,2,"[0.1264652876352871, 0.11769357296994626, 0.11366329893991811, 0.10554791926950724, 0.10281843551128408, 0.09993290381102363, 0.09369309158987715, 0.08724854655071178]",0.014131696859143998,0.01832682471331734,"[0.1425615184197841, 0.1316088066027115, 0.12612642609533453, 0.1192071302326088, 0.11507307212015067, 0.11283542710401992, 0.10712887931206873, 0.10557537126402912]"
50,16,directed_nonnormal,4,"[0.01229478853755067, 0.010944433924465055, 0.009450121290118227, 0.009319570348123984, 0.008477532852783673, 0.008212557628550022, 0.007657153900862992, 0.00700590468431683]",0.005374652242220288,0.00802899799660377,"[0.02032378653415444, 0.017320877975389913, 0.015907875359581887, 0.014210339898294153, 0.013241811927169398, 0.012731833609746593, 0.011476596782659786, 0.011146159017537587]"
50,16,directed_nonnormal,8,"[0.00010064440477430548, 9.423247417296615e-05, 6.990718404372917e-05, 6.120986201524535e-05, 5.0455413776391064e-05, 4.593048740421431e-05, 4.304663676865647e-05, 3.531769482328076e-05]",0.00015758918979540866,0.00031241189431157186,"[0.00041305629908587735, 0.00030001281383834735, 0.0002530604984559925, 0.0002019337600250507, 0.00017534558311452572, 0.00016209958706627298, 0.00013171227371175696, 0.00012423686084423447]"
50,16,directed_nonnormal,16,"[5.930324837844514e-09, 5.661605252194174e-09, 2.4035050425798832e-09, 1.9667882545507547e-09, 1.9464450998776126e-09, 1.4931853166849464e-09, 1.277409573779645e-09, 1.0281074639113925e-09]",5.4192244180066444e-08,1.6468518137667726e-07,"[1.7061550621452177e-07, 9.000768846720285e-08, 6.403961587879539e-08, 4.0777243437854766e-08, 3.0746073517773046e-08, 2.6276276127056214e-08, 1.734812304632078e-08, 1.5434797592429677e-08]"
50,17,reversible,2,"[0.5072786611316209, 0.49778205045443563, 0.49192476946522856, 0.4918692073621554, 0.4888884704556029, 0.48578218060177697, 0.4831769806421582, 0.48159088257372334]",7.632783294297951e-17,1.6653345369377348e-16,"[0.5072786611316209, 0.49778205045443574, 0.49192476946522873, 0.4918692073621553, 0.48888847045560285, 0.48578218060177697, 0.48317698064215825, 0.48159088257372346]"
50,17,reversible,4,"[0.2573316400394899, 0.24778696975462247, 0.24198997881341838, 0.24193531715107502, 0.23901193654441918, 0.23598432699021757, 0.2334599946224726, 0.23192977817813776]",1.1102230246251565e-16,3.0531133177191805e-16,"[0.25733164003948983, 0.24778696975462242, 0.24198997881341844, 0.24193531715107489, 0.23901193654441888, 0.23598432699021746, 0.23345999462247258, 0.2319297781781379]"
50,17,reversible,8,"[0.06621957296541367, 0.061398382380178126, 0.05855914984611868, 0.058532697684991246, 0.05712670581071344, 0.05568860258502591, 0.05450356908912494, 0.053791422005760196]",5.637851296924623e-17,1.3183898417423734e-16,"[0.06621957296541356, 0.06139838238017816, 0.0585591498461187, 0.0585326976849912, 0.05712670581071331, 0.05568860258502588, 0.054503569089124924, 0.05379142200576025]"
50,17,reversible,16,"[0.004385031843721749, 0.003769761358902551, 0.0034291740307001665, 0.003426076698282578, 0.003263460516783821, 0.0031012204578729687, 0.0029706390434530105, 0.002893517081401787]",1.485356976305141e-17,3.5128150388530344e-17,"[0.004385031843721731, 0.003769761358902572, 0.003429174030700184, 0.0034260766982825734, 0.003263460516783786, 0.0031012204578729514, 0.002970639043453014, 0.0028935170814017885]"
50,17,metastable_reversible,2,"[0.9856805203522049, 0.04919196758206853, 0.041622960844980815, 0.03901593949152566, 0.03500670190074766, 0.034218812345609716, 0.03213530788727663, 0.027732994911763665]",5.984795992119984e-17,2.220446049250313e-16,"[0.9856805203522051, 0.04919196758206857, 0.04162296084498077, 0.03901593949152573, 0.035006701900747644, 0.03421881234560971, 0.03213530788727667, 0.027732994911763623]"
50,17,metastable_reversible,4,"[0.9715660882017936, 0.002419849674595295, 0.0017324708695027975, 0.001522243534406393, 0.001225469177967804, 0.0011709271183440479, 0.0010326780130100867, 0.0007691190067759284]",2.2483642551918148e-17,1.1102230246251565e-16,"[0.9715660882017937, 0.0024198496745952854, 0.0017324708695028027, 0.001522243534406397, 0.0012254691779678088, 0.0011709271183440516, 0.0010326780130100663, 0.0007691190067759071]"
50,17,metastable_reversible,8,"[0.9439406637437346, 5.8556724476456934e-06, 3.0014553136942256e-06, 2.317225378036358e-06, 1.5017747061466963e-06, 1.3710703164940603e-06, 1.0664238786189827e-06, 5.915440465509861e-07]",1.4382847084482594e-16,9.992007221626409e-16,"[0.9439406637437356, 5.855672447638908e-06, 3.001455313675797e-06, 2.317225378042079e-06, 1.501774706149097e-06, 1.3710703164735047e-06, 1.0664238785544185e-06, 5.915440465839577e-07]"
50,17,metastable_reversible,16,"[0.8910239766689627, 3.42888784334284e-11, 9.008741065120157e-12, 5.369511139898252e-12, 2.2553297483185774e-12, 1.8798265086039435e-12, 1.1372653306847448e-12, 3.4992168028362903e-13]",1.8899418896328844e-16,1.4432899320127035e-15,"[0.8910239766689642, 3.428889981403744e-11, 9.008733999992679e-12, 5.369533452642256e-12, 2.2553272680292067e-12, 1.8798338127147562e-12, 1.1372598887510492e-12, 3.499243590489235e-13]"
50,17,directed_cycle_normal,2,"[0.9945585300304386, 0.9945585300304378, 0.978481395548591, 0.9784813955485906, 0.952496378015923, 0.9524963780159226, 0.9177704894228919, 0.9177704894228913]",3.469446951953614e-16,1.3322676295501878e-15,"[0.9945585300304399, 0.9945585300304373, 0.9784813955485915, 0.9784813955485908, 0.952496378015923, 0.9524963780159226, 0.9177704894228916, 0.9177704894228913]"
50,17,directed_cycle_normal,4,"[0.9891466696563073, 0.9891466696563059, 0.9574258414347186, 0.9574258414347181, 0.9072493501334505, 0.90724935013345, 0.8423026712555345, 0.8423026712555336]",9.992007221626409e-16,2.1094237467877974e-15,"[0.9891466696563094, 0.989146669656304, 0.9574258414347192, 0.957425841434718, 0.9072493501334521, 0.9072493501334512, 0.8423026712555342, 0.8423026712555334]"
50,17,directed_cycle_normal,8,"[0.978411134092164, 0.9784111340921603, 0.9166642418469805, 0.9166642418469764, 0.8231013833175681, 0.8231013833175679, 0.709473790004209, 0.7094737900042083]",1.8457457784393227e-15,3.9968028886505635e-15,"[0.978411134092168, 0.9784111340921575, 0.9166642418469801, 0.9166642418469776, 0.8231013833175711, 0.8231013833175695, 0.7094737900042084, 0.7094737900042071]"
50,17,directed_cycle_normal,16,"[0.9572883473155148, 0.9572883473155083, 0.8402733322808952, 0.8402733322808946, 0.677495887219297, 0.6774958872192949, 0.5033530587029361, 0.5033530587029357]",3.0253577421035516e-15,7.549516567451064e-15,"[0.9572883473155224, 0.9572883473155019, 0.8402733322808988, 0.8402733322808943, 0.6774958872192991, 0.6774958872192967, 0.5033530587029356, 0.5033530587029338]"
50,17,directed_nonnormal,2,"[0.1258218356470727, 0.11812264661325897, 0.11532969583353964, 0.10871200646480189, 0.10206277892491465, 0.09900727099304925, 0.09343959353401525, 0.09085353759979012]",0.015359353810410058,0.017496785023613418,"[0.1432016986391147, 0.1321233987874534, 0.1290215207558356, 0.12116037913575022, 0.1175200591434302, 0.11460118202516097, 0.11093637855762867, 0.10765957904934918]"
50,17,directed_nonnormal,4,"[0.013829365015334683, 0.011670932891920649, 0.01107914826963761, 0.009903667809986494, 0.008682857595506518, 0.00797705523613458, 0.007301391526914195, 0.006944672686131152]",0.0053428098162977,0.006677361477793143,"[0.020506726493127826, 0.017456592507148448, 0.01664655281814851, 0.014679837472318734, 0.013810964301075332, 0.013133430921564077, 0.012306880087481493, 0.011590584961083065]"
50,17,directed_nonnormal,8,"[0.00015941112451974584, 0.00011019684843242317, 8.867263289116703e-05, 7.572786115208134e-05, 6.020382691554443e-05, 4.8200518887206266e-05, 4.569335064389361e-05, 4.3309255836010805e-05]",0.00015443488537655214,0.00026111470694420484,"[0.0004205258314639507, 0.0003047326219606314, 0.0002771077207274081, 0.0002154976282136933, 0.00019074273492557722, 0.00017248700777149545, 0.0001514592974876485, 0.0001343416597400849]"
50,17,directed_nonnormal,16,"[1.5062223585391734e-08, 1.3326764353086013e-08, 3.9141565373972125e-09, 3.2113594210982153e-09, 2.691321293290735e-09, 2.3987045268279585e-09, 1.96227698274796e-09, 1.5620806766631732e-09]",5.6990641775679645e-08,1.6177975134305529e-07,"[1.7684197492844703e-07, 9.286197088700106e-08, 7.678868888673921e-08, 4.643922776572718e-08, 3.638279092688901e-08, 2.9751767849963925e-08, 2.293991879545201e-08, 1.8047681541720747e-08]"
50,18,reversible,2,"[0.5009616188722646, 0.49787520022390974, 0.49436578926259683, 0.49172054959537304, 0.48687890019749913, 0.47899679372259235, 0.47699898056537016, 0.4764766204900355]",1.8735013540549517e-16,4.440892098500626e-16,"[0.5009616188722644, 0.49787520022390963, 0.4943657892625964, 0.49172054959537276, 0.48687890019749896, 0.47899679372259235, 0.47699898056537, 0.47647662049003536]"
50,18,reversible,4,"[0.2509625435831199, 0.24787971499799816, 0.2443975335932303, 0.24178909889437553, 0.2370510634575262, 0.22943792839652383, 0.22752802746040232, 0.22702996987360538]",1.3530843112619095e-16,4.163336342344337e-16,"[0.25096254358311987, 0.2478797149979981, 0.24439753359322988, 0.24178909889437544, 0.23705106345752613, 0.22943792839652366, 0.22752802746040224, 0.22702996987360521]"
50,18,reversible,8,"[0.06298219828170938, 0.061444353107488775, 0.05973015442645413, 0.05846196834415419, 0.05619320668634409, 0.052641762986888344, 0.05176900328002157, 0.05154260722081015]",5.898059818321144e-17,2.0122792321330962e-16,"[0.06298219828170935, 0.06144435310748877, 0.05973015442645393, 0.05846196834415406, 0.05619320668634409, 0.052641762986888316, 0.05176900328002155, 0.05154260722081009]"
50,18,reversible,16,"[0.003966757300396572, 0.003775408528797768, 0.003567691347808043, 0.0034178017426728887, 0.003157676477694187, 0.0027711552103677002, 0.0026800297006069037, 0.0026566403591187274]",1.4907779871675686e-17,2.47198095326695e-17,"[0.003966757300396552, 0.0037754085287977648, 0.0035676913478080337, 0.003417801742672872, 0.003157676477694186, 0.002771155210367725, 0.002680029700606882, 0.0026566403591187044]"
50,18,metastable_reversible,2,"[0.9852426597252416, 0.051438487765739845, 0.04922065483240816, 0.039465268247599106, 0.03490314027137777, 0.033670555052810226, 0.03013062737266647, 0.02601546003597423]",1.1015494072452725e-16,4.440892098500626e-16,"[0.9852426597252412, 0.05143848776573996, 0.0492206548324082, 0.03946526824759925, 0.0349031402713777, 0.03367055505281022, 0.030130627372666422, 0.026015460035974238]"
50,18,metastable_reversible,4,"[0.9707030985424678, 0.0026459180236261624, 0.002422672862131065, 0.0015575073978549344, 0.0012182292008034677, 0.0011337062775643278, 0.0009078547058704725, 0.0006768041608833315]",8.19792367670602e-17,5.551115123125783e-16,"[0.9707030985424673, 0.00264591802362618, 0.002422672862131069, 0.0015575073978549654, 0.0012182292008034675, 0.0011337062775643237, 0.0009078547058704751, 0.0006768041608833726]"
50,18,metastable_reversible,8,"[0.9422645055199482, 7.0008821877529615e-06, 5.869343796880688e-06, 2.425829294365106e-06, 1.4840823857001247e-06, 1.2852899237604846e-06, 8.242001669655773e-07, 4.580638722051036e-07]",1.647025985957282e-16,1.2212453270876722e-15,"[0.942264505519947, 7.000882187749871e-06, 5.8693437969063455e-06, 2.4258292943729455e-06, 1.4840823856902553e-06, 1.2852899237887556e-06, 8.242001669711668e-07, 4.5806387218904614e-07]"
50,18,metastable_reversible,16,"[0.8878623983627527, 4.901234422373549e-11, 3.4449193659828753e-11, 5.884642878391503e-12, 2.202495912448546e-12, 1.6519288132154037e-12, 6.793076003853312e-13, 2.0982479887693799e-13]",3.273115678038143e-16,2.55351295663786e-15,"[0.8878623983627502, 4.901235140675342e-11, 3.4449196606282995e-11, 5.8846477654379435e-12, 2.2025005275160797e-12, 1.651970188192905e-12, 6.793059152352994e-13, 2.098225110048228e-13]"
50,18,directed_cycle_normal,2,"[0.9945585300304386, 0.9945585300304378, 0.978481395548591, 0.9784813955485906, 0.952496378015923, 0.9524963780159226, 0.9177704894228919, 0.9177704894228913]",3.469446951953614e-16,1.3322676295501878e-15,"[0.9945585300304399, 0.9945585300304373, 0.9784813955485915, 0.9784813955485908, 0.952496378015923, 0.9524963780159226, 0.9177704894228916, 0.9177704894228913]"
50,18,directed_cycle_normal,4,"[0.9891466696563073, 0.9891466696563059, 0.9574258414347186, 0.9574258414347181, 0.9072493501334505, 0.90724935013345, 0.8423026712555345, 0.8423026712555336]",9.992007221626409e-16,2.1094237467877974e-15,"[0.9891466696563094, 0.989146669656304, 0.9574258414347192, 0.957425841434718, 0.9072493501334521, 0.9072493501334512, 0.8423026712555342, 0.8423026712555334]"
50,18,directed_cycle_normal,8,"[0.978411134092164, 0.9784111340921603, 0.9166642418469805, 0.9166642418469764, 0.8231013833175681, 0.8231013833175679, 0.709473790004209, 0.7094737900042083]",1.8457457784393227e-15,3.9968028886505635e-15,"[0.978411134092168, 0.9784111340921575, 0.9166642418469801, 0.9166642418469776, 0.8231013833175711, 0.8231013833175695, 0.7094737900042084, 0.7094737900042071]"
50,18,directed_cycle_normal,16,"[0.9572883473155148, 0.9572883473155083, 0.8402733322808952, 0.8402733322808946, 0.677495887219297, 0.6774958872192949, 0.5033530587029361, 0.5033530587029357]",3.0253577421035516e-15,7.549516567451064e-15,"[0.9572883473155224, 0.9572883473155019, 0.8402733322808988, 0.8402733322808943, 0.6774958872192991, 0.6774958872192967, 0.5033530587029356, 0.5033530587029338]"
50,18,directed_nonnormal,2,"[0.15556118743697717, 0.130252216192178, 0.12712360064154057, 0.11773220532719482, 0.11008531854984034, 0.0974667710454072, 0.096930971544675, 0.0942583898778619]",0.017159280195740097,0.022426090206564872,"[0.17118354661749097, 0.14932262163019328, 0.14295516755735013, 0.1401582955337597, 0.12931525256635043, 0.11659452131760469, 0.11022020025401076, 0.10693529670483584]"
50,18,directed_nonnormal,4,"[0.020257566036577915, 0.014054688800177887, 0.012996963275156604, 0.009878663692712153, 0.009701037727245917, 0.00886665054413627, 0.008119416006105263, 0.007028481626788587]",0.006834809895675078,0.009765684114216572,"[0.0293038066325427, 0.02229724533051386, 0.020436179931350055, 0.019644347806928725, 0.016722434546299, 0.013594282401281372, 0.012148492544034233, 0.011435157681351274]"
50,18,directed_nonnormal,8,"[0.00027135897033472026, 0.00015176683933986574, 0.00012398266013391256, 7.246284912369041e-05, 6.341102749735303e-05, 5.892401281391649e-05, 5.1498487504197866e-05, 4.944961544080457e-05]",0.00025741958183688504,0.0005873541128227334,"[0.0008587130831574537, 0.0004971671493291222, 0.00041763745018651475, 0.00038590040075958535, 0.0002796398171552543, 0.00018480451400578843, 0.00014758587109245535, 0.00013076283119736704]"
50,18,directed_nonnormal,16,"[2.7562648160771354e-08, 1.7480320420127354e-08, 9.801419713148543e-09, 3.397515593991923e-09, 2.9541552793078042e-09, 2.610960218073823e-09, 2.4243478087235004e-09, 1.6387367483724848e-09]",1.7390812897805257e-07,7.098255110250085e-07,"[7.373881591857799e-07, 2.4717517437204565e-07, 1.744210397982936e-07, 1.489191193064086e-07, 7.819842733862405e-08, 3.4152708396915656e-08, 2.1781589346118845e-08, 1.709891802275111e-08]"
50,19,reversible,2,"[0.5449933686802021, 0.5104777564179789, 0.5050926848484136, 0.5035413883103015, 0.49895159183767157, 0.49745292152935605, 0.49333908515076935, 0.4918538717395775]",1.249000902703301e-16,5.551115123125783e-16,"[0.5449933686802015, 0.5104777564179788, 0.5050926848484137, 0.5035413883103016, 0.4989515918376715, 0.49745292152935605, 0.49333908515076935, 0.49185387173957756]"
50,19,reversible,4,"[0.29701777190539447, 0.26058753979753346, 0.255118620287379, 0.25355392974146573, 0.24895269099734663, 0.24745940913809197, 0.24338345293739816, 0.24192023114521294]",1.97758476261356e-16,3.3306690738754696e-16,"[0.29701777190539413, 0.26058753979753324, 0.255118620287379, 0.25355392974146596, 0.24895269099734635, 0.24745940913809167, 0.24338345293739808, 0.2419202311452128]"
50,19,reversible,8,"[0.088219556827645, 0.06790586589773111, 0.06508551041733589, 0.06428959528734024, 0.06197744235482036, 0.061236159170973595, 0.05923550516373073, 0.05852539823735328]",1.1622647289044608e-16,2.7755575615628914e-16,"[0.08821955682764472, 0.06790586589773097, 0.06508551041733587, 0.06428959528734027, 0.06197744235482021, 0.06123615917097344, 0.05923550516373066, 0.058525398237353185]"
50,19,reversible,16,"[0.007782690206866087, 0.004611206623320644, 0.004236123666285127, 0.004133152062209987, 0.003841203360845075, 0.003749867190012796, 0.003508845072002347, 0.0034252222388407843]",1.5504091066542713e-17,4.9439619065339e-17,"[0.007782690206866037, 0.004611206623320623, 0.004236123666285136, 0.004133152062210003, 0.0038412033608450622, 0.003749867190012795, 0.003508845072002362, 0.0034252222388407834]"
50,19,metastable_reversible,2,"[0.9853204717131406, 0.0444037099828777, 0.04401338086115464, 0.0401132445498957, 0.034283516281650085, 0.031393523825040764, 0.02878268569630268, 0.02824313373552977]",8.239936510889834e-17,3.3306690738754696e-16,"[0.9853204717131403, 0.044403709982877605, 0.044013380861154625, 0.040113244549895746, 0.03428351628165001, 0.0313935238250407, 0.028782685696302674, 0.02824313373552979]"
50,19,metastable_reversible,4,"[0.9708564319770059, 0.0019716894602434913, 0.001937177694829046, 0.0016090723883197353, 0.0011753594886341682, 0.000985553338153443, 0.0008284429958921326, 0.0007976746032030081]",9.620939028093245e-17,6.661338147750939e-16,"[0.9708564319770052, 0.0019716894602435043, 0.0019371776948290526, 0.0016090723883197407, 0.001175359488634161, 0.0009855533381533984, 0.0008284429958921465, 0.000797674603203021]"
50,19,metastable_reversible,8,"[0.9425622115111225, 3.887559327640231e-06, 3.7526574213684357e-06, 2.5891139508649946e-06, 1.3814699275217519e-06, 9.713153823360887e-07, 6.863177974198406e-07, 6.362847726182495e-07]",1.5103202284008074e-16,1.1102230246251565e-15,"[0.9425622115111214, 3.8875593276353215e-06, 3.7526574213432018e-06, 2.5891139508529947e-06, 1.3814699275223566e-06, 9.713153823453068e-07, 6.863177974427551e-07, 6.36284772595097e-07]"
50,19,metastable_reversible,16,"[0.888423522568738, 1.5113107146127818e-11, 1.4082466711981813e-11, 6.70352059500241e-12, 1.9084646075664383e-12, 9.43449257021642e-13, 4.710174819618906e-13, 4.048480736957938e-13]",2.741218957422095e-16,2.1094237467877974e-15,"[0.8884235225687359, 1.511311752588439e-11, 1.4082437721962207e-11, 6.7035110505016044e-12, 1.9084591606486252e-12, 9.434535719806096e-13, 4.710321190866746e-13, 4.0485831183639424e-13]"
50,19,directed_cycle_normal,2,"[0.9945585300304386, 0.9945585300304378, 0.978481395548591, 0.9784813955485906, 0.952496378015923, 0.9524963780159226, 0.9177704894228919, 0.9177704894228913]",3.469446951953614e-16,1.3322676295501878e-15,"[0.9945585300304399, 0.9945585300304373, 0.9784813955485915, 0.9784813955485908, 0.952496378015923, 0.9524963780159226, 0.9177704894228916, 0.9177704894228913]"
50,19,directed_cycle_normal,4,"[0.9891466696563073, 0.9891466696563059, 0.9574258414347186, 0.9574258414347181, 0.9072493501334505, 0.90724935013345, 0.8423026712555345, 0.8423026712555336]",9.992007221626409e-16,2.1094237467877974e-15,"[0.9891466696563094, 0.989146669656304, 0.9574258414347192, 0.957425841434718, 0.9072493501334521, 0.9072493501334512, 0.8423026712555342, 0.8423026712555334]"
50,19,directed_cycle_normal,8,"[0.978411134092164, 0.9784111340921603, 0.9166642418469805, 0.9166642418469764, 0.8231013833175681, 0.8231013833175679, 0.709473790004209, 0.7094737900042083]",1.8457457784393227e-15,3.9968028886505635e-15,"[0.978411134092168, 0.9784111340921575, 0.9166642418469801, 0.9166642418469776, 0.8231013833175711, 0.8231013833175695, 0.7094737900042084, 0.7094737900042071]"
50,19,directed_cycle_normal,16,"[0.9572883473155148, 0.9572883473155083, 0.8402733322808952, 0.8402733322808946, 0.677495887219297, 0.6774958872192949, 0.5033530587029361, 0.5033530587029357]",3.0253577421035516e-15,7.549516567451064e-15,"[0.9572883473155224, 0.9572883473155019, 0.8402733322808988, 0.8402733322808943, 0.6774958872192991, 0.6774958872192967, 0.5033530587029356, 0.5033530587029338]"
50,19,directed_nonnormal,2,"[0.14611764515176398, 0.1293675152303943, 0.12088584351876111, 0.11281296705726898, 0.10769744861760926, 0.10007289173138322, 0.09588584055447892, 0.09535398950400631]",0.017171198662609827,0.021004841638885746,"[0.15673820912472633, 0.14773077457206416, 0.13889324021298569, 0.13381780869615473, 0.12189698290573098, 0.12097850176147489, 0.11349513872587805, 0.11201307466752987]"
50,19,directed_nonnormal,4,"[0.019414285791342842, 0.014404504836555344, 0.012203158771235359, 0.010152147993547892, 0.009673587042473075, 0.008200300754582071, 0.007622199884101331, 0.007026109276892763]",0.006227029930813974,0.00775505793069277,"[0.024566866199626447, 0.021824381755662037, 0.019291332176862148, 0.017907205924240662, 0.01485887444152007, 0.014635797888451181, 0.012881146514406302, 0.012546928896473622]"
50,19,directed_nonnormal,8,"[0.0002847621028631914, 0.00017022100829497663, 0.00010421913310363799, 7.947361472322793e-05, 7.27462889049715e-05, 4.8516491345983236e-05, 4.1547135257610376e-05, 4.0287482642966163e-05]",0.00021115336346013385,0.000318768812007157,"[0.0006035309148703484, 0.00047630363901687405, 0.00037215549715803684, 0.00032066802401315987, 0.00022078614966885839, 0.00021420657983159204, 0.00016592393552560162, 0.00015742542473316478]"
50,19,directed_nonnormal,16,"[3.4469083963896494e-08, 2.7185050009371782e-08, 6.964045112155665e-09, 4.793039051721489e-09, 3.4639949509041432e-09, 2.282687310511621e-09, 1.6465146915427724e-09, 1.5025372328766578e-09]",1.1213499557161186e-07,3.297804812403433e-07,"[3.6424956520423977e-07, 2.2686515654071663e-07, 1.3849971406494556e-07, 1.0282798162450448e-07, 4.874652388559954e-08, 4.588445884314821e-08, 2.7530752380304003e-08, 2.4782764352417327e-08]"
